cell_type,n,nt,sc,dom_layer,layer_b_pct,tot,contra_pct,out_syn
"(PLP191,PLP192)a",7,acetylcholine,central,,,,1.19,2176.0
"(PLP191,PLP192)b",10,acetylcholine,central,,,,2.55,2118.0
"(PS023,PS024)a",3,acetylcholine,central,,,,5.52,887.0
"(PS023,PS024)b",6,acetylcholine,central,,,,4.99,1862.0
5-HT-IR  Tan,6,serotonin,optic,,,,1.41,142.0
5-HTPLP01,4,glutamate,central,,,,4.67,28394.0
5-HTPMPD01,2,dopamine,central,,,,44.19,1016.0
5-HTPMPV01,2,dopamine,central,,,,88.95,1267.0
5-HTPMPV03,2,dopamine,visual_centrifugal,a,25.0,8.0,61.02,5192.0
AC neuron,4,acetylcholine,central,,,,38.43,1275.0
AL-AST1,2,acetylcholine,central,,,,9.2,4814.0
AL-MBDL1,2,acetylcholine,central,,,,49.51,14251.0
ALBN1,2,gaba,central,,,,94.76,5114.0
ALIN1,4,glutamate,central,,,,50.85,5355.0
ALIN2,2,glutamate,central,,,,8.9,5676.0
ALIN3,4,acetylcholine,central,,,,39.83,3618.0
ALIN4,2,gaba,central,,,,51.39,2197.0
ALIN5,2,gaba,central,,,,88.1,9335.0
ALIN6,2,gaba,central,,,,85.76,3806.0
ALIN7,2,gaba,central,,,,72.76,3480.0
ALIN8,2,acetylcholine,central,,,,92.97,1337.0
ALON1,2,acetylcholine,central,,,,11.49,2655.0
ALON2,2,acetylcholine,central,,,,43.31,1935.0
ALON3,4,gaba,central,,,,11.31,2060.0
AMMC-A1,5,acetylcholine,central,,,,20.0,1220.0
AMMC028,4,gaba,central,,,,6.15,6792.0
AN01A021,2,serotonin,ascending,,,,34.44,331.0
AN19A018,2,acetylcholine,ascending,,,,30.81,1347.0
ANXXX005,3,serotonin,ascending,,,,29.53,149.0
AN_AMMC_SAD_1,4,glutamate,ascending,,,,8.51,987.0
AN_AMMC_SAD_2,2,gaba,ascending,,,,9.88,648.0
AN_AVLP_1,2,acetylcholine,ascending,,,,3.53,5160.0
AN_AVLP_10,2,gaba,ascending,,,,0.54,5322.0
AN_AVLP_11,2,acetylcholine,ascending,,,,3.65,6247.0
AN_AVLP_12,2,acetylcholine,ascending,,,,1.49,4219.0
AN_AVLP_13,2,acetylcholine,ascending,,,,2.32,1549.0
AN_AVLP_14,2,acetylcholine,ascending,,,,10.28,6704.0
AN_AVLP_15,2,acetylcholine,ascending,,,,7.32,1982.0
AN_AVLP_16,2,acetylcholine,ascending,,,,5.82,3971.0
AN_AVLP_17,2,acetylcholine,ascending,,,,11.19,1037.0
AN_AVLP_18,2,acetylcholine,ascending,,,,0.74,6861.0
AN_AVLP_19,2,acetylcholine,ascending,,,,8.68,3721.0
AN_AVLP_2,2,acetylcholine,ascending,,,,1.14,3586.0
AN_AVLP_20,2,acetylcholine,ascending,,,,8.26,8773.0
AN_AVLP_21,2,acetylcholine,ascending,,,,4.48,5311.0
AN_AVLP_22,2,gaba,ascending,,,,5.57,2888.0
AN_AVLP_23,2,acetylcholine,ascending,,,,1.35,5098.0
AN_AVLP_24,2,acetylcholine,ascending,,,,0.72,6907.0
AN_AVLP_25,2,acetylcholine,ascending,,,,0.11,4520.0
AN_AVLP_26,2,acetylcholine,ascending,,,,4.57,2033.0
AN_AVLP_27,4,acetylcholine,ascending,,,,10.24,1660.0
AN_AVLP_28,8,acetylcholine,ascending,,,,16.01,581.0
AN_AVLP_29,2,acetylcholine,ascending,,,,0.2,5952.0
AN_AVLP_3,2,acetylcholine,ascending,,,,2.82,5532.0
AN_AVLP_30,2,gaba,ascending,,,,10.12,6129.0
AN_AVLP_31,2,acetylcholine,ascending,,,,3.49,5103.0
AN_AVLP_32,2,acetylcholine,ascending,,,,0.74,5514.0
AN_AVLP_33,2,acetylcholine,ascending,,,,1.63,6131.0
AN_AVLP_34,6,acetylcholine,ascending,,,,1.52,8219.0
AN_AVLP_35,2,acetylcholine,ascending,,,,2.03,5459.0
AN_AVLP_36,2,acetylcholine,ascending,,,,0.29,4131.0
AN_AVLP_37,2,gaba,ascending,,,,1.15,1214.0
AN_AVLP_38,2,gaba,ascending,,,,0.8,1498.0
AN_AVLP_39,2,glutamate,ascending,,,,2.31,1821.0
AN_AVLP_4,2,acetylcholine,ascending,,,,21.83,1942.0
AN_AVLP_40,2,acetylcholine,ascending,,,,0.0,2999.0
AN_AVLP_41,4,acetylcholine,ascending,,,,3.99,5715.0
AN_AVLP_42,4,acetylcholine,ascending,,,,0.21,2920.0
AN_AVLP_43,6,acetylcholine,ascending,,,,0.54,6088.0
AN_AVLP_44,2,acetylcholine,ascending,,,,2.56,3442.0
AN_AVLP_45,6,acetylcholine,ascending,,,,0.02,5837.0
AN_AVLP_46,5,acetylcholine,ascending,,,,0.61,1799.0
AN_AVLP_47,2,acetylcholine,ascending,,,,2.88,2713.0
AN_AVLP_48,9,acetylcholine,ascending,,,,11.65,1932.0
AN_AVLP_49,2,acetylcholine,ascending,,,,0.89,5277.0
AN_AVLP_5,2,gaba,ascending,,,,27.64,1657.0
AN_AVLP_50,2,acetylcholine,ascending,,,,2.22,2791.0
AN_AVLP_51,17,acetylcholine,ascending,,,,9.39,3644.0
AN_AVLP_52,2,gaba,ascending,,,,4.19,3200.0
AN_AVLP_53,27,acetylcholine,ascending,,,,4.13,6128.0
AN_AVLP_54,4,acetylcholine,ascending,,,,5.36,6551.0
AN_AVLP_6,2,acetylcholine,ascending,,,,0.09,5378.0
AN_AVLP_7,2,acetylcholine,ascending,,,,0.28,4656.0
AN_AVLP_8,2,gaba,ascending,,,,5.51,3704.0
AN_AVLP_9,2,gaba,ascending,,,,3.96,3913.0
AN_AVLP_GNG_1,2,acetylcholine,ascending,,,,15.11,2733.0
AN_AVLP_GNG_10,2,gaba,ascending,,,,6.71,4276.0
AN_AVLP_GNG_11,2,acetylcholine,ascending,,,,9.06,3111.0
AN_AVLP_GNG_12,2,gaba,ascending,,,,14.73,509.0
AN_AVLP_GNG_13,3,gaba,ascending,,,,5.14,1323.0
AN_AVLP_GNG_14,2,gaba,ascending,,,,9.6,844.0
AN_AVLP_GNG_15,2,gaba,ascending,,,,22.24,805.0
AN_AVLP_GNG_16,2,gaba,ascending,,,,9.09,2146.0
AN_AVLP_GNG_17,2,acetylcholine,ascending,,,,11.57,3214.0
AN_AVLP_GNG_18,2,acetylcholine,ascending,,,,8.71,3741.0
AN_AVLP_GNG_19,2,acetylcholine,ascending,,,,14.64,3778.0
AN_AVLP_GNG_2,2,gaba,ascending,,,,15.12,1045.0
AN_AVLP_GNG_20,2,gaba,ascending,,,,22.19,1636.0
AN_AVLP_GNG_21,6,acetylcholine,ascending,,,,20.83,2943.0
AN_AVLP_GNG_22,4,acetylcholine,ascending,,,,12.9,2435.0
AN_AVLP_GNG_23,15,gaba,ascending,,,,12.72,5582.0
AN_AVLP_GNG_3,2,gaba,ascending,,,,4.99,3625.0
AN_AVLP_GNG_4,2,acetylcholine,ascending,,,,16.09,2598.0
AN_AVLP_GNG_5,2,acetylcholine,ascending,,,,13.58,854.0
AN_AVLP_GNG_6,2,acetylcholine,ascending,,,,12.12,2203.0
AN_AVLP_GNG_7,4,gaba,ascending,,,,13.32,1336.0
AN_AVLP_GNG_8,2,acetylcholine,ascending,,,,13.73,3371.0
AN_AVLP_GNG_9,2,acetylcholine,ascending,,,,12.51,3461.0
AN_AVLP_PVLP_1,2,acetylcholine,ascending,,,,10.68,4315.0
AN_AVLP_PVLP_10,2,acetylcholine,ascending,,,,7.37,4828.0
AN_AVLP_PVLP_2,2,acetylcholine,ascending,,,,5.8,5242.0
AN_AVLP_PVLP_3,2,gaba,ascending,,,,2.28,8544.0
AN_AVLP_PVLP_4,2,acetylcholine,ascending,,,,5.44,6357.0
AN_AVLP_PVLP_5,2,acetylcholine,ascending,,,,7.28,5400.0
AN_AVLP_PVLP_6,2,acetylcholine,ascending,,,,4.86,4319.0
AN_AVLP_PVLP_7,2,acetylcholine,ascending,,,,4.63,4427.0
AN_AVLP_PVLP_8,2,acetylcholine,ascending,,,,2.86,6291.0
AN_AVLP_PVLP_9,2,acetylcholine,ascending,,,,3.2,6118.0
AN_AVLP_SAD_1,2,acetylcholine,ascending,,,,31.77,683.0
AN_AVLP_SAD_2,2,gaba,ascending,,,,4.28,4252.0
AN_AVLP_SAD_3,2,gaba,ascending,,,,4.03,1588.0
AN_AVLP_SAD_5,4,acetylcholine,ascending,,,,6.29,350.0
AN_FLA_1,2,glutamate,ascending,,,,8.21,280.0
AN_FLA_GNG_1,4,glutamate,ascending,,,,50.31,978.0
AN_FLA_GNG_2,2,acetylcholine,ascending,,,,13.69,723.0
AN_FLA_PRW_1,2,glutamate,ascending,,,,42.01,3168.0
AN_FLA_PRW_2,4,acetylcholine,ascending,,,,50.37,1497.0
AN_FLA_SMP_1,2,serotonin,ascending,,,,46.03,315.0
AN_FLA_SMP_2,2,serotonin,ascending,,,,45.79,1662.0
AN_FLA_VES_1,2,acetylcholine,ascending,,,,33.62,589.0
AN_FLA_VES_2,2,acetylcholine,ascending,,,,30.3,462.0
AN_GNG_1,2,acetylcholine,ascending,,,,41.67,12.0
AN_GNG_10,2,acetylcholine,ascending,,,,6.15,780.0
AN_GNG_100,2,gaba,ascending,,,,13.16,1626.0
AN_GNG_101,2,gaba,ascending,,,,44.19,1378.0
AN_GNG_102,2,glutamate,ascending,,,,50.36,139.0
AN_GNG_103,3,glutamate,ascending,,,,60.89,248.0
AN_GNG_104,2,glutamate,ascending,,,,26.47,34.0
AN_GNG_105,2,acetylcholine,ascending,,,,42.86,1169.0
AN_GNG_106,2,gaba,ascending,,,,26.39,288.0
AN_GNG_107,2,acetylcholine,ascending,,,,48.79,8212.0
AN_GNG_108,2,acetylcholine,ascending,,,,32.55,934.0
AN_GNG_109,2,gaba,ascending,,,,49.67,8070.0
AN_GNG_11,2,acetylcholine,ascending,,,,11.24,1512.0
AN_GNG_110,2,acetylcholine,ascending,,,,36.84,171.0
AN_GNG_111,2,serotonin,ascending,,,,50.0,2916.0
AN_GNG_112,2,acetylcholine,ascending,,,,35.83,893.0
AN_GNG_113,2,acetylcholine,ascending,,,,19.11,827.0
AN_GNG_114,2,gaba,ascending,,,,1.64,244.0
AN_GNG_115,2,acetylcholine,ascending,,,,22.55,643.0
AN_GNG_116,2,acetylcholine,ascending,,,,21.71,502.0
AN_GNG_117,2,acetylcholine,ascending,,,,51.42,457.0
AN_GNG_118,2,acetylcholine,ascending,,,,33.55,459.0
AN_GNG_119,2,gaba,ascending,,,,10.0,290.0
AN_GNG_12,2,gaba,ascending,,,,12.9,1101.0
AN_GNG_120,2,glutamate,ascending,,,,42.62,359.0
AN_GNG_121,2,acetylcholine,ascending,,,,12.82,273.0
AN_GNG_122,2,acetylcholine,ascending,,,,36.73,196.0
AN_GNG_123,2,gaba,ascending,,,,7.3,1410.0
AN_GNG_124,4,gaba,ascending,,,,50.0,2.0
AN_GNG_125,2,gaba,ascending,,,,1.72,349.0
AN_GNG_126,2,gaba,ascending,,,,19.85,1199.0
AN_GNG_127,2,gaba,ascending,,,,18.32,917.0
AN_GNG_128,2,gaba,ascending,,,,17.07,1154.0
AN_GNG_129,2,gaba,ascending,,,,29.03,310.0
AN_GNG_13,2,acetylcholine,ascending,,,,10.53,1482.0
AN_GNG_130,2,acetylcholine,ascending,,,,0.0,11.0
AN_GNG_131,2,acetylcholine,ascending,,,,17.63,278.0
AN_GNG_132,2,glutamate,ascending,,,,7.14,392.0
AN_GNG_133,2,gaba,ascending,,,,18.73,1500.0
AN_GNG_134,2,acetylcholine,ascending,,,,57.92,568.0
AN_GNG_135,2,gaba,ascending,,,,24.62,333.0
AN_GNG_136,2,acetylcholine,ascending,,,,32.8,439.0
AN_GNG_137,2,gaba,ascending,,,,26.95,141.0
AN_GNG_138,2,gaba,ascending,,,,23.38,385.0
AN_GNG_139,2,acetylcholine,ascending,,,,37.75,204.0
AN_GNG_14,2,acetylcholine,ascending,,,,52.76,796.0
AN_GNG_140,4,acetylcholine,ascending,,,,33.22,1186.0
AN_GNG_141,2,acetylcholine,ascending,,,,10.58,690.0
AN_GNG_142,6,acetylcholine,ascending,,,,15.85,265.0
AN_GNG_143,2,acetylcholine,ascending,,,,10.33,397.0
AN_GNG_144,2,acetylcholine,ascending,,,,15.97,432.0
AN_GNG_145,2,acetylcholine,ascending,,,,14.5,862.0
AN_GNG_146,2,acetylcholine,ascending,,,,37.14,175.0
AN_GNG_147,2,acetylcholine,ascending,,,,41.92,842.0
AN_GNG_148,6,acetylcholine,ascending,,,,40.77,1430.0
AN_GNG_149,4,acetylcholine,ascending,,,,46.45,1309.0
AN_GNG_15,2,acetylcholine,ascending,,,,2.66,639.0
AN_GNG_150,2,gaba,ascending,,,,16.51,624.0
AN_GNG_151,2,octopamine,ascending,,,,33.14,341.0
AN_GNG_152,2,serotonin,ascending,,,,42.61,1136.0
AN_GNG_153,2,gaba,ascending,,,,45.68,1935.0
AN_GNG_154,2,serotonin,ascending,,,,33.82,1629.0
AN_GNG_155,2,gaba,ascending,,,,7.71,1168.0
AN_GNG_156,2,acetylcholine,ascending,,,,12.01,1540.0
AN_GNG_157,2,gaba,ascending,,,,27.46,448.0
AN_GNG_158,2,glutamate,ascending,,,,6.95,2994.0
AN_GNG_159,4,acetylcholine,ascending,,,,35.61,1449.0
AN_GNG_16,2,gaba,ascending,,,,9.24,1417.0
AN_GNG_160,2,acetylcholine,ascending,,,,19.73,897.0
AN_GNG_161,3,acetylcholine,ascending,,,,18.26,115.0
AN_GNG_162,8,acetylcholine,ascending,,,,24.97,5439.0
AN_GNG_163,7,acetylcholine,ascending,,,,44.64,952.0
AN_GNG_164,11,acetylcholine,ascending,,,,21.79,2496.0
AN_GNG_165,38,acetylcholine,ascending,,,,34.72,2503.0
AN_GNG_166,11,acetylcholine,ascending,,,,43.77,578.0
AN_GNG_167,10,glutamate,ascending,,,,54.06,2107.0
AN_GNG_168,3,glutamate,ascending,,,,45.43,427.0
AN_GNG_169,4,acetylcholine,ascending,,,,10.08,645.0
AN_GNG_17,2,serotonin,ascending,,,,15.96,94.0
AN_GNG_170,2,acetylcholine,ascending,,,,6.48,880.0
AN_GNG_171,4,acetylcholine,ascending,,,,19.34,760.0
AN_GNG_172,16,acetylcholine,ascending,,,,3.1,419.0
AN_GNG_173,4,acetylcholine,ascending,,,,3.9,487.0
AN_GNG_174,2,acetylcholine,ascending,,,,3.9,154.0
AN_GNG_175,27,acetylcholine,ascending,,,,11.3,3618.0
AN_GNG_176,3,acetylcholine,ascending,,,,7.87,89.0
AN_GNG_177,5,acetylcholine,ascending,,,,18.41,315.0
AN_GNG_178,6,gaba,ascending,,,,48.19,3611.0
AN_GNG_179,8,acetylcholine,ascending,,,,4.14,483.0
AN_GNG_18,2,acetylcholine,ascending,,,,24.7,1417.0
AN_GNG_180,4,glutamate,ascending,,,,25.36,1404.0
AN_GNG_181,4,gaba,ascending,,,,29.95,2017.0
AN_GNG_182,5,acetylcholine,ascending,,,,38.09,961.0
AN_GNG_183,4,acetylcholine,ascending,,,,38.19,974.0
AN_GNG_184,7,acetylcholine,ascending,,,,35.68,185.0
AN_GNG_185,4,acetylcholine,ascending,,,,34.01,294.0
AN_GNG_186,4,acetylcholine,ascending,,,,49.32,442.0
AN_GNG_187,9,acetylcholine,ascending,,,,43.76,1026.0
AN_GNG_188,5,gaba,ascending,,,,23.83,1372.0
AN_GNG_189,2,gaba,ascending,,,,24.07,810.0
AN_GNG_19,2,gaba,ascending,,,,15.46,1423.0
AN_GNG_190,5,acetylcholine,ascending,,,,34.92,925.0
AN_GNG_191,5,acetylcholine,ascending,,,,47.36,832.0
AN_GNG_192,6,glutamate,ascending,,,,39.95,776.0
AN_GNG_193,5,glutamate,ascending,,,,50.57,437.0
AN_GNG_194,3,serotonin,ascending,,,,41.54,65.0
AN_GNG_195,2,serotonin,ascending,,,,33.26,436.0
AN_GNG_196,6,serotonin,ascending,,,,16.63,968.0
AN_GNG_197,15,gaba,ascending,,,,34.97,3855.0
AN_GNG_198,4,gaba,ascending,,,,41.56,4832.0
AN_GNG_199,3,acetylcholine,ascending,,,,45.5,433.0
AN_GNG_2,2,acetylcholine,ascending,,,,48.81,967.0
AN_GNG_20,2,dopamine,ascending,,,,16.75,197.0
AN_GNG_200,6,gaba,ascending,,,,32.01,1334.0
AN_GNG_201,3,acetylcholine,ascending,,,,8.44,687.0
AN_GNG_202,2,acetylcholine,ascending,,,,15.86,353.0
AN_GNG_203,3,acetylcholine,ascending,,,,7.37,692.0
AN_GNG_204,8,glutamate,ascending,,,,29.41,17.0
AN_GNG_21,2,acetylcholine,ascending,,,,14.96,2567.0
AN_GNG_22,4,acetylcholine,ascending,,,,16.47,1548.0
AN_GNG_23,2,gaba,ascending,,,,12.11,1750.0
AN_GNG_24,2,acetylcholine,ascending,,,,16.73,765.0
AN_GNG_25,2,acetylcholine,ascending,,,,14.86,2053.0
AN_GNG_26,2,gaba,ascending,,,,40.63,1649.0
AN_GNG_27,2,acetylcholine,ascending,,,,16.72,311.0
AN_GNG_28,2,acetylcholine,ascending,,,,10.83,923.0
AN_GNG_29,2,gaba,ascending,,,,15.97,1509.0
AN_GNG_3,2,acetylcholine,ascending,,,,6.47,371.0
AN_GNG_30,2,acetylcholine,ascending,,,,17.59,1865.0
AN_GNG_31,2,gaba,ascending,,,,27.83,115.0
AN_GNG_32,2,acetylcholine,ascending,,,,32.55,2670.0
AN_GNG_33,2,acetylcholine,ascending,,,,13.02,699.0
AN_GNG_34,2,gaba,ascending,,,,22.51,271.0
AN_GNG_35,2,gaba,ascending,,,,39.76,332.0
AN_GNG_36,2,acetylcholine,ascending,,,,10.03,1505.0
AN_GNG_37,2,acetylcholine,ascending,,,,8.31,794.0
AN_GNG_38,2,gaba,ascending,,,,6.47,1545.0
AN_GNG_39,2,gaba,ascending,,,,35.28,1902.0
AN_GNG_4,2,acetylcholine,ascending,,,,23.76,808.0
AN_GNG_40,2,acetylcholine,ascending,,,,17.56,1293.0
AN_GNG_41,2,gaba,ascending,,,,11.42,1637.0
AN_GNG_42,2,acetylcholine,ascending,,,,13.33,435.0
AN_GNG_43,3,acetylcholine,ascending,,,,58.27,1565.0
AN_GNG_44,2,acetylcholine,ascending,,,,0.84,476.0
AN_GNG_45,2,acetylcholine,ascending,,,,8.81,1294.0
AN_GNG_46,2,glutamate,ascending,,,,25.08,945.0
AN_GNG_47,2,acetylcholine,ascending,,,,16.41,2169.0
AN_GNG_48,2,acetylcholine,ascending,,,,16.25,240.0
AN_GNG_49,2,gaba,ascending,,,,21.34,1392.0
AN_GNG_5,2,gaba,ascending,,,,9.05,2088.0
AN_GNG_51,2,gaba,ascending,,,,40.42,2098.0
AN_GNG_52,2,acetylcholine,ascending,,,,39.88,1013.0
AN_GNG_53,2,acetylcholine,ascending,,,,52.64,1193.0
AN_GNG_54,2,acetylcholine,ascending,,,,44.44,1269.0
AN_GNG_55,2,acetylcholine,ascending,,,,29.27,123.0
AN_GNG_56,2,glutamate,ascending,,,,32.27,1379.0
AN_GNG_57,2,gaba,ascending,,,,12.67,1121.0
AN_GNG_58,2,acetylcholine,ascending,,,,3.5,200.0
AN_GNG_59,4,acetylcholine,ascending,,,,5.1,510.0
AN_GNG_6,2,acetylcholine,ascending,,,,11.7,1128.0
AN_GNG_60,4,glutamate,ascending,,,,12.11,2817.0
AN_GNG_61,2,acetylcholine,ascending,,,,16.56,157.0
AN_GNG_62,2,gaba,ascending,,,,30.31,541.0
AN_GNG_63,2,gaba,ascending,,,,51.22,654.0
AN_GNG_64,2,gaba,ascending,,,,3.85,1972.0
AN_GNG_65,2,gaba,ascending,,,,20.8,1654.0
AN_GNG_66,2,glutamate,ascending,,,,23.77,1775.0
AN_GNG_67,2,gaba,ascending,,,,37.18,1665.0
AN_GNG_68,2,gaba,ascending,,,,23.93,1003.0
AN_GNG_69,11,gaba,ascending,,,,20.93,2590.0
AN_GNG_7,2,acetylcholine,ascending,,,,9.9,1000.0
AN_GNG_70,2,serotonin,ascending,,,,32.02,709.0
AN_GNG_71,2,acetylcholine,ascending,,,,25.18,1668.0
AN_GNG_72,2,glutamate,ascending,,,,55.19,462.0
AN_GNG_73,2,gaba,ascending,,,,10.52,2168.0
AN_GNG_74,2,gaba,ascending,,,,36.35,1004.0
AN_GNG_75,2,glutamate,ascending,,,,49.12,623.0
AN_GNG_76,2,acetylcholine,ascending,,,,49.62,1445.0
AN_GNG_77,2,acetylcholine,ascending,,,,4.44,360.0
AN_GNG_78,2,acetylcholine,ascending,,,,38.95,95.0
AN_GNG_79,2,acetylcholine,ascending,,,,13.17,1701.0
AN_GNG_8,2,acetylcholine,ascending,,,,18.02,655.0
AN_GNG_80,2,gaba,ascending,,,,5.47,2725.0
AN_GNG_81,2,acetylcholine,ascending,,,,27.43,1367.0
AN_GNG_82,2,glutamate,ascending,,,,8.28,447.0
AN_GNG_83,2,acetylcholine,ascending,,,,31.17,956.0
AN_GNG_84,2,acetylcholine,ascending,,,,43.14,153.0
AN_GNG_85,2,acetylcholine,ascending,,,,59.79,286.0
AN_GNG_86,2,acetylcholine,ascending,,,,37.31,201.0
AN_GNG_87,2,acetylcholine,ascending,,,,33.39,644.0
AN_GNG_88,2,acetylcholine,ascending,,,,35.44,79.0
AN_GNG_89,2,acetylcholine,ascending,,,,28.23,1647.0
AN_GNG_9,2,acetylcholine,ascending,,,,26.26,575.0
AN_GNG_90,3,acetylcholine,ascending,,,,46.43,28.0
AN_GNG_91,2,acetylcholine,ascending,,,,19.34,2906.0
AN_GNG_92,7,acetylcholine,ascending,,,,52.24,1275.0
AN_GNG_93,2,gaba,ascending,,,,11.28,780.0
AN_GNG_94,4,acetylcholine,ascending,,,,38.83,927.0
AN_GNG_95,2,acetylcholine,ascending,,,,27.36,106.0
AN_GNG_96,2,acetylcholine,ascending,,,,15.62,1216.0
AN_GNG_97,2,acetylcholine,ascending,,,,40.29,747.0
AN_GNG_98,2,acetylcholine,ascending,,,,23.46,1138.0
AN_GNG_99,3,glutamate,ascending,,,,12.06,1542.0
AN_GNG_AMMC_1,2,gaba,ascending,,,,37.11,2463.0
AN_GNG_AMMC_2,2,gaba,ascending,,,,31.3,805.0
AN_GNG_AMMC_3,2,gaba,ascending,,,,37.25,1780.0
AN_GNG_AVLP_1,4,acetylcholine,ascending,,,,25.61,773.0
AN_GNG_AVLP_2,2,glutamate,ascending,,,,28.36,691.0
AN_GNG_FLA_1,2,gaba,ascending,,,,20.41,2009.0
AN_GNG_FLA_2,2,acetylcholine,ascending,,,,14.31,2341.0
AN_GNG_FLA_3,2,acetylcholine,ascending,,,,40.03,742.0
AN_GNG_FLA_4,2,dopamine,ascending,,,,40.86,394.0
AN_GNG_FLA_5,2,glutamate,ascending,,,,20.24,252.0
AN_GNG_FLA_6,2,gaba,ascending,,,,46.54,926.0
AN_GNG_IPS_1,2,acetylcholine,ascending,,,,14.24,1180.0
AN_GNG_IPS_10,2,acetylcholine,ascending,,,,25.65,729.0
AN_GNG_IPS_11,2,acetylcholine,ascending,,,,33.18,880.0
AN_GNG_IPS_12,2,glutamate,ascending,,,,3.05,754.0
AN_GNG_IPS_13,3,acetylcholine,ascending,,,,6.87,1005.0
AN_GNG_IPS_14,7,acetylcholine,ascending,,,,7.98,677.0
AN_GNG_IPS_15,3,acetylcholine,ascending,,,,15.43,337.0
AN_GNG_IPS_16,3,acetylcholine,ascending,,,,22.93,471.0
AN_GNG_IPS_17,3,acetylcholine,ascending,,,,16.15,706.0
AN_GNG_IPS_18,5,acetylcholine,ascending,,,,2.63,342.0
AN_GNG_IPS_19,10,acetylcholine,ascending,,,,4.94,628.0
AN_GNG_IPS_2,2,acetylcholine,ascending,,,,27.07,1086.0
AN_GNG_IPS_20,4,acetylcholine,ascending,,,,7.17,586.0
AN_GNG_IPS_3,2,acetylcholine,ascending,,,,4.25,2468.0
AN_GNG_IPS_4,2,acetylcholine,ascending,,,,10.41,413.0
AN_GNG_IPS_5,2,gaba,ascending,,,,3.0,1469.0
AN_GNG_IPS_6,2,acetylcholine,ascending,,,,4.26,1385.0
AN_GNG_IPS_7,2,acetylcholine,ascending,,,,6.29,1192.0
AN_GNG_IPS_8,2,glutamate,ascending,,,,2.07,1355.0
AN_GNG_IPS_9,2,glutamate,ascending,,,,14.78,318.0
AN_GNG_LAL_1,2,acetylcholine,ascending,,,,8.51,1034.0
AN_GNG_PRW_1,2,gaba,ascending,,,,16.16,2048.0
AN_GNG_PRW_2,2,gaba,ascending,,,,50.83,2101.0
AN_GNG_PRW_3,2,acetylcholine,ascending,,,,27.28,1840.0
AN_GNG_PRW_4,2,gaba,ascending,,,,34.79,1437.0
AN_GNG_SAD33,2,gaba,ascending,,,,23.42,1806.0
AN_GNG_SAD_1,2,acetylcholine,ascending,,,,36.62,710.0
AN_GNG_SAD_10,2,acetylcholine,ascending,,,,34.75,892.0
AN_GNG_SAD_11,2,acetylcholine,ascending,,,,47.11,1004.0
AN_GNG_SAD_12,2,acetylcholine,ascending,,,,20.28,2140.0
AN_GNG_SAD_13,2,acetylcholine,ascending,,,,53.74,1003.0
AN_GNG_SAD_14,2,gaba,ascending,,,,40.62,965.0
AN_GNG_SAD_15,2,acetylcholine,ascending,,,,47.76,1160.0
AN_GNG_SAD_16,2,acetylcholine,ascending,,,,51.9,1372.0
AN_GNG_SAD_17,2,acetylcholine,ascending,,,,39.17,1376.0
AN_GNG_SAD_18,2,gaba,ascending,,,,49.23,3071.0
AN_GNG_SAD_19,2,acetylcholine,ascending,,,,24.12,680.0
AN_GNG_SAD_2,2,acetylcholine,ascending,,,,13.61,2329.0
AN_GNG_SAD_20,2,serotonin,ascending,,,,51.57,159.0
AN_GNG_SAD_21,2,acetylcholine,ascending,,,,21.41,1205.0
AN_GNG_SAD_22,2,serotonin,ascending,,,,51.39,144.0
AN_GNG_SAD_23,2,acetylcholine,ascending,,,,29.83,409.0
AN_GNG_SAD_24,2,acetylcholine,ascending,,,,37.08,418.0
AN_GNG_SAD_25,2,acetylcholine,ascending,,,,18.22,461.0
AN_GNG_SAD_26,5,octopamine,ascending,,,,44.21,95.0
AN_GNG_SAD_27,2,serotonin,ascending,,,,51.17,385.0
AN_GNG_SAD_28,2,serotonin,ascending,,,,46.77,789.0
AN_GNG_SAD_29,2,acetylcholine,ascending,,,,48.06,824.0
AN_GNG_SAD_3,2,gaba,ascending,,,,30.58,4739.0
AN_GNG_SAD_30,4,acetylcholine,ascending,,,,26.19,2902.0
AN_GNG_SAD_31,3,serotonin,ascending,,,,14.43,194.0
AN_GNG_SAD_32,8,acetylcholine,ascending,,,,24.78,3229.0
AN_GNG_SAD_33,4,gaba,ascending,,,,15.57,2518.0
AN_GNG_SAD_34,4,acetylcholine,ascending,,,,27.85,887.0
AN_GNG_SAD_35,2,serotonin,ascending,,,,53.21,530.0
AN_GNG_SAD_4,2,acetylcholine,ascending,,,,25.44,515.0
AN_GNG_SAD_5,2,serotonin,ascending,,,,45.82,1159.0
AN_GNG_SAD_6,2,gaba,ascending,,,,19.0,800.0
AN_GNG_SAD_7,2,acetylcholine,ascending,,,,38.89,414.0
AN_GNG_SAD_8,2,acetylcholine,ascending,,,,38.58,1252.0
AN_GNG_SAD_9,2,acetylcholine,ascending,,,,19.81,3216.0
AN_GNG_SPS_1,4,acetylcholine,ascending,,,,35.5,676.0
AN_GNG_VES_1,2,gaba,ascending,,,,13.8,3652.0
AN_GNG_VES_10,4,acetylcholine,ascending,,,,28.58,1074.0
AN_GNG_VES_11,2,gaba,ascending,,,,8.51,764.0
AN_GNG_VES_12,3,acetylcholine,ascending,,,,22.22,738.0
AN_GNG_VES_2,2,gaba,ascending,,,,6.84,1506.0
AN_GNG_VES_3,2,gaba,ascending,,,,23.69,1085.0
AN_GNG_VES_4,6,acetylcholine,ascending,,,,13.26,4697.0
AN_GNG_VES_5,2,acetylcholine,ascending,,,,6.29,3036.0
AN_GNG_VES_6,2,gaba,ascending,,,,3.52,795.0
AN_GNG_VES_7,6,gaba,ascending,,,,10.0,2680.0
AN_GNG_VES_8,2,acetylcholine,ascending,,,,5.05,2219.0
AN_GNG_VES_9,4,acetylcholine,ascending,,,,23.22,956.0
AN_GNG_WED_1,2,acetylcholine,ascending,,,,10.19,4033.0
AN_GNG_WED_2,4,acetylcholine,ascending,,,,13.6,2655.0
AN_GNG_WED_3,2,acetylcholine,ascending,,,,28.98,1832.0
AN_IPS_1,2,acetylcholine,ascending,,,,3.12,385.0
AN_IPS_GNG_1,2,gaba,ascending,,,,2.34,768.0
AN_IPS_GNG_2,2,acetylcholine,ascending,,,,3.81,341.0
AN_IPS_GNG_3,2,acetylcholine,ascending,,,,15.05,1947.0
AN_IPS_GNG_4,2,acetylcholine,ascending,,,,8.6,93.0
AN_IPS_GNG_5,2,acetylcholine,ascending,,,,10.08,2470.0
AN_IPS_GNG_6,13,acetylcholine,ascending,,,,5.57,1077.0
AN_IPS_GNG_7,12,acetylcholine,ascending,,,,11.55,19144.0
AN_IPS_LAL_1,6,acetylcholine,ascending,,,,6.8,11402.0
AN_IPS_SPS_1,2,acetylcholine,ascending,,,,12.59,1247.0
AN_IPS_WED_1,2,acetylcholine,ascending,,,,10.02,1018.0
AN_IPS_WED_2,2,acetylcholine,ascending,,,,3.32,4487.0
AN_LAL_1,2,serotonin,ascending,,,,16.14,1245.0
AN_LH_AVLP_1,4,acetylcholine,ascending,,,,1.46,10096.0
AN_PRW_FLA_1,3,glutamate,ascending,,,,33.55,2677.0
AN_SAD_FLA_1,2,acetylcholine,ascending,,,,60.0,10.0
AN_SAD_GNG_1,2,gaba,ascending,,,,3.71,2965.0
AN_SAD_GNG_2,2,acetylcholine,ascending,,,,27.88,208.0
AN_SLP_AVLP_1,4,acetylcholine,ascending,,,,4.63,1556.0
AN_SLP_LH_1,2,acetylcholine,ascending,,,,4.1,1805.0
AN_SMP_1,5,glutamate,ascending,,,,40.43,2397.0
AN_SMP_2,2,serotonin,ascending,,,,35.19,1367.0
AN_SMP_3,2,acetylcholine,ascending,,,,49.37,2463.0
AN_SMP_FLA_1,2,acetylcholine,ascending,,,,26.35,1237.0
AN_SPS_GNG_1,2,acetylcholine,ascending,,,,34.23,1449.0
AN_SPS_IPS_1,2,acetylcholine,ascending,,,,5.31,697.0
AN_SPS_IPS_2,6,acetylcholine,ascending,,,,3.82,1335.0
AN_SPS_IPS_3,2,acetylcholine,ascending,,,,17.94,2403.0
AN_SPS_IPS_4,2,acetylcholine,ascending,,,,5.13,995.0
AN_SPS_IPS_5,2,acetylcholine,ascending,,,,26.49,2076.0
AN_SPS_IPS_6,2,acetylcholine,ascending,,,,29.49,2767.0
AN_VES_GNG_1,2,gaba,ascending,,,,10.17,2291.0
AN_VES_GNG_2,2,gaba,ascending,,,,11.6,4240.0
AN_VES_GNG_3,2,acetylcholine,ascending,,,,6.04,2618.0
AN_VES_GNG_4,2,glutamate,ascending,,,,25.15,1149.0
AN_VES_GNG_5,2,acetylcholine,ascending,,,,6.82,2228.0
AN_VES_GNG_6,2,glutamate,ascending,,,,27.54,1209.0
AN_VES_GNG_7,2,acetylcholine,ascending,,,,13.4,1784.0
AN_VES_GNG_8,4,acetylcholine,ascending,,,,11.03,4996.0
AN_VES_WED_1,2,acetylcholine,ascending,,,,6.12,2468.0
AN_VES_WED_2,2,acetylcholine,ascending,,,,13.2,3114.0
AN_VES_WED_3,2,acetylcholine,ascending,,,,4.24,1251.0
AN_WED_GNG_1,2,acetylcholine,ascending,,,,8.71,999.0
AN_WED_GNG_2,4,acetylcholine,ascending,,,,9.47,243.0
AN_multi_1,2,glutamate,ascending,,,,52.65,923.0
AN_multi_10,2,acetylcholine,ascending,,,,3.08,5460.0
AN_multi_100,2,gaba,ascending,,,,8.74,3099.0
AN_multi_101,2,acetylcholine,ascending,,,,17.32,433.0
AN_multi_102,2,acetylcholine,ascending,,,,21.6,426.0
AN_multi_103,2,gaba,ascending,,,,31.81,5734.0
AN_multi_104,2,acetylcholine,ascending,,,,15.68,893.0
AN_multi_105,2,acetylcholine,ascending,,,,23.45,14430.0
AN_multi_106,4,acetylcholine,ascending,,,,11.39,7437.0
AN_multi_107,2,glutamate,ascending,,,,40.83,1494.0
AN_multi_108,2,acetylcholine,ascending,,,,16.12,726.0
AN_multi_109,2,acetylcholine,ascending,,,,9.11,494.0
AN_multi_11,2,gaba,ascending,,,,41.67,19684.0
AN_multi_110,2,acetylcholine,ascending,,,,11.11,2160.0
AN_multi_111,2,gaba,ascending,,,,13.81,1499.0
AN_multi_112,2,acetylcholine,ascending,,,,11.72,2850.0
AN_multi_113,2,acetylcholine,ascending,,,,9.22,2116.0
AN_multi_114,2,acetylcholine,ascending,,,,3.43,2305.0
AN_multi_115,2,acetylcholine,ascending,,,,22.93,2067.0
AN_multi_116,2,acetylcholine,ascending,,,,6.44,2718.0
AN_multi_117,4,acetylcholine,ascending,,,,7.02,3150.0
AN_multi_118,2,acetylcholine,ascending,,,,5.38,1283.0
AN_multi_119,2,acetylcholine,ascending,,,,21.14,402.0
AN_multi_12,2,glutamate,ascending,,,,45.63,15788.0
AN_multi_120,2,acetylcholine,ascending,,,,6.53,674.0
AN_multi_121,2,acetylcholine,ascending,,,,3.22,1304.0
AN_multi_122,2,acetylcholine,ascending,,,,24.76,1256.0
AN_multi_124,10,serotonin,ascending,b,37.5,8.0,47.78,2076.0
AN_multi_125,2,serotonin,ascending,c,0.0,1.0,49.24,727.0
AN_multi_127,4,acetylcholine,ascending,,,,8.21,4859.0
AN_multi_128,4,acetylcholine,ascending,,,,4.95,2362.0
AN_multi_13,2,gaba,ascending,,,,9.58,2891.0
AN_multi_14,2,acetylcholine,ascending,,,,19.72,9857.0
AN_multi_15,2,gaba,ascending,,,,3.08,1170.0
AN_multi_16,2,acetylcholine,ascending,,,,3.77,2176.0
AN_multi_17,2,acetylcholine,ascending,,,,39.85,5940.0
AN_multi_18,4,acetylcholine,ascending,,,,2.74,2559.0
AN_multi_19,2,gaba,ascending,,,,13.31,6110.0
AN_multi_2,2,acetylcholine,ascending,,,,11.63,3207.0
AN_multi_20,2,acetylcholine,ascending,,,,15.44,3788.0
AN_multi_21,2,acetylcholine,ascending,,,,10.01,1919.0
AN_multi_22,2,acetylcholine,ascending,,,,22.3,2269.0
AN_multi_23,2,acetylcholine,ascending,,,,17.58,654.0
AN_multi_24,2,acetylcholine,ascending,,,,43.66,3381.0
AN_multi_25,2,acetylcholine,ascending,,,,7.59,1146.0
AN_multi_26,2,acetylcholine,ascending,,,,10.18,1081.0
AN_multi_27,2,acetylcholine,ascending,,,,9.22,2116.0
AN_multi_28,2,gaba,ascending,,,,48.71,41315.0
AN_multi_29,2,acetylcholine,ascending,,,,7.3,3658.0
AN_multi_3,2,glutamate,ascending,,,,25.18,2903.0
AN_multi_30,2,gaba,ascending,,,,7.71,4213.0
AN_multi_31,2,glutamate,ascending,,,,37.5,936.0
AN_multi_32,2,gaba,ascending,,,,45.6,2228.0
AN_multi_33,2,gaba,ascending,,,,48.28,4337.0
AN_multi_34,2,acetylcholine,ascending,,,,41.46,796.0
AN_multi_35,2,acetylcholine,ascending,,,,51.18,762.0
AN_multi_36,2,acetylcholine,ascending,,,,3.66,1830.0
AN_multi_37,2,acetylcholine,ascending,,,,6.62,1193.0
AN_multi_38,2,gaba,ascending,,,,5.96,1174.0
AN_multi_39,2,gaba,ascending,,,,13.56,2309.0
AN_multi_4,2,acetylcholine,ascending,,,,36.88,6842.0
AN_multi_40,2,gaba,ascending,,,,8.41,2461.0
AN_multi_41,2,gaba,ascending,,,,9.13,1030.0
AN_multi_42,2,acetylcholine,ascending,,,,19.02,1456.0
AN_multi_43,2,acetylcholine,ascending,,,,9.36,2232.0
AN_multi_44,2,acetylcholine,ascending,,,,27.85,1932.0
AN_multi_45,2,acetylcholine,ascending,,,,9.42,1540.0
AN_multi_46,2,acetylcholine,ascending,,,,47.12,1006.0
AN_multi_47,2,acetylcholine,ascending,,,,14.99,5398.0
AN_multi_48,2,glutamate,ascending,,,,3.7,1541.0
AN_multi_49,2,acetylcholine,ascending,,,,2.96,2397.0
AN_multi_50,2,gaba,ascending,,,,8.21,3716.0
AN_multi_51,2,acetylcholine,ascending,,,,11.63,1960.0
AN_multi_52,2,acetylcholine,ascending,,,,16.93,2451.0
AN_multi_53,2,acetylcholine,ascending,,,,30.38,451.0
AN_multi_54,2,acetylcholine,ascending,,,,13.47,475.0
AN_multi_55,2,acetylcholine,ascending,,,,10.89,3736.0
AN_multi_56,2,acetylcholine,ascending,,,,41.4,1174.0
AN_multi_57,2,acetylcholine,ascending,,,,17.73,2374.0
AN_multi_58,2,acetylcholine,ascending,,,,17.48,4135.0
AN_multi_59,2,acetylcholine,ascending,,,,10.29,2905.0
AN_multi_6,2,gaba,ascending,,,,33.66,5591.0
AN_multi_60,2,acetylcholine,ascending,,,,24.59,3367.0
AN_multi_61,2,acetylcholine,ascending,,,,9.7,1299.0
AN_multi_62,2,acetylcholine,ascending,,,,8.61,4971.0
AN_multi_63,2,acetylcholine,ascending,,,,12.19,2805.0
AN_multi_64,2,acetylcholine,ascending,,,,12.27,815.0
AN_multi_65,2,acetylcholine,ascending,,,,8.45,3066.0
AN_multi_66,2,acetylcholine,ascending,,,,9.06,2394.0
AN_multi_67,2,acetylcholine,ascending,,,,11.3,4550.0
AN_multi_68,2,acetylcholine,ascending,,,,11.0,2782.0
AN_multi_69,2,acetylcholine,ascending,,,,23.6,1161.0
AN_multi_7,2,acetylcholine,ascending,,,,32.92,1698.0
AN_multi_70,2,acetylcholine,ascending,,,,7.01,1113.0
AN_multi_71,2,acetylcholine,ascending,,,,11.43,2239.0
AN_multi_72,2,glutamate,ascending,,,,34.7,683.0
AN_multi_73,2,glutamate,ascending,,,,50.12,2975.0
AN_multi_74,2,acetylcholine,ascending,,,,49.8,508.0
AN_multi_75,2,glutamate,ascending,,,,47.07,2084.0
AN_multi_76,2,acetylcholine,ascending,,,,43.81,2180.0
AN_multi_77,2,acetylcholine,ascending,,,,44.84,1231.0
AN_multi_78,2,serotonin,ascending,,,,43.23,502.0
AN_multi_79,2,acetylcholine,ascending,,,,49.43,2976.0
AN_multi_8,2,glutamate,ascending,,,,11.65,10673.0
AN_multi_80,2,acetylcholine,ascending,,,,48.63,730.0
AN_multi_81,2,acetylcholine,ascending,,,,37.99,5493.0
AN_multi_82,2,acetylcholine,ascending,,,,25.36,2378.0
AN_multi_83,2,acetylcholine,ascending,,,,10.87,1132.0
AN_multi_84,2,acetylcholine,ascending,,,,16.46,3074.0
AN_multi_85,2,acetylcholine,ascending,,,,22.17,785.0
AN_multi_86,2,acetylcholine,ascending,,,,26.01,2957.0
AN_multi_87,2,gaba,ascending,,,,54.58,2098.0
AN_multi_88,2,acetylcholine,ascending,,,,47.06,3245.0
AN_multi_89,2,acetylcholine,ascending,,,,32.8,750.0
AN_multi_9,2,acetylcholine,ascending,,,,11.55,2624.0
AN_multi_90,2,acetylcholine,ascending,,,,18.8,1830.0
AN_multi_91,2,acetylcholine,ascending,,,,6.56,1493.0
AN_multi_92,2,acetylcholine,ascending,,,,49.78,3907.0
AN_multi_93,2,acetylcholine,ascending,,,,11.43,3571.0
AN_multi_94,2,gaba,ascending,,,,13.11,3204.0
AN_multi_95,2,acetylcholine,ascending,,,,11.34,4039.0
AN_multi_96,2,acetylcholine,ascending,,,,4.35,1495.0
AN_multi_97,2,acetylcholine,ascending,,,,29.89,3085.0
AN_multi_98,4,acetylcholine,ascending,,,,19.5,2005.0
AN_multi_99,2,acetylcholine,ascending,,,,22.24,661.0
AOTU007,11,acetylcholine,central,,,,51.2,4756.0
AOTU008a,8,acetylcholine,central,,,,36.88,3408.0
AOTU008b,2,acetylcholine,central,,,,9.91,636.0
AOTU008c,4,acetylcholine,central,,,,10.74,1667.0
AOTU008d,8,acetylcholine,central,,,,65.71,1808.0
AOTU009,2,glutamate,central,,,,0.81,2970.0
AOTU011,4,glutamate,central,,,,5.93,2157.0
AOTU012,2,acetylcholine,central,,,,3.71,3587.0
AOTU013,2,acetylcholine,central,,,,9.45,2721.0
AOTU014,2,acetylcholine,central,,,,24.89,3780.0
AOTU015a,4,acetylcholine,central,,,,2.8,2925.0
AOTU015b,2,acetylcholine,central,,,,1.42,1837.0
"AOTU018,AOTU031",4,acetylcholine,central,,,,8.32,1383.0
AOTU019,2,gaba,central,,,,86.27,11389.0
AOTU020,4,gaba,central,,,,9.2,1827.0
AOTU021,4,gaba,central,,,,37.9,1314.0
AOTU022,2,gaba,central,,,,31.03,941.0
AOTU023,2,acetylcholine,central,,,,44.25,1912.0
AOTU024,2,acetylcholine,central,,,,48.8,832.0
AOTU025,2,acetylcholine,central,,,,10.52,4352.0
AOTU026,2,acetylcholine,central,,,,3.82,3767.0
AOTU027,2,acetylcholine,central,,,,4.68,3075.0
AOTU028,2,acetylcholine,central,,,,4.79,2466.0
AOTU030,2,acetylcholine,central,,,,6.6,1212.0
"AOTU032,AOTU034",12,acetylcholine,central,,,,3.84,6177.0
AOTU033,2,acetylcholine,central,,,,6.53,7244.0
AOTU035,2,glutamate,central,,,,44.19,10807.0
AOTU036,2,gaba,central,,,,98.31,3129.0
AOTU037,6,glutamate,central,,,,79.38,1445.0
AOTU038,8,glutamate,central,,,,94.19,1118.0
AOTU039,8,glutamate,central,,,,79.14,1970.0
AOTU041,4,gaba,central,,,,26.03,16914.0
AOTU042,4,gaba,central,,,,90.23,18622.0
AOTU046,4,glutamate,central,,,,46.88,10411.0
AOTU047,2,glutamate,central,,,,0.25,1611.0
AOTU048,3,gaba,central,,,,8.47,1748.0
AOTU049,2,gaba,central,,,,11.88,1069.0
AOTU050,1,gaba,central,,,,4.66,751.0
AOTU050a,2,gaba,central,,,,2.58,1009.0
AOTU050b,8,gaba,central,,,,1.2,5256.0
AOTU051,6,gaba,central,,,,14.12,2401.0
AOTU052,7,gaba,central,,,,10.86,3563.0
AOTU053,3,gaba,central,,,,4.08,957.0
AOTU054,2,gaba,central,,,,1.5,601.0
AOTU059,13,gaba,central,,,,0.85,3392.0
AOTU060,8,gaba,central,,,,3.08,1656.0
AOTU061,5,gaba,central,,,,6.4,1062.0
AOTU062,10,gaba,central,,,,4.05,1678.0
AOTU063a,2,glutamate,central,,,,40.35,4563.0
AOTU063b,2,glutamate,central,,,,17.0,3788.0
AOTU064,2,gaba,central,,,,9.9,6680.0
AOTU065,2,acetylcholine,central,,,,2.9,2205.0
AOTUv1A_T01,4,gaba,central,,,,79.64,5915.0
AOTUv3B_M01,2,acetylcholine,central,,,,6.12,2842.0
AOTUv3B_P01,2,acetylcholine,central,,,,7.28,1924.0
AOTUv3B_P02,2,acetylcholine,central,,,,3.08,2959.0
AOTUv3B_P06,2,acetylcholine,central,,,,15.55,2637.0
AOTUv4B_P02,2,acetylcholine,central,,,,11.64,2611.0
APDN3,6,glutamate,central,,,,2.28,6185.0
APL,2,gaba,central,,,,2.47,110784.0
ATL001,2,glutamate,central,,,,5.11,1821.0
ATL002,2,glutamate,central,,,,5.0,3397.0
ATL003,2,glutamate,central,,,,3.11,2671.0
ATL004,2,glutamate,central,,,,1.55,1291.0
ATL006,2,acetylcholine,central,,,,51.49,1478.0
ATL008,2,glutamate,central,,,,71.01,2101.0
ATL009,9,gaba,central,,,,15.68,3405.0
ATL010,4,gaba,central,,,,11.99,1026.0
ATL011,2,glutamate,central,,,,38.1,2110.0
ATL012,4,acetylcholine,central,,,,38.13,3016.0
ATL013,4,acetylcholine,central,,,,54.81,759.0
ATL014,2,glutamate,central,,,,25.78,2824.0
ATL015,2,acetylcholine,central,,,,4.86,2488.0
ATL016,2,glutamate,central,,,,47.78,1597.0
"ATL017,ATL018",6,acetylcholine,central,,,,42.81,4471.0
ATL021,2,acetylcholine,central,,,,37.33,3616.0
ATL022,2,acetylcholine,central,,,,8.91,2537.0
ATL023,2,glutamate,central,,,,8.09,2311.0
"ATL024,IB042",4,glutamate,central,,,,38.2,1793.0
ATL025,2,acetylcholine,central,,,,52.82,2588.0
ATL026,2,acetylcholine,central,,,,47.98,1586.0
ATL027,2,acetylcholine,central,,,,41.27,1890.0
ATL028,2,acetylcholine,central,,,,41.46,2108.0
ATL029,2,acetylcholine,central,,,,30.63,901.0
ATL030,2,gaba,central,,,,10.83,3018.0
ATL031,2,dopamine,central,,,,63.28,1288.0
ATL032,2,dopamine,central,,,,42.66,572.0
ATL033,2,glutamate,central,,,,42.66,1880.0
ATL034,2,glutamate,central,,,,35.54,1387.0
"ATL035,ATL036",5,glutamate,central,,,,36.65,2093.0
ATL037,2,acetylcholine,central,,,,43.61,3284.0
"ATL038,ATL039",4,acetylcholine,central,,,,39.58,2125.0
ATL040,2,glutamate,central,,,,37.98,1385.0
ATL042,2,dopamine,central,,,,36.4,1107.0
ATL043,2,dopamine,central,,,,11.98,893.0
ATL044,2,acetylcholine,central,,,,4.12,1336.0
AVLP001,2,gaba,central,,,,2.14,24408.0
AVLP006a,2,gaba,central,,,,1.82,1317.0
AVLP006b,2,gaba,central,,,,1.76,1136.0
AVLP008,10,gaba,central,,,,9.33,2680.0
AVLP009,7,gaba,central,,,,34.03,2104.0
AVLP010,8,gaba,central,,,,10.64,1532.0
"AVLP011,AVLP012",9,gaba,central,,,,3.05,1246.0
AVLP013,4,gaba,central,,,,3.31,605.0
AVLP014,3,glutamate,central,,,,2.17,783.0
AVLP015,2,glutamate,central,,,,3.06,2878.0
AVLP016,2,glutamate,central,,,,3.93,23483.0
AVLP017,2,glutamate,central,,,,3.44,4946.0
AVLP018,2,acetylcholine,central,,,,34.45,4270.0
AVLP019,2,acetylcholine,central,,,,26.27,4358.0
AVLP020,2,glutamate,central,,,,29.84,3479.0
AVLP021,2,acetylcholine,central,,,,39.46,2942.0
AVLP022,2,glutamate,central,,,,69.91,1223.0
AVLP023,2,acetylcholine,central,,,,34.07,3783.0
AVLP024a,2,acetylcholine,central,,,,27.21,1540.0
AVLP024b,2,acetylcholine,central,,,,33.75,1680.0
AVLP024c,2,acetylcholine,central,,,,28.01,1924.0
AVLP025,2,acetylcholine,central,,,,32.59,2697.0
AVLP026,11,acetylcholine,central,,,,2.56,2618.0
AVLP027,4,acetylcholine,central,,,,2.15,932.0
AVLP028,10,acetylcholine,central,,,,1.62,2777.0
AVLP029,2,gaba,central,,,,8.59,12441.0
AVLP030,2,glutamate,central,,,,13.88,6882.0
AVLP031,2,gaba,central,,,,3.75,4345.0
AVLP032,2,acetylcholine,central,,,,46.67,3077.0
AVLP033,2,acetylcholine,central,,,,36.17,3644.0
AVLP034,2,acetylcholine,central,,,,54.89,1523.0
AVLP035,2,acetylcholine,central,,,,43.05,3473.0
"AVLP037,AVLP038",4,acetylcholine,central,,,,3.63,2945.0
AVLP038,3,acetylcholine,central,,,,6.5,1909.0
AVLP039,6,glutamate,central,,,,30.58,5121.0
AVLP040,9,acetylcholine,central,,,,4.01,7288.0
AVLP041,3,acetylcholine,central,,,,16.62,2521.0
AVLP042,4,acetylcholine,central,,,,6.05,2627.0
AVLP043,4,acetylcholine,central,,,,6.84,4692.0
AVLP044_a,4,acetylcholine,central,,,,5.58,1918.0
AVLP044b,3,acetylcholine,central,,,,5.18,2009.0
AVLP045,10,acetylcholine,central,,,,5.59,4494.0
AVLP046,4,acetylcholine,central,,,,5.71,2610.0
AVLP047,6,acetylcholine,central,,,,3.52,3611.0
AVLP048,4,acetylcholine,central,,,,31.41,2534.0
AVLP049,6,acetylcholine,central,,,,20.43,2628.0
AVLP050,6,acetylcholine,central,,,,31.24,2151.0
AVLP051,5,acetylcholine,central,,,,3.93,2522.0
AVLP053,2,acetylcholine,central,,,,1.67,4195.0
AVLP055,7,glutamate,central,,,,3.06,2023.0
AVLP059,4,glutamate,central,,,,11.51,4056.0
AVLP069,13,glutamate,central,,,,29.06,6318.0
AVLP075,2,glutamate,central,,,,41.93,2769.0
AVLP076,2,gaba,central,,,,2.76,17040.0
AVLP077,2,gaba,central,,,,5.5,11483.0
AVLP078,2,glutamate,central,,,,4.21,7407.0
AVLP079,2,gaba,central,,,,2.59,27263.0
AVLP080,2,gaba,central,,,,2.28,35411.0
AVLP081,2,gaba,central,,,,2.1,7462.0
AVLP082,2,gaba,central,,,,1.07,27188.0
AVLP083,2,gaba,central,,,,5.4,22291.0
AVLP084,2,gaba,central,,,,0.2,12207.0
AVLP085,2,gaba,central,,,,12.13,13170.0
AVLP086,2,gaba,central,,,,6.54,18630.0
AVLP087,2,glutamate,central,,,,0.93,12306.0
AVLP088,2,glutamate,central,,,,0.56,7292.0
AVLP089,4,glutamate,central,,,,3.07,3782.0
AVLP090,1,gaba,central,,,,2.59,2393.0
AVLP091,2,gaba,central,,,,2.32,2454.0
AVLP093,2,gaba,central,,,,5.43,1271.0
AVLP094,2,gaba,central,,,,9.95,1397.0
AVLP096,5,gaba,central,,,,33.04,3550.0
AVLP097,2,acetylcholine,central,,,,4.15,1880.0
AVLP098,2,acetylcholine,central,,,,1.25,1753.0
AVLP099,4,acetylcholine,central,,,,7.51,2170.0
AVLP100,2,acetylcholine,central,,,,5.13,1208.0
AVLP101,2,acetylcholine,central,,,,3.72,915.0
AVLP102,2,acetylcholine,central,,,,2.91,755.0
AVLP105,6,acetylcholine,central,,,,1.65,3214.0
AVLP107,4,acetylcholine,central,,,,1.12,2951.0
AVLP108,2,acetylcholine,central,,,,0.94,1166.0
AVLP109,5,acetylcholine,central,,,,1.45,3717.0
AVLP116,4,acetylcholine,central,,,,36.33,3091.0
AVLP120,4,acetylcholine,central,,,,13.15,3353.0
AVLP121,5,acetylcholine,central,,,,30.89,3937.0
AVLP129,2,acetylcholine,central,,,,26.25,678.0
AVLP132,2,acetylcholine,central,,,,19.12,1276.0
AVLP136,4,acetylcholine,central,,,,2.05,1413.0
AVLP140,3,acetylcholine,central,,,,39.44,1501.0
AVLP143a,2,acetylcholine,central,,,,42.11,1458.0
AVLP143b,2,acetylcholine,central,,,,47.87,1101.0
AVLP147,4,acetylcholine,central,,,,53.72,1359.0
AVLP149,12,acetylcholine,central,,,,5.03,1791.0
AVLP151,2,acetylcholine,central,d,0.0,21.0,20.97,9847.0
AVLP152,2,acetylcholine,central,,,,1.67,5025.0
AVLP153,2,acetylcholine,central,,,,7.44,5186.0
AVLP154,2,acetylcholine,central,,,,24.11,6019.0
AVLP155,2,acetylcholine,central,,,,25.16,2444.0
AVLP156,2,acetylcholine,central,,,,25.89,2213.0
AVLP157,2,acetylcholine,central,,,,30.32,5702.0
AVLP158,2,acetylcholine,central,,,,32.73,3138.0
AVLP159,2,acetylcholine,central,,,,53.09,2494.0
AVLP160,2,acetylcholine,central,,,,45.6,2875.0
AVLP161,2,acetylcholine,central,,,,49.49,1877.0
AVLP162,2,acetylcholine,central,,,,39.61,3062.0
AVLP164,3,acetylcholine,central,,,,6.85,4845.0
AVLP165,4,acetylcholine,central,,,,2.75,3529.0
AVLP169,2,acetylcholine,central,,,,10.34,3609.0
AVLP176_c,6,acetylcholine,central,,,,6.95,4490.0
AVLP178,2,acetylcholine,central,,,,28.64,887.0
AVLP180,2,acetylcholine,central,,,,3.89,1055.0
AVLP182,2,acetylcholine,central,,,,24.47,846.0
AVLP184,2,acetylcholine,central,,,,12.71,1880.0
AVLP186,4,acetylcholine,central,,,,2.61,2108.0
AVLP187,9,acetylcholine,central,,,,8.08,3180.0
AVLP189_a,4,acetylcholine,central,,,,25.4,1732.0
AVLP189_b,5,acetylcholine,central,,,,24.53,2772.0
"AVLP190,AVLP191",16,acetylcholine,central,,,,50.01,7390.0
AVLP193,2,acetylcholine,central,,,,31.88,1029.0
AVLP194,3,acetylcholine,central,,,,31.49,1534.0
AVLP194_a,4,acetylcholine,central,,,,40.4,3376.0
AVLP194_b,4,acetylcholine,central,,,,30.59,1399.0
AVLP194_c,7,acetylcholine,central,,,,34.06,2598.0
AVLP195,4,acetylcholine,central,,,,44.29,1707.0
AVLP200,2,gaba,central,,,,34.52,11997.0
AVLP201,2,gaba,central,,,,29.61,4553.0
AVLP202,2,gaba,central,,,,61.11,486.0
AVLP203,2,gaba,central,,,,64.39,2440.0
AVLP205a,2,gaba,central,,,,27.18,1479.0
AVLP205b,2,gaba,central,,,,32.05,1504.0
AVLP209,2,gaba,central,,,,5.51,9870.0
AVLP210,2,acetylcholine,central,,,,16.7,4784.0
AVLP211,2,acetylcholine,central,,,,15.74,4308.0
AVLP212,2,acetylcholine,central,,,,6.73,1649.0
AVLP213,2,gaba,central,,,,4.41,7956.0
AVLP214,2,acetylcholine,central,,,,7.69,2835.0
AVLP215,2,gaba,central,,,,12.87,12269.0
AVLP216,2,gaba,central,,,,1.41,5539.0
AVLP217,2,acetylcholine,central,,,,25.86,2235.0
AVLP218a,2,acetylcholine,central,,,,36.79,2036.0
AVLP218b,4,acetylcholine,central,,,,64.22,2605.0
AVLP219a,4,acetylcholine,central,,,,59.26,2020.0
AVLP219b,4,acetylcholine,central,,,,59.55,2084.0
AVLP219c,7,acetylcholine,central,,,,48.26,4836.0
AVLP220,4,acetylcholine,central,,,,34.34,3975.0
AVLP222,5,acetylcholine,central,,,,5.32,2840.0
AVLP224_a,5,acetylcholine,central,,,,3.0,3096.0
AVLP227,6,acetylcholine,central,,,,2.58,1548.0
AVLP229,6,acetylcholine,central,,,,3.31,2659.0
AVLP230,5,acetylcholine,central,,,,3.09,3884.0
AVLP232,15,acetylcholine,central,,,,2.88,9554.0
AVLP234a,2,acetylcholine,central,,,,47.0,800.0
AVLP234b,2,acetylcholine,central,,,,45.17,755.0
AVLP235,6,acetylcholine,central,,,,38.62,2543.0
AVLP243,4,acetylcholine,central,,,,49.81,6404.0
AVLP244,6,acetylcholine,central,,,,32.8,5180.0
AVLP251,2,gaba,central,,,,0.51,4503.0
AVLP252,3,gaba,central,,,,3.29,4891.0
"AVLP253,AVLP254",4,gaba,central,,,,5.8,3019.0
AVLP255,2,gaba,central,,,,42.81,577.0
AVLP256,5,gaba,central,,,,49.08,2170.0
AVLP257,2,acetylcholine,central,,,,23.75,3187.0
AVLP258,2,acetylcholine,central,,,,42.57,9088.0
AVLP259,4,acetylcholine,central,,,,35.02,2930.0
AVLP260,2,acetylcholine,central,,,,37.23,2906.0
AVLP263,2,acetylcholine,central,,,,28.79,1254.0
AVLP265a,6,acetylcholine,central,,,,50.3,3831.0
AVLP265b,2,acetylcholine,central,,,,58.98,1075.0
AVLP266,2,acetylcholine,central,,,,27.33,1493.0
AVLP267,2,acetylcholine,central,,,,45.27,1385.0
AVLP268,2,acetylcholine,central,,,,32.39,1127.0
AVLP269_a,4,acetylcholine,central,,,,26.49,925.0
AVLP279,2,acetylcholine,central,,,,7.81,320.0
AVLP280,2,acetylcholine,central,,,,3.78,11101.0
AVLP281,2,acetylcholine,central,,,,5.81,4454.0
AVLP282,4,acetylcholine,central,,,,1.88,11143.0
AVLP283,7,acetylcholine,central,,,,3.74,5742.0
AVLP284,3,acetylcholine,central,,,,2.19,3018.0
AVLP286,2,acetylcholine,central,,,,7.48,2393.0
AVLP287,4,acetylcholine,central,,,,4.27,3089.0
AVLP288,4,acetylcholine,central,,,,2.34,3377.0
AVLP289,2,acetylcholine,central,,,,0.5,13072.0
AVLP290a,2,acetylcholine,central,,,,1.83,5569.0
AVLP290b,4,acetylcholine,central,,,,2.01,7650.0
AVLP292,6,acetylcholine,central,,,,6.79,4271.0
AVLP293,4,acetylcholine,central,,,,3.05,3476.0
AVLP294,4,acetylcholine,central,,,,4.26,5044.0
AVLP295,6,acetylcholine,central,,,,2.63,3045.0
AVLP297,9,acetylcholine,central,,,,4.15,8790.0
AVLP298,7,acetylcholine,central,,,,0.67,2999.0
AVLP299_a,4,acetylcholine,central,,,,4.2,3787.0
AVLP299_b,6,acetylcholine,central,,,,2.77,5460.0
AVLP299_c,5,acetylcholine,central,,,,3.93,4356.0
AVLP300_a,6,acetylcholine,central,,,,5.73,4483.0
AVLP300_b,4,acetylcholine,central,,,,1.23,3101.0
AVLP302,3,acetylcholine,central,,,,0.97,2070.0
AVLP303,4,acetylcholine,central,,,,2.42,2930.0
AVLP304,3,acetylcholine,central,,,,6.31,2534.0
AVLP305,4,acetylcholine,central,,,,3.0,1902.0
AVLP306,6,acetylcholine,central,,,,22.06,3019.0
AVLP308,4,acetylcholine,central,,,,1.78,2356.0
AVLP309,5,acetylcholine,central,,,,3.64,2942.0
AVLP310a,4,acetylcholine,central,,,,1.07,2611.0
AVLP310b,2,acetylcholine,central,,,,5.15,1710.0
AVLP312a,3,acetylcholine,central,,,,12.56,1624.0
AVLP312b,5,acetylcholine,central,,,,6.74,2969.0
AVLP313,2,acetylcholine,central,,,,8.92,639.0
AVLP314,2,acetylcholine,central,,,,19.48,4523.0
AVLP315,2,acetylcholine,central,,,,30.74,6979.0
AVLP316,4,acetylcholine,central,,,,5.28,2725.0
AVLP317,2,acetylcholine,central,,,,19.69,1529.0
AVLP322,2,acetylcholine,central,,,,15.64,2865.0
AVLP323,4,acetylcholine,central,,,,46.08,3631.0
AVLP330,3,acetylcholine,central,,,,2.95,2238.0
AVLP339,2,acetylcholine,central,,,,15.51,3656.0
AVLP340,2,acetylcholine,central,,,,4.43,5732.0
AVLP342,2,acetylcholine,central,,,,1.52,1705.0
AVLP343,1,glutamate,central,,,,1.4,1215.0
AVLP344,3,acetylcholine,central,,,,6.65,1669.0
AVLP345,2,acetylcholine,central,,,,2.06,923.0
AVLP345_a,2,acetylcholine,central,,,,1.82,603.0
AVLP346,6,acetylcholine,central,,,,2.15,2607.0
AVLP347,5,acetylcholine,central,,,,1.12,4094.0
AVLP348,6,acetylcholine,central,,,,5.25,3483.0
AVLP363,4,acetylcholine,central,,,,13.59,2370.0
AVLP369,2,acetylcholine,central,,,,10.16,3109.0
AVLP370a,2,acetylcholine,central,,,,1.55,6707.0
AVLP370b,2,acetylcholine,central,,,,5.85,8072.0
AVLP371,2,acetylcholine,central,,,,2.96,1725.0
AVLP373,2,acetylcholine,central,,,,0.37,1362.0
AVLP380a,2,acetylcholine,central,,,,2.1,1526.0
AVLP380b,4,acetylcholine,central,,,,1.85,3516.0
AVLP381,2,acetylcholine,central,,,,2.84,1582.0
"AVLP386,AVLP388",2,acetylcholine,central,,,,1.9,685.0
AVLP390,4,acetylcholine,central,,,,3.06,4642.0
"AVLP393,AVLP395",5,glutamate,central,,,,0.61,4457.0
AVLP394,4,gaba,central,,,,1.42,3375.0
AVLP396,2,acetylcholine,central,,,,9.35,3775.0
AVLP397,2,acetylcholine,central,,,,54.74,5095.0
AVLP398,2,acetylcholine,central,,,,2.4,2833.0
AVLP399,2,acetylcholine,central,,,,0.5,6750.0
AVLP402,2,acetylcholine,central,,,,3.54,1781.0
AVLP409,5,acetylcholine,central,,,,2.19,8303.0
AVLP411,4,acetylcholine,central,,,,1.65,3095.0
"AVLP417,AVLP438",4,acetylcholine,central,,,,5.59,5531.0
AVLP418,2,acetylcholine,central,,,,0.61,1649.0
AVLP419a,2,gaba,central,,,,0.91,5506.0
AVLP419b,4,gaba,central,,,,0.33,6974.0
"AVLP420_a,AVLP427",4,gaba,central,,,,0.42,7180.0
AVLP420_b,4,gaba,central,,,,0.33,6138.0
AVLP421,4,gaba,central,,,,0.03,3846.0
AVLP423,7,gaba,central,,,,0.12,7340.0
AVLP428,2,glutamate,central,,,,3.44,3284.0
AVLP429,2,acetylcholine,central,,,,29.95,4802.0
AVLP430,2,acetylcholine,central,,,,11.32,5079.0
AVLP432,2,acetylcholine,central,,,,1.87,5931.0
AVLP433_a,2,acetylcholine,central,,,,42.48,4428.0
AVLP433_b,2,acetylcholine,central,,,,56.76,5129.0
AVLP434_a,2,acetylcholine,central,,,,55.51,3086.0
AVLP434_b,2,acetylcholine,central,,,,52.44,3335.0
AVLP435a,2,acetylcholine,central,,,,1.51,11531.0
AVLP435b,2,acetylcholine,central,,,,1.21,6367.0
AVLP436,4,acetylcholine,central,,,,2.24,5503.0
AVLP437,2,acetylcholine,central,,,,1.48,3914.0
AVLP439,2,acetylcholine,central,,,,54.78,3773.0
AVLP441,8,acetylcholine,central,,,,1.78,7886.0
AVLP442,2,acetylcholine,central,,,,3.88,8192.0
AVLP443,2,acetylcholine,central,,,,3.5,4376.0
AVLP444,4,acetylcholine,central,,,,11.5,6755.0
AVLP445,2,acetylcholine,central,,,,1.73,2371.0
AVLP446,2,gaba,central,,,,4.25,2590.0
AVLP447,2,gaba,central,,,,1.15,2444.0
AVLP448,2,acetylcholine,central,,,,2.69,2748.0
AVLP449,2,gaba,central,,,,4.67,8611.0
AVLP451a,2,acetylcholine,central,,,,16.82,1504.0
AVLP451b,4,acetylcholine,central,,,,16.28,2267.0
AVLP451c,3,acetylcholine,central,,,,19.0,1816.0
AVLP454_a,10,acetylcholine,central,,,,2.26,4431.0
AVLP454_b,10,acetylcholine,central,,,,0.72,7221.0
AVLP455,4,acetylcholine,central,,,,4.37,2885.0
AVLP457,3,acetylcholine,central,,,,35.4,1551.0
AVLP458,1,acetylcholine,central,,,,1.61,434.0
AVLP459,4,acetylcholine,central,,,,34.71,1429.0
AVLP460,2,glutamate,central,,,,10.33,1898.0
AVLP461,5,gaba,central,,,,4.73,3763.0
AVLP462a,5,gaba,central,,,,47.39,2585.0
AVLP462b,5,gaba,central,,,,37.61,2462.0
AVLP464,2,gaba,central,,,,2.53,8435.0
AVLP465a,7,gaba,central,,,,1.14,13993.0
AVLP465b,6,gaba,central,,,,1.49,6395.0
AVLP465c,4,gaba,central,,,,1.32,4235.0
AVLP469a,2,gaba,central,,,,4.06,566.0
AVLP469b,6,gaba,central,,,,2.23,1793.0
AVLP470a,2,acetylcholine,central,,,,49.46,1019.0
AVLP470b,2,acetylcholine,central,,,,33.51,1143.0
AVLP471,4,glutamate,central,,,,6.99,1932.0
AVLP473,2,acetylcholine,central,,,,39.93,3807.0
AVLP474,2,gaba,central,,,,3.9,2974.0
AVLP475a,2,glutamate,central,,,,45.59,2720.0
AVLP475b,2,glutamate,central,,,,32.85,3516.0
AVLP476,2,dopamine,central,,,,8.95,3833.0
AVLP477,2,acetylcholine,central,,,,42.2,2986.0
AVLP478,2,gaba,central,,,,2.52,6358.0
AVLP479,4,gaba,central,,,,3.74,13657.0
AVLP486,8,gaba,central,,,,7.89,2802.0
AVLP487,3,gaba,central,,,,8.7,540.0
AVLP488,4,glutamate,central,,,,48.94,4875.0
AVLP489,4,acetylcholine,central,,,,1.6,6118.0
AVLP490,4,gaba,central,,,,1.33,7366.0
AVLP491,2,acetylcholine,central,,,,25.95,3268.0
AVLP492,4,acetylcholine,central,,,,2.83,2652.0
AVLP494,6,acetylcholine,central,,,,3.4,4877.0
AVLP496a,4,acetylcholine,central,,,,3.74,2193.0
AVLP496b,5,acetylcholine,central,,,,2.84,1975.0
AVLP497,2,acetylcholine,central,,,,12.14,346.0
AVLP498,2,acetylcholine,central,,,,5.34,6143.0
AVLP500,2,acetylcholine,central,,,,2.11,5498.0
AVLP501,2,acetylcholine,central,,,,52.4,7784.0
AVLP502,2,acetylcholine,central,,,,39.48,6775.0
AVLP503,2,acetylcholine,central,,,,1.65,3450.0
AVLP504,2,acetylcholine,central,,,,15.9,1943.0
AVLP505,2,acetylcholine,central,,,,21.74,2723.0
AVLP506,2,acetylcholine,central,,,,29.17,3918.0
AVLP507,2,acetylcholine,central,,,,37.27,2420.0
AVLP508,2,acetylcholine,central,,,,41.19,2326.0
AVLP509,2,acetylcholine,central,,,,79.09,5480.0
AVLP517,4,acetylcholine,central,,,,31.84,2729.0
AVLP519a,2,acetylcholine,central,,,,2.44,491.0
AVLP519b,2,acetylcholine,central,,,,2.73,403.0
AVLP520,2,acetylcholine,central,,,,61.23,9419.0
AVLP521,2,acetylcholine,central,,,,2.46,1055.0
AVLP522,2,acetylcholine,central,,,,5.09,1278.0
AVLP523,5,acetylcholine,central,,,,3.8,2366.0
"AVLP530,AVLP561",5,acetylcholine,central,,,,15.24,1509.0
AVLP531,2,gaba,central,,,,1.51,12722.0
AVLP532,2,dopamine,central,,,,5.44,6980.0
AVLP533,2,gaba,central,,,,10.33,11293.0
AVLP534,2,acetylcholine,central,,,,1.86,4297.0
AVLP535,2,gaba,central,,,,2.71,13454.0
AVLP536,2,glutamate,central,,,,1.5,13633.0
AVLP537,2,glutamate,central,,,,1.44,13534.0
AVLP538,2,dopamine,central,,,,3.81,11361.0
AVLP541a,6,glutamate,central,,,,3.91,3888.0
AVLP541b,2,glutamate,central,,,,2.51,1157.0
AVLP542,2,gaba,central,,,,1.52,7285.0
AVLP543,2,acetylcholine,central,,,,0.68,3381.0
AVLP544,2,gaba,central,,,,4.46,18324.0
AVLP546,2,glutamate,central,,,,1.85,4750.0
AVLP547a,2,glutamate,central,,,,0.79,6112.0
AVLP547b,2,glutamate,central,,,,1.66,5254.0
AVLP548_b,6,glutamate,central,,,,0.09,3306.0
AVLP548_d,4,glutamate,central,,,,0.16,6863.0
AVLP548_e,3,glutamate,central,,,,0.16,5154.0
AVLP548_f,4,glutamate,central,,,,0.15,6163.0
AVLP550a,4,glutamate,central,,,,0.56,2314.0
AVLP550b,10,glutamate,central,,,,1.36,5643.0
AVLP555,2,glutamate,central,,,,1.65,1939.0
AVLP557,4,glutamate,central,,,,0.5,3597.0
AVLP558,6,glutamate,central,,,,1.03,3991.0
AVLP559a,4,glutamate,central,,,,2.93,1879.0
AVLP559b,3,glutamate,central,,,,1.22,1799.0
AVLP559c,2,glutamate,central,,,,0.62,973.0
AVLP560,2,gaba,central,,,,3.36,387.0
AVLP562,2,acetylcholine,central,,,,50.27,4030.0
AVLP563,2,acetylcholine,central,,,,42.99,2103.0
AVLP565,2,acetylcholine,central,,,,2.35,4976.0
AVLP566,4,acetylcholine,central,,,,5.96,5909.0
AVLP567,4,acetylcholine,central,,,,49.98,6217.0
AVLP568,2,acetylcholine,central,,,,31.84,1536.0
AVLP569,4,acetylcholine,central,,,,52.67,3047.0
AVLP570,4,acetylcholine,central,,,,54.6,1390.0
AVLP571,2,acetylcholine,central,,,,23.99,5122.0
AVLP572,2,acetylcholine,central,,,,70.99,2089.0
AVLP573,2,acetylcholine,central,,,,13.47,4394.0
AVLP574,4,acetylcholine,central,,,,35.87,5280.0
AVLP575,2,acetylcholine,central,,,,36.1,5825.0
AVLP576,2,acetylcholine,central,,,,39.2,4403.0
AVLP577,4,acetylcholine,central,,,,41.64,6402.0
AVLP578,2,acetylcholine,central,,,,41.83,1040.0
AVLP579,2,acetylcholine,central,,,,75.76,1700.0
AVLP580,1,glutamate,central,,,,99.04,624.0
AVLP584,6,glutamate,central,,,,97.66,3115.0
AVLP586,2,glutamate,central,,,,70.51,590.0
AVLP590,2,glutamate,central,,,,6.21,5897.0
AVLP591,2,acetylcholine,central,,,,12.61,5735.0
AVLP592,2,acetylcholine,central,,,,8.38,7701.0
AVLP593,2,dopamine,central,,,,7.33,3138.0
AVLP594,2,serotonin,central,,,,36.99,3617.0
AVLP595,2,acetylcholine,central,,,,56.39,4891.0
AVLP596,2,acetylcholine,central,,,,0.51,1185.0
Am,1,gaba,optic,,,,0.0,64.0
Am1,2,gaba,optic,b,97.54,37612.0,3.58,57262.0
AstA1,2,gaba,central,,,,58.74,23871.0
BM_Ant,41,acetylcholine,sensory,,,,35.79,17424.0
BM_Fr,13,acetylcholine,sensory,,,,33.56,4932.0
BM_FrOr,13,acetylcholine,sensory,,,,21.46,3654.0
BM_Hau,10,acetylcholine,sensory,,,,34.11,5931.0
BM_InOc,6,acetylcholine,sensory,,,,38.16,2112.0
BM_InOm,1113,acetylcholine,sensory,,,,9.93,59091.0
BM_MaPa,24,acetylcholine,sensory,,,,24.92,5406.0
BM_Oc,2,acetylcholine,sensory,,,,44.19,2279.0
BM_Or,6,acetylcholine,sensory,,,,26.54,4005.0
BM_Taste,72,acetylcholine,sensory,,,,31.13,39600.0
BM_Vib,37,acetylcholine,sensory,,,,31.25,18783.0
BM_Vt_PoOc,10,acetylcholine,sensory,,,,26.91,4641.0
BM_dOcci,6,acetylcholine,sensory,,,,13.93,912.0
BM_dPoOr,12,acetylcholine,sensory,,,,8.12,1885.0
BM_vOcci_vPoOr,52,acetylcholine,sensory,,,,18.23,6353.0
BiT,2,serotonin,central,,,,47.93,1306.0
C2,1425,gaba,optic,b,30.54,1480.0,0.07,139369.0
C3,1516,gaba,optic,a,5.97,10263.0,0.43,366251.0
CAPA,2,octopamine,endocrine,,,,45.45,22.0
CB0004,2,acetylcholine,motor,,,,25.0,12.0
CB0005,2,gaba,central,,,,93.6,3251.0
CB0007,6,acetylcholine,central,,,,7.55,6464.0
CB0008,2,gaba,central,,,,48.19,3650.0
CB0009,2,gaba,central,,,,50.56,4970.0
CB0010,2,gaba,central,,,,72.61,4119.0
CB0011,2,gaba,central,,,,30.74,1981.0
CB0013,2,gaba,central,,,,40.43,3003.0
CB0014,2,acetylcholine,central,,,,40.94,2755.0
CB0015,2,glutamate,central,,,,52.73,1225.0
CB0016,2,glutamate,central,,,,88.24,4618.0
CB0017,2,dopamine,central,,,,51.21,1070.0
CB0018,2,glutamate,central,,,,23.16,1753.0
CB0019,2,gaba,central,,,,59.14,4616.0
CB0020,2,gaba,central,,,,60.66,2674.0
CB0021,2,gaba,central,,,,12.72,6887.0
CB0022,2,gaba,central,,,,29.34,8624.0
CB0023,2,acetylcholine,central,,,,34.16,2330.0
CB0024,2,glutamate,central,,,,4.84,1466.0
CB0025,2,glutamate,central,,,,91.8,3681.0
CB0026,2,glutamate,central,,,,82.67,3873.0
CB0027,2,gaba,central,,,,37.96,959.0
CB0029,2,acetylcholine,central,,,,7.73,1126.0
CB0030,2,gaba,central,,,,17.99,4431.0
CB0031,2,acetylcholine,central,,,,58.58,1912.0
CB0032,2,acetylcholine,central,,,,52.18,1466.0
CB0033,2,gaba,central,,,,93.38,6373.0
CB0034,2,acetylcholine,central,,,,7.72,1140.0
CB0035,2,acetylcholine,central,,,,18.01,3693.0
CB0036,2,glutamate,central,,,,16.13,5852.0
CB0038,2,acetylcholine,central,,,,9.39,4366.0
CB0039,2,acetylcholine,central,,,,62.27,3981.0
CB0040,2,acetylcholine,central,,,,96.99,10802.0
CB0041,2,glutamate,central,,,,51.21,3548.0
CB0045,2,acetylcholine,central,,,,73.58,3584.0
CB0046,2,gaba,central,,,,0.8,3248.0
CB0047,2,gaba,central,,,,13.7,3511.0
CB0048,2,gaba,central,,,,41.97,4832.0
CB0049,2,gaba,central,,,,2.79,2472.0
CB0050,2,acetylcholine,central,,,,1.49,1873.0
CB0051,2,acetylcholine,central,,,,12.66,3167.0
CB0053,2,dopamine,central,,,,89.96,1673.0
CB0055,2,gaba,central,,,,52.91,3812.0
CB0056,2,acetylcholine,central,,,,0.81,1723.0
CB0057,2,gaba,central,,,,20.72,4518.0
CB0058,2,acetylcholine,central,,,,43.96,5803.0
CB0059,2,gaba,central,,,,80.38,7713.0
CB0060,2,acetylcholine,central,,,,39.97,2960.0
CB0061,2,acetylcholine,central,,,,47.2,642.0
CB0062,2,gaba,central,,,,29.83,2179.0
CB0064,2,acetylcholine,central,,,,1.87,2196.0
CB0065,2,acetylcholine,central,,,,50.67,4249.0
CB0066,2,acetylcholine,central,,,,37.77,323.0
CB0067,2,gaba,central,,,,87.63,2522.0
CB0069,2,glutamate,central,,,,88.63,3729.0
CB0070,2,gaba,central,,,,65.83,1601.0
CB0071,2,glutamate,central,,,,66.39,2794.0
CB0072,2,gaba,central,,,,46.02,2905.0
CB0073,2,acetylcholine,central,,,,61.08,5365.0
CB0074,2,gaba,central,,,,55.51,5095.0
CB0075,4,glutamate,central,,,,59.76,902.0
CB0076,2,gaba,central,,,,60.36,4627.0
CB0078,2,acetylcholine,central,,,,12.16,1390.0
CB0079,2,gaba,central,,,,12.59,2645.0
CB0080,2,acetylcholine,central,,,,5.34,1965.0
CB0082,2,gaba,central,,,,65.1,5330.0
CB0083,2,gaba,central,,,,88.52,4782.0
CB0084,2,glutamate,central,,,,19.52,461.0
CB0086,2,gaba,central,,,,9.16,4368.0
CB0087,2,gaba,central,,,,56.24,2701.0
CB0088,2,dopamine,central,,,,80.62,841.0
CB0089,2,gaba,central,,,,3.86,8102.0
CB0090,2,gaba,central,,,,99.63,2712.0
CB0091,2,gaba,central,,,,31.46,2664.0
CB0094,2,gaba,central,,,,13.86,332.0
CB0095,2,gaba,central,,,,76.9,3342.0
CB0096,4,acetylcholine,central,,,,0.3,2993.0
CB0097,2,glutamate,central,,,,36.93,2751.0
CB0098,2,glutamate,central,,,,42.49,2396.0
CB0099,2,acetylcholine,central,,,,19.35,2558.0
CB0100,2,acetylcholine,central,,,,6.35,1307.0
CB0101,2,glutamate,central,,,,35.56,2767.0
CB0102,2,acetylcholine,central,,,,4.32,1042.0
CB0103,2,glutamate,central,,,,3.78,556.0
CB0104,2,gaba,central,,,,92.3,3531.0
CB0106,2,acetylcholine,central,,,,56.28,2944.0
CB0107,2,acetylcholine,central,,,,2.06,1895.0
CB0108,2,acetylcholine,central,,,,61.65,2597.0
CB0109,2,gaba,central,,,,7.29,8550.0
CB0110,2,glutamate,central,,,,17.25,3328.0
CB0113,2,acetylcholine,central,,,,19.07,2810.0
CB0114,2,acetylcholine,central,,,,11.56,1350.0
CB0115,5,gaba,central,,,,33.85,4416.0
CB0117,2,acetylcholine,central,,,,13.19,2654.0
CB0118,2,gaba,central,,,,44.32,3951.0
CB0121,2,gaba,central,,,,85.86,5786.0
CB0122,2,acetylcholine,central,,,,5.09,4342.0
CB0124,2,dopamine,central,,,,40.86,2550.0
CB0125,2,acetylcholine,central,,,,89.3,4139.0
CB0126,4,acetylcholine,central,,,,97.93,1351.0
CB0128,2,acetylcholine,central,,,,53.71,2210.0
CB0129,2,acetylcholine,central,,,,59.95,1206.0
CB0130,2,acetylcholine,central,,,,2.9,2204.0
CB0131,2,acetylcholine,central,,,,61.21,3333.0
CB0132,2,acetylcholine,central,,,,93.76,2967.0
CB0135,2,acetylcholine,central,,,,75.09,2108.0
CB0136,2,glutamate,central,,,,49.73,2033.0
CB0137,2,acetylcholine,central,,,,15.9,2270.0
CB0138,2,glutamate,central,,,,43.95,2305.0
CB0140,2,gaba,central,,,,54.52,1992.0
CB0141,2,acetylcholine,central,,,,97.37,2662.0
CB0142,2,gaba,central,,,,85.84,565.0
CB0143,2,glutamate,central,,,,8.34,8661.0
CB0144,2,acetylcholine,central,,,,52.74,9938.0
CB0148,2,acetylcholine,central,,,,58.92,3839.0
CB0149,2,glutamate,central,,,,5.39,1782.0
CB0150,2,gaba,central,,,,65.89,2474.0
CB0151,4,acetylcholine,central,,,,9.86,659.0
CB0152,2,acetylcholine,central,,,,70.11,3098.0
CB0153,2,acetylcholine,central,,,,27.79,3804.0
CB0154,2,gaba,central,,,,2.53,3596.0
CB0155,2,acetylcholine,central,,,,40.5,1316.0
CB0157,2,gaba,central,,,,71.87,1095.0
CB0158,8,acetylcholine,central,,,,89.99,6102.0
CB0159,2,gaba,central,,,,48.13,7043.0
CB0161,2,glutamate,central,,,,23.88,1407.0
CB0163,2,gaba,central,,,,14.96,2600.0
CB0164,2,glutamate,central,,,,95.94,1553.0
CB0166,2,gaba,central,,,,21.27,2045.0
CB0168,2,acetylcholine,central,,,,49.77,440.0
CB0170,2,acetylcholine,central,,,,51.38,3017.0
CB0172,2,gaba,central,,,,27.57,4516.0
CB0174,2,glutamate,central,,,,50.42,4804.0
CB0175,2,glutamate,central,,,,73.77,2436.0
CB0176,2,gaba,central,,,,26.77,1767.0
CB0177,2,acetylcholine,central,,,,64.16,4788.0
CB0179,2,gaba,central,,,,0.56,178.0
CB0180,2,gaba,central,,,,92.69,3064.0
CB0182,2,gaba,central,,,,9.22,2538.0
CB0183,2,gaba,central,,,,61.93,3743.0
CB0184,2,acetylcholine,central,,,,25.83,991.0
CB0186,2,acetylcholine,central,,,,85.91,4443.0
CB0187,2,gaba,central,,,,21.46,1435.0
CB0188,2,acetylcholine,central,,,,86.85,3278.0
CB0189,2,acetylcholine,central,,,,82.51,303.0
CB0190,2,acetylcholine,central,,,,66.51,3724.0
CB0191,2,acetylcholine,central,,,,14.9,3812.0
CB0192,2,acetylcholine,central,,,,21.56,951.0
CB0194,2,gaba,central,,,,98.28,5125.0
CB0195,2,gaba,central,,,,59.75,5548.0
CB0196,2,gaba,central,,,,3.95,6001.0
CB0197,2,gaba,central,,,,0.66,1822.0
CB0198,2,glutamate,central,,,,59.32,2694.0
CB0200,2,glutamate,central,,,,31.12,3734.0
CB0202,2,acetylcholine,central,,,,26.73,4385.0
CB0204,2,gaba,central,,,,6.13,2318.0
CB0206,2,glutamate,central,,,,16.95,1398.0
CB0207,2,glutamate,central,,,,78.88,2689.0
CB0208,2,glutamate,central,,,,20.88,7528.0
CB0211,2,gaba,central,,,,14.89,5519.0
CB0212,2,serotonin,central,,,,23.8,857.0
CB0213,2,glutamate,central,,,,19.38,2116.0
CB0214,2,gaba,central,,,,3.65,4658.0
CB0215,2,acetylcholine,central,,,,76.1,2741.0
CB0216,2,acetylcholine,central,,,,54.89,4915.0
CB0217,2,gaba,central,,,,35.93,2789.0
CB0218,2,acetylcholine,central,,,,1.66,1749.0
CB0219,2,glutamate,central,,,,16.65,5555.0
CB0220,2,acetylcholine,central,,,,92.27,1306.0
CB0221,2,acetylcholine,central,,,,80.04,496.0
CB0222,2,acetylcholine,central,,,,15.53,2254.0
CB0223,2,acetylcholine,central,,,,9.21,1552.0
CB0224,2,glutamate,central,,,,7.9,797.0
CB0225,2,gaba,central,,,,60.29,2722.0
CB0226,2,acetylcholine,central,,,,6.34,4072.0
CB0227,2,acetylcholine,central,,,,3.98,1832.0
CB0228,2,glutamate,central,,,,97.23,5272.0
CB0229,2,glutamate,central,,,,90.36,1317.0
CB0230,2,acetylcholine,central,,,,69.85,7622.0
CB0231,2,glutamate,central,,,,12.82,1638.0
CB0232,2,glutamate,central,,,,25.24,4215.0
CB0233,2,acetylcholine,central,,,,3.11,2219.0
CB0235,2,acetylcholine,central,,,,18.63,1787.0
CB0237,2,acetylcholine,central,,,,91.97,6224.0
CB0238,2,acetylcholine,central,,,,81.85,3906.0
CB0239,2,acetylcholine,central,,,,71.4,2105.0
CB0240,2,acetylcholine,central,,,,33.57,2702.0
CB0241,2,gaba,central,,,,51.84,1767.0
CB0242,2,acetylcholine,central,,,,0.0,222.0
CB0244,2,acetylcholine,central,,,,14.72,5245.0
CB0245,2,acetylcholine,central,,,,1.82,1541.0
CB0246,2,acetylcholine,central,,,,40.41,5489.0
CB0247,2,acetylcholine,central,,,,52.57,5301.0
CB0248,2,gaba,central,,,,51.55,3946.0
CB0249,2,gaba,central,,,,48.42,4106.0
CB0250,2,glutamate,central,,,,15.54,4369.0
CB0251,2,acetylcholine,central,,,,56.7,5078.0
CB0254,2,glutamate,central,,,,47.9,2739.0
CB0255,2,gaba,central,,,,3.2,5151.0
CB0256,2,glutamate,central,,,,10.8,1407.0
CB0257,2,acetylcholine,central,,,,24.97,1530.0
CB0258,2,gaba,central,,,,93.29,3636.0
CB0259,2,acetylcholine,central,,,,13.81,2577.0
CB0261,2,acetylcholine,central,,,,86.56,4806.0
CB0262,2,dopamine,central,,,,65.15,1033.0
CB0264,2,acetylcholine,central,,,,88.39,9478.0
CB0265,2,gaba,central,,,,54.08,4571.0
CB0266,2,acetylcholine,central,,,,79.42,1249.0
CB0267,2,gaba,central,,,,7.08,3814.0
CB0268,2,gaba,central,,,,66.86,6186.0
CB0269,2,acetylcholine,central,,,,51.76,1391.0
CB0270,2,acetylcholine,central,,,,22.22,423.0
CB0272,2,acetylcholine,central,,,,31.08,2117.0
CB0276,2,gaba,central,,,,65.01,2581.0
CB0277,2,acetylcholine,central,,,,78.47,3089.0
CB0278,2,acetylcholine,central,,,,44.6,2415.0
CB0279,2,gaba,central,,,,0.0,225.0
CB0280,2,acetylcholine,central,,,,13.59,2707.0
CB0282,2,acetylcholine,central,,,,1.14,1674.0
CB0283,2,gaba,central,,,,17.99,7792.0
CB0284,2,acetylcholine,central,,,,61.16,1895.0
CB0285,2,acetylcholine,central,,,,3.28,3501.0
CB0286,2,glutamate,central,,,,2.7,111.0
CB0287,2,acetylcholine,central,,,,59.28,3092.0
CB0288,2,acetylcholine,central,,,,31.03,522.0
CB0289,2,gaba,central,,,,74.44,1612.0
CB0292,2,acetylcholine,central,,,,53.42,2132.0
CB0294,2,glutamate,central,,,,15.7,1255.0
CB0295,2,acetylcholine,central,,,,9.63,2285.0
CB0296,2,glutamate,central,,,,11.29,3924.0
CB0297,2,acetylcholine,central,,,,89.19,3294.0
CB0298,2,acetylcholine,central,,,,43.69,5170.0
CB0299,2,glutamate,central,,,,98.54,205.0
CB0300,2,acetylcholine,central,,,,97.48,754.0
CB0302,2,acetylcholine,central,,,,52.41,2366.0
CB0303,2,gaba,central,,,,77.05,2248.0
CB0305,2,acetylcholine,central,,,,18.49,1579.0
CB0306,2,acetylcholine,central,,,,92.86,756.0
CB0307,2,gaba,central,,,,13.76,1403.0
CB0309,2,gaba,central,,,,26.94,2632.0
CB0310,2,glutamate,central,,,,39.67,2329.0
CB0311,2,glutamate,central,,,,0.0,262.0
CB0312,2,gaba,central,,,,6.19,2342.0
CB0313,2,glutamate,central,,,,78.93,1699.0
CB0314,2,glutamate,central,,,,57.26,248.0
CB0316,2,acetylcholine,central,,,,5.64,4096.0
CB0317,2,acetylcholine,central,,,,55.98,870.0
CB0318,2,acetylcholine,central,,,,92.43,872.0
CB0319,2,acetylcholine,central,,,,53.27,3392.0
CB0320,2,acetylcholine,central,,,,59.01,588.0
CB0323,2,acetylcholine,central,,,,32.4,2537.0
CB0324,2,acetylcholine,central,,,,48.26,862.0
CB0325,2,acetylcholine,central,,,,7.2,639.0
CB0327,2,acetylcholine,central,,,,86.78,847.0
CB0328,2,glutamate,central,,,,90.27,1758.0
CB0331,2,acetylcholine,central,,,,46.09,1827.0
CB0333,2,gaba,central,,,,49.58,4849.0
CB0335,2,glutamate,central,,,,1.61,372.0
CB0336,2,acetylcholine,central,,,,0.64,1245.0
CB0337,2,gaba,central,,,,24.74,2850.0
CB0339,2,acetylcholine,central,,,,3.35,1133.0
CB0340,2,acetylcholine,central,,,,5.82,704.0
CB0341,2,acetylcholine,central,,,,96.15,3485.0
CB0342,2,gaba,central,,,,2.63,571.0
CB0343,2,acetylcholine,central,,,,91.92,854.0
CB0344,2,gaba,central,,,,3.86,6527.0
CB0345,3,acetylcholine,central,,,,62.55,3076.0
CB0346,2,gaba,central,,,,51.69,2105.0
CB0349,2,acetylcholine,central,,,,15.14,872.0
CB0350,2,glutamate,central,,,,45.57,1714.0
CB0351,2,acetylcholine,central,,,,21.45,429.0
CB0352,2,gaba,central,,,,19.44,1795.0
CB0354,2,acetylcholine,central,,,,47.52,3643.0
CB0356,2,acetylcholine,central,,,,1.9,1108.0
CB0357,2,gaba,central,,,,61.56,2146.0
CB0358,2,gaba,central,,,,73.82,5577.0
CB0359,2,acetylcholine,central,,,,9.01,2008.0
CB0360,2,acetylcholine,central,,,,69.83,2705.0
CB0361,6,acetylcholine,central,,,,57.53,2449.0
CB0362,2,acetylcholine,central,,,,5.11,3249.0
CB0363,2,gaba,central,,,,51.36,1139.0
CB0364,2,serotonin,central,,,,46.71,563.0
CB0366,2,acetylcholine,central,,,,17.43,1974.0
CB0367,2,glutamate,central,,,,0.23,1294.0
CB0368,2,acetylcholine,central,,,,10.04,1992.0
CB0369,2,gaba,central,,,,64.71,1040.0
CB0370,2,gaba,central,,,,84.96,3272.0
CB0373,2,glutamate,central,,,,2.79,538.0
CB0374,2,glutamate,central,,,,70.84,1190.0
CB0376,2,glutamate,central,,,,2.88,1459.0
CB0377,2,gaba,central,,,,15.4,1331.0
CB0378,2,gaba,central,,,,60.34,2499.0
CB0379,2,acetylcholine,central,,,,1.92,1041.0
CB0380,2,acetylcholine,central,,,,34.04,1187.0
CB0381,4,acetylcholine,central,,,,32.65,3011.0
CB0382,2,acetylcholine,central,,,,80.07,2027.0
CB0385,4,gaba,central,,,,1.82,5425.0
CB0386,2,glutamate,central,,,,48.54,548.0
CB0387,2,gaba,central,,,,75.53,1708.0
CB0390,2,gaba,central,,,,60.59,1360.0
CB0391,2,acetylcholine,central,,,,5.47,2138.0
CB0392,2,glutamate,central,,,,61.88,829.0
CB0393,2,acetylcholine,central,,,,14.19,2467.0
CB0394,2,glutamate,central,,,,2.48,322.0
CB0396,2,glutamate,central,,,,5.42,1532.0
CB0397,2,gaba,central,,,,7.53,1474.0
CB0398,2,gaba,central,,,,37.24,2014.0
CB0399,2,gaba,central,,,,11.49,1340.0
CB0400,2,acetylcholine,central,,,,57.13,2237.0
CB0402,2,glutamate,central,,,,44.62,800.0
CB0404,2,acetylcholine,central,,,,86.85,7606.0
CB0405,2,gaba,central,,,,26.0,727.0
CB0407,2,acetylcholine,central,,,,16.47,1803.0
CB0408,2,gaba,central,,,,66.17,2412.0
CB0409,2,acetylcholine,central,,,,51.68,11613.0
CB0410,2,gaba,central,,,,23.74,2098.0
CB0413,2,gaba,central,,,,74.17,1827.0
CB0414,2,gaba,central,,,,54.69,704.0
CB0415,2,acetylcholine,central,,,,87.36,2912.0
CB0416,2,acetylcholine,central,,,,29.24,2404.0
CB0417,2,gaba,central,,,,26.55,4064.0
CB0418,2,acetylcholine,central,,,,36.6,3954.0
CB0419,2,gaba,central,,,,99.15,2937.0
CB0420,2,glutamate,central,,,,97.17,2263.0
CB0421,2,acetylcholine,central,,,,40.32,1545.0
CB0422,2,gaba,central,,,,92.95,1703.0
CB0423,2,glutamate,central,,,,52.48,2725.0
CB0424,2,glutamate,central,,,,0.92,2071.0
CB0426,2,gaba,central,,,,89.13,1251.0
CB0429,2,acetylcholine,central,,,,49.34,2716.0
CB0430,2,acetylcholine,central,,,,79.43,3564.0
CB0431,2,acetylcholine,central,,,,5.21,2915.0
CB0432,2,glutamate,central,,,,63.05,3134.0
CB0433,2,glutamate,central,,,,28.09,3887.0
CB0434,2,acetylcholine,central,,,,78.14,2946.0
CB0435,2,glutamate,central,,,,80.68,3509.0
CB0436,2,gaba,central,,,,84.32,1799.0
CB0437,2,acetylcholine,central,,,,28.61,1496.0
CB0438,2,gaba,central,,,,50.56,4662.0
CB0440,2,acetylcholine,central,,,,39.04,2198.0
CB0441,2,acetylcholine,central,,,,89.32,1873.0
CB0442,2,gaba,central,,,,89.34,11054.0
CB0443,2,gaba,central,,,,17.13,8192.0
CB0444,2,gaba,central,,,,9.63,2367.0
CB0445,2,acetylcholine,central,,,,33.78,1806.0
CB0446,2,acetylcholine,central,,,,50.36,548.0
CB0448,2,acetylcholine,central,,,,37.75,3624.0
CB0449,2,gaba,central,,,,16.22,4915.0
CB0450,2,acetylcholine,central,,,,0.2,6033.0
CB0451,2,glutamate,central,,,,97.48,6160.0
CB0452,2,dopamine,central,,,,46.83,1608.0
CB0453,2,glutamate,central,,,,42.75,4189.0
CB0454,2,gaba,central,,,,56.04,3897.0
CB0455,2,gaba,central,,,,55.26,2584.0
CB0456,2,glutamate,central,,,,47.19,2914.0
CB0457,2,acetylcholine,central,,,,47.06,2552.0
CB0458,2,acetylcholine,central,,,,33.14,1225.0
CB0459,2,gaba,central,,,,44.17,1879.0
CB0460,2,gaba,central,,,,7.74,2158.0
CB0461,2,dopamine,central,,,,72.5,2178.0
CB0462,2,glutamate,central,,,,47.35,1320.0
CB0463,2,acetylcholine,central,,,,8.17,2264.0
CB0465,2,gaba,central,,,,19.37,2994.0
CB0466,2,gaba,central,,,,6.19,8468.0
CB0467,2,acetylcholine,central,,,,10.38,3419.0
CB0468,2,acetylcholine,central,,,,69.22,3437.0
CB0469,2,gaba,central,,,,89.01,4304.0
CB0473,2,acetylcholine,central,,,,63.18,1999.0
CB0475,2,acetylcholine,central,,,,13.57,3398.0
CB0477,2,acetylcholine,central,,,,68.35,2840.0
CB0478,2,acetylcholine,central,,,,13.99,5939.0
CB0479,2,acetylcholine,central,,,,37.34,3728.0
CB0480,2,gaba,central,,,,51.46,4052.0
CB0481,2,gaba,central,,,,10.09,4102.0
CB0483,2,acetylcholine,central,,,,1.4,1139.0
CB0484,2,gaba,central,,,,46.77,4054.0
CB0485,2,acetylcholine,central,,,,85.38,2442.0
CB0486,2,gaba,central,,,,16.24,7623.0
CB0487,2,gaba,central,,,,15.98,5493.0
CB0488,2,acetylcholine,central,,,,91.68,4148.0
CB0489,2,acetylcholine,central,,,,55.87,315.0
CB0491,2,gaba,central,,,,47.89,8417.0
CB0492,2,gaba,central,,,,89.51,3317.0
CB0493,2,acetylcholine,central,,,,83.68,4778.0
CB0494,2,dopamine,central,,,,83.89,869.0
CB0495,2,gaba,central,,,,92.95,9015.0
CB0496,2,gaba,central,,,,37.68,7786.0
CB0497,2,gaba,central,,,,86.46,3768.0
CB0498,2,gaba,central,,,,16.78,1585.0
CB0499,2,acetylcholine,central,,,,25.6,3090.0
CB0500,2,acetylcholine,central,,,,3.55,2508.0
CB0501,2,acetylcholine,central,,,,10.98,1321.0
CB0502,2,acetylcholine,central,,,,59.16,2997.0
CB0503,2,gaba,central,,,,17.01,4051.0
CB0504,2,glutamate,central,,,,24.86,5301.0
CB0507,2,acetylcholine,central,,,,58.0,7455.0
CB0508,2,acetylcholine,central,,,,74.23,3259.0
CB0509,2,acetylcholine,central,,,,51.31,2372.0
CB0510,2,glutamate,central,,,,0.73,2050.0
CB0512,2,acetylcholine,central,,,,27.37,1337.0
CB0514,2,gaba,central,,,,65.42,1793.0
CB0515,2,acetylcholine,central,,,,27.03,3178.0
CB0516,2,gaba,central,,,,39.58,5796.0
CB0517,2,glutamate,central,,,,67.12,4766.0
CB0518,2,acetylcholine,central,,,,19.17,1941.0
CB0519,2,acetylcholine,central,,,,74.53,8531.0
CB0521,2,acetylcholine,central,,,,35.98,3774.0
CB0522,2,acetylcholine,central,,,,18.09,3693.0
CB0523,2,acetylcholine,central,,,,93.9,4096.0
CB0524,2,gaba,central,,,,13.82,8391.0
CB0525,2,acetylcholine,central,,,,47.95,4219.0
CB0526,2,gaba,central,,,,12.37,2530.0
CB0527,2,gaba,central,,,,39.82,9347.0
CB0528,2,acetylcholine,central,,,,28.18,795.0
CB0529,2,acetylcholine,central,,,,45.36,4517.0
CB0530,2,glutamate,central,,,,93.74,5355.0
CB0531,2,glutamate,central,,,,36.66,2673.0
CB0532,2,glutamate,central,,,,49.36,1416.0
CB0533,2,acetylcholine,central,,,,42.03,6301.0
CB0534,2,gaba,central,,,,11.63,9386.0
CB0538,2,glutamate,central,,,,44.27,3501.0
CB0539,2,gaba,central,,,,43.18,4076.0
CB0540,2,gaba,central,,,,3.17,8115.0
CB0541,2,gaba,central,,,,22.81,3389.0
CB0542,2,acetylcholine,central,,,,44.17,2669.0
CB0543,2,gaba,central,,,,54.83,5543.0
CB0544,2,gaba,central,,,,74.77,2493.0
CB0545,2,gaba,central,,,,21.11,3050.0
CB0546,2,acetylcholine,central,,,,10.98,2258.0
CB0547,2,gaba,central,,,,75.37,3394.0
CB0548,2,acetylcholine,central,,,,40.78,1817.0
CB0549,2,acetylcholine,central,,,,51.7,4576.0
CB0550,2,gaba,central,,,,2.97,2830.0
CB0552,2,acetylcholine,central,,,,31.64,1517.0
CB0553,2,acetylcholine,central,,,,71.66,7543.0
CB0555,2,gaba,central,,,,72.46,2393.0
CB0556,2,gaba,central,,,,14.73,4921.0
CB0557,2,glutamate,central,,,,28.18,3062.0
CB0558,2,acetylcholine,central,,,,35.67,2916.0
CB0559,2,acetylcholine,central,,,,17.7,4091.0
CB0560,2,acetylcholine,central,,,,60.15,3872.0
CB0561,2,glutamate,central,,,,77.72,3137.0
CB0563,2,gaba,central,,,,52.32,7039.0
CB0564,2,glutamate,central,,,,96.62,5263.0
CB0565,2,gaba,central,,,,57.58,7370.0
CB0567,2,glutamate,central,,,,39.95,7780.0
CB0568,2,gaba,central,,,,59.75,2768.0
CB0571,2,glutamate,central,,,,85.57,4706.0
CB0572,2,glutamate,central,,,,48.16,4799.0
CB0573,2,dopamine,central,,,,59.78,3212.0
CB0574,2,acetylcholine,central,,,,8.62,6612.0
CB0575,4,acetylcholine,central,,,,48.52,2298.0
CB0576,2,acetylcholine,central,,,,36.09,1959.0
CB0579,2,acetylcholine,central,,,,31.31,1530.0
CB0580,2,gaba,central,,,,44.11,15651.0
CB0581,2,acetylcholine,central,,,,92.99,4749.0
CB0582,2,gaba,central,,,,76.17,6131.0
CB0583,2,glutamate,central,,,,44.41,2934.0
CB0584,2,gaba,central,,,,49.02,7301.0
CB0585,2,glutamate,central,,,,73.16,5853.0
CB0586,2,gaba,central,,,,52.41,2114.0
CB0587,2,acetylcholine,central,,,,41.3,16044.0
CB0588,2,glutamate,central,,,,51.57,3781.0
CB0591,3,acetylcholine,central,,,,15.86,7650.0
CB0593,2,acetylcholine,central,,,,51.48,8124.0
CB0595,2,acetylcholine,central,,,,85.7,4078.0
CB0596,2,acetylcholine,central,,,,72.86,3368.0
CB0597,2,glutamate,central,,,,90.51,2424.0
CB0598,2,gaba,central,,,,0.94,3935.0
CB0599,2,gaba,central,,,,64.79,2843.0
CB0600,2,gaba,central,,,,57.03,8322.0
CB0601,2,acetylcholine,central,,,,97.86,747.0
CB0602,2,acetylcholine,central,,,,67.98,1271.0
CB0603,2,acetylcholine,central,,,,10.0,2529.0
CB0604,2,acetylcholine,central,,,,31.97,807.0
CB0605,2,gaba,central,,,,70.04,2974.0
CB0606,2,gaba,central,,,,34.87,4583.0
CB0607,2,gaba,central,,,,4.56,2191.0
CB0608,2,gaba,central,,,,55.58,3107.0
CB0609,2,gaba,central,,,,28.31,3045.0
CB0610,2,gaba,central,,,,44.53,4208.0
CB0611,2,gaba,central,,,,13.66,1589.0
CB0612,2,gaba,central,,,,33.48,2578.0
CB0615,2,acetylcholine,central,,,,6.68,1317.0
CB0616,2,acetylcholine,central,,,,26.83,1312.0
CB0617,2,acetylcholine,central,,,,62.16,2019.0
CB0618,2,glutamate,central,,,,78.52,3171.0
CB0619,2,gaba,central,,,,89.33,3355.0
CB0620,2,glutamate,central,,,,74.19,3812.0
CB0623,2,dopamine,central,,,,92.14,4642.0
CB0624,4,acetylcholine,central,,,,4.7,3107.0
CB0625,2,gaba,central,,,,11.81,2634.0
CB0626,2,gaba,central,,,,44.83,12752.0
CB0627,2,gaba,central,,,,17.4,3413.0
CB0628,2,gaba,central,,,,9.45,3652.0
CB0629,2,gaba,central,,,,21.73,2214.0
CB0630,2,acetylcholine,central,,,,5.91,1336.0
CB0631,2,acetylcholine,central,,,,45.77,3972.0
CB0632,2,gaba,central,,,,32.17,1032.0
CB0633,2,glutamate,central,,,,29.54,2427.0
CB0635,2,acetylcholine,central,,,,12.68,2201.0
CB0637,2,gaba,central,,,,92.86,3947.0
CB0638,2,acetylcholine,central,,,,38.2,2929.0
CB0640,2,acetylcholine,central,,,,2.75,944.0
CB0641,2,acetylcholine,central,,,,34.33,1471.0
CB0642,2,acetylcholine,central,,,,5.42,1108.0
CB0643,4,acetylcholine,central,,,,8.18,4374.0
CB0644,2,acetylcholine,central,,,,11.27,2555.0
CB0645,2,acetylcholine,central,,,,6.01,1464.0
CB0646,2,gaba,central,,,,7.73,3883.0
CB0647,2,acetylcholine,central,,,,41.05,2212.0
CB0648,2,acetylcholine,central,,,,4.33,1248.0
CB0649,2,glutamate,central,,,,11.45,3178.0
CB0650,4,glutamate,central,,,,49.95,3191.0
CB0651,2,acetylcholine,central,,,,7.74,3025.0
CB0652,2,acetylcholine,central,,,,76.94,438.0
CB0653,2,gaba,central,,,,9.6,1458.0
CB0654,2,acetylcholine,central,,,,52.3,1411.0
CB0655,2,acetylcholine,central,,,,91.44,14854.0
CB0656,2,acetylcholine,central,,,,8.49,3521.0
CB0657,2,acetylcholine,central,,,,1.4,2280.0
CB0658,2,glutamate,central,,,,2.76,2249.0
CB0659,2,acetylcholine,central,,,,2.81,249.0
CB0660,2,glutamate,central,,,,47.63,1560.0
CB0661,2,acetylcholine,central,,,,39.56,2169.0
CB0662,2,acetylcholine,central,,,,3.53,1106.0
CB0663,2,glutamate,central,,,,5.69,2391.0
CB0665,2,glutamate,central,,,,13.48,1936.0
CB0666,2,acetylcholine,central,,,,56.3,1396.0
CB0667,2,gaba,central,,,,5.9,1610.0
CB0668,2,glutamate,central,,,,2.09,1149.0
CB0669,2,glutamate,central,,,,66.33,1402.0
CB0670,2,acetylcholine,central,,,,10.43,4670.0
CB0671,2,glutamate,central,,,,72.68,1475.0
CB0674,1,acetylcholine,central,,,,99.85,1374.0
CB0675,2,acetylcholine,central,,,,8.94,3535.0
CB0676,2,acetylcholine,central,,,,7.42,5821.0
CB0677,2,gaba,central,,,,88.56,5514.0
CB0678,2,glutamate,central,,,,38.94,2116.0
CB0679,2,gaba,central,,,,11.76,3428.0
CB0681,2,glutamate,central,,,,52.73,1045.0
CB0682,2,gaba,central,,,,3.87,3746.0
CB0683,2,acetylcholine,central,,,,6.0,4334.0
CB0684,2,serotonin,central,,,,26.7,1809.0
CB0685,2,gaba,central,,,,4.62,2573.0
CB0687,2,glutamate,central,,,,26.9,2929.0
CB0688,2,gaba,central,,,,1.99,5966.0
CB0689,2,gaba,central,,,,8.61,6763.0
CB0690,2,gaba,central,,,,59.09,9328.0
CB0695,2,gaba,central,,,,57.11,3010.0
CB0696,2,gaba,central,,,,28.49,1527.0
CB0698,2,gaba,central,,,,54.87,4744.0
CB0699,2,glutamate,central,,,,42.43,3896.0
CB0700,2,acetylcholine,motor,,,,48.25,371.0
CB0701,2,acetylcholine,motor,,,,18.1,232.0
CB0703,2,acetylcholine,motor,,,,47.89,71.0
CB0704,4,glutamate,central,,,,66.92,2742.0
CB0705,4,acetylcholine,motor,,,,18.64,118.0
CB0706,2,acetylcholine,motor,,,,16.3,92.0
CB0707,2,acetylcholine,central,,,,46.42,2751.0
CB0708,2,acetylcholine,motor,,,,44.64,2706.0
CB0709,2,acetylcholine,central,,,,13.89,3872.0
CB0710,4,glutamate,central,,,,35.92,15115.0
CB0713,2,acetylcholine,central,,,,25.52,2590.0
CB0715,2,acetylcholine,motor,,,,22.76,123.0
CB0716,2,glutamate,central,,,,41.72,5287.0
CB0717,4,gaba,central,,,,36.97,2992.0
CB0718,2,gaba,central,,,,5.71,4554.0
CB0719,2,gaba,central,,,,3.5,828.0
CB0720,4,glutamate,motor,,,,22.32,112.0
CB0721,2,gaba,central,,,,46.04,5738.0
CB0722,4,serotonin,central,,,,27.12,2917.0
CB0723,2,acetylcholine,motor,,,,13.04,23.0
CB0724,2,gaba,central,,,,55.9,3011.0
CB0727,8,gaba,central,,,,23.66,6121.0
CB0728,2,acetylcholine,motor,,,,57.07,191.0
CB0731,4,acetylcholine,central,,,,75.18,4892.0
CB0732,8,gaba,central,,,,1.29,17341.0
CB0733,2,glutamate,central,,,,92.28,3185.0
CB0734,4,acetylcholine,central,,,,1.73,3245.0
CB0736,2,acetylcholine,central,,,,26.36,2200.0
CB0737,2,acetylcholine,central,,,,35.71,4203.0
CB0738,10,acetylcholine,central,,,,25.29,6240.0
CB0739,6,acetylcholine,central,,,,4.37,4419.0
CB0740,2,gaba,central,,,,25.79,3494.0
CB0742,4,acetylcholine,central,,,,6.13,1614.0
CB0743,9,gaba,central,,,,36.93,7516.0
CB0744,7,gaba,central,,,,36.75,6269.0
CB0746,4,acetylcholine,central,,,,5.06,3614.0
CB0747,4,acetylcholine,central,,,,19.52,3811.0
CB0749,2,glutamate,central,,,,96.21,7014.0
CB0750,2,acetylcholine,motor,,,,40.0,20.0
CB0751,4,glutamate,central,,,,80.12,5030.0
CB0752,2,acetylcholine,central,,,,24.21,2673.0
CB0753,2,gaba,central,,,,42.93,3725.0
CB0754,2,gaba,central,,,,59.14,6923.0
CB0755,4,acetylcholine,central,,,,11.68,2816.0
CB0756,2,acetylcholine,central,,,,67.03,6537.0
CB0757,4,glutamate,central,,,,95.98,7733.0
CB0758,4,gaba,central,,,,99.09,3062.0
CB0759,2,acetylcholine,central,,,,23.39,2911.0
CB0761,2,glutamate,central,,,,25.62,2931.0
CB0762,4,acetylcholine,motor,,,,20.26,311.0
CB0763,3,acetylcholine,central,,,,2.23,1254.0
CB0764,2,acetylcholine,motor,,,,27.78,18.0
CB0765,2,acetylcholine,central,,,,24.47,2415.0
CB0766,3,acetylcholine,central,,,,1.74,6034.0
CB0768,2,acetylcholine,central,,,,52.54,3116.0
CB0769,2,serotonin,motor,,,,18.05,410.0
CB0770,4,gaba,central,,,,39.66,1591.0
CB0771,2,acetylcholine,central,,,,38.38,4273.0
CB0772,2,glutamate,central,,,,63.25,1121.0
CB0773,2,glutamate,central,,,,30.14,4665.0
CB0774,2,glutamate,central,,,,41.54,6057.0
CB0775,2,acetylcholine,central,,,,43.94,1254.0
CB0778,2,gaba,central,,,,39.13,2773.0
CB0779,2,gaba,central,,,,45.77,3618.0
CB0781,2,gaba,central,,,,26.37,5420.0
CB0783,2,acetylcholine,motor,,,,33.96,53.0
CB0784,4,glutamate,central,,,,93.93,6849.0
CB0785,6,acetylcholine,central,,,,0.46,6732.0
CB0786,2,gaba,central,,,,26.57,6736.0
CB0787,2,gaba,central,,,,84.73,1991.0
CB0788,2,glutamate,central,,,,23.7,3755.0
CB0789,2,acetylcholine,motor,,,,19.51,41.0
CB0791,2,acetylcholine,central,,,,70.94,3558.0
CB0792,2,gaba,central,,,,38.4,6271.0
CB0793,2,acetylcholine,central,,,,63.65,1901.0
CB0795,2,acetylcholine,central,,,,57.38,2717.0
CB0796,4,acetylcholine,central,,,,0.72,5031.0
CB0797,2,acetylcholine,central,,,,27.77,2751.0
CB0798,2,gaba,central,,,,17.37,2262.0
CB0799,2,acetylcholine,central,,,,24.24,3771.0
CB0800,3,acetylcholine,central,,,,1.4,2150.0
CB0801,2,gaba,central,,,,35.22,4855.0
CB0802,2,glutamate,central,,,,58.11,8787.0
CB0803,2,acetylcholine,central,,,,35.72,3578.0
CB0804,2,acetylcholine,motor,,,,12.71,118.0
CB0806,4,gaba,central,,,,30.49,7308.0
CB0807,2,gaba,central,,,,26.8,2384.0
CB0809,2,serotonin,central,,,,46.75,939.0
CB0810,2,acetylcholine,motor,,,,28.57,49.0
CB0811,4,acetylcholine,central,,,,56.26,5075.0
CB0812,2,glutamate,central,,,,6.6,3590.0
CB0813,6,acetylcholine,central,,,,2.19,6796.0
CB0814,4,gaba,central,,,,77.16,3875.0
CB0815,2,acetylcholine,central,,,,79.76,2495.0
CB0817,2,gaba,central,,,,35.02,2947.0
CB0819,2,glutamate,central,,,,10.31,5782.0
CB0821,2,gaba,central,,,,16.31,6522.0
CB0823,2,acetylcholine,central,,,,42.0,3138.0
CB0824,2,acetylcholine,central,,,,14.77,6427.0
CB0825,5,acetylcholine,central,,,,20.79,2468.0
CB0827,2,glutamate,central,,,,16.76,2768.0
CB0828,2,glutamate,central,,,,83.86,1270.0
CB0829,3,glutamate,central,,,,2.9,3275.0
CB0830,4,gaba,central,,,,19.29,3194.0
CB0831,2,acetylcholine,motor,,,,64.41,59.0
CB0832,2,glutamate,central,,,,26.63,2058.0
CB0833,2,gaba,central,,,,59.01,2991.0
CB0834,2,gaba,central,,,,75.26,1609.0
CB0835,2,acetylcholine,motor,,,,10.71,28.0
CB0836,2,acetylcholine,motor,,,,40.0,30.0
CB0838,2,acetylcholine,motor,,,,34.78,46.0
CB0839,2,gaba,central,,,,76.75,3385.0
CB0840,3,gaba,central,,,,19.79,778.0
CB0842,2,gaba,central,,,,80.5,2051.0
CB0844,2,acetylcholine,central,,,,64.31,3570.0
CB0845,4,acetylcholine,motor,,,,16.28,86.0
CB0847,2,glutamate,central,,,,33.91,4073.0
CB0848,2,acetylcholine,central,,,,28.54,2130.0
CB0850,2,gaba,central,,,,18.67,2630.0
CB0851,2,gaba,central,,,,29.89,4817.0
CB0853,2,glutamate,central,,,,30.68,2855.0
CB0854,4,gaba,central,,,,90.7,5610.0
CB0855,2,acetylcholine,central,,,,22.79,4067.0
CB0856,2,gaba,central,,,,17.53,4296.0
CB0857,2,gaba,central,,,,29.87,4392.0
CB0858,2,acetylcholine,motor,,,,80.9,199.0
CB0859,2,gaba,central,,,,27.07,1703.0
CB0860,2,gaba,central,,,,32.55,3475.0
CB0861,2,acetylcholine,motor,,,,25.64,39.0
CB0862,2,gaba,central,,,,38.72,4210.0
CB0863,2,gaba,central,,,,37.17,4972.0
CB0864,2,acetylcholine,central,,,,26.15,4489.0
CB0865,4,gaba,central,,,,73.52,8983.0
CB0866,2,gaba,central,,,,21.91,2821.0
CB0867,2,gaba,central,,,,47.74,3580.0
CB0869,2,gaba,central,,,,83.35,3807.0
CB0870,2,gaba,central,,,,62.47,3331.0
CB0871,2,acetylcholine,motor,,,,11.11,27.0
CB0872,2,acetylcholine,central,,,,13.14,3006.0
CB0873,2,glutamate,motor,,,,64.29,42.0
CB0874,2,acetylcholine,central,,,,27.26,3837.0
CB0875,2,acetylcholine,motor,,,,14.52,62.0
CB0877,2,acetylcholine,central,,,,24.94,1692.0
CB0878,8,serotonin,central,,,,36.54,1166.0
CB0879,2,acetylcholine,central,,,,40.06,2169.0
CB0880,3,acetylcholine,central,,,,8.0,3837.0
CB0881,2,gaba,central,,,,28.4,3144.0
CB0882,2,acetylcholine,motor,,,,24.56,57.0
CB0883,2,acetylcholine,central,,,,15.72,4015.0
CB0884,2,acetylcholine,central,,,,57.06,4653.0
CB0885,2,acetylcholine,central,,,,24.67,2602.0
CB0886,2,acetylcholine,motor,,,,4.23,71.0
CB0889,2,gaba,central,,,,13.48,4704.0
CB0890,2,gaba,central,,,,55.85,4716.0
CB0891,2,gaba,central,,,,30.99,6886.0
CB0892,2,dopamine,central,,,,58.39,1507.0
CB0893,2,acetylcholine,central,,,,49.92,2586.0
CB0894,2,acetylcholine,central,,,,48.86,4130.0
CB0895,2,glutamate,central,,,,41.08,2281.0
CB0896,2,glutamate,central,,,,24.82,4340.0
CB0897,2,acetylcholine,central,,,,24.19,6440.0
CB0898,2,glutamate,central,,,,17.27,5338.0
CB0899,2,acetylcholine,motor,,,,14.71,34.0
CB0900,2,acetylcholine,central,,,,56.0,4184.0
CB0901,2,acetylcholine,motor,,,,24.44,90.0
CB0902,2,acetylcholine,central,,,,32.65,2922.0
CB0903,2,gaba,central,,,,26.9,3576.0
CB0904,2,acetylcholine,motor,,,,37.5,104.0
CB0906,2,glutamate,central,,,,63.97,5468.0
CB0907,2,acetylcholine,central,,,,29.76,2003.0
CB0908,2,acetylcholine,central,,,,42.81,2324.0
CB0909,2,glutamate,central,,,,14.5,2062.0
CB0910,2,acetylcholine,central,,,,57.58,6084.0
CB0911,2,acetylcholine,motor,,,,18.18,110.0
CB0912,2,glutamate,central,,,,10.25,2243.0
CB0913,2,acetylcholine,motor,,,,12.9,31.0
CB0914,2,acetylcholine,motor,,,,54.3,151.0
CB0915,2,acetylcholine,motor,,,,62.07,348.0
CB0916,2,acetylcholine,motor,,,,51.05,143.0
CB0917,2,acetylcholine,central,,,,61.66,2551.0
CB0918,4,acetylcholine,motor,,,,12.33,73.0
CB0919,2,acetylcholine,central,,,,12.55,1626.0
CB0920,2,acetylcholine,central,,,,36.11,3268.0
CB0921,2,acetylcholine,central,,,,22.21,4462.0
CB0922,2,acetylcholine,central,,,,9.86,1532.0
CB0923,2,acetylcholine,central,,,,26.61,7283.0
CB0924,3,acetylcholine,central,,,,21.96,1571.0
CB0925,2,acetylcholine,central,,,,24.08,652.0
CB0926,5,acetylcholine,central,,,,0.91,1755.0
CB0927,4,acetylcholine,central,,,,0.33,3069.0
CB0929,6,acetylcholine,central,,,,49.85,3677.0
CB0930,6,acetylcholine,central,,,,4.58,4364.0
CB0931,4,glutamate,central,,,,51.04,1534.0
CB0932,3,glutamate,central,,,,35.55,1612.0
CB0933,2,glutamate,central,,,,48.8,830.0
CB0934,4,acetylcholine,central,,,,0.55,2002.0
CB0937,4,glutamate,central,,,,10.17,836.0
CB0938,4,acetylcholine,central,,,,4.4,999.0
CB0939,2,acetylcholine,central,,,,2.32,517.0
CB0942,4,acetylcholine,central,,,,48.51,870.0
CB0943,9,acetylcholine,central,,,,14.73,1365.0
CB0944,3,gaba,central,,,,4.72,868.0
CB0945,2,acetylcholine,central,,,,1.12,981.0
CB0946,10,acetylcholine,central,,,,5.59,1521.0
CB0947,6,acetylcholine,central,,,,0.92,1092.0
CB0948,4,acetylcholine,central,,,,0.89,1120.0
CB0950,4,glutamate,central,,,,31.29,2100.0
CB0951,8,glutamate,central,,,,64.54,3184.0
CB0952,6,acetylcholine,central,,,,57.36,2209.0
CB0955,14,acetylcholine,central,,,,1.66,11663.0
CB0956,7,acetylcholine,central,,,,6.36,6325.0
CB0957,6,acetylcholine,central,,,,48.29,1994.0
CB0958,25,glutamate,central,,,,78.95,4447.0
CB0959,16,glutamate,central,,,,59.34,5401.0
CB0960,1,acetylcholine,central,,,,9.09,11.0
CB0961,10,glutamate,central,,,,98.22,3198.0
CB0962,7,glutamate,central,,,,78.49,1576.0
CB0963,5,acetylcholine,central,,,,15.29,1668.0
CB0964,4,gaba,central,,,,16.86,3007.0
CB0965,5,glutamate,central,,,,3.55,1747.0
CB0966,2,acetylcholine,central,,,,2.34,853.0
CB0967,3,acetylcholine,central,,,,81.66,229.0
CB0968,3,acetylcholine,central,,,,2.99,904.0
CB0969,2,acetylcholine,central,,,,4.07,540.0
CB0971,2,glutamate,central,,,,7.75,400.0
CB0972,5,acetylcholine,central,,,,1.4,785.0
CB0973,8,glutamate,central,,,,0.55,909.0
CB0975,8,acetylcholine,central,,,,75.25,1204.0
CB0976,3,glutamate,central,,,,2.45,816.0
CB0977,7,glutamate,central,,,,16.05,860.0
CB0978,8,gaba,central,,,,18.27,3142.0
CB0979,16,gaba,central,,,,8.93,3908.0
CB0980,9,gaba,central,,,,4.65,7370.0
CB0981,6,gaba,central,,,,91.42,2901.0
CB0982,8,gaba,central,,,,7.21,624.0
CB0983,4,acetylcholine,central,,,,90.36,2219.0
CB0984,2,gaba,central,,,,5.18,676.0
CB0985,2,acetylcholine,central,,,,43.96,787.0
CB0986,11,gaba,central,,,,1.05,3061.0
CB0987,5,glutamate,central,,,,85.58,13251.0
CB0988,4,acetylcholine,central,,,,48.12,1380.0
CB0989,9,gaba,central,,,,27.4,4544.0
CB0990,3,gaba,central,,,,17.48,246.0
CB0991,4,acetylcholine,central,,,,50.22,5619.0
CB0992,2,acetylcholine,central,,,,52.17,2576.0
CB0993,6,glutamate,central,,,,5.08,1200.0
CB0994,5,acetylcholine,central,,,,13.2,3416.0
CB0996,4,acetylcholine,central,,,,1.21,829.0
CB0997,10,acetylcholine,central,,,,0.41,2714.0
CB0998,4,acetylcholine,central,,,,16.69,1222.0
CB0999,6,gaba,central,,,,9.29,1593.0
CB1000,4,acetylcholine,central,,,,24.91,1349.0
CB1001,2,acetylcholine,central,,,,11.24,712.0
CB1002,3,gaba,central,,,,1.69,1305.0
CB1003,4,gaba,central,,,,1.25,1358.0
CB1005,2,glutamate,central,,,,54.49,1281.0
CB1006,2,glutamate,central,,,,4.74,464.0
CB1007,4,glutamate,central,,,,98.4,2874.0
CB1008,17,acetylcholine,central,,,,49.63,3101.0
CB1009,2,acetylcholine,central,,,,47.69,671.0
CB1010,3,glutamate,central,,,,44.3,772.0
CB1011,10,glutamate,central,,,,4.04,1090.0
CB1012,6,glutamate,central,,,,55.95,3262.0
CB1013,7,glutamate,central,,,,39.37,1727.0
CB1014,4,acetylcholine,central,,,,3.74,1686.0
CB1015,2,glutamate,central,,,,1.92,52.0
CB1016,3,acetylcholine,central,,,,12.61,1015.0
CB1017,4,acetylcholine,central,,,,43.8,2587.0
CB1018,2,glutamate,central,,,,96.0,100.0
CB1020,5,acetylcholine,central,,,,29.15,964.0
CB1021,7,acetylcholine,central,,,,89.82,1719.0
CB1022,4,acetylcholine,central,,,,38.66,1622.0
CB1023,10,glutamate,central,,,,59.6,4136.0
CB1024,6,acetylcholine,central,,,,51.37,948.0
CB1025,3,acetylcholine,central,,,,44.49,1126.0
CB1026,6,acetylcholine,central,,,,44.1,1374.0
CB1028,4,acetylcholine,central,,,,6.81,1925.0
CB1029,7,acetylcholine,central,,,,60.93,5541.0
CB1030,8,acetylcholine,central,,,,51.83,1939.0
CB1031,4,acetylcholine,central,,,,5.7,4442.0
CB1032,6,glutamate,central,,,,2.62,839.0
CB1033,7,acetylcholine,central,,,,24.65,1059.0
CB1035,4,glutamate,central,,,,8.99,534.0
CB1036,4,glutamate,central,,,,39.4,1792.0
CB1037,8,acetylcholine,central,,,,39.92,972.0
CB1038,9,gaba,central,,,,6.7,6838.0
CB1039,3,acetylcholine,central,,,,26.35,1431.0
CB1040,6,acetylcholine,central,,,,11.77,1062.0
CB1042,12,gaba,central,,,,3.93,4559.0
CB1043,2,acetylcholine,central,,,,10.48,315.0
CB1044,4,acetylcholine,central,,,,34.31,3442.0
CB1045,3,acetylcholine,central,,,,90.11,2305.0
CB1046,13,acetylcholine,central,,,,59.07,2504.0
CB1047,4,acetylcholine,central,,,,50.41,978.0
CB1048,4,glutamate,central,,,,7.06,1487.0
CB1049,6,acetylcholine,central,,,,17.05,2024.0
CB1050,4,acetylcholine,central,,,,5.35,1178.0
CB1051,6,acetylcholine,central,,,,1.77,3053.0
CB1053,6,acetylcholine,central,,,,52.39,4171.0
CB1054,6,glutamate,central,,,,3.23,867.0
CB1055,12,gaba,central,,,,70.79,3971.0
CB1056,4,glutamate,central,,,,90.13,2017.0
CB1057,4,glutamate,central,,,,2.79,717.0
CB1058,8,glutamate,central,,,,0.11,2761.0
CB1059,3,glutamate,central,,,,5.26,1178.0
CB1060,5,acetylcholine,central,,,,2.1,763.0
CB1061,2,glutamate,central,,,,37.36,538.0
CB1062,7,glutamate,central,,,,59.04,2407.0
CB1063,4,glutamate,central,,,,41.97,1096.0
CB1064,4,glutamate,central,,,,91.03,1973.0
CB1065,4,gaba,central,,,,38.45,1264.0
CB1066,3,acetylcholine,central,,,,10.65,2977.0
CB1067,4,glutamate,central,,,,0.12,829.0
CB1068,5,acetylcholine,central,,,,47.27,2562.0
CB1069,6,acetylcholine,central,,,,26.98,2632.0
CB1071,6,glutamate,central,,,,13.57,1076.0
CB1072,12,acetylcholine,central,,,,63.11,7828.0
CB1073,7,acetylcholine,central,,,,7.37,2103.0
CB1074,3,acetylcholine,central,,,,45.73,4325.0
CB1076,8,acetylcholine,central,,,,29.17,21553.0
CB1077,4,gaba,central,,,,7.81,2675.0
CB1078,26,acetylcholine,central,,,,39.6,19143.0
CB1079,18,gaba,central,,,,4.17,5948.0
CB1080,6,acetylcholine,central,,,,88.54,4442.0
CB1081,2,gaba,central,,,,18.14,667.0
CB1083,2,acetylcholine,central,,,,64.0,125.0
CB1084,7,gaba,central,,,,26.55,1970.0
CB1085,5,acetylcholine,central,,,,30.64,2706.0
CB1086,4,gaba,central,,,,6.77,2629.0
CB1087,6,gaba,central,,,,24.57,3749.0
CB1088,4,gaba,central,,,,31.31,3846.0
CB1089,5,acetylcholine,central,,,,1.32,1057.0
CB1090,7,acetylcholine,central,,,,12.86,4191.0
CB1091,2,acetylcholine,central,,,,73.62,781.0
CB1092,4,gaba,central,,,,1.27,631.0
CB1093,2,acetylcholine,central,,,,58.03,2685.0
CB1094,12,glutamate,central,,,,63.97,5306.0
CB1095,6,serotonin,central,,,,35.02,2404.0
CB1096,6,acetylcholine,central,,,,14.19,1945.0
CB1097,5,acetylcholine,central,,,,13.33,1410.0
CB1098,7,gaba,central,,,,1.35,4734.0
CB1099,3,acetylcholine,central,,,,2.06,4123.0
CB1100,7,acetylcholine,central,,,,1.19,1593.0
CB1101,6,acetylcholine,central,,,,28.72,2009.0
CB1102,4,acetylcholine,central,,,,0.72,967.0
CB1103,4,acetylcholine,central,,,,3.92,1047.0
CB1104,2,acetylcholine,central,,,,1.54,781.0
CB1105,2,acetylcholine,central,,,,0.88,570.0
CB1106,5,acetylcholine,central,,,,2.95,1999.0
CB1107,3,gaba,central,,,,4.05,543.0
CB1108,2,acetylcholine,central,,,,24.53,1582.0
CB1109,14,acetylcholine,central,,,,73.24,7054.0
CB1110,5,acetylcholine,central,,,,27.94,6017.0
CB1111,6,acetylcholine,central,,,,42.86,2585.0
CB1112,4,acetylcholine,central,,,,23.77,2642.0
CB1113,2,acetylcholine,central,,,,14.34,781.0
CB1114,10,acetylcholine,central,,,,0.61,2610.0
CB1115,2,glutamate,central,,,,0.0,176.0
CB1116,2,glutamate,central,,,,67.88,906.0
CB1117,3,gaba,central,,,,0.72,415.0
CB1119,3,acetylcholine,central,,,,13.82,1331.0
CB1120,3,acetylcholine,central,,,,4.57,656.0
CB1121,2,acetylcholine,central,,,,42.83,2559.0
CB1122,2,gaba,central,,,,36.53,813.0
CB1124,4,gaba,central,,,,38.2,1851.0
CB1125,11,acetylcholine,central,,,,0.91,7902.0
CB1126,4,glutamate,central,,,,8.0,1225.0
CB1127,4,acetylcholine,central,,,,6.52,3680.0
CB1128,3,glutamate,central,,,,22.76,892.0
CB1129,5,gaba,central,,,,59.73,4629.0
CB1130,5,gaba,central,,,,44.8,5504.0
CB1131,4,acetylcholine,central,,,,4.99,941.0
CB1132,4,gaba,central,,,,9.23,1962.0
CB1134,6,glutamate,central,,,,1.29,2242.0
CB1138,12,acetylcholine,central,,,,52.92,7351.0
CB1139,2,acetylcholine,central,,,,29.31,1426.0
CB1140,4,acetylcholine,central,,,,1.55,840.0
"CB1141,CB1285",12,gaba,central,,,,8.38,1455.0
CB1142,3,acetylcholine,central,,,,33.61,2499.0
CB1143,6,acetylcholine,central,,,,38.24,3998.0
CB1144,5,acetylcholine,central,,,,88.63,1020.0
CB1145,7,gaba,central,,,,1.39,2737.0
CB1148,9,glutamate,central,,,,5.98,1672.0
CB1149,6,glutamate,central,,,,1.67,1681.0
CB1150,6,glutamate,central,,,,5.96,973.0
CB1151,4,glutamate,central,,,,8.14,1843.0
CB1152,6,glutamate,central,,,,2.58,1780.0
CB1153,3,glutamate,central,,,,2.83,743.0
CB1154,16,glutamate,central,,,,0.87,1033.0
CB1155,6,glutamate,central,,,,3.92,715.0
CB1156,4,acetylcholine,central,,,,1.05,1144.0
CB1159,3,acetylcholine,central,,,,33.22,1845.0
CB1160,5,glutamate,central,,,,2.73,1394.0
CB1161,2,acetylcholine,central,,,,50.0,170.0
CB1163,6,acetylcholine,central,,,,35.61,1345.0
CB1165,6,acetylcholine,central,,,,39.82,1090.0
CB1167,4,acetylcholine,central,,,,1.83,437.0
CB1168,9,glutamate,central,,,,5.59,4098.0
CB1169,3,glutamate,central,,,,2.24,714.0
CB1170,5,glutamate,central,,,,8.67,1165.0
CB1171,6,glutamate,central,,,,3.01,2455.0
CB1172,4,glutamate,central,,,,10.34,1064.0
CB1173,2,glutamate,central,,,,1.82,330.0
CB1174,3,glutamate,central,,,,6.67,300.0
CB1175,4,glutamate,central,,,,2.12,849.0
CB1176,5,glutamate,central,,,,2.42,952.0
CB1178,18,glutamate,central,,,,1.94,2168.0
CB1179,3,glutamate,central,,,,0.88,679.0
CB1181,10,acetylcholine,central,,,,2.22,722.0
CB1182,4,acetylcholine,central,,,,2.49,3740.0
CB1183,5,acetylcholine,central,,,,1.84,1850.0
CB1184,4,acetylcholine,central,,,,0.87,2644.0
CB1185,4,acetylcholine,central,,,,0.69,1743.0
CB1187,3,acetylcholine,central,,,,1.75,969.0
CB1188,6,acetylcholine,central,,,,0.83,726.0
CB1189,4,acetylcholine,central,,,,45.49,1886.0
CB1190,6,acetylcholine,central,,,,49.96,2440.0
CB1191,4,glutamate,central,,,,1.24,565.0
CB1192,6,acetylcholine,central,,,,23.85,1920.0
CB1193,6,acetylcholine,central,,,,1.67,5569.0
CB1194,2,acetylcholine,central,,,,57.04,1506.0
CB1195,4,gaba,central,,,,0.57,1769.0
CB1196,4,acetylcholine,central,,,,10.15,2334.0
CB1197,6,glutamate,central,,,,3.0,1101.0
CB1198,5,gaba,central,,,,3.3,2063.0
CB1199,6,acetylcholine,central,,,,17.86,1669.0
CB1200,4,acetylcholine,central,,,,3.06,1110.0
CB1201,7,acetylcholine,central,,,,1.04,869.0
CB1202,4,acetylcholine,central,,,,1.1,1086.0
CB1203,3,acetylcholine,central,,,,26.96,1769.0
CB1205,6,acetylcholine,central,,,,0.86,9543.0
CB1206,11,acetylcholine,central,,,,5.71,9214.0
CB1207,14,acetylcholine,central,,,,4.07,3739.0
CB1208,3,acetylcholine,central,,,,0.58,856.0
CB1210,3,glutamate,central,,,,0.81,739.0
CB1211,3,acetylcholine,central,,,,7.05,2212.0
CB1212,6,glutamate,central,,,,0.61,491.0
CB1213,5,acetylcholine,central,,,,1.05,2101.0
CB1214,4,glutamate,central,,,,5.5,673.0
CB1215,4,acetylcholine,central,,,,12.17,2186.0
CB1217,5,glutamate,central,,,,0.98,1948.0
CB1218,2,glutamate,central,,,,0.96,627.0
CB1219,6,glutamate,central,,,,0.08,1301.0
CB1220,11,glutamate,central,,,,16.21,2967.0
CB1221,4,acetylcholine,central,,,,19.41,2360.0
CB1222,4,acetylcholine,central,,,,4.81,1997.0
CB1223,4,acetylcholine,central,,,,33.82,816.0
CB1224,4,acetylcholine,central,,,,42.06,844.0
CB1225,21,acetylcholine,central,,,,26.68,4757.0
CB1226,4,glutamate,central,,,,45.58,7696.0
CB1227,8,glutamate,central,,,,6.75,1659.0
CB1228,2,acetylcholine,central,,,,19.5,795.0
CB1229,4,glutamate,central,,,,95.36,755.0
CB1230,6,acetylcholine,central,,,,19.08,2170.0
CB1231,19,gaba,central,,,,5.01,38132.0
CB1232,6,acetylcholine,central,,,,14.81,1431.0
CB1233,4,glutamate,central,,,,3.39,707.0
CB1235,4,acetylcholine,central,,,,17.03,2061.0
CB1236,6,acetylcholine,central,,,,3.71,3634.0
CB1237,5,acetylcholine,central,,,,0.34,2035.0
CB1238,6,acetylcholine,central,,,,3.46,1997.0
CB1240,2,acetylcholine,central,,,,2.52,1390.0
CB1241,4,acetylcholine,central,,,,0.61,2618.0
CB1242,5,glutamate,central,,,,2.18,918.0
CB1243,2,acetylcholine,central,,,,1.54,521.0
CB1244,6,acetylcholine,central,,,,1.79,2913.0
CB1245,4,acetylcholine,central,,,,0.97,1341.0
CB1246,6,gaba,central,,,,0.39,1527.0
CB1247,4,glutamate,central,,,,0.18,1121.0
CB1248,2,gaba,central,,,,9.3,441.0
CB1249,4,glutamate,central,,,,0.25,400.0
CB1250,2,glutamate,central,,,,45.26,285.0
CB1251,7,glutamate,central,,,,65.69,2151.0
CB1252,4,glutamate,central,,,,3.98,1207.0
CB1253,8,glutamate,central,,,,61.98,2683.0
CB1254,2,glutamate,central,,,,5.0,240.0
CB1255,6,acetylcholine,central,,,,42.81,3345.0
CB1256,7,acetylcholine,central,,,,2.73,1502.0
CB1258,6,glutamate,central,,,,1.34,1566.0
CB1259,5,acetylcholine,central,,,,4.57,2998.0
CB1260,6,acetylcholine,central,,,,62.09,2675.0
CB1262,5,glutamate,central,,,,11.01,1017.0
CB1263,2,acetylcholine,central,,,,1.9,420.0
CB1264,6,acetylcholine,central,,,,93.74,3369.0
CB1265,7,gaba,central,,,,2.19,3010.0
CB1266,2,acetylcholine,central,,,,5.69,3288.0
CB1267,3,gaba,central,,,,18.98,1133.0
CB1268,9,acetylcholine,central,,,,2.88,2670.0
CB1269,3,acetylcholine,central,,,,2.54,1219.0
CB1270,4,acetylcholine,central,,,,4.57,1488.0
CB1271,8,acetylcholine,central,,,,87.81,1386.0
CB1272,4,acetylcholine,central,,,,0.62,2754.0
CB1273,3,acetylcholine,central,,,,44.4,1723.0
CB1274,2,acetylcholine,central,,,,0.78,1548.0
CB1275,2,glutamate,central,,,,0.82,729.0
CB1276,5,acetylcholine,central,,,,3.45,1074.0
CB1278,3,gaba,central,,,,7.18,863.0
CB1279,4,acetylcholine,central,,,,2.68,523.0
CB1280,3,acetylcholine,central,,,,78.69,3356.0
CB1281,2,glutamate,central,,,,12.21,213.0
CB1282,5,acetylcholine,central,,,,2.46,1505.0
CB1283,4,acetylcholine,central,,,,68.85,1387.0
CB1284,4,gaba,central,,,,96.77,1581.0
CB1286,3,glutamate,central,,,,1.62,741.0
CB1287,2,glutamate,central,,,,35.87,446.0
CB1288,2,acetylcholine,central,,,,8.11,1972.0
CB1289,5,acetylcholine,central,,,,19.9,2136.0
CB1291,6,acetylcholine,central,,,,95.09,3706.0
CB1292,6,acetylcholine,central,,,,78.42,3026.0
CB1293,4,gaba,central,,,,0.42,713.0
CB1294,6,acetylcholine,central,,,,4.96,3086.0
CB1295,8,gaba,central,,,,39.93,2369.0
CB1296,7,gaba,central,,,,0.17,2402.0
CB1297,2,acetylcholine,central,,,,36.21,533.0
CB1298,7,acetylcholine,central,,,,67.36,4862.0
CB1299,2,acetylcholine,central,,,,73.11,424.0
CB1300,4,acetylcholine,central,,,,1.89,2331.0
CB1301,3,acetylcholine,central,,,,25.3,1972.0
CB1302,3,acetylcholine,central,,,,7.98,1027.0
CB1303,2,gaba,central,,,,29.78,3136.0
CB1304,4,glutamate,central,,,,12.28,912.0
CB1305,8,acetylcholine,central,,,,1.76,3461.0
CB1306,4,acetylcholine,central,,,,1.6,1750.0
CB1307,8,acetylcholine,central,,,,0.75,796.0
CB1308,2,acetylcholine,central,,,,2.46,1462.0
CB1309,3,glutamate,central,,,,3.37,1335.0
CB1310,2,glutamate,central,,,,7.33,300.0
CB1311,6,gaba,central,,,,2.42,2063.0
CB1312,2,acetylcholine,central,,,,0.52,3089.0
CB1314,4,gaba,central,,,,6.37,2168.0
CB1315,4,acetylcholine,central,,,,4.92,3743.0
CB1316,4,glutamate,central,,,,6.75,1274.0
CB1317,2,gaba,central,,,,3.87,284.0
CB1318,7,glutamate,central,,,,0.86,1395.0
CB1319,2,gaba,central,,,,4.82,539.0
CB1320,2,acetylcholine,central,,,,46.47,1132.0
CB1321,5,acetylcholine,central,,,,3.25,2522.0
CB1322,8,acetylcholine,central,,,,73.72,4837.0
CB1323,2,glutamate,central,,,,24.51,1171.0
CB1325,2,glutamate,central,,,,7.93,870.0
CB1326,2,acetylcholine,central,,,,3.68,517.0
CB1327,5,acetylcholine,central,,,,4.98,3115.0
CB1328,4,acetylcholine,central,,,,1.05,1144.0
CB1329,9,gaba,central,,,,1.14,2013.0
CB1330,6,glutamate,central,,,,16.64,1172.0
CB1331a,2,glutamate,central,,,,92.64,1862.0
CB1331b,2,glutamate,central,,,,96.08,1911.0
CB1332,5,glutamate,central,,,,0.19,530.0
CB1333,7,acetylcholine,central,,,,0.54,1105.0
CB1334,3,glutamate,central,,,,0.53,758.0
CB1335,6,glutamate,central,,,,0.0,587.0
CB1337,5,glutamate,central,,,,1.7,823.0
CB1338,4,glutamate,central,,,,6.36,660.0
CB1339,8,acetylcholine,central,,,,5.22,3199.0
CB1340,7,acetylcholine,central,,,,3.17,9826.0
CB1341,9,glutamate,central,,,,1.11,1257.0
CB1342,8,gaba,central,,,,43.06,641.0
CB1344,3,acetylcholine,central,,,,29.73,1322.0
CB1345,7,acetylcholine,central,,,,50.15,2941.0
CB1346,2,acetylcholine,central,,,,49.79,727.0
CB1348,4,acetylcholine,central,,,,0.97,927.0
CB1350,4,acetylcholine,central,,,,46.63,1276.0
CB1352,6,glutamate,central,,,,1.85,757.0
CB1353,4,glutamate,central,,,,31.65,973.0
CB1354,2,acetylcholine,central,,,,0.37,267.0
CB1355,5,acetylcholine,central,,,,4.14,1595.0
CB1356,3,acetylcholine,central,,,,2.52,952.0
CB1357,12,acetylcholine,central,,,,5.78,3337.0
CB1359,14,glutamate,central,,,,6.06,1601.0
CB1360,3,acetylcholine,central,,,,5.86,2694.0
CB1361,4,glutamate,central,,,,16.81,791.0
CB1363,8,gaba,central,,,,3.84,2394.0
CB1365,4,glutamate,central,,,,5.29,605.0
CB1366,2,gaba,central,,,,18.52,7112.0
CB1368,4,glutamate,central,,,,1.62,1362.0
CB1369,8,acetylcholine,central,,,,17.86,2021.0
CB1370,4,glutamate,central,,,,0.27,375.0
CB1371,8,glutamate,central,,,,3.59,1558.0
CB1372,10,acetylcholine,central,,,,43.46,2170.0
CB1374,4,glutamate,central,,,,5.22,1053.0
CB1375,4,gaba,central,,,,0.71,992.0
CB1376,4,acetylcholine,central,,,,6.54,1361.0
CB1377,2,acetylcholine,central,,,,43.33,667.0
CB1378,2,acetylcholine,central,,,,38.91,645.0
CB1379,7,acetylcholine,central,,,,81.23,1300.0
CB1380,8,gaba,central,,,,11.54,1577.0
CB1381,3,gaba,central,,,,0.11,1810.0
CB1382,7,acetylcholine,central,,,,2.91,1922.0
CB1383,6,gaba,central,,,,5.8,4325.0
CB1384,6,acetylcholine,central,,,,0.66,5610.0
CB1385,6,gaba,central,,,,10.49,2680.0
CB1387,7,acetylcholine,central,,,,1.47,1017.0
CB1389,5,acetylcholine,central,,,,1.22,1307.0
CB1390,2,acetylcholine,central,,,,50.68,1168.0
CB1391,5,glutamate,central,,,,0.0,205.0
CB1392,4,glutamate,central,,,,7.99,513.0
CB1393,5,glutamate,central,,,,3.7,1755.0
CB1394_a,2,glutamate,central,,,,3.26,583.0
CB1394_b,6,glutamate,central,,,,3.0,1767.0
CB1394_c,2,acetylcholine,central,,,,0.24,839.0
CB1394_d,8,glutamate,central,,,,1.06,4256.0
CB1395,9,gaba,central,,,,0.68,4399.0
CB1396,4,glutamate,central,,,,20.7,773.0
CB1397,8,acetylcholine,central,,,,7.35,1442.0
CB1399,6,gaba,central,,,,1.06,2912.0
CB1400,2,acetylcholine,central,,,,6.01,2346.0
CB1401,9,glutamate,central,,,,0.12,2477.0
CB1402,3,gaba,central,,,,0.32,630.0
CB1403,3,acetylcholine,central,,,,6.31,1267.0
CB1405,2,glutamate,central,,,,0.18,2256.0
CB1406,9,glutamate,central,,,,19.9,824.0
CB1407,5,acetylcholine,central,,,,3.05,1015.0
CB1408,2,glutamate,central,,,,9.22,1009.0
CB1410,3,acetylcholine,central,,,,3.12,320.0
CB1412,4,gaba,central,,,,3.03,3301.0
CB1413,3,acetylcholine,central,,,,0.75,666.0
CB1414,4,gaba,central,,,,39.42,4130.0
CB1416,2,glutamate,central,,,,0.7,426.0
CB1417,4,gaba,central,,,,0.09,3262.0
CB1418,4,gaba,central,,,,3.34,1949.0
CB1419,6,acetylcholine,central,,,,4.09,1637.0
CB1420,7,glutamate,central,,,,40.35,1368.0
CB1421,2,gaba,central,,,,13.54,591.0
CB1422,6,acetylcholine,central,,,,97.58,2232.0
CB1423,12,acetylcholine,central,,,,45.39,2461.0
CB1424,6,glutamate,central,,,,81.02,880.0
CB1425,3,acetylcholine,central,,,,34.61,8798.0
CB1426,2,acetylcholine,central,,,,83.0,694.0
CB1427,8,gaba,central,,,,1.63,2693.0
CB1428,3,gaba,central,,,,84.79,2169.0
CB1429,4,acetylcholine,central,,,,8.71,735.0
CB1430,4,acetylcholine,central,,,,25.98,662.0
CB1431,4,acetylcholine,central,,,,95.37,1512.0
CB1432,4,gaba,central,,,,0.12,1663.0
CB1433,2,acetylcholine,central,,,,32.94,844.0
CB1434,7,glutamate,central,,,,12.78,2175.0
CB1435,5,acetylcholine,central,,,,66.91,417.0
CB1437,6,acetylcholine,central,,,,21.72,1487.0
CB1438,3,gaba,central,,,,4.02,970.0
CB1439,8,gaba,central,,,,10.25,4694.0
CB1440,6,glutamate,central,,,,4.12,825.0
CB1441,2,acetylcholine,central,,,,1.28,78.0
CB1442,3,acetylcholine,central,,,,1.64,366.0
CB1443,6,glutamate,central,,,,13.7,635.0
CB1444,4,dopamine,central,,,,47.14,3509.0
CB1445,4,acetylcholine,central,,,,10.51,1009.0
CB1446,4,acetylcholine,central,,,,4.75,4277.0
CB1447,6,gaba,central,,,,3.23,2598.0
CB1448,4,acetylcholine,central,,,,0.93,1074.0
CB1449,2,glutamate,central,,,,10.56,322.0
CB1450,6,acetylcholine,central,,,,94.28,2027.0
CB1451,6,glutamate,central,,,,7.9,1798.0
CB1452,4,gaba,central,,,,41.79,1230.0
CB1454,9,glutamate,central,,,,6.47,2812.0
CB1455,3,acetylcholine,central,,,,1.15,1994.0
CB1456,11,glutamate,central,,,,46.69,2011.0
CB1457,10,glutamate,central,,,,5.13,1675.0
CB1458,5,glutamate,central,,,,37.58,1610.0
CB1459,7,acetylcholine,central,,,,0.65,4902.0
CB1460,4,acetylcholine,central,,,,0.4,998.0
CB1461,2,acetylcholine,central,,,,1.76,795.0
CB1462,4,acetylcholine,central,,,,0.79,1013.0
CB1463,4,acetylcholine,central,,,,0.3,2306.0
CB1464,7,acetylcholine,central,,,,18.88,3136.0
CB1466,8,acetylcholine,central,,,,3.3,2031.0
CB1467,4,acetylcholine,central,,,,2.51,1034.0
CB1468,2,acetylcholine,central,,,,18.09,514.0
CB1469,18,glutamate,central,,,,8.92,1491.0
CB1470,3,acetylcholine,central,,,,27.65,1794.0
CB1471,5,acetylcholine,central,,,,6.8,926.0
CB1472,2,gaba,central,,,,6.61,348.0
CB1473,5,gaba,central,,,,11.08,1851.0
CB1474,4,acetylcholine,central,,,,46.11,1518.0
CB1475,4,acetylcholine,central,,,,49.9,1032.0
CB1476,6,acetylcholine,central,,,,5.82,5104.0
CB1477,4,acetylcholine,central,,,,50.57,1052.0
CB1478,4,glutamate,central,,,,51.85,1165.0
CB1479,20,glutamate,central,,,,89.43,2857.0
CB1481,2,glutamate,central,,,,95.5,1800.0
CB1482,11,glutamate,central,,,,78.98,2926.0
CB1483,2,gaba,central,,,,0.78,514.0
CB1484,6,acetylcholine,central,,,,41.75,3382.0
CB1485,2,acetylcholine,central,,,,18.76,757.0
CB1487,5,acetylcholine,central,,,,87.77,1954.0
CB1488,8,gaba,central,,,,28.52,3566.0
CB1489,4,acetylcholine,central,,,,6.45,1085.0
CB1490,5,gaba,central,,,,0.14,735.0
CB1491,3,acetylcholine,central,,,,1.98,959.0
CB1492,3,acetylcholine,central,,,,55.09,521.0
CB1493,3,acetylcholine,central,,,,84.8,546.0
CB1494,2,acetylcholine,central,,,,2.78,540.0
CB1495,4,acetylcholine,central,,,,37.84,1509.0
CB1496,5,gaba,central,,,,2.16,1526.0
CB1497,2,acetylcholine,central,,,,5.12,586.0
CB1498,6,acetylcholine,central,,,,15.66,1245.0
CB1499,2,acetylcholine,central,,,,2.21,588.0
CB1500,4,acetylcholine,central,,,,0.28,722.0
CB1501,6,glutamate,central,,,,0.74,541.0
CB1502,7,gaba,central,,,,46.88,4166.0
CB1503,4,glutamate,central,,,,0.79,1515.0
CB1504,2,glutamate,central,,,,3.08,422.0
CB1505,3,acetylcholine,central,,,,31.86,998.0
CB1506,5,acetylcholine,central,,,,43.34,953.0
CB1507,2,gaba,central,,,,37.39,1725.0
CB1508,7,acetylcholine,central,,,,72.3,1076.0
CB1509,2,gaba,central,,,,0.11,882.0
CB1510,4,gaba,central,,,,91.24,1895.0
CB1511,7,glutamate,central,,,,5.23,2790.0
CB1512,4,acetylcholine,central,,,,1.94,826.0
CB1513,7,acetylcholine,central,,,,0.68,2359.0
CB1514,3,acetylcholine,central,,,,40.32,873.0
CB1515,7,glutamate,central,,,,0.48,2893.0
CB1516,4,glutamate,central,,,,94.5,600.0
CB1517,5,gaba,central,,,,39.53,893.0
CB1518,2,glutamate,central,,,,0.55,2748.0
CB1519,4,acetylcholine,central,,,,2.07,967.0
CB1520,2,acetylcholine,central,,,,0.96,1352.0
CB1522,3,acetylcholine,central,,,,17.57,3699.0
CB1523,7,glutamate,central,,,,98.36,2933.0
CB1524,4,acetylcholine,central,,,,7.44,1331.0
CB1527,3,gaba,central,,,,1.47,1022.0
CB1529,4,acetylcholine,central,,,,7.19,723.0
CB1531,2,acetylcholine,central,,,,21.25,734.0
CB1532,4,acetylcholine,central,,,,11.64,687.0
CB1533,2,acetylcholine,central,,,,61.63,2020.0
CB1534,3,acetylcholine,central,,,,15.27,1447.0
CB1537,8,serotonin,central,,,,48.99,1092.0
CB1538,6,gaba,central,,,,34.33,2415.0
CB1539,4,glutamate,central,,,,6.48,586.0
CB1541,3,acetylcholine,central,,,,61.2,1196.0
CB1542,11,acetylcholine,central,,,,37.78,23952.0
CB1543,6,acetylcholine,central,,,,4.44,4523.0
CB1544,4,gaba,central,,,,70.72,1134.0
CB1545,6,glutamate,central,,,,5.45,2055.0
CB1546,7,gaba,central,,,,9.19,3405.0
CB1547,4,acetylcholine,central,,,,94.22,1125.0
CB1548,5,acetylcholine,central,,,,1.17,256.0
CB1549,4,glutamate,central,,,,0.62,3244.0
CB1550,3,acetylcholine,central,,,,84.73,1447.0
CB1551,2,acetylcholine,central,,,,9.9,1182.0
CB1552,9,acetylcholine,central,,,,3.76,5658.0
CB1553,2,acetylcholine,central,,,,50.71,1055.0
CB1554,4,acetylcholine,central,,,,91.12,1396.0
CB1556,18,glutamate,central,,,,89.16,2545.0
CB1557,4,acetylcholine,central,,,,8.0,4426.0
CB1558,5,gaba,central,,,,0.85,1419.0
CB1559,4,glutamate,central,,,,2.91,826.0
CB1560,2,acetylcholine,central,,,,1.93,363.0
CB1562,2,gaba,central,,,,39.92,1255.0
CB1563,7,acetylcholine,central,,,,33.03,3748.0
CB1564,4,acetylcholine,central,,,,3.01,831.0
CB1565,5,acetylcholine,central,,,,7.71,3361.0
CB1566,2,acetylcholine,central,,,,46.62,1643.0
CB1567,5,glutamate,central,,,,1.66,1143.0
CB1568,3,acetylcholine,central,,,,24.24,1287.0
CB1569,3,acetylcholine,central,,,,0.5,3373.0
CB1570,9,acetylcholine,central,,,,1.48,2632.0
CB1573,3,acetylcholine,central,,,,3.09,940.0
CB1574,6,acetylcholine,central,,,,42.44,985.0
CB1575,9,acetylcholine,central,,,,6.49,4670.0
CB1576,4,glutamate,central,,,,95.5,888.0
CB1577,5,glutamate,central,,,,0.93,1713.0
CB1578,5,gaba,central,,,,4.59,1199.0
CB1579,3,acetylcholine,central,,,,22.2,1842.0
CB1580,5,gaba,central,,,,15.11,2416.0
CB1582,4,acetylcholine,central,,,,95.84,4397.0
CB1583,8,glutamate,central,,,,9.27,1240.0
CB1584,4,gaba,central,,,,27.07,2593.0
CB1585,11,acetylcholine,central,,,,61.99,2447.0
CB1586,8,acetylcholine,central,,,,66.96,1910.0
CB1587,7,gaba,central,,,,7.3,1780.0
CB1588,2,acetylcholine,central,,,,88.3,3044.0
CB1589,6,acetylcholine,central,,,,4.72,1165.0
CB1590,5,glutamate,central,,,,7.18,766.0
CB1591,8,acetylcholine,central,,,,60.26,3787.0
CB1593,6,glutamate,central,,,,5.17,755.0
CB1594,2,acetylcholine,central,,,,1.83,931.0
CB1595,8,acetylcholine,central,,,,0.13,794.0
CB1596,3,acetylcholine,central,,,,16.42,1596.0
CB1597,10,acetylcholine,central,,,,16.38,2509.0
CB1599,2,acetylcholine,central,,,,0.62,642.0
CB1601,6,gaba,central,,,,2.23,716.0
CB1603,2,glutamate,central,,,,12.8,422.0
CB1604,6,acetylcholine,central,,,,1.15,1133.0
CB1605,6,acetylcholine,central,,,,1.25,4871.0
CB1607,2,acetylcholine,central,,,,50.43,690.0
CB1608,8,glutamate,central,,,,10.19,628.0
CB1609,3,acetylcholine,central,,,,93.55,899.0
CB1610,8,glutamate,central,,,,11.95,2435.0
CB1613,4,gaba,central,,,,0.16,2533.0
CB1614,2,gaba,central,,,,2.9,1447.0
CB1616,2,acetylcholine,central,,,,2.24,938.0
CB1617,16,glutamate,central,,,,2.82,1847.0
CB1618,4,acetylcholine,central,,,,5.88,306.0
CB1619,4,gaba,central,,,,0.5,1599.0
CB1620,4,acetylcholine,central,,,,1.68,3102.0
CB1621,2,glutamate,central,,,,21.29,526.0
CB1622,4,glutamate,central,,,,0.93,2365.0
CB1624,10,acetylcholine,central,,,,8.02,212.0
CB1625,2,acetylcholine,central,,,,0.83,1930.0
CB1626,4,glutamate,central,,,,2.76,1195.0
CB1627,3,acetylcholine,central,,,,6.6,470.0
CB1628,4,acetylcholine,central,,,,4.23,921.0
CB1629,7,acetylcholine,central,,,,1.01,2771.0
CB1630,3,gaba,central,,,,0.22,1375.0
CB1632,2,gaba,central,,,,1.5,2669.0
CB1635,5,acetylcholine,central,,,,5.3,1716.0
CB1636,2,glutamate,central,,,,8.74,892.0
CB1637,4,acetylcholine,central,,,,2.92,1405.0
CB1638,9,acetylcholine,central,,,,2.12,565.0
CB1640,10,acetylcholine,central,,,,22.33,3493.0
CB1641,5,glutamate,central,,,,94.6,852.0
CB1642,2,acetylcholine,central,,,,91.89,913.0
CB1643,2,glutamate,central,,,,35.82,656.0
CB1644,2,acetylcholine,central,,,,7.25,414.0
CB1646,4,glutamate,central,,,,1.33,1129.0
CB1647,2,gaba,central,,,,0.98,919.0
CB1648,15,glutamate,central,,,,32.0,2306.0
CB1649,2,acetylcholine,central,,,,46.01,476.0
CB1650,2,acetylcholine,central,,,,9.82,662.0
CB1652,2,acetylcholine,central,,,,46.82,786.0
CB1653,4,glutamate,central,,,,6.8,515.0
CB1654,5,acetylcholine,central,,,,13.79,2364.0
CB1655,2,acetylcholine,central,,,,0.56,1257.0
CB1656,6,acetylcholine,central,,,,6.03,2156.0
CB1657,6,glutamate,central,,,,21.55,5934.0
CB1658,2,glutamate,central,,,,1.19,252.0
CB1659,3,acetylcholine,central,,,,12.04,706.0
CB1660,4,glutamate,central,,,,2.7,963.0
CB1661,3,glutamate,central,,,,1.13,1146.0
CB1662,6,gaba,central,,,,4.48,1719.0
CB1663,4,acetylcholine,central,,,,1.63,1655.0
CB1664,8,gaba,central,,,,0.45,4226.0
CB1665,5,acetylcholine,central,,,,0.5,999.0
CB1666,2,acetylcholine,central,,,,57.16,698.0
CB1667,4,acetylcholine,central,,,,4.83,1803.0
CB1668,7,glutamate,central,,,,33.18,1326.0
CB1670,5,glutamate,central,,,,0.84,1074.0
CB1671,5,acetylcholine,central,,,,55.05,961.0
CB1672,3,acetylcholine,central,,,,24.51,1489.0
CB1673,4,glutamate,central,,,,26.31,2011.0
CB1675,4,acetylcholine,central,,,,47.04,6014.0
CB1676,4,acetylcholine,central,,,,15.43,5093.0
CB1678,3,acetylcholine,central,,,,0.85,4122.0
CB1679,6,glutamate,central,,,,12.64,736.0
CB1680,4,glutamate,central,,,,73.68,851.0
CB1681,2,acetylcholine,central,,,,2.11,570.0
CB1682,4,gaba,central,,,,0.76,2748.0
CB1683,3,glutamate,central,,,,5.4,1093.0
CB1684,2,glutamate,central,,,,98.64,1180.0
CB1685,9,glutamate,central,,,,1.29,929.0
CB1686,8,gaba,central,,,,9.34,3008.0
CB1687,4,glutamate,central,,,,3.57,981.0
CB1688,5,acetylcholine,central,,,,31.66,5329.0
CB1691,3,acetylcholine,central,,,,4.31,1114.0
CB1692,3,acetylcholine,central,,,,51.46,2023.0
CB1693,4,gaba,central,,,,14.14,2213.0
CB1695,4,acetylcholine,central,,,,52.19,3361.0
CB1696,9,glutamate,central,,,,43.12,1890.0
CB1697,3,acetylcholine,central,,,,14.34,1625.0
CB1698,7,glutamate,central,,,,3.66,2104.0
CB1699,5,glutamate,central,,,,1.0,1304.0
CB1700,2,acetylcholine,central,,,,2.92,480.0
CB1701,6,gaba,central,,,,2.59,1697.0
CB1702,3,acetylcholine,central,,,,41.57,3392.0
CB1703,4,acetylcholine,central,,,,22.72,2025.0
CB1704,3,acetylcholine,central,,,,1.98,455.0
CB1705,7,gaba,central,,,,28.06,2352.0
CB1706,2,acetylcholine,central,,,,52.01,1694.0
CB1708,4,glutamate,central,,,,90.36,985.0
CB1709,6,glutamate,central,,,,44.31,1124.0
CB1712,12,acetylcholine,central,,,,6.96,1695.0
CB1713,4,acetylcholine,central,,,,3.78,1296.0
CB1714,2,glutamate,central,,,,5.19,1637.0
CB1716,4,acetylcholine,central,,,,53.34,1828.0
CB1717,4,acetylcholine,central,,,,0.98,2354.0
CB1718,4,glutamate,central,,,,25.73,793.0
CB1720,4,acetylcholine,central,,,,0.79,1008.0
CB1721,4,acetylcholine,central,,,,10.85,2415.0
CB1722,6,gaba,central,,,,0.21,482.0
CB1724,4,acetylcholine,central,,,,2.38,2898.0
CB1725,4,glutamate,central,,,,0.84,957.0
CB1726,2,glutamate,central,,,,0.0,628.0
CB1727,2,acetylcholine,central,,,,15.06,664.0
CB1728,6,acetylcholine,central,,,,95.07,1358.0
CB1729,3,acetylcholine,central,,,,41.12,428.0
CB1730,3,acetylcholine,central,,,,6.0,767.0
CB1731,4,acetylcholine,central,,,,6.6,1136.0
CB1733,2,glutamate,central,,,,0.91,219.0
CB1734,4,acetylcholine,central,,,,45.11,1543.0
CB1735,7,glutamate,central,,,,0.24,1669.0
CB1737,6,acetylcholine,central,,,,0.29,700.0
CB1738,9,acetylcholine,central,,,,27.3,2538.0
CB1739,5,acetylcholine,central,,,,1.64,1036.0
CB1740,2,acetylcholine,central,,,,49.5,598.0
CB1741,4,acetylcholine,central,,,,17.44,969.0
CB1742,2,acetylcholine,central,,,,84.34,2579.0
CB1743,2,acetylcholine,central,,,,59.88,678.0
CB1744,5,acetylcholine,central,,,,35.9,2042.0
CB1745,3,acetylcholine,central,,,,86.89,1373.0
CB1747,4,acetylcholine,central,,,,5.23,976.0
CB1748,2,acetylcholine,central,,,,12.02,1398.0
CB1750,9,gaba,central,,,,8.09,3040.0
CB1751,2,acetylcholine,central,,,,66.2,1006.0
CB1752,5,acetylcholine,central,,,,0.46,434.0
CB1753,5,acetylcholine,central,,,,1.11,1260.0
CB1754,5,gaba,central,,,,7.88,2184.0
CB1755,2,glutamate,central,,,,1.17,511.0
CB1757,4,glutamate,central,,,,0.0,270.0
CB1758,2,acetylcholine,central,,,,17.3,2653.0
CB1759,12,acetylcholine,central,,,,1.45,1867.0
CB1760,6,gaba,central,,,,7.79,5672.0
CB1761,12,gaba,central,,,,7.92,2893.0
CB1762,5,acetylcholine,central,,,,38.16,760.0
CB1764,4,acetylcholine,central,,,,35.12,1962.0
CB1765,5,gaba,central,,,,16.38,5268.0
CB1766,2,acetylcholine,central,,,,3.44,1309.0
CB1767,7,glutamate,central,,,,81.05,1082.0
CB1769,3,acetylcholine,central,,,,32.23,605.0
CB1770,4,glutamate,central,,,,6.78,855.0
CB1771,3,acetylcholine,central,,,,23.43,1558.0
CB1772,4,acetylcholine,central,,,,93.44,1174.0
CB1774,5,gaba,central,,,,10.07,1847.0
CB1775,4,glutamate,central,,,,41.36,515.0
CB1776,6,acetylcholine,central,,,,3.21,1401.0
CB1778,2,gaba,central,,,,11.76,561.0
CB1779,2,acetylcholine,central,,,,54.34,692.0
CB1780,7,acetylcholine,central,,,,1.69,3376.0
CB1781,5,acetylcholine,central,,,,39.21,1719.0
CB1782,5,acetylcholine,central,,,,0.73,953.0
CB1783,7,acetylcholine,central,,,,10.12,3813.0
CB1784,3,acetylcholine,central,,,,2.81,996.0
CB1785,4,gaba,central,,,,24.3,827.0
CB1786,15,glutamate,central,,,,89.86,2800.0
CB1786_a,4,glutamate,central,,,,78.87,743.0
CB1786_b,3,glutamate,central,,,,81.35,622.0
CB1787,2,acetylcholine,central,,,,78.55,1105.0
CB1789,11,glutamate,central,,,,83.03,1473.0
CB1790,2,acetylcholine,central,,,,24.77,642.0
CB1791,11,glutamate,central,,,,19.76,1356.0
CB1792,3,gaba,central,,,,18.77,1044.0
CB1793,2,gaba,central,,,,0.7,1285.0
CB1794,7,glutamate,central,,,,8.26,1670.0
CB1795,4,acetylcholine,central,,,,2.49,2573.0
CB1797,2,gaba,central,,,,0.3,1326.0
CB1799,6,acetylcholine,central,,,,0.39,1790.0
CB1800,3,acetylcholine,central,,,,1.6,625.0
CB1803,4,acetylcholine,central,,,,3.08,1593.0
CB1804,3,acetylcholine,central,,,,2.33,1074.0
CB1805,6,glutamate,central,,,,81.43,1228.0
CB1807,4,glutamate,central,,,,2.99,1372.0
CB1808,3,glutamate,central,,,,19.01,826.0
CB1809,7,acetylcholine,central,,,,0.52,5177.0
CB1810,7,glutamate,central,,,,98.74,2706.0
CB1811,4,acetylcholine,central,,,,0.98,1930.0
CB1812,5,glutamate,central,,,,95.52,4483.0
CB1814,5,acetylcholine,central,,,,47.39,861.0
CB1815,3,glutamate,central,,,,51.8,859.0
CB1816,4,gaba,central,,,,9.52,2564.0
CB1817a,2,acetylcholine,central,,,,9.01,4903.0
CB1817b,2,acetylcholine,central,,,,15.93,4243.0
CB1818,4,acetylcholine,central,,,,61.49,1911.0
CB1819,4,acetylcholine,central,,,,1.35,3336.0
CB1820,2,glutamate,central,,,,1.5,133.0
CB1821,2,gaba,central,,,,1.04,479.0
CB1822,4,acetylcholine,central,,,,16.07,1593.0
CB1823,3,glutamate,central,,,,23.89,1126.0
CB1824,10,gaba,central,,,,9.7,1279.0
CB1825,3,acetylcholine,central,,,,80.57,350.0
CB1826,8,gaba,central,,,,25.68,1624.0
CB1827,10,acetylcholine,central,,,,1.47,4217.0
CB1828,1,acetylcholine,central,,,,44.44,468.0
CB1829,2,acetylcholine,central,,,,18.55,539.0
CB1830,3,gaba,central,,,,2.96,1048.0
CB1831,8,acetylcholine,central,,,,12.31,3509.0
CB1833,5,glutamate,central,,,,46.23,1367.0
CB1834,4,acetylcholine,central,,,,86.66,1589.0
CB1836,8,glutamate,central,,,,94.2,1827.0
CB1837,5,glutamate,central,,,,2.03,1427.0
CB1838,8,gaba,central,,,,0.73,1226.0
CB1839,4,acetylcholine,central,,,,0.67,4941.0
CB1841,4,acetylcholine,central,,,,51.83,2082.0
CB1842,5,acetylcholine,central,,,,4.48,2680.0
CB1843,6,acetylcholine,central,,,,1.08,1021.0
CB1844,6,glutamate,central,,,,3.19,1504.0
CB1845,4,glutamate,central,,,,98.05,2257.0
CB1846,5,glutamate,central,,,,0.95,733.0
CB1849,3,acetylcholine,central,,,,1.78,506.0
CB1850,4,glutamate,central,,,,1.42,562.0
CB1851,8,glutamate,central,,,,47.37,1370.0
CB1852,4,acetylcholine,central,,,,4.43,3272.0
CB1853,5,glutamate,central,,,,6.27,1068.0
CB1854,2,acetylcholine,central,,,,4.34,369.0
CB1855,5,glutamate,central,,,,0.57,530.0
CB1856,4,acetylcholine,central,,,,92.38,1208.0
CB1857,2,acetylcholine,central,,,,50.76,1651.0
CB1858,6,gaba,central,,,,14.45,2858.0
CB1859,2,acetylcholine,central,,,,1.87,267.0
CB1860,6,gaba,central,,,,0.23,2647.0
CB1861,8,glutamate,central,,,,2.99,1471.0
CB1864,2,acetylcholine,central,,,,1.48,943.0
CB1865,2,glutamate,central,,,,44.66,712.0
CB1866,4,acetylcholine,central,,,,50.33,1534.0
CB1868,7,glutamate,central,,,,3.64,1071.0
CB1869,3,acetylcholine,central,,,,41.52,1226.0
CB1870,2,acetylcholine,central,,,,1.88,1225.0
CB1871,7,glutamate,central,,,,49.17,4181.0
CB1872,3,acetylcholine,central,,,,2.89,277.0
CB1873,3,glutamate,central,,,,93.78,1560.0
CB1874,2,glutamate,central,,,,0.71,1418.0
CB1875,3,acetylcholine,central,,,,36.6,1686.0
CB1876,22,acetylcholine,central,,,,29.05,2854.0
CB1877,4,acetylcholine,central,,,,4.39,3871.0
CB1879,2,acetylcholine,central,,,,1.32,380.0
CB1880,1,glutamate,central,,,,0.0,148.0
CB1881,8,acetylcholine,central,,,,68.07,3931.0
CB1883,3,acetylcholine,central,,,,58.1,3807.0
CB1884,6,glutamate,central,,,,0.88,567.0
CB1885,5,acetylcholine,central,,,,8.7,1976.0
CB1886,3,acetylcholine,central,,,,0.87,1963.0
CB1887,4,acetylcholine,central,,,,0.84,594.0
CB1888,4,acetylcholine,central,,,,30.48,1552.0
CB1889,5,acetylcholine,central,,,,7.02,1482.0
CB1890,4,acetylcholine,central,,,,40.38,2038.0
CB1891,10,glutamate,central,,,,40.79,5820.0
CB1892,4,glutamate,central,,,,78.55,1273.0
CB1893,8,glutamate,central,,,,94.82,3589.0
CB1894,4,glutamate,central,,,,0.0,355.0
CB1895,8,acetylcholine,central,,,,13.91,2710.0
CB1896,5,acetylcholine,central,,,,5.67,900.0
CB1897,8,acetylcholine,central,,,,47.66,2545.0
CB1898,4,acetylcholine,central,,,,14.16,1744.0
CB1899,6,glutamate,central,,,,0.74,1765.0
CB1900,2,acetylcholine,central,,,,64.47,197.0
CB1901,10,acetylcholine,central,,,,2.56,1834.0
CB1902,4,acetylcholine,central,,,,48.18,963.0
CB1903,5,acetylcholine,central,,,,8.65,3377.0
CB1904,6,acetylcholine,central,,,,31.62,917.0
CB1905,2,glutamate,central,,,,3.29,152.0
CB1906,4,acetylcholine,central,,,,1.98,4285.0
CB1908,4,acetylcholine,central,,,,36.78,3940.0
CB1909,6,acetylcholine,central,,,,0.65,772.0
CB1910,4,acetylcholine,central,,,,48.38,1453.0
CB1911,3,glutamate,central,,,,39.84,2628.0
CB1912,3,acetylcholine,central,,,,0.95,1796.0
CB1913,3,glutamate,central,,,,3.4,736.0
CB1914,3,acetylcholine,central,,,,78.51,1075.0
CB1916,4,gaba,central,,,,8.89,1170.0
CB1917,4,acetylcholine,central,,,,4.43,926.0
CB1918,9,gaba,central,,,,1.56,1601.0
CB1919,5,acetylcholine,central,,,,43.42,1437.0
CB1920,10,acetylcholine,central,,,,0.48,12811.0
CB1921,4,acetylcholine,central,,,,1.41,1423.0
CB1922,2,acetylcholine,central,,,,9.39,458.0
CB1923,10,acetylcholine,central,,,,1.35,1034.0
CB1924,4,acetylcholine,central,,,,33.73,1079.0
CB1925,4,acetylcholine,central,,,,21.87,878.0
CB1926,2,glutamate,central,,,,50.97,773.0
CB1927,2,gaba,central,,,,0.61,1155.0
CB1928,5,glutamate,central,,,,4.11,1120.0
CB1929,4,glutamate,central,,,,0.82,1349.0
CB1930,6,acetylcholine,central,,,,37.08,855.0
CB1931,2,glutamate,central,,,,1.1,363.0
CB1932,13,acetylcholine,central,,,,19.5,6472.0
CB1933,2,acetylcholine,central,,,,2.97,539.0
CB1934,2,acetylcholine,central,,,,15.11,834.0
CB1935,3,glutamate,central,,,,0.22,455.0
CB1936,5,gaba,central,,,,9.01,2220.0
CB1937,13,glutamate,central,,,,1.7,881.0
CB1938,2,acetylcholine,central,,,,29.03,1130.0
CB1939,8,glutamate,central,,,,0.49,1842.0
CB1941,2,gaba,central,,,,46.61,1311.0
CB1942,6,gaba,central,,,,1.2,3509.0
CB1943,4,gaba,central,,,,0.39,2058.0
CB1944,4,gaba,central,,,,97.17,5190.0
CB1945,4,glutamate,central,,,,2.12,2924.0
CB1946,3,glutamate,central,,,,1.43,350.0
CB1947,2,acetylcholine,central,,,,15.95,395.0
CB1948,6,gaba,central,,,,29.68,4309.0
CB1949,3,gaba,central,,,,12.42,902.0
CB1950,3,acetylcholine,central,,,,4.6,2433.0
CB1951,6,acetylcholine,central,,,,45.01,1553.0
CB1952,2,acetylcholine,central,,,,57.93,473.0
CB1953,5,acetylcholine,central,,,,2.41,1453.0
CB1955,9,acetylcholine,central,,,,0.85,3977.0
CB1956,6,acetylcholine,central,,,,17.65,1745.0
CB1957,6,glutamate,central,,,,54.21,1199.0
CB1958,4,glutamate,central,,,,5.97,2344.0
CB1959,2,glutamate,central,,,,1.97,1169.0
CB1960,2,acetylcholine,central,,,,2.4,1001.0
CB1961,3,acetylcholine,central,,,,3.53,907.0
CB1962,2,gaba,central,,,,1.22,658.0
CB1963,4,acetylcholine,central,,,,84.93,1553.0
CB1964,21,acetylcholine,central,,,,3.97,11839.0
CB1965,3,acetylcholine,central,,,,6.08,1430.0
CB1966,3,gaba,central,,,,0.35,1131.0
CB1967,4,glutamate,central,,,,53.85,2210.0
CB1969,6,gaba,central,,,,5.09,2005.0
CB1970,2,glutamate,central,,,,30.27,816.0
CB1972,4,glutamate,central,,,,19.41,1185.0
CB1973,3,acetylcholine,central,,,,29.16,2020.0
CB1974,3,acetylcholine,central,,,,18.55,927.0
CB1975,8,glutamate,central,,,,39.73,1329.0
CB1976,4,glutamate,central,,,,7.05,1291.0
CB1977,4,acetylcholine,central,,,,3.26,1012.0
CB1978,11,gaba,central,,,,2.55,3806.0
CB1979,5,acetylcholine,central,,,,1.31,687.0
CB1980,4,acetylcholine,central,,,,82.34,2441.0
CB1981,5,glutamate,central,,,,1.6,1629.0
CB1982,3,glutamate,central,,,,5.85,769.0
CB1983,6,acetylcholine,central,,,,81.5,4102.0
CB1984,5,glutamate,central,,,,1.21,989.0
CB1985,3,acetylcholine,central,,,,13.94,545.0
CB1986,2,acetylcholine,central,,,,7.27,1375.0
CB1987,2,glutamate,central,,,,1.6,375.0
CB1988,4,acetylcholine,central,,,,3.61,1830.0
CB1989,4,acetylcholine,central,,,,16.55,2350.0
CB1990,5,acetylcholine,central,,,,5.89,2105.0
CB1991,7,glutamate,central,,,,3.94,913.0
CB1992,2,acetylcholine,central,,,,0.71,566.0
CB1993,4,acetylcholine,central,,,,0.18,2857.0
CB1995,8,acetylcholine,central,,,,9.83,4661.0
CB1996,5,gaba,central,,,,0.94,530.0
CB1997,14,glutamate,central,,,,88.19,2600.0
CB1999,4,acetylcholine,central,,,,0.78,1155.0
CB2000,5,acetylcholine,central,,,,3.39,2358.0
CB2001,4,acetylcholine,central,,,,34.96,3169.0
CB2002,6,gaba,central,,,,8.82,1734.0
CB2003,4,glutamate,central,,,,4.23,1347.0
CB2004,6,gaba,central,,,,0.17,3531.0
CB2005,3,acetylcholine,central,,,,0.81,1115.0
CB2006,4,acetylcholine,central,,,,38.38,1876.0
CB2007,3,acetylcholine,central,,,,0.75,266.0
CB2008,6,acetylcholine,central,,,,4.42,3393.0
CB2009,6,glutamate,central,,,,85.14,1359.0
CB2010,2,gaba,central,,,,88.24,153.0
CB2011,4,acetylcholine,central,,,,0.15,667.0
CB2012,4,glutamate,central,,,,1.74,1148.0
CB2013,2,acetylcholine,central,,,,2.63,266.0
CB2014,2,acetylcholine,central,,,,33.48,890.0
CB2015,4,acetylcholine,central,,,,35.44,2480.0
CB2016,2,glutamate,central,,,,0.0,210.0
CB2017,3,acetylcholine,central,,,,14.46,1093.0
CB2018,8,gaba,central,,,,2.48,3148.0
CB2019,2,acetylcholine,central,,,,15.6,436.0
CB2021,8,acetylcholine,central,,,,84.45,1723.0
CB2022,4,glutamate,central,,,,2.21,1582.0
CB2023,3,gaba,central,,,,6.3,1841.0
CB2024,4,glutamate,central,,,,95.23,860.0
CB2025,4,acetylcholine,central,,,,48.75,2355.0
CB2026,3,glutamate,central,,,,1.17,1194.0
CB2027,4,glutamate,central,,,,90.76,812.0
CB2029,2,glutamate,central,,,,0.0,337.0
CB2030,4,acetylcholine,central,,,,51.54,1426.0
CB2031,3,acetylcholine,central,,,,2.68,1491.0
CB2032,2,acetylcholine,central,,,,1.4,428.0
CB2033,4,acetylcholine,central,,,,11.83,1310.0
CB2034,6,acetylcholine,central,,,,5.86,3019.0
CB2035,5,acetylcholine,central,,,,48.44,3648.0
CB2036,6,gaba,central,,,,11.13,1581.0
CB2037,5,acetylcholine,central,,,,4.11,1508.0
CB2038,2,glutamate,central,,,,0.29,684.0
CB2039,3,acetylcholine,central,,,,37.3,1177.0
CB2040,6,acetylcholine,central,,,,6.64,1853.0
CB2041,4,acetylcholine,central,,,,43.09,601.0
CB2043,2,gaba,central,,,,11.73,588.0
CB2044,5,gaba,central,,,,1.07,1493.0
CB2045,4,acetylcholine,central,,,,1.23,1306.0
CB2046,2,acetylcholine,central,,,,35.78,654.0
CB2047,9,acetylcholine,central,,,,0.8,875.0
CB2048,5,acetylcholine,central,,,,5.93,1046.0
CB2049,10,acetylcholine,central,,,,14.34,9468.0
CB2050,10,acetylcholine,central,,,,70.46,3656.0
CB2051,6,acetylcholine,central,,,,5.57,1023.0
CB2053,6,gaba,central,,,,0.87,1144.0
CB2054,11,gaba,central,,,,26.55,8730.0
CB2055,3,gaba,central,,,,20.51,590.0
CB2056,8,gaba,central,,,,29.85,3139.0
CB2057,5,acetylcholine,central,,,,5.85,2461.0
CB2059,4,glutamate,central,,,,95.74,986.0
CB2060,3,glutamate,central,,,,1.22,1394.0
CB2062,3,acetylcholine,central,,,,45.42,971.0
CB2063,2,acetylcholine,central,,,,8.27,1209.0
CB2064,9,glutamate,central,,,,0.68,3216.0
CB2065,6,acetylcholine,central,,,,11.98,6704.0
CB2066,7,gaba,central,,,,4.1,1952.0
CB2067,6,gaba,central,,,,25.84,4130.0
CB2068,3,acetylcholine,central,,,,43.63,1233.0
CB2069,2,acetylcholine,central,,,,9.92,1290.0
CB2070,6,acetylcholine,central,,,,94.34,3796.0
CB2071,11,acetylcholine,central,,,,13.12,4070.0
CB2072,2,gaba,central,,,,5.79,1243.0
CB2074,9,glutamate,central,,,,39.7,1947.0
CB2075,4,acetylcholine,central,,,,12.26,1272.0
CB2076,4,acetylcholine,central,,,,49.58,1073.0
CB2077,4,acetylcholine,central,,,,93.7,1651.0
CB2078,4,glutamate,central,,,,0.72,698.0
CB2079,5,acetylcholine,central,,,,0.4,1240.0
CB2080,9,acetylcholine,central,,,,68.3,2303.0
CB2081,17,acetylcholine,central,,,,81.87,2394.0
CB2082,4,glutamate,central,,,,9.51,1440.0
CB2084,4,gaba,central,,,,7.78,1580.0
CB2085,4,acetylcholine,central,,,,91.96,945.0
CB2086,2,glutamate,central,,,,2.07,1882.0
CB2087,6,gaba,central,,,,0.84,1422.0
CB2088,3,acetylcholine,central,,,,56.06,1090.0
CB2089,8,acetylcholine,central,,,,2.21,1632.0
CB2090,3,acetylcholine,central,,,,16.35,2471.0
CB2092,4,acetylcholine,central,,,,0.7,1281.0
CB2093,2,acetylcholine,central,,,,3.29,1123.0
CB2094a,2,acetylcholine,central,,,,92.46,398.0
CB2094b,4,acetylcholine,central,,,,92.65,1319.0
CB2095,4,glutamate,central,,,,13.66,1076.0
CB2096,2,acetylcholine,central,,,,0.62,483.0
CB2097,4,acetylcholine,central,,,,0.7,710.0
CB2098,2,acetylcholine,central,,,,3.08,195.0
CB2099,2,acetylcholine,central,,,,0.11,4499.0
CB2100,5,acetylcholine,central,,,,3.86,5962.0
CB2101,4,gaba,central,,,,0.57,352.0
CB2102,3,acetylcholine,central,,,,58.46,869.0
CB2103,3,glutamate,central,,,,95.55,944.0
CB2105,4,acetylcholine,central,,,,4.07,1179.0
CB2106,5,glutamate,central,,,,3.46,1387.0
CB2107,4,gaba,central,,,,0.12,3302.0
CB2108,14,acetylcholine,central,,,,4.13,9754.0
CB2111,2,glutamate,central,,,,0.46,1079.0
CB2112,2,glutamate,central,,,,1.28,545.0
CB2113,2,acetylcholine,central,,,,2.51,756.0
CB2114,3,gaba,central,,,,2.41,2611.0
CB2115,5,acetylcholine,central,,,,47.82,849.0
CB2116,5,glutamate,central,,,,4.09,1002.0
CB2117,2,acetylcholine,central,,,,8.8,602.0
CB2118,4,acetylcholine,central,,,,8.96,1094.0
CB2119,2,acetylcholine,central,,,,4.77,1866.0
CB2120,4,acetylcholine,central,,,,8.77,1630.0
CB2121,2,acetylcholine,central,,,,2.21,1400.0
CB2122,4,acetylcholine,central,,,,5.36,2389.0
CB2123,3,acetylcholine,central,,,,22.66,781.0
CB2124,2,acetylcholine,central,,,,31.28,812.0
CB2126,4,gaba,central,,,,8.6,4893.0
CB2127,3,acetylcholine,central,,,,1.22,1633.0
CB2128,4,acetylcholine,central,,,,9.88,486.0
CB2129,5,acetylcholine,central,,,,0.62,1608.0
CB2130,2,acetylcholine,central,,,,17.9,447.0
CB2131,7,acetylcholine,central,,,,2.7,5710.0
CB2132,3,acetylcholine,central,,,,16.81,3486.0
CB2133,5,acetylcholine,central,,,,5.5,1853.0
CB2134,2,acetylcholine,central,,,,6.77,2113.0
CB2135,6,glutamate,central,,,,0.41,2939.0
CB2136,6,glutamate,central,,,,1.1,634.0
CB2137,3,acetylcholine,central,,,,50.22,687.0
CB2138,6,acetylcholine,central,,,,68.04,920.0
CB2139,5,gaba,central,,,,1.89,2593.0
CB2140,4,glutamate,central,,,,30.15,2315.0
CB2141,3,gaba,central,,,,5.93,2208.0
CB2142,4,acetylcholine,central,,,,38.22,1214.0
CB2143,6,acetylcholine,central,,,,89.87,3829.0
CB2144,3,acetylcholine,central,,,,39.67,1961.0
CB2145,5,glutamate,central,,,,3.32,542.0
CB2146,3,glutamate,central,,,,5.34,1086.0
CB2147,2,acetylcholine,central,,,,49.38,891.0
CB2148,9,acetylcholine,central,,,,0.13,742.0
CB2149,5,gaba,central,,,,90.94,1060.0
CB2151,3,gaba,central,,,,2.32,905.0
CB2152,8,glutamate,central,,,,18.17,1040.0
CB2153,4,acetylcholine,central,,,,74.88,4762.0
CB2154,3,glutamate,central,,,,1.72,583.0
CB2155,6,acetylcholine,central,,,,28.75,1228.0
CB2156,6,gaba,central,,,,13.19,1312.0
CB2157,4,glutamate,central,,,,14.38,591.0
CB2159,3,acetylcholine,central,,,,6.31,666.0
CB2160,4,gaba,central,,,,91.96,2089.0
CB2161,2,acetylcholine,central,,,,2.32,906.0
CB2162,4,gaba,central,,,,2.68,7161.0
CB2163,2,glutamate,central,,,,5.04,635.0
CB2164,3,acetylcholine,central,,,,4.14,1329.0
CB2165,3,gaba,central,,,,15.7,1516.0
CB2166,2,glutamate,central,,,,1.41,283.0
CB2167,4,acetylcholine,central,,,,1.35,2669.0
CB2169,3,acetylcholine,central,,,,88.79,1053.0
CB2170,2,acetylcholine,central,,,,0.16,8341.0
CB2171,6,acetylcholine,central,,,,1.17,5630.0
CB2172,2,acetylcholine,central,,,,0.98,820.0
CB2173,2,acetylcholine,central,,,,8.77,285.0
CB2174,5,acetylcholine,central,,,,43.92,674.0
CB2175,3,gaba,central,,,,78.95,1824.0
CB2176,3,gaba,central,,,,0.21,485.0
CB2177,2,glutamate,central,,,,90.1,3545.0
CB2178,4,acetylcholine,central,,,,1.79,1062.0
CB2179,4,glutamate,central,,,,0.06,1551.0
CB2180,5,acetylcholine,central,,,,3.34,899.0
CB2181,2,acetylcholine,central,,,,0.13,3104.0
CB2182,2,glutamate,central,,,,4.62,455.0
CB2183,5,acetylcholine,central,,,,53.39,1813.0
CB2184,3,acetylcholine,central,,,,30.52,960.0
CB2185,4,gaba,central,,,,1.31,1371.0
CB2186,6,acetylcholine,central,,,,2.33,5711.0
CB2187,6,acetylcholine,central,,,,3.15,4790.0
CB2188,3,acetylcholine,central,,,,8.64,880.0
CB2189,2,glutamate,central,,,,0.84,596.0
CB2190,6,glutamate,central,,,,2.66,1355.0
CB2191,2,gaba,central,,,,47.54,2339.0
CB2192,3,acetylcholine,central,,,,2.14,1216.0
CB2193,4,glutamate,central,,,,36.91,3406.0
CB2194,4,glutamate,central,,,,3.71,944.0
CB2195,6,acetylcholine,central,,,,92.52,1725.0
CB2196,5,glutamate,central,,,,4.13,2178.0
CB2197,4,acetylcholine,central,,,,94.15,3951.0
CB2198,4,glutamate,central,,,,13.68,1572.0
CB2199,6,acetylcholine,central,,,,0.68,1925.0
CB2200,2,acetylcholine,central,,,,16.14,347.0
CB2201,2,gaba,central,,,,0.61,327.0
CB2202,6,acetylcholine,central,,,,0.92,7742.0
CB2203,6,gaba,central,,,,1.64,2623.0
CB2204,4,acetylcholine,central,,,,6.57,3273.0
CB2205,5,acetylcholine,central,,,,25.11,1115.0
CB2206,2,acetylcholine,central,,,,58.97,658.0
CB2207,4,acetylcholine,central,,,,25.41,2936.0
CB2208,8,acetylcholine,central,,,,0.37,820.0
CB2209,3,acetylcholine,central,,,,84.19,620.0
CB2211,4,glutamate,central,,,,0.8,626.0
CB2213,4,gaba,central,,,,47.39,1150.0
CB2214,8,acetylcholine,central,,,,11.72,2125.0
CB2215,2,acetylcholine,central,,,,25.67,713.0
CB2216,8,gaba,central,,,,1.32,2051.0
CB2217,5,acetylcholine,central,,,,50.64,2802.0
CB2218,5,acetylcholine,central,,,,0.7,1999.0
CB2220,3,acetylcholine,central,,,,89.29,308.0
CB2224,3,acetylcholine,central,,,,0.12,813.0
CB2225,3,glutamate,central,,,,54.83,2278.0
CB2226,5,acetylcholine,central,,,,0.81,1474.0
CB2227,2,acetylcholine,central,,,,14.0,857.0
CB2228,4,gaba,central,,,,7.02,2465.0
CB2229,3,glutamate,central,,,,96.54,635.0
CB2230,4,glutamate,central,,,,5.69,931.0
CB2231,4,acetylcholine,central,,,,25.37,2235.0
CB2232,5,glutamate,central,,,,1.13,1500.0
CB2233,3,gaba,central,,,,46.38,759.0
CB2235,4,glutamate,central,,,,2.81,1031.0
CB2236,3,acetylcholine,central,,,,2.47,810.0
CB2237,4,glutamate,central,,,,59.59,3660.0
CB2238,4,gaba,central,,,,17.32,3914.0
CB2240,4,acetylcholine,central,,,,0.41,739.0
CB2241,2,acetylcholine,central,,,,42.27,440.0
CB2242,11,acetylcholine,central,,,,19.35,6228.0
CB2243,3,glutamate,central,,,,1.33,754.0
CB2244,4,glutamate,central,,,,2.09,574.0
CB2245,9,gaba,central,,,,7.32,3700.0
CB2246,6,acetylcholine,central,,,,5.28,2084.0
CB2247,2,acetylcholine,central,,,,1.44,417.0
CB2248,4,acetylcholine,central,,,,3.41,1967.0
CB2249,4,acetylcholine,central,,,,0.58,860.0
CB2250,4,glutamate,central,,,,46.24,651.0
CB2251,5,gaba,central,,,,1.15,6007.0
CB2252,10,glutamate,central,,,,94.48,2572.0
CB2253,3,gaba,central,,,,3.05,1738.0
CB2254,2,gaba,central,,,,41.08,1514.0
CB2256,4,acetylcholine,central,,,,3.28,2533.0
CB2257,2,acetylcholine,central,,,,2.54,552.0
CB2258,4,acetylcholine,central,,,,5.72,2376.0
CB2259,5,glutamate,central,,,,30.3,825.0
CB2260,3,gaba,central,,,,3.23,837.0
CB2261,2,gaba,central,,,,24.42,1376.0
CB2262,4,glutamate,central,,,,2.88,625.0
CB2263,8,glutamate,central,,,,94.7,3921.0
CB2264,2,acetylcholine,central,,,,8.23,1726.0
CB2265,4,acetylcholine,central,,,,11.95,1021.0
CB2266,3,acetylcholine,central,,,,77.44,1414.0
CB2267_a,4,acetylcholine,central,,,,3.82,2327.0
CB2267_b,6,acetylcholine,central,,,,2.84,3624.0
CB2267_c,9,acetylcholine,central,,,,3.18,3332.0
CB2269,6,glutamate,central,,,,0.28,708.0
CB2270,4,acetylcholine,central,,,,4.65,2365.0
CB2271,4,acetylcholine,central,,,,81.73,1538.0
CB2273,4,glutamate,central,,,,1.76,908.0
CB2274,3,acetylcholine,central,,,,67.93,343.0
CB2276,3,gaba,central,,,,13.25,1374.0
CB2277,5,glutamate,central,,,,4.11,1192.0
CB2278,6,gaba,central,,,,35.77,6007.0
CB2279,4,acetylcholine,central,,,,46.85,1827.0
CB2280,2,glutamate,central,,,,12.96,486.0
CB2281,2,acetylcholine,central,,,,2.37,2156.0
CB2282,3,acetylcholine,central,,,,40.57,806.0
CB2283,2,acetylcholine,central,,,,0.9,1333.0
CB2284,4,acetylcholine,central,,,,30.9,712.0
CB2285,6,acetylcholine,central,,,,2.58,2904.0
CB2286,2,acetylcholine,central,,,,7.41,1646.0
CB2287,3,glutamate,central,,,,0.05,8349.0
CB2288,2,acetylcholine,central,,,,2.09,863.0
CB2289,2,acetylcholine,central,,,,5.53,1464.0
CB2290,9,glutamate,central,,,,1.59,2646.0
CB2291,2,acetylcholine,central,,,,21.12,857.0
CB2292,5,glutamate,central,,,,0.25,805.0
CB2293,7,gaba,central,,,,39.06,3536.0
CB2294,4,acetylcholine,central,,,,75.69,942.0
CB2295,3,acetylcholine,central,,,,4.58,262.0
CB2296,4,acetylcholine,central,,,,1.1,2357.0
CB2297,5,glutamate,central,,,,0.69,1584.0
CB2298,7,glutamate,central,,,,2.5,2204.0
CB2299,4,acetylcholine,central,,,,16.3,1221.0
CB2300,3,acetylcholine,central,,,,37.39,436.0
CB2302,3,glutamate,central,,,,3.8,552.0
CB2303,3,gaba,central,,,,26.14,788.0
CB2304,2,acetylcholine,central,,,,68.37,490.0
CB2305,3,acetylcholine,central,,,,47.3,2332.0
CB2308,4,acetylcholine,central,,,,85.2,1534.0
CB2309,6,acetylcholine,central,,,,1.28,1171.0
CB2310,4,acetylcholine,central,,,,6.83,1025.0
CB2311,3,acetylcholine,central,,,,5.52,851.0
CB2312,6,glutamate,central,,,,48.1,1237.0
CB2313,5,acetylcholine,central,,,,79.8,1089.0
CB2315,2,glutamate,central,,,,3.84,391.0
CB2316,2,acetylcholine,central,,,,2.92,1200.0
CB2317,13,glutamate,central,,,,47.73,1563.0
CB2319,3,acetylcholine,central,,,,4.7,1276.0
CB2320,5,acetylcholine,central,,,,2.45,1427.0
CB2321,4,acetylcholine,central,,,,31.36,2596.0
CB2322,2,gaba,central,,,,14.39,973.0
CB2323,2,acetylcholine,central,,,,4.38,640.0
CB2328,2,glutamate,central,,,,69.27,576.0
CB2329,4,glutamate,central,,,,65.82,1530.0
CB2330,4,acetylcholine,central,,,,9.49,3520.0
CB2331,2,acetylcholine,central,,,,67.89,707.0
CB2333,2,gaba,central,,,,11.34,714.0
CB2334,4,gaba,central,,,,0.62,1294.0
CB2335,4,glutamate,central,,,,2.14,746.0
CB2336,4,acetylcholine,central,,,,0.83,842.0
CB2337,5,glutamate,central,,,,8.37,1398.0
CB2338,3,gaba,central,,,,4.77,2241.0
CB2339,3,acetylcholine,central,,,,10.93,2991.0
CB2340,2,acetylcholine,central,,,,0.95,2414.0
CB2341,5,acetylcholine,central,,,,2.36,2077.0
CB2342,10,glutamate,central,,,,49.82,4996.0
CB2343,8,glutamate,central,,,,89.23,1514.0
CB2344,6,acetylcholine,central,,,,31.48,2678.0
CB2345,3,glutamate,central,,,,39.82,889.0
CB2346,8,glutamate,central,,,,0.8,753.0
CB2347,2,acetylcholine,central,,,,3.38,1125.0
CB2348,4,acetylcholine,central,,,,66.87,999.0
CB2349,6,acetylcholine,central,,,,70.67,1023.0
CB2350,4,acetylcholine,central,,,,8.59,3014.0
CB2351,3,gaba,central,,,,6.93,1010.0
CB2352,3,acetylcholine,central,,,,77.43,988.0
CB2353,11,acetylcholine,central,,,,22.06,3373.0
CB2354,5,acetylcholine,central,,,,25.22,1447.0
CB2355,2,acetylcholine,central,,,,13.02,622.0
CB2357,11,gaba,central,,,,12.58,3981.0
CB2358,4,glutamate,central,,,,1.79,614.0
CB2360,6,acetylcholine,central,,,,0.7,855.0
CB2361,4,acetylcholine,central,,,,87.91,1034.0
CB2362,2,glutamate,central,,,,0.28,355.0
CB2363,2,glutamate,central,,,,3.75,293.0
CB2364,8,gaba,central,,,,9.09,5039.0
CB2365,3,acetylcholine,central,,,,0.96,2399.0
CB2366,2,acetylcholine,central,,,,2.6,768.0
CB2367,8,acetylcholine,central,,,,44.15,2951.0
CB2368,2,acetylcholine,central,,,,1.67,539.0
CB2369,4,glutamate,central,,,,64.51,1944.0
CB2370,6,acetylcholine,central,,,,1.27,2207.0
CB2371,2,acetylcholine,central,,,,2.21,1496.0
CB2372,3,gaba,central,,,,0.67,1340.0
CB2373,2,acetylcholine,central,,,,3.2,1561.0
CB2374,2,glutamate,central,,,,2.98,1241.0
CB2376,10,acetylcholine,central,,,,3.1,4131.0
CB2377,3,acetylcholine,central,,,,20.59,1651.0
CB2378,2,glutamate,central,,,,0.64,313.0
CB2379,3,acetylcholine,central,,,,3.43,874.0
CB2380,7,gaba,central,,,,1.12,4105.0
CB2382,2,acetylcholine,central,,,,57.64,812.0
CB2383,4,acetylcholine,central,,,,56.38,1121.0
CB2384,5,acetylcholine,central,,,,29.97,1171.0
CB2385,2,acetylcholine,central,,,,51.1,3495.0
CB2386,4,acetylcholine,central,,,,17.11,2882.0
CB2387,6,glutamate,central,,,,0.51,1579.0
CB2388,6,acetylcholine,central,,,,12.43,2051.0
CB2389,5,gaba,central,,,,15.07,1407.0
CB2390,3,acetylcholine,central,,,,1.04,2120.0
CB2391,2,gaba,central,,,,3.11,579.0
CB2392,8,acetylcholine,central,,,,93.08,2225.0
CB2393,3,glutamate,central,,,,1.46,481.0
CB2395a,2,acetylcholine,central,,,,20.33,915.0
CB2395b,3,acetylcholine,central,,,,12.96,1705.0
CB2396,5,gaba,central,,,,3.91,3889.0
CB2397,4,acetylcholine,central,,,,2.22,944.0
CB2398,4,acetylcholine,central,,,,3.23,992.0
CB2399,9,glutamate,central,,,,36.28,1954.0
CB2401,3,glutamate,central,,,,15.13,608.0
CB2402,4,glutamate,central,,,,31.43,2192.0
CB2403,2,acetylcholine,central,,,,55.59,2092.0
CB2404,6,acetylcholine,central,,,,13.4,2119.0
CB2406,4,acetylcholine,central,,,,63.48,2979.0
CB2407,4,acetylcholine,central,,,,1.15,3918.0
CB2408,2,acetylcholine,central,,,,52.44,513.0
CB2411,4,glutamate,central,,,,1.42,2388.0
CB2412,4,acetylcholine,central,,,,2.29,2920.0
CB2413,4,acetylcholine,central,,,,43.91,3409.0
CB2414,4,acetylcholine,central,,,,3.08,2568.0
CB2415,5,acetylcholine,central,,,,79.9,2010.0
CB2416,4,acetylcholine,central,,,,2.29,262.0
CB2417,4,gaba,central,,,,34.19,4516.0
CB2419,4,acetylcholine,central,,,,0.17,1178.0
CB2420,3,gaba,central,,,,3.99,1378.0
CB2421,4,glutamate,central,,,,1.42,706.0
CB2422,4,acetylcholine,central,,,,40.43,742.0
CB2423,2,acetylcholine,central,,,,43.28,952.0
CB2424,3,acetylcholine,central,,,,3.24,1329.0
CB2425,2,gaba,central,,,,17.84,499.0
CB2426,2,gaba,central,,,,31.37,2152.0
CB2427,2,glutamate,central,,,,12.95,224.0
CB2428,5,acetylcholine,central,,,,4.6,2784.0
CB2429,2,acetylcholine,central,,,,10.11,267.0
CB2430,4,gaba,central,,,,14.67,1159.0
CB2431,6,gaba,central,,,,3.49,1519.0
CB2432,3,acetylcholine,central,,,,0.2,1519.0
CB2433,8,acetylcholine,central,,,,24.33,1907.0
CB2434,4,glutamate,central,,,,2.98,1309.0
CB2436,4,acetylcholine,central,,,,3.84,3020.0
CB2437,2,glutamate,central,,,,11.4,272.0
CB2438,4,glutamate,central,,,,32.93,744.0
CB2439,2,acetylcholine,central,,,,30.73,947.0
CB2440,10,gaba,central,,,,5.46,5333.0
CB2442,2,acetylcholine,central,,,,1.44,347.0
CB2443,6,glutamate,central,,,,0.19,524.0
CB2444,3,acetylcholine,central,,,,9.0,1044.0
CB2446,3,acetylcholine,central,,,,0.18,541.0
CB2447,3,acetylcholine,central,,,,69.92,1815.0
CB2448,5,gaba,central,,,,1.23,1224.0
CB2449,6,acetylcholine,central,,,,3.29,4830.0
CB2450,2,acetylcholine,central,,,,44.36,381.0
CB2451,2,glutamate,central,,,,56.19,525.0
CB2452,4,glutamate,central,,,,2.79,680.0
CB2453,4,acetylcholine,central,,,,3.7,2376.0
CB2455,4,acetylcholine,central,,,,7.39,866.0
CB2456,5,glutamate,central,,,,59.18,1024.0
CB2457,2,acetylcholine,central,,,,41.59,428.0
CB2458,3,acetylcholine,central,,,,3.02,3180.0
CB2459,4,glutamate,central,,,,94.91,963.0
CB2460,5,gaba,central,,,,8.89,1755.0
CB2461,4,acetylcholine,central,,,,97.51,4094.0
CB2462,3,glutamate,central,,,,91.28,585.0
CB2463,6,glutamate,central,,,,0.43,1860.0
CB2465,2,glutamate,central,,,,2.09,3294.0
CB2466,5,glutamate,central,,,,2.11,522.0
CB2467,9,acetylcholine,central,,,,0.75,1065.0
CB2468,4,acetylcholine,central,,,,35.27,910.0
CB2469,5,gaba,central,,,,11.29,2073.0
CB2470,4,acetylcholine,central,,,,0.5,997.0
CB2471,5,gaba,central,,,,7.79,899.0
CB2472,5,acetylcholine,central,,,,37.15,1128.0
CB2473,4,gaba,central,,,,11.5,2470.0
CB2474,2,gaba,central,,,,1.22,654.0
CB2475,2,acetylcholine,central,,,,65.93,1353.0
CB2476,6,acetylcholine,central,,,,1.08,742.0
CB2477,5,acetylcholine,central,,,,35.56,720.0
CB2478,2,acetylcholine,central,,,,39.28,1189.0
CB2479,7,acetylcholine,central,,,,4.37,2999.0
CB2480,6,glutamate,central,,,,0.44,3398.0
CB2481,3,acetylcholine,central,,,,46.48,1136.0
CB2482,2,glutamate,central,,,,1.74,576.0
CB2485,5,glutamate,central,,,,6.04,960.0
CB2487,3,acetylcholine,central,,,,31.47,661.0
CB2488,3,acetylcholine,central,,,,66.07,2057.0
CB2489,2,acetylcholine,central,,,,8.81,1601.0
CB2490,2,acetylcholine,central,,,,21.41,397.0
CB2491,4,acetylcholine,central,,,,27.91,2530.0
CB2492,3,glutamate,central,,,,35.47,688.0
CB2493,4,gaba,central,,,,0.57,1759.0
CB2494,5,acetylcholine,central,,,,18.75,1627.0
CB2495,2,gaba,central,,,,1.92,624.0
CB2497,4,acetylcholine,central,,,,4.04,1014.0
CB2498,7,acetylcholine,central,,,,1.56,3455.0
CB2500,2,glutamate,central,,,,30.61,392.0
CB2501,7,acetylcholine,central,,,,63.41,5856.0
CB2502,5,acetylcholine,central,,,,38.66,864.0
CB2503,6,acetylcholine,central,,,,42.37,1147.0
CB2504,3,gaba,central,,,,16.4,378.0
CB2505,4,glutamate,central,,,,1.48,745.0
CB2506,4,acetylcholine,central,,,,37.27,1363.0
CB2507,7,glutamate,central,,,,10.1,911.0
CB2509,4,acetylcholine,central,,,,59.21,2236.0
CB2510,4,acetylcholine,central,,,,10.87,1389.0
CB2512,4,acetylcholine,central,,,,0.48,3331.0
CB2513,2,gaba,central,,,,36.66,4114.0
CB2514,8,acetylcholine,central,,,,84.48,3499.0
CB2515,2,acetylcholine,central,,,,2.7,740.0
CB2516,4,gaba,central,,,,13.99,3089.0
CB2517,26,glutamate,central,,,,30.02,4401.0
CB2518,3,acetylcholine,central,,,,0.49,1215.0
CB2519,3,acetylcholine,central,,,,83.64,593.0
CB2520,5,acetylcholine,central,,,,85.17,991.0
CB2521,2,acetylcholine,central,,,,56.39,4166.0
CB2522,6,acetylcholine,central,,,,5.97,1005.0
CB2523,4,acetylcholine,central,,,,1.73,810.0
CB2524,5,acetylcholine,central,,,,3.12,1219.0
CB2525,3,acetylcholine,central,,,,8.65,728.0
CB2526,3,acetylcholine,central,,,,11.49,444.0
CB2527,6,glutamate,central,,,,35.14,2271.0
CB2528,3,acetylcholine,central,,,,40.11,2436.0
CB2529,2,glutamate,central,,,,1.19,674.0
CB2530,2,glutamate,central,,,,3.16,348.0
CB2531,5,glutamate,central,,,,3.54,1129.0
CB2532,6,acetylcholine,central,,,,7.15,1595.0
CB2533,5,glutamate,central,,,,0.92,543.0
CB2534,7,acetylcholine,central,,,,1.98,1566.0
CB2535,4,acetylcholine,central,,,,44.77,1550.0
CB2537,4,acetylcholine,central,,,,42.49,892.0
CB2538,2,acetylcholine,central,,,,1.98,1059.0
CB2539,7,glutamate,central,,,,16.16,3707.0
CB2541,5,glutamate,central,,,,3.7,1596.0
CB2542,3,acetylcholine,central,,,,44.69,1526.0
CB2543,3,acetylcholine,central,,,,12.05,523.0
CB2544,3,acetylcholine,central,,,,13.99,729.0
CB2545,5,acetylcholine,central,,,,16.87,5603.0
CB2547,2,acetylcholine,central,,,,33.32,2830.0
CB2548,4,gaba,central,,,,36.34,4793.0
CB2549,2,acetylcholine,central,,,,0.81,1967.0
CB2550,5,acetylcholine,central,,,,52.52,1230.0
CB2551,6,acetylcholine,central,,,,16.18,1848.0
CB2552,4,acetylcholine,central,,,,4.03,1909.0
CB2553,4,acetylcholine,central,,,,17.52,1501.0
CB2554,3,glutamate,central,,,,1.03,872.0
CB2555,3,acetylcholine,central,,,,26.04,503.0
CB2556,7,acetylcholine,central,,,,39.49,9045.0
CB2557,2,gaba,central,,,,7.41,1160.0
CB2558,10,acetylcholine,central,,,,42.07,2194.0
CB2559,3,acetylcholine,central,,,,0.9,333.0
CB2560,2,acetylcholine,central,,,,0.89,1121.0
CB2561,3,gaba,central,,,,0.17,1204.0
CB2563,2,acetylcholine,central,,,,0.18,567.0
CB2564,2,acetylcholine,central,,,,2.48,1616.0
CB2565,7,acetylcholine,central,,,,96.02,1506.0
CB2566,2,gaba,central,,,,40.92,2852.0
CB2567,9,gaba,central,,,,31.27,3201.0
CB2568,4,glutamate,central,,,,28.45,826.0
CB2569,4,acetylcholine,central,,,,48.58,953.0
CB2571,5,glutamate,central,,,,24.74,1746.0
CB2572,8,acetylcholine,central,,,,9.9,1485.0
CB2573,6,acetylcholine,central,,,,40.86,2609.0
CB2574,4,acetylcholine,central,,,,2.77,1517.0
CB2575,3,acetylcholine,central,,,,1.26,554.0
CB2576,4,acetylcholine,central,,,,47.21,2870.0
CB2577,3,glutamate,central,,,,14.57,741.0
CB2579,2,acetylcholine,central,,,,45.26,559.0
CB2580,7,acetylcholine,central,,,,86.72,4232.0
CB2581,4,gaba,central,,,,1.22,2132.0
CB2582,3,acetylcholine,central,,,,7.63,498.0
CB2583,3,gaba,central,,,,15.84,1818.0
CB2584,5,glutamate,central,,,,4.45,1415.0
CB2585,5,acetylcholine,central,,,,86.3,1985.0
CB2587,4,glutamate,central,,,,38.93,917.0
CB2588,4,acetylcholine,central,,,,25.02,1211.0
CB2589,7,gaba,central,,,,0.05,1953.0
CB2591,2,acetylcholine,central,,,,63.76,505.0
CB2592,6,acetylcholine,central,,,,2.68,1827.0
CB2593,5,acetylcholine,central,,,,13.47,2969.0
CB2594,2,gaba,central,,,,8.71,1527.0
CB2595,2,acetylcholine,central,,,,0.17,1786.0
CB2596,4,acetylcholine,central,,,,2.89,1698.0
CB2598,2,acetylcholine,central,,,,0.88,798.0
CB2599,4,acetylcholine,central,,,,1.85,2166.0
CB2600,3,glutamate,central,,,,3.65,493.0
CB2602,3,acetylcholine,central,,,,5.13,2029.0
CB2604,5,gaba,central,,,,30.11,4945.0
CB2605,5,acetylcholine,central,,,,20.99,624.0
CB2606,2,acetylcholine,central,,,,14.34,3710.0
CB2607,2,acetylcholine,central,,,,23.21,461.0
CB2608,2,glutamate,central,,,,11.0,618.0
CB2610,9,acetylcholine,central,,,,51.98,2047.0
CB2611,4,glutamate,central,,,,34.59,2388.0
CB2612,2,gaba,central,,,,1.17,852.0
CB2613,2,acetylcholine,central,,,,8.27,1028.0
CB2615,3,glutamate,central,,,,90.92,1311.0
CB2616,4,glutamate,central,,,,0.67,744.0
CB2617,3,acetylcholine,central,,,,0.82,1945.0
CB2618,4,acetylcholine,central,,,,57.94,4275.0
CB2619,2,glutamate,central,,,,53.07,2789.0
CB2620,3,gaba,central,,,,21.23,730.0
CB2621,8,gaba,central,,,,1.31,996.0
CB2623,3,acetylcholine,central,,,,5.15,1340.0
CB2624,3,acetylcholine,central,,,,22.56,1822.0
CB2625,6,acetylcholine,central,,,,31.1,942.0
CB2626,3,acetylcholine,central,,,,42.28,674.0
CB2627,2,acetylcholine,central,,,,6.18,1504.0
CB2628,4,glutamate,central,,,,46.34,3442.0
CB2629,2,glutamate,central,,,,0.76,925.0
CB2630,2,gaba,central,,,,5.99,968.0
CB2632,2,acetylcholine,central,,,,43.42,1725.0
CB2633,4,acetylcholine,central,,,,65.24,2871.0
CB2634,3,acetylcholine,central,,,,32.98,1322.0
CB2635,5,acetylcholine,central,,,,34.0,2544.0
CB2636,6,acetylcholine,central,,,,51.59,1636.0
CB2637,2,acetylcholine,central,,,,1.19,253.0
CB2638,6,acetylcholine,central,,,,2.5,959.0
CB2639,4,gaba,central,,,,5.73,1990.0
CB2640,5,gaba,central,,,,33.58,268.0
CB2642,7,acetylcholine,central,,,,0.04,2551.0
CB2643,4,acetylcholine,central,,,,14.63,1073.0
CB2644,4,gaba,central,,,,29.19,942.0
CB2645,4,glutamate,central,,,,42.48,1968.0
CB2646,2,acetylcholine,central,,,,75.24,1155.0
CB2647,4,acetylcholine,central,,,,22.84,1786.0
CB2648,2,glutamate,central,,,,3.89,386.0
CB2649,2,acetylcholine,central,,,,4.0,1701.0
CB2650,2,acetylcholine,central,,,,9.49,843.0
CB2651,2,acetylcholine,central,,,,0.16,1917.0
CB2652,2,glutamate,central,,,,9.66,476.0
CB2653,2,glutamate,central,,,,13.67,1185.0
CB2655,4,acetylcholine,central,,,,2.98,2620.0
CB2656,2,acetylcholine,central,,,,1.66,1024.0
CB2657,2,glutamate,central,,,,2.29,831.0
CB2659,4,acetylcholine,central,,,,2.73,3693.0
CB2660,3,acetylcholine,central,,,,17.62,1595.0
CB2661,3,glutamate,central,,,,49.78,450.0
CB2662,2,glutamate,central,,,,1.36,589.0
CB2663,3,gaba,central,,,,12.9,1341.0
CB2664,7,acetylcholine,central,,,,81.47,4587.0
CB2665,2,glutamate,central,,,,98.9,91.0
CB2666,7,glutamate,central,,,,91.8,3084.0
CB2667,4,acetylcholine,central,,,,4.91,1712.0
CB2668,2,acetylcholine,central,,,,10.14,868.0
CB2669,2,acetylcholine,central,,,,28.11,1028.0
CB2670,3,glutamate,central,,,,96.57,321.0
CB2671,4,glutamate,central,,,,5.7,877.0
CB2672,3,acetylcholine,central,,,,16.96,1350.0
CB2673,2,glutamate,central,,,,30.57,651.0
CB2674,5,glutamate,central,,,,37.55,1297.0
CB2675,2,gaba,central,,,,3.33,450.0
CB2676,2,gaba,central,,,,59.59,2801.0
CB2677,4,glutamate,central,,,,0.0,1037.0
CB2678,7,gaba,central,,,,0.65,2604.0
CB2679,6,acetylcholine,central,,,,3.23,1423.0
CB2680,2,acetylcholine,central,,,,49.63,1896.0
CB2681,2,gaba,central,,,,0.72,1390.0
CB2682,2,acetylcholine,central,,,,0.94,2655.0
CB2683,3,glutamate,central,,,,6.15,358.0
CB2684,4,acetylcholine,central,,,,0.69,3611.0
CB2685,12,acetylcholine,central,,,,1.35,1184.0
CB2687,3,acetylcholine,central,,,,18.84,1327.0
CB2688,4,acetylcholine,central,,,,1.44,623.0
CB2689,3,acetylcholine,central,,,,3.94,1575.0
CB2690,8,gaba,central,,,,3.94,279.0
CB2691,2,gaba,central,,,,0.43,2333.0
CB2692,3,glutamate,central,,,,0.89,790.0
CB2693,6,acetylcholine,central,,,,16.24,1139.0
CB2694,6,glutamate,central,,,,75.34,1087.0
CB2695,4,gaba,central,,,,5.91,4011.0
CB2696,4,acetylcholine,central,,,,14.45,1149.0
CB2697,4,gaba,central,,,,3.98,1734.0
CB2698,2,acetylcholine,central,,,,7.65,680.0
CB2699,2,acetylcholine,central,,,,1.0,399.0
CB2700,4,gaba,central,,,,9.03,12565.0
CB2701,4,acetylcholine,central,,,,0.45,884.0
CB2702,3,acetylcholine,central,,,,5.51,345.0
CB2703,6,gaba,central,,,,1.36,1254.0
CB2706,2,acetylcholine,central,,,,66.13,1308.0
CB2707,6,glutamate,central,,,,0.44,1597.0
CB2708,8,acetylcholine,central,,,,30.41,2371.0
CB2709,3,glutamate,central,,,,6.97,201.0
CB2710,7,acetylcholine,central,,,,5.25,4225.0
CB2711,3,gaba,central,,,,0.0,665.0
CB2712,5,acetylcholine,central,,,,61.73,1351.0
CB2713,4,acetylcholine,central,,,,3.15,1143.0
CB2714,4,acetylcholine,central,,,,10.55,1384.0
CB2715,4,acetylcholine,central,,,,0.18,559.0
CB2716,1,glutamate,central,,,,2.75,109.0
CB2717,9,acetylcholine,central,,,,10.71,1484.0
CB2718,2,glutamate,central,,,,61.26,573.0
CB2719,4,acetylcholine,central,,,,33.61,1214.0
CB2720,7,acetylcholine,central,,,,5.88,1565.0
CB2721,2,glutamate,central,,,,9.01,344.0
CB2723,5,acetylcholine,central,,,,7.44,336.0
CB2724,3,glutamate,central,,,,2.66,638.0
CB2725,2,glutamate,central,,,,0.25,797.0
CB2726,4,glutamate,central,,,,10.83,628.0
CB2728,5,glutamate,central,,,,85.92,1442.0
CB2729,2,gaba,central,,,,0.23,435.0
CB2731,4,gaba,central,,,,0.74,1083.0
CB2733,4,glutamate,central,,,,0.79,2014.0
CB2735,3,acetylcholine,central,,,,17.93,2532.0
CB2736,3,glutamate,central,,,,8.38,1325.0
CB2737,2,acetylcholine,central,,,,21.5,414.0
CB2738,3,glutamate,central,,,,0.36,277.0
CB2739,3,glutamate,central,,,,0.17,572.0
CB2741,2,gaba,central,,,,2.76,508.0
CB2743,2,acetylcholine,central,,,,0.4,251.0
CB2744,11,acetylcholine,central,,,,0.63,1919.0
CB2745,4,acetylcholine,central,,,,84.88,1210.0
CB2746,2,glutamate,central,,,,6.25,352.0
CB2747,2,acetylcholine,central,,,,0.54,370.0
CB2748,4,octopamine,motor,,,,69.23,13.0
CB2749,2,acetylcholine,central,,,,1.04,672.0
CB2750,5,glutamate,central,,,,0.26,769.0
CB2751,2,gaba,central,,,,6.3,683.0
CB2752,2,acetylcholine,central,,,,5.08,354.0
CB2754,6,acetylcholine,central,,,,13.19,1857.0
CB2755,2,gaba,central,,,,0.21,1413.0
CB2756,4,glutamate,central,,,,2.19,775.0
CB2757,5,glutamate,central,,,,0.2,1473.0
CB2758,2,glutamate,central,,,,1.37,364.0
CB2759,4,acetylcholine,central,,,,0.57,524.0
CB2760,3,glutamate,central,,,,4.04,322.0
CB2761,3,gaba,central,,,,0.34,1180.0
CB2762,2,glutamate,central,,,,3.68,544.0
CB2763,4,gaba,central,,,,2.35,895.0
CB2764,2,glutamate,central,,,,0.15,683.0
CB2765,2,glutamate,central,,,,0.0,161.0
CB2766,2,glutamate,central,,,,1.55,129.0
CB2767,3,glutamate,central,,,,1.32,910.0
CB2769,3,acetylcholine,central,,,,5.24,2099.0
CB2770,5,glutamate,central,,,,0.17,1184.0
CB2771,4,glutamate,central,,,,4.07,860.0
CB2772,3,gaba,central,,,,0.15,653.0
CB2773,2,glutamate,central,,,,0.21,473.0
CB2774,10,acetylcholine,central,,,,75.84,1126.0
CB2776,4,gaba,central,,,,32.48,2386.0
CB2777,4,acetylcholine,central,,,,2.87,2686.0
CB2778,5,acetylcholine,central,,,,0.51,1179.0
CB2779,2,glutamate,central,,,,3.48,201.0
CB2780,3,acetylcholine,central,,,,16.25,400.0
CB2781,3,gaba,central,,,,7.69,1223.0
CB2782,2,glutamate,central,,,,0.39,515.0
CB2783,4,glutamate,central,,,,78.69,962.0
CB2784,5,gaba,central,,,,10.56,2027.0
CB2785,5,glutamate,central,,,,44.26,1724.0
CB2786,3,glutamate,central,,,,1.01,1479.0
CB2787,5,acetylcholine,central,,,,3.05,1671.0
CB2789,4,acetylcholine,central,,,,22.15,2881.0
CB2790,2,glutamate,central,,,,0.52,383.0
CB2791,2,acetylcholine,central,,,,1.6,815.0
CB2792,6,glutamate,central,,,,2.74,1570.0
CB2793,2,acetylcholine,central,,,,7.25,1034.0
CB2795,4,glutamate,central,,,,36.24,1112.0
CB2796,2,acetylcholine,central,,,,2.65,528.0
CB2797,6,acetylcholine,central,,,,1.26,714.0
CB2798,2,gaba,central,,,,1.17,858.0
CB2800,2,acetylcholine,central,,,,29.47,604.0
CB2801,4,acetylcholine,central,,,,88.26,622.0
CB2802,3,acetylcholine,central,,,,4.81,540.0
CB2803,3,acetylcholine,central,,,,0.6,336.0
CB2804,6,glutamate,central,,,,89.61,1338.0
CB2805,5,acetylcholine,central,,,,2.25,1198.0
CB2806,2,acetylcholine,central,,,,11.84,625.0
CB2808,2,glutamate,central,,,,7.58,778.0
CB2809,2,glutamate,central,,,,50.43,470.0
CB2810,4,acetylcholine,central,,,,2.15,745.0
CB2811,4,acetylcholine,central,,,,10.9,899.0
CB2812,4,gaba,central,,,,0.69,1016.0
CB2813,4,glutamate,central,,,,1.28,1252.0
CB2814,8,glutamate,central,,,,8.13,1353.0
CB2816,4,glutamate,central,,,,50.13,1193.0
CB2817,5,acetylcholine,central,,,,11.49,1575.0
CB2819,4,glutamate,central,,,,1.2,1081.0
CB2820,6,acetylcholine,central,,,,44.54,952.0
CB2821,4,acetylcholine,central,,,,96.56,1164.0
CB2823,9,acetylcholine,central,,,,1.64,3769.0
CB2824,3,gaba,central,,,,17.47,1729.0
CB2825,6,gaba,central,,,,21.05,2109.0
CB2826,5,acetylcholine,central,,,,11.25,1440.0
CB2828,6,gaba,central,,,,1.02,2249.0
CB2829,4,glutamate,central,,,,1.05,2673.0
CB2831,4,gaba,central,,,,0.23,2555.0
CB2834,5,gaba,central,,,,2.6,1270.0
CB2835,8,glutamate,central,,,,1.9,1053.0
CB2836,2,acetylcholine,central,,,,30.62,418.0
CB2840,3,acetylcholine,central,,,,41.17,5467.0
CB2841,5,acetylcholine,central,,,,13.88,1412.0
CB2842,4,acetylcholine,central,,,,3.14,2292.0
CB2843,2,glutamate,central,,,,10.64,282.0
CB2844,2,acetylcholine,central,,,,9.59,834.0
CB2845,4,acetylcholine,central,,,,5.54,487.0
CB2846,3,acetylcholine,central,,,,10.82,1026.0
CB2847,2,gaba,central,,,,0.47,1477.0
CB2848,2,acetylcholine,central,,,,1.07,1675.0
CB2849,5,acetylcholine,central,,,,82.53,372.0
CB2850,3,glutamate,central,,,,2.55,157.0
CB2851,3,glutamate,central,,,,0.12,803.0
CB2853,4,gaba,central,,,,33.3,1982.0
CB2854,6,glutamate,central,,,,0.22,2283.0
CB2855,2,acetylcholine,central,,,,2.43,1356.0
CB2856,4,acetylcholine,central,,,,0.0,325.0
CB2858,5,acetylcholine,central,,,,28.4,1627.0
CB2859,4,gaba,central,,,,11.77,824.0
CB2860,2,glutamate,central,,,,4.95,666.0
CB2861,2,glutamate,central,,,,0.44,677.0
CB2862,4,gaba,central,,,,1.14,880.0
CB2863,5,acetylcholine,central,,,,1.97,3000.0
CB2864,4,acetylcholine,central,,,,7.75,710.0
CB2865,2,acetylcholine,central,,,,1.28,467.0
CB2866,2,acetylcholine,central,,,,27.72,855.0
CB2867,2,acetylcholine,central,,,,30.64,731.0
CB2868_a,5,acetylcholine,central,,,,18.76,1061.0
CB2868_b,2,acetylcholine,central,,,,17.35,565.0
CB2869,4,glutamate,central,,,,6.0,1084.0
CB2870,2,acetylcholine,central,,,,42.93,573.0
CB2872,8,gaba,central,,,,86.25,4619.0
CB2873,4,glutamate,central,,,,1.47,678.0
CB2874,3,acetylcholine,central,,,,33.18,844.0
CB2876,4,acetylcholine,central,,,,10.1,525.0
CB2877,2,acetylcholine,central,,,,2.01,349.0
CB2878,2,glutamate,central,,,,45.31,565.0
CB2879,2,acetylcholine,central,,,,0.26,389.0
CB2880,2,gaba,central,,,,0.61,978.0
CB2881,12,glutamate,central,,,,5.12,2032.0
CB2883,2,acetylcholine,central,,,,89.18,656.0
CB2884,4,glutamate,central,,,,1.01,1287.0
CB2885,4,glutamate,central,,,,12.27,2364.0
CB2886,5,acetylcholine,central,,,,57.14,161.0
CB2887,4,acetylcholine,central,,,,0.68,1031.0
CB2888,6,glutamate,central,,,,6.41,1202.0
CB2889,2,glutamate,central,,,,0.34,592.0
CB2891,4,glutamate,central,,,,95.99,1097.0
CB2892,6,acetylcholine,central,,,,2.42,1279.0
CB2893,4,gaba,central,,,,13.7,1343.0
CB2894,5,glutamate,central,,,,13.91,453.0
CB2895,4,acetylcholine,central,,,,1.13,444.0
CB2896,7,acetylcholine,central,,,,42.47,2112.0
CB2897,3,acetylcholine,central,,,,25.56,450.0
CB2898,2,glutamate,central,,,,70.27,111.0
CB2899,4,acetylcholine,central,,,,0.38,780.0
CB2901,15,glutamate,central,,,,2.69,1525.0
CB2902,2,glutamate,central,,,,98.22,619.0
CB2903,3,acetylcholine,central,,,,30.57,942.0
CB2904,2,glutamate,central,,,,0.29,690.0
CB2905,3,glutamate,central,,,,98.8,1587.0
CB2906,4,glutamate,central,,,,0.56,1795.0
CB2907,4,acetylcholine,central,,,,1.06,847.0
CB2908,4,gaba,central,,,,5.07,1104.0
CB2909,3,acetylcholine,central,,,,57.76,793.0
CB2910,6,acetylcholine,central,,,,0.54,1477.0
CB2911,4,acetylcholine,central,,,,0.59,683.0
CB2912,4,glutamate,central,,,,1.9,1157.0
CB2913,2,gaba,central,,,,3.85,649.0
CB2914,5,glutamate,central,,,,0.25,2030.0
CB2915,3,glutamate,central,,,,1.35,296.0
CB2917,2,acetylcholine,central,,,,63.56,505.0
CB2918,2,acetylcholine,central,,,,0.14,698.0
CB2919,5,acetylcholine,central,,,,1.89,739.0
CB2920,5,glutamate,central,,,,2.45,1266.0
CB2921,3,acetylcholine,central,,,,5.74,366.0
CB2922,4,gaba,central,,,,3.48,1064.0
CB2923,6,glutamate,central,,,,1.57,2671.0
CB2924,3,acetylcholine,central,,,,1.25,880.0
CB2925,3,acetylcholine,central,,,,2.58,658.0
CB2926,3,acetylcholine,central,,,,23.15,769.0
CB2927,2,acetylcholine,central,,,,0.0,236.0
CB2928,10,acetylcholine,central,,,,3.95,2126.0
CB2929,3,glutamate,central,,,,1.26,477.0
CB2930,5,acetylcholine,central,,,,20.81,1917.0
CB2931,4,glutamate,central,,,,1.53,522.0
CB2932,4,glutamate,central,,,,14.19,937.0
CB2933,2,acetylcholine,central,,,,7.02,456.0
CB2934,5,acetylcholine,central,,,,33.33,1212.0
CB2935,2,acetylcholine,central,,,,45.09,428.0
CB2936,2,gaba,central,,,,3.83,626.0
CB2937,3,glutamate,central,,,,13.48,816.0
CB2938,2,acetylcholine,central,,,,7.66,796.0
CB2940,2,acetylcholine,central,,,,4.11,2360.0
CB2941,2,acetylcholine,central,,,,84.5,471.0
CB2942,2,acetylcholine,central,,,,63.93,280.0
CB2943,3,glutamate,central,,,,66.45,1228.0
CB2944,4,glutamate,central,,,,5.13,351.0
CB2945,4,glutamate,central,,,,2.09,1486.0
CB2946,2,acetylcholine,central,,,,84.11,365.0
CB2947,3,glutamate,central,,,,8.48,932.0
CB2948,2,glutamate,central,,,,3.98,251.0
CB2949,2,gaba,central,,,,3.78,556.0
CB2950,6,acetylcholine,central,,,,0.74,1343.0
CB2951,3,glutamate,central,,,,98.83,1371.0
CB2952,4,glutamate,central,,,,2.5,1201.0
CB2953,2,glutamate,central,,,,7.93,921.0
CB2954,3,glutamate,central,,,,3.79,738.0
CB2955,7,glutamate,central,,,,3.01,764.0
CB2956,2,acetylcholine,central,,,,89.74,312.0
CB2957,6,gaba,central,,,,1.12,2599.0
CB2958,2,glutamate,central,,,,0.43,470.0
CB2960,5,acetylcholine,central,,,,0.65,612.0
CB2961,4,glutamate,central,,,,4.89,552.0
CB2962,9,gaba,central,,,,17.73,4129.0
CB2962a,1,gaba,central,,,,17.32,612.0
CB2963,2,acetylcholine,central,,,,1.75,1260.0
CB2965,5,gaba,central,,,,0.71,841.0
CB2966,4,glutamate,central,,,,98.22,2525.0
CB2967,3,glutamate,central,,,,24.33,781.0
CB2968,5,glutamate,central,,,,30.38,1162.0
CB2969,2,acetylcholine,central,,,,0.0,204.0
CB2970,2,glutamate,central,,,,0.58,516.0
CB2971,2,acetylcholine,central,,,,0.6,2005.0
CB2972,2,acetylcholine,central,,,,60.73,550.0
CB2973,3,gaba,central,,,,0.21,485.0
CB2974,3,acetylcholine,central,,,,65.55,923.0
CB2975,2,acetylcholine,central,,,,7.89,811.0
CB2976,4,acetylcholine,central,,,,0.28,359.0
CB2977,2,acetylcholine,central,,,,1.93,726.0
CB2978,3,gaba,central,,,,0.64,1560.0
CB2979,2,acetylcholine,central,,,,2.31,563.0
CB2980,2,acetylcholine,central,,,,32.03,306.0
CB2981,4,acetylcholine,central,,,,55.98,1397.0
CB2982,2,glutamate,central,,,,74.16,507.0
CB2983,2,gaba,central,,,,3.77,610.0
CB2984,4,glutamate,central,,,,0.48,1858.0
CB2985,3,acetylcholine,central,,,,92.2,590.0
CB2987,6,acetylcholine,central,,,,0.74,952.0
CB2988,2,glutamate,central,,,,31.88,480.0
CB2989,10,glutamate,central,,,,1.22,1063.0
CB2991,4,acetylcholine,central,,,,9.91,797.0
CB2992,3,glutamate,central,,,,14.86,276.0
CB2993,1,acetylcholine,central,,,,10.57,246.0
CB2995,7,glutamate,central,,,,98.09,3149.0
CB2996,3,glutamate,central,,,,97.46,630.0
CB2997,2,acetylcholine,central,,,,76.48,710.0
CB2998,4,glutamate,central,,,,0.55,729.0
CB2999,2,glutamate,central,,,,6.41,343.0
CB3000,6,acetylcholine,central,,,,1.96,2046.0
CB3001,4,acetylcholine,central,,,,6.89,1509.0
CB3002,3,acetylcholine,central,,,,12.84,911.0
CB3003,2,glutamate,central,,,,25.52,2100.0
CB3004,4,acetylcholine,central,,,,25.38,2396.0
CB3005,5,glutamate,central,,,,8.2,610.0
CB3006,3,acetylcholine,central,,,,20.65,1201.0
CB3007,7,gaba,central,,,,11.17,1423.0
CB3008,2,acetylcholine,central,,,,2.29,349.0
CB3009,2,acetylcholine,central,,,,2.94,1293.0
CB3010,5,acetylcholine,central,,,,93.98,1627.0
CB3011,2,acetylcholine,central,,,,24.0,525.0
CB3012,3,glutamate,central,,,,0.57,696.0
CB3013,5,gaba,central,,,,1.98,1764.0
CB3014,4,acetylcholine,central,,,,87.63,2345.0
CB3015,4,acetylcholine,central,,,,10.47,1127.0
CB3016,6,gaba,central,,,,0.2,1538.0
CB3017,4,acetylcholine,central,,,,18.95,1050.0
CB3018,2,glutamate,central,,,,13.53,717.0
CB3019,5,acetylcholine,central,,,,17.99,2918.0
CB3020,2,acetylcholine,central,,,,2.93,581.0
CB3021,3,acetylcholine,central,,,,0.73,550.0
CB3023,4,acetylcholine,central,,,,0.89,1679.0
CB3024,6,gaba,central,,,,11.01,3016.0
CB3026,4,acetylcholine,central,,,,50.33,1498.0
CB3029,10,acetylcholine,central,,,,1.2,1415.0
CB3030,2,dopamine,central,,,,2.68,298.0
CB3031,5,acetylcholine,central,,,,24.35,1988.0
CB3032,2,gaba,central,,,,25.89,367.0
CB3033,6,gaba,central,,,,5.39,2633.0
CB3034,6,glutamate,central,,,,1.68,1133.0
CB3035,4,acetylcholine,central,,,,37.21,653.0
CB3036,5,gaba,central,,,,0.72,1658.0
CB3037,5,glutamate,central,,,,82.57,981.0
CB3038,2,glutamate,central,,,,0.45,221.0
CB3040,4,acetylcholine,central,,,,3.61,2051.0
CB3041,2,glutamate,central,,,,5.99,334.0
CB3042,7,acetylcholine,central,,,,4.24,2807.0
CB3043,6,acetylcholine,central,,,,4.54,1014.0
CB3044,3,acetylcholine,central,,,,88.0,850.0
CB3045,2,glutamate,central,,,,0.66,1059.0
CB3046,2,acetylcholine,central,,,,44.99,778.0
CB3047,2,glutamate,central,,,,0.77,907.0
CB3048,6,acetylcholine,central,,,,19.13,1009.0
CB3049,4,acetylcholine,central,,,,5.71,1016.0
CB3050,10,acetylcholine,central,,,,8.23,1617.0
CB3051,2,gaba,central,,,,0.53,1327.0
CB3052,2,glutamate,central,,,,50.0,800.0
CB3054,5,acetylcholine,central,,,,4.84,972.0
CB3055,6,acetylcholine,central,,,,18.94,734.0
CB3056,8,glutamate,central,,,,5.63,3906.0
CB3057,2,acetylcholine,central,,,,16.3,1663.0
CB3058,2,acetylcholine,central,,,,90.24,697.0
CB3060,3,acetylcholine,central,,,,4.11,950.0
CB3061,4,gaba,central,,,,0.96,1045.0
CB3063,3,gaba,central,,,,4.83,1968.0
CB3064,4,gaba,central,,,,2.1,2193.0
CB3065,4,gaba,central,,,,3.47,1670.0
CB3066,2,acetylcholine,central,,,,85.92,888.0
CB3067,2,acetylcholine,central,,,,1.48,1755.0
CB3069,3,acetylcholine,central,,,,5.39,631.0
CB3071,4,glutamate,central,,,,0.15,666.0
CB3072,4,acetylcholine,central,,,,12.53,990.0
CB3073,4,glutamate,central,,,,3.35,1401.0
CB3074,4,acetylcholine,central,,,,96.37,661.0
CB3075,5,acetylcholine,central,,,,2.45,449.0
CB3076,4,acetylcholine,central,,,,4.41,998.0
CB3077,2,gaba,central,,,,14.0,800.0
CB3079,2,glutamate,central,,,,1.54,521.0
CB3080,4,glutamate,central,,,,1.94,1236.0
CB3081,5,acetylcholine,central,,,,0.93,858.0
CB3082,3,acetylcholine,central,,,,92.05,1598.0
CB3083,2,acetylcholine,central,,,,87.44,207.0
CB3084,2,glutamate,central,,,,10.07,278.0
CB3085,4,acetylcholine,central,,,,0.97,924.0
CB3087,2,acetylcholine,central,,,,2.28,394.0
CB3088,2,glutamate,central,,,,0.67,299.0
CB3089,4,acetylcholine,central,,,,1.04,772.0
CB3092,5,acetylcholine,central,,,,1.38,1961.0
CB3093,3,acetylcholine,central,,,,7.55,821.0
CB3094,2,glutamate,central,,,,6.31,745.0
CB3095,8,glutamate,central,,,,16.94,856.0
CB3098,2,acetylcholine,central,,,,89.23,752.0
CB3099,3,acetylcholine,central,,,,23.99,1113.0
CB3102,4,acetylcholine,central,,,,8.17,1407.0
CB3103,5,glutamate,central,,,,6.72,982.0
CB3104,7,acetylcholine,central,,,,1.62,4324.0
CB3105,4,gaba,central,,,,38.59,1967.0
CB3106,2,acetylcholine,central,,,,70.04,257.0
CB3107,3,acetylcholine,central,,,,0.99,203.0
CB3108,3,gaba,central,,,,2.16,1436.0
CB3109,2,glutamate,central,,,,0.86,694.0
CB3110,6,acetylcholine,central,,,,0.56,4684.0
CB3111,6,acetylcholine,central,,,,90.01,3442.0
CB3112,4,acetylcholine,central,,,,2.5,1120.0
CB3113,4,acetylcholine,central,,,,82.46,1414.0
CB3114,4,acetylcholine,central,,,,41.3,1736.0
CB3115,2,acetylcholine,central,,,,12.27,1882.0
CB3117,3,acetylcholine,central,,,,1.52,855.0
CB3118,7,glutamate,central,,,,8.46,603.0
CB3119,5,acetylcholine,central,,,,41.68,1449.0
CB3120,2,acetylcholine,central,,,,8.85,418.0
CB3121,4,acetylcholine,central,,,,6.57,1096.0
CB3122,4,acetylcholine,central,,,,17.76,1644.0
CB3123,2,gaba,central,,,,7.53,332.0
CB3124,3,acetylcholine,central,,,,6.43,451.0
CB3125,3,acetylcholine,central,,,,2.58,155.0
CB3126,2,acetylcholine,central,,,,28.61,395.0
CB3127,6,acetylcholine,central,,,,87.17,3460.0
CB3129,2,acetylcholine,central,,,,53.54,792.0
CB3130,6,acetylcholine,central,,,,4.39,433.0
CB3131,2,glutamate,central,,,,0.18,2237.0
CB3132,2,acetylcholine,central,,,,61.26,506.0
CB3133,3,acetylcholine,central,,,,1.43,419.0
CB3134a,1,acetylcholine,central,,,,2.54,197.0
CB3134b,2,acetylcholine,central,,,,40.93,535.0
CB3135,4,glutamate,central,,,,59.91,1105.0
CB3136,4,acetylcholine,central,,,,2.24,1252.0
CB3138,4,acetylcholine,central,,,,0.66,604.0
CB3140,4,acetylcholine,central,,,,73.21,1146.0
CB3141,4,glutamate,central,,,,0.2,498.0
CB3142,4,acetylcholine,central,,,,3.47,1180.0
CB3143,5,glutamate,central,,,,3.25,1691.0
CB3145,2,glutamate,central,,,,1.04,383.0
CB3146,4,acetylcholine,central,,,,19.32,1201.0
CB3147,3,acetylcholine,central,,,,4.81,998.0
CB3148,3,acetylcholine,central,,,,0.34,871.0
CB3149,2,gaba,central,,,,2.99,635.0
CB3150,6,acetylcholine,central,,,,91.14,1975.0
CB3151,2,gaba,central,,,,25.44,688.0
CB3152,2,glutamate,central,,,,5.17,774.0
CB3153,4,gaba,central,,,,30.68,805.0
CB3154,2,acetylcholine,central,,,,2.09,621.0
CB3155,2,glutamate,central,,,,4.86,329.0
CB3156,3,gaba,central,,,,21.97,842.0
CB3157,2,glutamate,central,,,,2.08,192.0
CB3158,2,acetylcholine,central,,,,73.82,680.0
CB3160,5,acetylcholine,central,,,,1.1,1086.0
CB3162,4,acetylcholine,central,,,,36.79,3319.0
CB3163,4,glutamate,central,,,,1.53,916.0
CB3164,2,acetylcholine,central,,,,91.74,763.0
CB3166,2,acetylcholine,central,,,,7.27,110.0
CB3168,2,glutamate,central,,,,2.26,753.0
CB3169,3,glutamate,central,,,,1.63,246.0
CB3171,2,glutamate,central,,,,7.54,345.0
CB3172,2,glutamate,central,,,,46.71,516.0
CB3173,6,acetylcholine,central,,,,32.62,466.0
CB3174,5,acetylcholine,central,,,,40.26,919.0
CB3175,2,glutamate,central,,,,7.88,368.0
CB3176,4,acetylcholine,central,,,,27.56,2043.0
CB3177,2,gaba,central,,,,10.62,913.0
CB3178,2,acetylcholine,central,,,,4.19,811.0
CB3179,2,acetylcholine,central,,,,0.38,1302.0
CB3180,2,glutamate,central,,,,2.44,287.0
CB3181,3,glutamate,central,,,,2.55,588.0
CB3182,5,glutamate,central,,,,0.93,646.0
CB3183,3,gaba,central,,,,22.71,1145.0
CB3184,4,acetylcholine,central,,,,39.12,3423.0
CB3185,4,glutamate,central,,,,1.06,1221.0
CB3186,2,gaba,central,,,,0.39,1811.0
CB3187,2,glutamate,central,,,,22.77,593.0
CB3189,4,glutamate,central,,,,19.37,1239.0
CB3190,3,glutamate,central,,,,1.81,1602.0
CB3191,3,glutamate,central,,,,0.32,314.0
CB3192,4,glutamate,central,,,,8.16,343.0
CB3193,2,glutamate,central,,,,4.17,216.0
CB3194,4,acetylcholine,central,,,,4.64,1335.0
CB3195,2,acetylcholine,central,,,,97.19,606.0
CB3196,2,gaba,central,,,,2.94,1123.0
CB3197,3,glutamate,central,,,,54.15,1326.0
CB3198,4,acetylcholine,central,,,,4.47,1499.0
CB3199,4,acetylcholine,central,,,,13.24,967.0
CB3200,2,gaba,central,,,,2.06,1603.0
CB3200b,4,gaba,central,,,,3.25,2803.0
CB3201,4,acetylcholine,central,,,,6.99,1630.0
CB3202,4,gaba,central,,,,3.74,1363.0
CB3203,2,acetylcholine,central,,,,22.92,384.0
CB3204,2,acetylcholine,central,,,,68.94,573.0
CB3205,2,acetylcholine,central,,,,3.13,1535.0
CB3206,3,acetylcholine,central,,,,0.91,1861.0
CB3207,3,gaba,central,,,,0.4,1003.0
CB3208,4,acetylcholine,central,,,,15.82,455.0
CB3209,2,acetylcholine,central,,,,11.27,719.0
CB3210,2,acetylcholine,central,,,,6.27,638.0
CB3211,4,acetylcholine,central,,,,9.42,1083.0
CB3212,2,acetylcholine,central,,,,1.47,1020.0
CB3214,2,acetylcholine,central,,,,19.37,671.0
CB3215,4,acetylcholine,central,,,,48.64,1544.0
CB3218,4,acetylcholine,central,,,,1.54,2010.0
CB3219,2,acetylcholine,central,,,,9.74,267.0
CB3220,2,acetylcholine,central,,,,89.55,584.0
CB3221,2,glutamate,central,,,,2.56,898.0
CB3223,3,glutamate,central,,,,0.81,369.0
CB3224,2,acetylcholine,central,,,,1.45,345.0
CB3225,4,acetylcholine,central,,,,19.3,1114.0
CB3226,2,acetylcholine,central,,,,1.88,480.0
CB3227,2,glutamate,central,,,,4.2,881.0
CB3228,2,gaba,central,,,,0.86,584.0
CB3229,4,acetylcholine,central,,,,19.29,679.0
CB3230,4,acetylcholine,central,,,,10.86,608.0
CB3231,5,acetylcholine,central,,,,4.23,1725.0
CB3233,3,acetylcholine,central,,,,7.96,1281.0
CB3234,4,acetylcholine,central,,,,7.78,1543.0
CB3235,2,acetylcholine,central,,,,75.51,935.0
CB3236,3,glutamate,central,,,,7.44,672.0
CB3238,2,acetylcholine,central,,,,95.34,1782.0
CB3239,4,acetylcholine,central,,,,18.77,1151.0
CB3240,2,acetylcholine,central,,,,3.74,669.0
CB3241,2,acetylcholine,central,,,,17.45,1106.0
CB3242,2,gaba,central,,,,38.25,719.0
CB3243,6,acetylcholine,central,,,,47.12,1144.0
CB3244,2,acetylcholine,central,,,,4.14,1086.0
CB3245,6,gaba,central,,,,13.72,7053.0
CB3248,6,acetylcholine,central,,,,2.37,1647.0
CB3249,2,glutamate,central,,,,5.21,326.0
CB3250,2,acetylcholine,central,,,,47.44,919.0
CB3251,2,acetylcholine,central,,,,0.35,288.0
CB3252,7,glutamate,central,,,,9.78,859.0
CB3253,2,acetylcholine,central,,,,4.5,555.0
CB3254,3,acetylcholine,central,,,,13.36,876.0
CB3255,2,acetylcholine,central,,,,1.27,1180.0
CB3256,6,acetylcholine,central,,,,6.88,843.0
CB3257,4,acetylcholine,central,,,,47.77,2106.0
CB3260,2,acetylcholine,central,,,,1.95,870.0
CB3261,7,acetylcholine,central,,,,8.35,2011.0
CB3263,3,acetylcholine,central,,,,53.22,1026.0
CB3264,5,acetylcholine,central,,,,1.08,2409.0
CB3267,4,glutamate,central,,,,17.72,965.0
CB3268,3,glutamate,central,,,,0.86,1162.0
CB3269,6,acetylcholine,central,,,,2.18,3071.0
CB3270,3,acetylcholine,central,,,,56.29,1208.0
CB3272,8,glutamate,central,,,,15.58,2337.0
CB3273,4,gaba,central,,,,2.18,1793.0
CB3274,3,acetylcholine,central,,,,0.8,502.0
CB3275,6,gaba,central,,,,5.08,4605.0
CB3276,6,acetylcholine,central,,,,3.87,1266.0
CB3277,2,acetylcholine,central,,,,1.83,1094.0
CB3278,2,glutamate,central,,,,0.15,2037.0
CB3279,4,gaba,central,,,,25.76,893.0
CB3280,2,acetylcholine,central,,,,15.31,196.0
CB3281,2,glutamate,central,,,,0.57,704.0
CB3283,4,gaba,central,,,,2.86,1153.0
CB3284,2,acetylcholine,central,,,,0.2,496.0
CB3285,3,glutamate,central,,,,3.31,514.0
CB3286,2,gaba,central,,,,68.35,3207.0
CB3287,7,acetylcholine,central,,,,3.72,2444.0
CB3288,4,glutamate,central,,,,0.43,1637.0
CB3289,5,acetylcholine,central,,,,9.55,3331.0
CB3290,6,glutamate,central,,,,1.52,4351.0
CB3291,2,acetylcholine,central,,,,5.57,754.0
CB3292,4,acetylcholine,central,,,,41.13,1624.0
CB3293,6,acetylcholine,central,,,,1.72,1164.0
CB3294,3,gaba,central,,,,0.19,1081.0
CB3295,3,acetylcholine,central,,,,1.93,1919.0
CB3297,2,gaba,central,,,,49.02,1589.0
CB3298,5,acetylcholine,central,,,,37.74,1701.0
CB3299,2,acetylcholine,central,,,,0.64,782.0
CB3300,8,acetylcholine,central,,,,45.92,1494.0
CB3302,3,acetylcholine,central,,,,7.05,1716.0
CB3304,4,acetylcholine,central,,,,0.79,1136.0
CB3305,4,acetylcholine,central,,,,38.43,3177.0
CB3306,2,acetylcholine,central,,,,15.85,820.0
CB3308,5,acetylcholine,central,,,,5.15,932.0
CB3309,2,glutamate,central,,,,58.27,532.0
CB3310,2,acetylcholine,central,,,,7.29,713.0
CB3312,5,acetylcholine,central,,,,43.79,1651.0
CB3313,5,acetylcholine,central,,,,15.6,1776.0
CB3314,3,gaba,central,,,,2.85,702.0
CB3315,2,acetylcholine,central,,,,5.43,682.0
CB3316,2,acetylcholine,central,,,,29.33,341.0
CB3317,2,acetylcholine,central,,,,69.86,1689.0
CB3318,4,acetylcholine,central,,,,0.86,582.0
CB3319,2,acetylcholine,central,,,,6.01,366.0
CB3320,6,gaba,central,,,,12.68,5063.0
CB3321,3,gaba,central,,,,15.52,1824.0
CB3322,4,acetylcholine,central,,,,3.06,2188.0
CB3323,2,gaba,central,,,,7.57,951.0
CB3324,5,acetylcholine,central,,,,1.91,3396.0
CB3325,2,glutamate,central,,,,33.38,650.0
CB3326,4,glutamate,central,,,,29.87,1175.0
CB3327,2,acetylcholine,central,,,,17.51,2325.0
CB3328,4,acetylcholine,central,,,,23.74,1891.0
CB3329,6,acetylcholine,central,,,,2.35,5453.0
CB3330,3,acetylcholine,central,,,,3.07,228.0
CB3331,4,acetylcholine,central,,,,4.54,1896.0
CB3332,2,acetylcholine,central,,,,65.51,1067.0
CB3335,2,gaba,central,,,,58.38,877.0
CB3336,2,glutamate,central,,,,6.02,498.0
CB3337,5,acetylcholine,central,,,,1.64,2079.0
CB3339,2,acetylcholine,central,,,,48.75,720.0
CB3340,4,acetylcholine,central,,,,35.09,704.0
CB3341,2,glutamate,central,,,,0.53,1122.0
CB3342,2,acetylcholine,central,,,,1.72,580.0
CB3343,2,acetylcholine,central,,,,35.66,816.0
CB3344,2,glutamate,central,,,,0.72,553.0
CB3345,3,acetylcholine,central,,,,3.03,857.0
CB3346,2,gaba,central,,,,10.47,659.0
CB3347,2,dopamine,central,,,,0.88,341.0
CB3348,2,gaba,central,,,,9.79,1461.0
CB3349,2,acetylcholine,central,,,,6.14,391.0
CB3351,2,gaba,central,,,,12.47,3031.0
CB3352,2,gaba,central,,,,11.53,590.0
CB3353,2,gaba,central,,,,16.65,2468.0
CB3354,2,glutamate,central,,,,12.74,361.0
CB3355,2,acetylcholine,central,,,,75.2,2601.0
CB3356,2,acetylcholine,central,,,,1.3,768.0
CB3357,3,acetylcholine,central,,,,4.23,757.0
CB3358,2,acetylcholine,central,,,,1.97,508.0
CB3359,2,acetylcholine,central,,,,0.84,831.0
CB3360,4,glutamate,central,,,,3.46,664.0
CB3361,3,glutamate,central,,,,1.5,1070.0
CB3362,2,glutamate,central,,,,43.2,1155.0
CB3363,2,acetylcholine,central,,,,64.11,2187.0
CB3364,3,acetylcholine,central,,,,56.94,1686.0
CB3365,2,acetylcholine,central,,,,51.47,882.0
CB3366,9,acetylcholine,central,,,,5.4,2498.0
CB3368,2,acetylcholine,central,,,,2.63,1523.0
CB3369,4,acetylcholine,central,,,,2.82,1845.0
CB3370,5,acetylcholine,central,,,,0.99,1616.0
CB3371,4,gaba,central,,,,28.72,2629.0
CB3372,4,acetylcholine,central,,,,79.89,2451.0
CB3373,2,acetylcholine,central,,,,1.23,1540.0
CB3374,4,acetylcholine,central,,,,29.95,828.0
CB3376,2,acetylcholine,central,,,,94.02,1321.0
CB3377,3,acetylcholine,central,,,,4.6,804.0
CB3378,2,gaba,central,,,,18.92,576.0
CB3379,3,gaba,central,,,,13.88,1434.0
CB3380,2,acetylcholine,central,,,,2.75,692.0
CB3381,2,gaba,central,,,,7.21,596.0
CB3382,4,acetylcholine,central,,,,42.67,2871.0
CB3383,5,acetylcholine,central,,,,0.41,1692.0
CB3384,2,glutamate,central,,,,3.08,2075.0
CB3385,2,acetylcholine,central,,,,30.26,1117.0
CB3386,8,acetylcholine,central,,,,8.7,2414.0
CB3387,2,glutamate,central,,,,2.23,1257.0
CB3388,2,gaba,central,,,,22.29,1974.0
CB3390,4,acetylcholine,central,,,,28.42,2840.0
CB3391,6,glutamate,central,,,,3.93,3591.0
CB3392,4,acetylcholine,central,,,,5.33,2610.0
CB3393,3,gaba,central,,,,0.82,613.0
CB3394,2,gaba,central,,,,17.17,565.0
CB3395,2,acetylcholine,central,,,,72.5,691.0
CB3396,4,glutamate,central,,,,8.01,1786.0
CB3398,2,acetylcholine,central,,,,14.92,1180.0
CB3399,3,glutamate,central,,,,4.92,752.0
CB3400,2,acetylcholine,central,,,,1.19,1428.0
CB3401,6,gaba,central,,,,33.24,2374.0
CB3402,3,acetylcholine,central,,,,46.52,1322.0
CB3403,4,acetylcholine,central,,,,44.77,1559.0
CB3404,5,acetylcholine,central,,,,35.81,4072.0
CB3405,2,acetylcholine,central,,,,17.61,778.0
CB3406,2,acetylcholine,central,,,,3.34,629.0
CB3407,2,acetylcholine,central,,,,1.26,476.0
CB3408,2,glutamate,central,,,,0.53,939.0
CB3409,4,acetylcholine,central,,,,0.44,3663.0
CB3410,2,glutamate,central,,,,3.19,188.0
CB3411,2,gaba,central,,,,29.15,1928.0
CB3412,4,glutamate,central,,,,43.12,2901.0
CB3413,5,acetylcholine,central,,,,47.56,1188.0
CB3414,4,acetylcholine,central,,,,3.28,1494.0
CB3415,2,acetylcholine,central,,,,41.63,1230.0
CB3416,4,gaba,central,,,,41.71,2829.0
CB3417,7,glutamate,central,,,,18.06,4762.0
CB3418,2,acetylcholine,central,,,,1.1,456.0
CB3419,5,gaba,central,,,,4.16,2307.0
CB3422,2,acetylcholine,central,,,,7.11,1322.0
CB3423,4,acetylcholine,central,,,,37.91,786.0
CB3424,5,acetylcholine,central,,,,1.43,560.0
CB3425,3,acetylcholine,central,,,,0.43,4215.0
CB3426,3,glutamate,central,,,,25.87,688.0
CB3427,2,acetylcholine,central,,,,28.41,1130.0
CB3428,1,glutamate,central,,,,5.49,91.0
CB3429,2,acetylcholine,central,,,,18.52,1312.0
CB3430,2,acetylcholine,central,,,,22.04,785.0
CB3431,5,acetylcholine,central,,,,5.73,2392.0
CB3432,2,acetylcholine,central,,,,2.63,456.0
CB3433,2,acetylcholine,central,,,,20.83,816.0
CB3434,4,acetylcholine,central,,,,16.31,1796.0
CB3435,3,acetylcholine,central,,,,0.0,1362.0
CB3436,2,acetylcholine,central,,,,0.52,969.0
CB3437,4,acetylcholine,central,,,,43.48,2686.0
CB3438,2,gaba,central,,,,30.2,351.0
CB3439,5,glutamate,central,,,,66.85,4679.0
CB3441,2,acetylcholine,central,,,,26.61,1041.0
CB3442,2,acetylcholine,central,,,,1.06,1130.0
CB3444,2,acetylcholine,central,,,,61.97,2138.0
CB3445,3,acetylcholine,central,,,,4.27,1381.0
CB3446,4,acetylcholine,central,,,,47.4,1462.0
CB3447,3,gaba,central,,,,0.73,1241.0
CB3448,2,acetylcholine,central,,,,3.41,587.0
CB3449,6,glutamate,central,,,,10.71,1036.0
CB3450,3,acetylcholine,central,,,,5.22,1780.0
CB3452,2,acetylcholine,central,,,,7.62,2100.0
CB3453,2,gaba,central,,,,6.2,629.0
CB3454,3,acetylcholine,central,,,,4.04,371.0
CB3455,2,acetylcholine,central,,,,3.72,511.0
CB3456,2,acetylcholine,central,,,,4.94,1600.0
CB3457,4,gaba,central,,,,0.09,2165.0
CB3458,4,acetylcholine,central,,,,5.28,1478.0
CB3459,3,acetylcholine,central,,,,2.98,2147.0
CB3461,3,acetylcholine,central,,,,57.89,729.0
CB3462,3,acetylcholine,central,,,,48.91,967.0
CB3463,2,gaba,central,,,,15.99,769.0
CB3464,5,glutamate,central,,,,2.91,1786.0
CB3465,2,acetylcholine,central,,,,21.98,887.0
CB3466,4,acetylcholine,central,,,,22.54,2675.0
CB3467,2,acetylcholine,central,,,,4.28,1238.0
CB3468,2,acetylcholine,central,,,,1.12,625.0
CB3469,2,acetylcholine,central,,,,2.49,481.0
CB3470,4,acetylcholine,central,,,,30.78,939.0
CB3471,2,gaba,central,,,,6.92,896.0
CB3472,2,acetylcholine,central,,,,21.53,1110.0
CB3473,2,acetylcholine,central,,,,34.92,630.0
CB3474,3,acetylcholine,central,,,,22.95,562.0
CB3476,4,acetylcholine,central,,,,6.31,1237.0
CB3477,2,glutamate,central,,,,0.86,583.0
CB3479,4,acetylcholine,central,,,,3.54,1723.0
CB3480,2,gaba,central,,,,3.39,1388.0
CB3482,3,acetylcholine,central,,,,6.76,1228.0
CB3483,4,gaba,central,,,,53.2,2483.0
CB3484,3,acetylcholine,central,,,,24.66,1898.0
CB3485,2,acetylcholine,central,,,,15.35,658.0
CB3486,6,gaba,central,,,,11.39,1897.0
CB3487,2,acetylcholine,central,,,,9.48,1308.0
CB3488,2,acetylcholine,central,,,,8.9,1123.0
CB3489,2,glutamate,central,,,,2.97,572.0
CB3491,4,gaba,central,,,,10.08,4248.0
CB3492,2,acetylcholine,central,,,,42.27,343.0
CB3493,2,acetylcholine,central,,,,11.46,881.0
CB3496,2,acetylcholine,central,,,,1.73,750.0
CB3497,4,gaba,central,,,,22.5,1071.0
CB3498,2,acetylcholine,central,,,,7.27,660.0
CB3499,2,acetylcholine,central,,,,5.68,1249.0
CB3500,4,acetylcholine,central,,,,19.21,1999.0
CB3501,3,acetylcholine,central,,,,6.32,506.0
CB3502,4,acetylcholine,central,,,,37.09,1898.0
CB3503,5,acetylcholine,central,,,,20.64,1652.0
CB3504,3,acetylcholine,central,,,,0.26,385.0
CB3505,5,glutamate,central,,,,14.09,1001.0
CB3506,2,glutamate,central,,,,3.07,358.0
CB3507,4,acetylcholine,central,,,,6.72,1309.0
CB3508,7,glutamate,central,,,,9.3,1645.0
CB3509,4,acetylcholine,central,,,,3.22,3075.0
CB3510,2,acetylcholine,central,,,,0.45,222.0
CB3512,2,glutamate,central,,,,45.27,2549.0
CB3513a,2,gaba,central,,,,20.91,3157.0
CB3513b,2,gaba,central,,,,14.72,1209.0
CB3514,4,acetylcholine,central,,,,1.98,3640.0
CB3515,3,acetylcholine,central,,,,4.85,1836.0
CB3516,2,acetylcholine,central,,,,2.76,1342.0
CB3517,2,glutamate,central,,,,50.23,213.0
CB3518,4,acetylcholine,central,,,,2.42,4423.0
CB3519,2,acetylcholine,central,,,,7.71,713.0
CB3520,2,glutamate,central,,,,50.96,1095.0
CB3521,2,acetylcholine,central,,,,24.7,834.0
CB3522,4,glutamate,central,,,,2.35,810.0
CB3523,2,acetylcholine,central,,,,6.08,1612.0
CB3524,4,acetylcholine,central,,,,93.83,2723.0
CB3525,3,acetylcholine,central,,,,1.48,2630.0
CB3527,2,acetylcholine,central,,,,17.79,759.0
CB3528,3,gaba,central,,,,2.07,4009.0
CB3529,3,acetylcholine,central,,,,52.84,1639.0
CB3530,3,acetylcholine,central,,,,44.52,1541.0
CB3531,4,acetylcholine,central,,,,6.45,2746.0
CB3532,2,glutamate,central,,,,52.04,1641.0
CB3533,3,acetylcholine,central,,,,50.6,1413.0
CB3534,6,gaba,central,,,,27.41,2120.0
CB3535,3,acetylcholine,central,,,,10.35,1816.0
CB3536,4,gaba,central,,,,12.76,2171.0
CB3537,4,acetylcholine,central,,,,1.66,2174.0
CB3538,3,acetylcholine,central,,,,25.67,557.0
CB3539,6,glutamate,central,,,,10.81,1786.0
CB3540,2,gaba,central,,,,0.97,1137.0
CB3541,4,acetylcholine,central,,,,3.67,736.0
CB3544,2,gaba,central,,,,54.65,527.0
CB3545,3,acetylcholine,central,,,,36.1,1925.0
CB3546,3,acetylcholine,central,,,,5.63,586.0
CB3547,4,gaba,central,,,,45.12,2994.0
CB3548,5,acetylcholine,central,,,,27.66,864.0
CB3549,2,gaba,central,,,,52.67,1086.0
CB3550,2,gaba,central,,,,3.81,315.0
CB3551,3,glutamate,central,,,,4.35,1218.0
CB3552,2,gaba,central,,,,17.95,1036.0
CB3553,2,glutamate,central,,,,1.14,439.0
CB3554,5,acetylcholine,central,,,,4.21,5443.0
CB3555,4,glutamate,central,,,,1.06,1041.0
CB3556,5,acetylcholine,central,,,,36.18,1017.0
CB3557,3,acetylcholine,central,,,,16.65,1015.0
CB3559,3,acetylcholine,central,,,,9.19,2035.0
CB3560,3,gaba,central,,,,3.78,1403.0
CB3561,3,acetylcholine,central,,,,18.36,1705.0
CB3562,4,gaba,central,,,,30.51,5945.0
CB3564,2,glutamate,central,,,,46.34,1176.0
CB3565,2,glutamate,central,,,,26.38,398.0
CB3566,2,glutamate,central,,,,3.08,422.0
CB3567,4,acetylcholine,central,,,,2.39,3011.0
CB3568,2,gaba,central,,,,41.7,566.0
CB3569,2,glutamate,central,,,,37.16,818.0
CB3570,2,acetylcholine,central,,,,35.36,1165.0
CB3571,2,glutamate,central,,,,1.3,1389.0
CB3572,3,acetylcholine,central,,,,9.86,588.0
CB3573,2,acetylcholine,central,,,,49.12,570.0
CB3574,2,glutamate,central,,,,55.61,579.0
CB3575,2,acetylcholine,central,,,,17.65,612.0
CB3576,2,acetylcholine,central,,,,30.02,1842.0
CB3577,2,acetylcholine,central,,,,4.57,1642.0
CB3578,2,acetylcholine,central,,,,8.12,1429.0
CB3579,3,acetylcholine,central,,,,24.32,2656.0
CB3580,2,glutamate,central,,,,3.23,867.0
CB3581,3,acetylcholine,central,,,,44.89,3172.0
CB3582,2,gaba,central,,,,39.29,2446.0
CB3584,2,acetylcholine,central,,,,0.71,707.0
CB3587,4,gaba,central,,,,16.56,2313.0
CB3588,2,acetylcholine,central,,,,51.93,3297.0
CB3589,3,acetylcholine,central,,,,4.19,1527.0
CB3590,4,gaba,central,,,,6.42,965.0
CB3591,2,glutamate,central,,,,22.13,583.0
CB3592,3,acetylcholine,central,,,,1.68,1308.0
CB3593,2,gaba,central,,,,29.01,4622.0
CB3594,3,acetylcholine,central,,,,0.5,2188.0
CB3595,2,gaba,central,,,,7.94,1411.0
CB3598,4,acetylcholine,central,,,,1.77,1415.0
CB3599,2,gaba,central,,,,43.32,1085.0
CB3600,2,acetylcholine,central,,,,40.66,814.0
CB3601,2,acetylcholine,central,,,,46.0,850.0
CB3603,4,acetylcholine,central,,,,1.37,1605.0
CB3604,3,acetylcholine,central,,,,6.6,1726.0
CB3605,2,acetylcholine,central,,,,2.43,822.0
CB3606,3,glutamate,central,,,,88.68,2261.0
CB3607,2,acetylcholine,central,,,,1.67,1081.0
CB3608,2,acetylcholine,central,,,,1.54,389.0
CB3609,2,acetylcholine,central,,,,3.63,1651.0
CB3610,2,acetylcholine,central,,,,48.74,1746.0
CB3611,4,acetylcholine,central,,,,3.62,3677.0
CB3612,4,glutamate,central,,,,10.16,1299.0
CB3613,3,acetylcholine,central,,,,1.09,2651.0
CB3614,2,acetylcholine,central,,,,46.37,841.0
CB3615,2,acetylcholine,central,,,,41.74,1931.0
CB3617,2,acetylcholine,central,,,,39.32,585.0
CB3619,2,glutamate,central,,,,6.21,1545.0
CB3621,2,acetylcholine,central,,,,4.81,686.0
CB3622,2,gaba,central,,,,61.72,2453.0
CB3623,6,acetylcholine,central,,,,7.86,4010.0
CB3624,2,gaba,central,,,,8.4,643.0
CB3625,2,acetylcholine,central,,,,3.32,3432.0
CB3626,6,glutamate,central,,,,7.09,1820.0
CB3627,2,acetylcholine,central,,,,38.5,426.0
CB3628,2,acetylcholine,central,,,,13.85,1292.0
CB3629,4,glutamate,central,,,,32.05,2162.0
CB3630,2,glutamate,central,,,,12.66,2330.0
CB3631,2,acetylcholine,central,,,,56.17,1638.0
CB3632,3,glutamate,central,,,,23.71,932.0
CB3633,3,acetylcholine,central,,,,24.96,2300.0
CB3635,3,glutamate,central,,,,85.97,2416.0
CB3636,2,glutamate,central,,,,15.31,640.0
CB3637,4,acetylcholine,central,,,,10.95,1936.0
CB3638,3,acetylcholine,central,,,,1.69,1239.0
CB3639,2,glutamate,central,,,,2.95,1152.0
CB3640,2,gaba,central,,,,43.97,3273.0
CB3641,2,acetylcholine,central,,,,56.73,2755.0
CB3642,2,gaba,central,,,,44.51,2067.0
CB3643,2,gaba,central,,,,32.81,704.0
CB3645,2,acetylcholine,central,,,,14.82,850.0
CB3646,2,acetylcholine,central,,,,43.68,1495.0
CB3648,4,acetylcholine,central,,,,2.31,5025.0
CB3649,4,acetylcholine,central,,,,8.47,3650.0
CB3650,2,gaba,central,,,,16.38,586.0
CB3651,3,acetylcholine,central,,,,32.66,3552.0
CB3652,2,gaba,central,,,,44.55,2727.0
CB3653,2,acetylcholine,central,,,,9.05,972.0
CB3654,2,acetylcholine,central,,,,65.73,1249.0
CB3655,4,gaba,central,,,,39.38,6981.0
CB3656,2,gaba,central,,,,19.82,676.0
CB3657,2,acetylcholine,central,,,,23.7,1426.0
CB3658,2,acetylcholine,central,,,,25.5,1145.0
CB3659,3,glutamate,central,,,,30.25,1104.0
CB3660,4,glutamate,central,,,,10.69,4642.0
CB3661,2,acetylcholine,central,,,,0.31,1947.0
CB3662,2,gaba,central,,,,51.36,2383.0
CB3663,4,acetylcholine,central,,,,27.67,6256.0
CB3664,4,acetylcholine,central,,,,3.17,1767.0
CB3665,2,acetylcholine,central,,,,0.42,722.0
CB3666,4,glutamate,central,,,,66.13,2746.0
CB3667,3,acetylcholine,central,,,,31.94,2736.0
CB3668,2,acetylcholine,central,,,,2.04,4110.0
CB3669,2,acetylcholine,central,,,,9.44,1589.0
CB3670,2,gaba,central,,,,16.22,715.0
CB3671,2,acetylcholine,central,,,,11.66,1098.0
CB3672,2,acetylcholine,central,,,,6.05,860.0
CB3673,4,acetylcholine,central,,,,62.54,3438.0
CB3674,2,acetylcholine,central,,,,6.28,1814.0
CB3675,4,acetylcholine,central,,,,6.97,3301.0
CB3676,2,glutamate,central,,,,1.2,2161.0
CB3678,2,acetylcholine,central,,,,0.13,749.0
CB3679,2,acetylcholine,central,,,,4.89,1084.0
CB3680,2,gaba,central,,,,29.44,2853.0
CB3682,2,acetylcholine,central,,,,3.15,2222.0
CB3683,2,acetylcholine,central,,,,25.83,1053.0
CB3684,3,acetylcholine,central,,,,2.56,2694.0
CB3685,4,gaba,central,,,,55.76,5597.0
CB3686,2,glutamate,central,,,,0.26,755.0
CB3687,2,acetylcholine,central,,,,19.08,718.0
CB3690,2,acetylcholine,central,,,,32.26,3931.0
CB3691,2,glutamate,central,,,,97.28,883.0
CB3692,2,acetylcholine,central,,,,61.32,1709.0
CB3693,1,acetylcholine,central,,,,7.81,1345.0
CB3694,4,glutamate,central,,,,7.52,2326.0
CB3695,2,acetylcholine,central,,,,51.01,2039.0
CB3696,4,acetylcholine,central,,,,29.54,2607.0
CB3697,3,acetylcholine,central,,,,5.97,1272.0
CB3698,2,glutamate,central,,,,0.5,796.0
CB3699,2,acetylcholine,central,,,,11.22,1372.0
CB3700,2,acetylcholine,central,,,,26.28,3136.0
CB3701,2,acetylcholine,central,,,,0.16,3106.0
CB3703,2,glutamate,central,,,,15.95,3493.0
CB3705,3,acetylcholine,central,,,,8.57,3640.0
CB3706,2,glutamate,central,,,,93.43,1050.0
CB3707,4,gaba,central,,,,43.46,3912.0
CB3708,4,acetylcholine,central,,,,0.07,10459.0
CB3709,2,glutamate,central,,,,1.05,1045.0
CB3710,3,acetylcholine,central,,,,27.22,6323.0
CB3713,2,gaba,central,,,,20.85,844.0
CB3714,4,acetylcholine,central,,,,19.5,2180.0
CB3715,2,gaba,central,,,,1.15,5230.0
CB3716,2,glutamate,central,,,,78.24,3360.0
CB3717,2,acetylcholine,central,,,,8.16,3896.0
CB3720,2,glutamate,central,,,,15.65,2026.0
CB3723,3,acetylcholine,central,,,,0.24,845.0
CB3724,2,acetylcholine,central,,,,1.01,894.0
CB3726,2,gaba,central,,,,0.68,293.0
CB3727,4,gaba,central,,,,3.75,960.0
CB3728,6,gaba,central,,,,0.35,3121.0
CB3729,3,gaba,central,,,,2.09,478.0
CB3730,2,gaba,central,,,,3.53,1076.0
CB3732,2,glutamate,central,,,,0.09,1110.0
CB3733,3,gaba,central,,,,0.98,813.0
CB3734,2,acetylcholine,central,,,,3.77,876.0
CB3735,7,acetylcholine,central,,,,16.67,2483.0
CB3737,3,acetylcholine,central,,,,31.67,843.0
CB3738,2,gaba,central,,,,14.53,750.0
CB3739,5,gaba,central,,,,7.56,1469.0
CB3740,6,gaba,central,,,,24.96,1783.0
CB3741,3,gaba,central,,,,4.7,681.0
CB3742,4,gaba,central,,,,7.72,1295.0
CB3743,4,gaba,central,,,,3.95,1418.0
CB3744,3,gaba,central,,,,2.29,525.0
CB3745,4,gaba,central,,,,4.29,1610.0
CB3746,4,gaba,central,,,,0.5,6198.0
CB3747,2,gaba,central,,,,9.39,735.0
CB3748,2,gaba,central,,,,27.82,550.0
CB3749,2,glutamate,central,,,,8.54,726.0
CB3750,2,gaba,central,,,,15.69,650.0
CB3751,2,glutamate,central,,,,0.68,295.0
CB3753,5,glutamate,central,,,,3.65,630.0
CB3754,4,glutamate,central,,,,5.53,506.0
CB3755,4,glutamate,central,,,,4.67,728.0
CB3758,2,glutamate,central,,,,11.39,439.0
CB3759,4,glutamate,central,,,,8.82,884.0
CB3760,6,glutamate,central,,,,3.97,1134.0
CB3761,2,gaba,central,,,,1.95,1182.0
CB3762,3,glutamate,central,,,,7.46,979.0
CB3763,2,glutamate,central,,,,11.88,320.0
CB3764,3,glutamate,central,,,,5.17,445.0
CB3765,7,glutamate,central,,,,3.67,709.0
CB3766,2,glutamate,central,,,,15.58,321.0
CB3767,2,glutamate,central,,,,35.45,426.0
CB3768,4,acetylcholine,central,,,,5.09,629.0
CB3770,2,glutamate,central,,,,55.07,641.0
CB3771,2,acetylcholine,central,,,,12.98,863.0
CB3772,2,acetylcholine,central,,,,15.45,369.0
CB3773,2,acetylcholine,central,,,,1.84,816.0
CB3774,2,acetylcholine,central,,,,0.76,1314.0
CB3775,3,acetylcholine,central,,,,6.42,1247.0
CB3776,2,acetylcholine,central,,,,4.27,1170.0
CB3777,4,acetylcholine,central,,,,2.73,1208.0
CB3778,2,acetylcholine,central,,,,3.85,883.0
CB3779,2,acetylcholine,central,,,,14.94,522.0
CB3780,2,acetylcholine,central,,,,2.17,920.0
CB3781,2,acetylcholine,central,,,,1.23,979.0
CB3782,2,glutamate,central,,,,1.69,711.0
CB3784,3,gaba,central,,,,24.93,766.0
CB3787,4,glutamate,central,,,,2.4,541.0
CB3788,2,glutamate,central,,,,3.23,495.0
CB3789,2,glutamate,central,,,,3.79,317.0
CB3790,4,acetylcholine,central,,,,4.09,1297.0
CB3791,2,acetylcholine,central,,,,2.02,992.0
CB3792,6,acetylcholine,central,,,,88.91,1325.0
CB3793,3,acetylcholine,central,,,,73.13,1325.0
CB3794,4,glutamate,central,,,,75.45,1291.0
CB3796,3,gaba,central,,,,23.36,1113.0
CB3797,2,acetylcholine,central,,,,10.43,1889.0
CB3798,2,gaba,central,,,,11.27,754.0
CB3799,2,gaba,central,,,,5.31,716.0
CB3800,2,gaba,central,,,,10.38,289.0
CB3801,2,gaba,central,,,,0.72,1117.0
CB3802,2,gaba,central,,,,6.68,509.0
CB3803,2,gaba,central,,,,14.53,537.0
CB3804,2,gaba,central,,,,5.98,702.0
CB3805,2,acetylcholine,central,,,,84.5,703.0
CB3808,2,glutamate,central,,,,0.83,844.0
CB3809,2,gaba,central,,,,14.21,584.0
CB3811,2,glutamate,central,,,,2.76,1664.0
CB3812,2,acetylcholine,central,,,,47.56,2521.0
CB3813,2,gaba,central,,,,61.17,2717.0
CB3814,1,glutamate,central,,,,94.12,17.0
CB3858,9,glutamate,central,,,,0.11,5492.0
CB3859,3,glutamate,central,,,,0.67,2539.0
CB3860,4,acetylcholine,central,,,,5.38,1338.0
CB3861,5,glutamate,central,,,,1.17,3773.0
CB3862,3,acetylcholine,central,,,,6.03,1210.0
CB3863,2,glutamate,central,,,,3.45,1332.0
CB3865,8,glutamate,central,,,,71.75,2336.0
CB3866,2,acetylcholine,central,,,,41.93,539.0
CB3867,2,acetylcholine,central,,,,2.85,666.0
CB3868,4,acetylcholine,central,,,,3.38,1985.0
CB3869,3,acetylcholine,central,,,,6.21,998.0
CB3870,4,acetylcholine,central,,,,16.54,2322.0
CB3871,4,acetylcholine,central,,,,1.55,1940.0
CB3872,4,acetylcholine,central,,,,0.85,1643.0
CB3873,7,acetylcholine,central,,,,27.01,1766.0
CB3874,2,acetylcholine,central,,,,48.07,570.0
CB3875,1,gaba,central,,,,92.73,798.0
CB3876,1,gaba,central,,,,90.21,3063.0
CB3877,3,gaba,central,,,,95.98,970.0
CB3878,1,gaba,central,,,,93.8,822.0
CB3879,2,gaba,central,,,,9.19,1600.0
CB3880,2,gaba,central,,,,98.86,6869.0
CB3881,1,gaba,central,,,,99.14,3973.0
CB3882,1,gaba,central,,,,95.08,4532.0
CB3883,1,gaba,central,,,,98.46,2926.0
CB3884,1,gaba,central,,,,75.64,1412.0
CB3885,1,gaba,central,,,,97.81,1874.0
CB3886,1,gaba,central,,,,99.0,4007.0
CB3887,1,gaba,central,,,,99.56,2931.0
CB3888,2,gaba,central,,,,40.6,1537.0
CB3889,5,gaba,central,,,,6.89,755.0
CB3890,9,gaba,central,,,,10.67,1378.0
CB3892a,1,gaba,central,,,,99.82,3347.0
CB3892b,1,gaba,central,,,,99.16,5682.0
CB3895,5,acetylcholine,central,,,,48.07,4192.0
CB3896,2,acetylcholine,central,,,,3.1,1549.0
CB3897,2,gaba,central,,,,97.59,1492.0
CB3898,1,gaba,central,,,,96.44,618.0
CB3899,4,glutamate,central,,,,98.32,2621.0
CB3900,4,acetylcholine,central,,,,6.02,1230.0
CB3901,1,gaba,central,,,,99.15,1878.0
CB3902,1,gaba,central,,,,98.96,1439.0
CB3903,1,gaba,central,,,,95.27,528.0
CB3904,1,gaba,central,,,,96.29,673.0
CB3905,3,gaba,central,,,,97.61,2928.0
CB3906,2,acetylcholine,central,,,,1.72,1628.0
CB3907,2,acetylcholine,central,,,,1.8,1448.0
CB3908,6,acetylcholine,central,,,,3.05,3505.0
CB3909,2,acetylcholine,central,,,,1.97,458.0
CB3910,4,acetylcholine,central,,,,3.13,1086.0
CB3911,1,gaba,central,,,,94.17,5871.0
CB3912,2,gaba,central,,,,20.99,2353.0
CB3913,1,gaba,central,,,,88.53,2572.0
CB3914,1,gaba,central,,,,93.84,2336.0
CB3915,2,gaba,central,,,,97.12,4096.0
CB3916,1,gaba,central,,,,99.87,5386.0
CB3917,2,gaba,central,,,,81.76,740.0
CB3918,2,glutamate,central,,,,97.58,1407.0
CB3919,2,gaba,central,,,,93.08,853.0
CB3920,2,gaba,central,,,,97.65,977.0
CB3921,1,gaba,central,,,,94.84,543.0
CB3922,3,gaba,central,,,,95.47,1744.0
CB3923,4,gaba,central,,,,97.25,2433.0
CB3924,1,gaba,central,,,,90.37,831.0
CB3925,2,gaba,central,,,,97.91,812.0
CB3930,2,acetylcholine,central,,,,0.94,1278.0
CB3931,2,acetylcholine,central,,,,2.05,1319.0
CB3932,4,acetylcholine,central,,,,1.87,1389.0
CB3936,2,acetylcholine,central,,,,1.07,750.0
CB3937,4,acetylcholine,central,,,,1.35,2068.0
CB3941,2,acetylcholine,central,,,,37.82,579.0
CB3951,4,acetylcholine,central,,,,5.71,2889.0
CB3952,2,acetylcholine,central,,,,94.42,1004.0
CB3953,6,acetylcholine,central,,,,3.4,1265.0
CB3956,5,glutamate,central,,,,21.76,2013.0
CB3958,1,serotonin,central,,,,99.25,2001.0
CB3959,3,glutamate,central,,,,4.24,1626.0
CB3966,2,glutamate,central,,,,1.61,310.0
CB3968,1,glutamate,central,,,,4.05,74.0
CB3977,3,acetylcholine,central,,,,5.03,1910.0
CB3978,10,gaba,central,,,,42.75,4133.0
CB3983,6,acetylcholine,central,,,,2.35,4088.0
CB3992,5,glutamate,central,,,,91.37,962.0
CB4014,1,acetylcholine,central,,,,26.59,173.0
CB4045,2,gaba,central,,,,94.86,2218.0
CB4053,1,acetylcholine,central,,,,0.68,731.0
CB4055,3,acetylcholine,central,,,,56.66,5889.0
CB4058,1,gaba,central,,,,99.98,5957.0
CB4068,7,glutamate,central,,,,21.01,614.0
CB4073,1,acetylcholine,central,,,,96.41,807.0
CB4075,1,acetylcholine,central,,,,20.14,432.0
CB4094,1,acetylcholine,central,,,,3.57,196.0
CB4103,1,acetylcholine,central,,,,84.82,606.0
CB4105,1,acetylcholine,central,,,,77.63,76.0
CB4113,2,acetylcholine,central,,,,53.66,984.0
CB4130,12,glutamate,central,,,,0.41,981.0
CB4141,8,acetylcholine,central,,,,3.18,1760.0
CB4146,2,acetylcholine,sensory,,,,11.27,71.0
CB4147,2,serotonin,sensory,,,,34.17,1475.0
CB4148,15,serotonin,sensory,,,,47.27,3531.0
CB4149,1,serotonin,sensory,,,,35.0,480.0
CB4159,2,glutamate,central,,,,50.42,3354.0
CB4161,1,gaba,central,,,,96.32,1032.0
CB4171,7,glutamate,central,,,,48.66,7296.0
CB4186,1,acetylcholine,central,,,,7.22,1482.0
CB4187,6,acetylcholine,central,,,,46.36,2058.0
CB4188,1,glutamate,central,,,,19.23,1170.0
CB4191,1,acetylcholine,central,,,,67.06,340.0
CB4192,1,glutamate,central,,,,37.43,358.0
CB4193,2,acetylcholine,central,,,,0.24,414.0
CB4198,2,glutamate,central,,,,3.38,503.0
CB4202,1,dopamine,central,,,,98.4,3446.0
CB4203,1,glutamate,central,,,,99.93,2704.0
CB4204,1,glutamate,central,,,,99.98,4175.0
CB4210,2,acetylcholine,sensory,,,,46.61,663.0
CB4211,2,acetylcholine,sensory,,,,35.15,2202.0
CB4212,2,acetylcholine,motor,,,,92.11,38.0
CB4213,1,gaba,central,,,,0.56,539.0
CB4218,2,acetylcholine,central,,,,14.14,1068.0
CB4219,8,acetylcholine,central,,,,24.37,4583.0
CB4220,6,acetylcholine,central,,,,5.23,1684.0
CB4229,4,glutamate,central,,,,14.89,1672.0
CB4230,8,glutamate,central,,,,11.22,2309.0
CB4233,15,acetylcholine,central,,,,35.09,3696.0
CB4235,2,glutamate,central,,,,0.97,2484.0
CB4236,3,acetylcholine,central,,,,2.65,3732.0
CB4237,2,acetylcholine,central,,,,1.41,1062.0
CB4238,2,gaba,central,,,,4.27,1264.0
CB4240,3,gaba,central,,,,4.61,1691.0
CB4241,2,acetylcholine,central,,,,0.0,863.0
CB4242,12,acetylcholine,central,,,,34.65,5221.0
CB4243,10,acetylcholine,central,,,,45.77,3295.0
CB4244,20,acetylcholine,central,,,,47.67,5794.0
CB4245,3,acetylcholine,central,,,,0.5,1206.0
CB4246,2,serotonin,sensory,,,,41.81,1600.0
CEM,6,acetylcholine,motor,,,,25.68,74.0
CL001,2,glutamate,central,,,,11.0,13943.0
CL002,2,glutamate,central,,,,3.56,7717.0
CL003,2,glutamate,central,,,,8.84,4512.0
CL004,4,glutamate,central,,,,2.01,4475.0
CL005,8,acetylcholine,central,,,,38.31,2396.0
CL006,5,acetylcholine,central,,,,51.66,2712.0
CL007,2,acetylcholine,central,,,,7.33,2987.0
CL008,2,glutamate,central,,,,18.7,2064.0
CL009,2,glutamate,central,,,,36.43,2295.0
CL010,2,glutamate,central,,,,25.54,2087.0
CL011,2,glutamate,central,,,,9.98,1393.0
CL012,2,acetylcholine,central,,,,82.01,1595.0
CL013,5,glutamate,central,,,,9.28,3707.0
CL014,8,glutamate,central,,,,7.38,3576.0
CL015,2,glutamate,central,,,,9.38,1674.0
CL016,9,glutamate,central,,,,3.99,3581.0
CL018a,4,glutamate,central,,,,3.15,731.0
CL018b,4,glutamate,central,,,,2.4,624.0
CL021,2,acetylcholine,central,,,,31.37,3369.0
CL022,6,acetylcholine,central,,,,11.96,4957.0
CL023,6,acetylcholine,central,,,,5.73,2183.0
CL024a,4,glutamate,central,,,,2.88,1598.0
CL024b,6,glutamate,central,,,,2.61,2226.0
CL025,2,glutamate,central,,,,3.39,1475.0
CL026,2,glutamate,central,,,,7.11,1729.0
CL027,2,gaba,central,,,,20.92,2959.0
CL028,2,gaba,central,,,,30.78,4142.0
CL029a,2,glutamate,central,,,,10.7,4288.0
CL029b,2,glutamate,central,,,,4.86,5552.0
CL030,4,glutamate,central,,,,9.04,4858.0
CL031,2,glutamate,central,,,,9.81,3243.0
CL032,2,glutamate,central,,,,14.43,3319.0
CL036,2,glutamate,central,,,,5.36,6528.0
CL037,2,glutamate,central,,,,29.54,1777.0
CL038,4,glutamate,central,,,,10.78,2283.0
CL042,4,glutamate,central,,,,1.31,1217.0
CL048,7,glutamate,central,,,,36.2,2323.0
CL053,2,acetylcholine,central,,,,51.89,12975.0
CL055,2,gaba,central,,,,15.83,960.0
"CL057,CL106",4,acetylcholine,central,,,,4.59,4052.0
CL058,2,acetylcholine,central,,,,3.36,2352.0
CL059,2,acetylcholine,central,,,,4.99,1623.0
CL060,2,glutamate,central,,,,6.3,1302.0
CL062_a,9,acetylcholine,central,,,,32.08,3610.0
CL062_b,8,acetylcholine,central,,,,23.48,2010.0
CL063,2,gaba,central,,,,5.03,15374.0
CL064,2,gaba,central,,,,6.2,8611.0
CL065,2,acetylcholine,central,,,,30.04,10517.0
CL066,2,gaba,central,,,,20.24,4520.0
CL067,2,acetylcholine,central,,,,4.63,4297.0
CL068,2,gaba,central,,,,8.63,4148.0
CL069,2,acetylcholine,central,,,,31.3,3796.0
CL070a,2,acetylcholine,central,,,,34.02,4250.0
CL070b,2,acetylcholine,central,,,,40.41,5140.0
CL071a,2,acetylcholine,central,,,,15.87,2923.0
CL071b,6,acetylcholine,central,,,,27.4,9376.0
CL072,2,acetylcholine,central,,,,7.76,1921.0
CL073,2,acetylcholine,central,,,,46.9,1435.0
CL074,4,acetylcholine,central,,,,28.95,3672.0
CL075a,2,acetylcholine,central,,,,31.58,2758.0
CL075b,2,acetylcholine,central,,,,46.09,1918.0
CL077,3,acetylcholine,central,,,,1.91,1777.0
CL078a,2,acetylcholine,central,,,,3.05,1015.0
CL078b,2,acetylcholine,central,,,,1.64,1283.0
CL080,5,acetylcholine,central,,,,2.53,4034.0
CL081,2,acetylcholine,central,,,,1.87,1233.0
CL083,4,acetylcholine,central,,,,1.28,2572.0
CL085_a,4,acetylcholine,central,,,,4.02,1867.0
CL085_b,4,acetylcholine,central,,,,7.23,3748.0
"CL086_a,CL086_d",10,acetylcholine,central,,,,1.52,4739.0
CL086_b,6,acetylcholine,central,,,,6.15,3412.0
CL086_c,8,acetylcholine,central,,,,5.03,3144.0
CL086_e,8,acetylcholine,central,,,,2.71,3648.0
CL087,6,acetylcholine,central,,,,3.43,1603.0
CL089_a,5,acetylcholine,central,,,,2.32,1854.0
CL089_b,8,acetylcholine,central,,,,1.52,3347.0
CL089_c,5,acetylcholine,central,,,,1.38,1882.0
CL090_a,5,acetylcholine,central,,,,1.32,2809.0
CL090_b,4,acetylcholine,central,,,,1.57,1596.0
CL090_c,14,acetylcholine,central,,,,2.15,5629.0
CL090_e,6,acetylcholine,central,,,,1.66,3255.0
CL091,7,acetylcholine,central,,,,1.95,1794.0
CL092,2,acetylcholine,central,,,,2.53,4553.0
CL093,2,acetylcholine,central,,,,44.8,3478.0
CL094,2,acetylcholine,central,,,,42.63,2484.0
CL095,2,acetylcholine,central,,,,70.08,3125.0
CL096,2,acetylcholine,central,,,,4.4,2091.0
CL097,2,acetylcholine,central,,,,60.36,2071.0
CL098,2,acetylcholine,central,,,,4.99,1602.0
CL099a,4,acetylcholine,central,,,,3.91,1408.0
CL099b,3,acetylcholine,central,,,,3.67,1389.0
CL099c,3,acetylcholine,central,,,,5.53,1194.0
CL100,3,acetylcholine,central,,,,3.41,1174.0
CL101,4,acetylcholine,central,,,,4.2,1380.0
CL102,2,acetylcholine,central,,,,3.0,1066.0
CL104,4,acetylcholine,central,,,,8.81,1896.0
CL107,2,acetylcholine,central,,,,8.68,1809.0
CL108,2,acetylcholine,central,,,,14.06,2240.0
CL109,2,acetylcholine,central,,,,37.03,6035.0
CL110,2,acetylcholine,central,,,,33.56,5631.0
CL111,2,acetylcholine,central,,,,42.32,3663.0
CL112,2,acetylcholine,central,,,,3.74,3559.0
CL113,4,acetylcholine,central,,,,5.54,3503.0
CL114,2,gaba,central,,,,10.87,4497.0
CL115,2,gaba,central,,,,4.68,2521.0
CL116,2,gaba,central,,,,4.81,1537.0
CL118,6,gaba,central,,,,20.19,2362.0
CL120a,2,gaba,central,,,,47.51,823.0
CL120b,4,gaba,central,,,,42.51,2637.0
CL121_a,9,gaba,central,,,,48.55,1930.0
CL122_a,12,gaba,central,,,,52.04,3044.0
"CL123,CRE061",12,acetylcholine,central,,,,15.88,2815.0
CL126,2,glutamate,central,,,,1.0,4209.0
CL127,4,gaba,central,,,,5.31,6691.0
CL128a,5,gaba,central,,,,7.49,5019.0
CL128b,5,gaba,central,,,,9.97,3201.0
CL128c,5,gaba,central,,,,4.88,4469.0
CL129,2,acetylcholine,central,,,,5.49,3809.0
CL130,2,acetylcholine,central,,,,3.96,3514.0
CL131,4,acetylcholine,central,,,,68.26,5476.0
CL132,4,glutamate,central,,,,1.79,2961.0
CL133,2,glutamate,central,,,,1.47,3798.0
CL135,2,acetylcholine,central,,,,27.94,5978.0
CL136,2,acetylcholine,central,,,,30.13,2907.0
CL140,2,gaba,central,,,,8.47,5346.0
CL141,1,glutamate,central,,,,3.53,1048.0
CL142,2,glutamate,central,,,,3.64,1842.0
CL143,2,glutamate,central,,,,33.68,772.0
CL144,2,glutamate,central,,,,4.6,1000.0
CL146,3,glutamate,central,,,,4.07,123.0
CL149,2,acetylcholine,central,,,,2.24,1296.0
CL150,2,acetylcholine,central,,,,5.42,3230.0
CL151,2,acetylcholine,central,,,,3.57,2883.0
CL152,4,glutamate,central,,,,2.71,3913.0
CL153,2,glutamate,central,,,,7.87,1233.0
CL154,2,glutamate,central,,,,3.15,1652.0
CL155,2,acetylcholine,central,,,,39.81,1570.0
CL156,2,acetylcholine,central,,,,2.4,875.0
CL157,2,acetylcholine,central,,,,5.3,2377.0
CL158,2,acetylcholine,central,,,,21.51,3269.0
CL159,2,acetylcholine,central,,,,57.3,2471.0
CL160,1,acetylcholine,central,,,,11.95,594.0
CL160a,2,acetylcholine,central,,,,9.79,1052.0
CL160b,2,acetylcholine,central,,,,10.95,831.0
CL161a,2,acetylcholine,central,,,,15.83,935.0
CL161b,4,acetylcholine,central,,,,18.01,1927.0
CL162,2,acetylcholine,central,,,,20.21,772.0
CL165,5,acetylcholine,central,,,,6.63,2442.0
"CL166,CL168",7,acetylcholine,central,,,,7.21,2359.0
CL169,6,acetylcholine,central,,,,41.67,2371.0
CL170,5,acetylcholine,central,,,,39.14,1303.0
CL171,7,acetylcholine,central,,,,44.6,1693.0
CL172,6,acetylcholine,central,,,,39.22,1132.0
CL173,2,acetylcholine,central,,,,29.79,470.0
CL175,2,glutamate,central,,,,2.4,2963.0
CL176,2,glutamate,central,,,,43.98,1719.0
CL177,2,glutamate,central,,,,45.78,1411.0
CL178,2,glutamate,central,,,,36.53,1604.0
CL179,2,glutamate,central,,,,35.64,1908.0
CL180,2,glutamate,central,,,,21.1,2753.0
CL182,9,glutamate,central,,,,27.92,2231.0
CL183,2,glutamate,central,,,,54.62,855.0
CL186,2,glutamate,central,,,,23.86,1123.0
CL187,2,glutamate,central,,,,12.96,2476.0
CL195,3,glutamate,central,,,,33.87,812.0
CL196a,2,glutamate,central,,,,16.13,620.0
CL196b,5,glutamate,central,,,,12.23,1316.0
CL199,2,acetylcholine,central,,,,51.74,2325.0
CL200,2,acetylcholine,central,,,,1.94,4391.0
CL201,2,acetylcholine,central,,,,35.81,2217.0
CL203,2,acetylcholine,central,,,,68.84,3305.0
CL204,2,acetylcholine,central,,,,56.25,2297.0
CL205,2,acetylcholine,central,,,,58.97,1650.0
CL208,4,acetylcholine,central,,,,65.54,2304.0
CL209,2,acetylcholine,central,,,,59.53,850.0
CL210,7,acetylcholine,central,,,,77.05,1534.0
CL210_a,8,acetylcholine,central,,,,70.99,2299.0
CL211,2,acetylcholine,central,,,,35.31,3401.0
CL212,2,acetylcholine,central,,,,31.17,3375.0
CL213,2,acetylcholine,central,,,,44.97,3040.0
CL214,2,glutamate,central,,,,53.23,3107.0
CL215,4,acetylcholine,central,,,,42.1,1475.0
CL216,2,acetylcholine,central,,,,48.38,2220.0
"CL228,SMP491",6,serotonin,central,,,,34.43,61.0
"CL231,CL238",4,glutamate,central,,,,6.63,1237.0
CL234,4,glutamate,central,,,,11.84,6758.0
CL235,6,glutamate,central,,,,44.49,4617.0
CL236,2,acetylcholine,central,,,,38.44,3093.0
CL237,2,acetylcholine,central,,,,49.84,632.0
CL239,4,glutamate,central,,,,8.39,1144.0
CL244,2,acetylcholine,central,,,,3.7,946.0
CL245,2,glutamate,central,,,,4.52,1725.0
CL246,2,gaba,central,,,,3.93,3994.0
CL248,2,gaba,central,,,,61.43,7556.0
CL250,2,acetylcholine,central,,,,2.49,3292.0
CL251,2,acetylcholine,central,,,,40.87,2376.0
CL252,7,gaba,central,,,,2.0,2398.0
CL253,4,gaba,central,,,,1.75,1087.0
CL254,6,acetylcholine,central,,,,28.0,3121.0
CL255,6,acetylcholine,central,,,,45.34,1533.0
CL256,2,acetylcholine,central,,,,9.47,4594.0
CL257,2,acetylcholine,central,,,,31.92,3503.0
CL258,4,acetylcholine,central,,,,19.12,6024.0
"CL259, CL260",4,acetylcholine,central,,,,39.63,7706.0
CL261a,2,acetylcholine,central,,,,8.93,862.0
CL261b,2,acetylcholine,central,,,,8.45,592.0
CL263,2,acetylcholine,central,,,,15.08,3096.0
CL264,2,acetylcholine,central,,,,40.6,3650.0
CL265,2,acetylcholine,central,,,,36.87,3154.0
CL266_a,6,acetylcholine,central,,,,4.86,5098.0
CL266_b,4,acetylcholine,central,,,,4.29,3007.0
CL267,5,acetylcholine,central,,,,8.62,5396.0
CL268,5,acetylcholine,central,,,,8.83,3364.0
CL269,7,acetylcholine,central,,,,6.69,5249.0
CL270a,4,acetylcholine,central,,,,4.66,2251.0
CL270b,4,acetylcholine,central,,,,1.97,2382.0
CL271,2,acetylcholine,central,,,,6.0,1666.0
CL272_a,4,acetylcholine,central,,,,2.57,2098.0
CL272_b,6,acetylcholine,central,,,,5.95,2856.0
CL273,3,acetylcholine,central,,,,2.13,1878.0
CL282,4,glutamate,central,,,,44.56,4100.0
CL283a,4,glutamate,central,,,,30.44,1025.0
CL283b,4,glutamate,central,,,,37.89,2138.0
CL283c,4,glutamate,central,,,,33.97,2461.0
CL286,2,acetylcholine,central,,,,41.26,5768.0
CL287,2,gaba,central,,,,2.21,6639.0
CL288,2,gaba,central,,,,5.55,4935.0
CL289,2,acetylcholine,central,,,,53.72,2368.0
CL290,2,acetylcholine,central,,,,3.69,1601.0
CL291,2,acetylcholine,central,,,,2.61,766.0
CL292a,2,acetylcholine,central,,,,4.03,422.0
CL292b,2,acetylcholine,central,,,,3.84,443.0
CL293,2,acetylcholine,central,,,,3.17,631.0
CL294,2,acetylcholine,central,,,,47.93,2579.0
"CL301,CL302",8,acetylcholine,central,,,,37.41,866.0
CL303,2,acetylcholine,central,,,,42.47,3063.0
CL308,2,acetylcholine,central,,,,38.91,2228.0
CL309,2,acetylcholine,central,,,,38.66,1208.0
CL310,2,acetylcholine,central,,,,46.42,4237.0
CL311,2,acetylcholine,central,,,,27.25,1967.0
CL312,1,acetylcholine,central,,,,24.46,417.0
CL313,11,acetylcholine,central,,,,40.09,4929.0
CL314,2,gaba,central,,,,0.8,3263.0
CL315,2,glutamate,central,,,,13.12,1799.0
CL316,2,gaba,central,,,,52.02,4177.0
CL317,2,glutamate,central,,,,51.48,4371.0
CL318,2,gaba,central,,,,7.61,2587.0
CL319,2,acetylcholine,central,,,,47.17,5855.0
CL321,2,acetylcholine,central,,,,87.47,1915.0
CL322,2,acetylcholine,central,,,,86.86,4193.0
CL323a,2,acetylcholine,central,,,,40.02,1072.0
CL323b,2,acetylcholine,central,,,,41.29,775.0
CL326,2,acetylcholine,central,,,,44.37,2184.0
CL327,2,acetylcholine,central,,,,82.66,3178.0
"CL328,IB070,IB071",11,acetylcholine,central,,,,90.58,4375.0
CL333,2,acetylcholine,central,,,,87.91,3846.0
CL335,2,acetylcholine,central,,,,35.64,2186.0
CL336,2,acetylcholine,central,,,,43.33,7456.0
CL339,2,acetylcholine,central,,,,57.47,7757.0
CL340,4,acetylcholine,central,,,,76.55,7722.0
CL344,2,dopamine,central,,,,63.52,880.0
CL348,4,glutamate,central,,,,94.4,946.0
CL352,2,acetylcholine,central,,,,4.59,327.0
CL353,1,glutamate,central,,,,100.0,42.0
CL356,4,acetylcholine,central,,,,10.24,2920.0
CL359,4,acetylcholine,central,,,,3.25,3697.0
CL360,2,acetylcholine,central,,,,31.13,212.0
CL361,2,acetylcholine,central,,,,7.33,3903.0
CL362,2,acetylcholine,central,,,,1.11,4583.0
CL364,2,glutamate,central,,,,1.28,1405.0
CRE001,4,acetylcholine,central,,,,4.04,1706.0
CRE004,2,acetylcholine,central,,,,64.29,3848.0
CRE005,4,acetylcholine,central,,,,44.33,4762.0
CRE006,2,glutamate,central,,,,39.02,1312.0
CRE007,2,glutamate,central,,,,10.23,1329.0
"CRE008,CRE010",3,glutamate,central,,,,34.79,2386.0
CRE009,2,acetylcholine,central,,,,74.68,2034.0
CRE011,2,acetylcholine,central,,,,26.61,15341.0
CRE012,2,gaba,central,,,,78.77,4659.0
CRE013,2,gaba,central,,,,56.33,5892.0
CRE015,2,acetylcholine,central,,,,3.41,1233.0
CRE016,5,acetylcholine,central,,,,5.59,1181.0
CRE017,4,acetylcholine,central,,,,7.3,3179.0
CRE018,6,acetylcholine,central,,,,12.62,2226.0
CRE019,3,acetylcholine,central,,,,8.45,639.0
CRE020,3,acetylcholine,central,,,,8.86,1016.0
CRE021,2,gaba,central,,,,23.09,1819.0
CRE022,2,glutamate,central,,,,40.48,4745.0
CRE023,2,glutamate,central,,,,24.37,3664.0
CRE024,2,acetylcholine,central,,,,19.93,4029.0
CRE025,2,glutamate,central,,,,52.7,2465.0
CRE027,4,glutamate,central,,,,53.41,2125.0
CRE035,2,glutamate,central,,,,61.08,650.0
CRE040,2,gaba,central,,,,35.39,8800.0
CRE041,2,gaba,central,,,,47.0,6413.0
CRE042,2,gaba,central,,,,49.4,3824.0
CRE043,14,gaba,central,,,,18.47,5188.0
CRE044,9,gaba,central,,,,26.44,3427.0
"CRE045,CRE046",5,gaba,central,,,,16.45,1611.0
CRE048,2,glutamate,central,,,,5.11,3622.0
CRE049,2,acetylcholine,central,,,,50.55,2890.0
CRE050,2,glutamate,central,,,,80.07,3312.0
CRE056,11,gaba,central,,,,16.18,3758.0
CRE059,4,acetylcholine,central,,,,46.98,3891.0
"CRE060,CRE067",6,acetylcholine,central,,,,54.01,3307.0
CRE065,6,acetylcholine,central,,,,10.27,1324.0
CRE066,4,acetylcholine,central,,,,43.41,2458.0
CRE068,5,acetylcholine,central,,,,55.17,2119.0
CRE069,2,acetylcholine,central,,,,42.27,1739.0
CRE070,2,acetylcholine,central,,,,44.55,3044.0
CRE071,2,acetylcholine,central,,,,51.22,1800.0
CRE072,4,acetylcholine,central,,,,48.56,2679.0
CRE074,2,glutamate,central,,,,4.18,4951.0
CRE075,2,glutamate,central,,,,3.59,3062.0
CRE076,2,acetylcholine,central,,,,25.85,4229.0
CRE077,2,acetylcholine,central,,,,3.05,2195.0
CRE078,4,acetylcholine,central,,,,29.47,3268.0
CRE079,2,glutamate,central,,,,37.68,2224.0
CRE080a,2,acetylcholine,central,,,,44.91,1454.0
CRE080b,2,acetylcholine,central,,,,45.25,1401.0
CRE080c,4,acetylcholine,central,,,,40.13,2664.0
CRE081,4,acetylcholine,central,,,,48.74,1432.0
CRE082,2,acetylcholine,central,,,,44.18,1616.0
CRE087,2,acetylcholine,central,,,,49.33,2155.0
CRE088,2,acetylcholine,central,,,,46.65,1792.0
CRE094,4,acetylcholine,central,,,,44.58,1355.0
CRE095a,2,acetylcholine,central,,,,44.09,1311.0
CRE095b,4,acetylcholine,central,,,,46.16,2862.0
CRE096,2,acetylcholine,central,,,,45.11,634.0
CRE100,2,gaba,central,,,,34.09,7413.0
CRE102,2,glutamate,central,,,,19.06,2665.0
CRE103a,5,acetylcholine,central,,,,44.39,4082.0
CRE103b,7,acetylcholine,central,,,,32.04,3396.0
CRE104,2,acetylcholine,central,,,,18.98,374.0
CRE105,2,acetylcholine,central,,,,41.79,2352.0
CRE106,4,acetylcholine,central,,,,13.6,2008.0
CRE107,2,glutamate,central,,,,59.64,4727.0
CRE108,2,acetylcholine,central,,,,1.54,3763.0
CREa1A_T01,3,glutamate,central,,,,79.94,1361.0
CRZ,6,serotonin,endocrine,,,,44.25,226.0
"CRZ01,CRZ02",4,serotonin,central,,,,43.18,2045.0
CSD,2,serotonin,central,,,,89.2,5026.0
CT1,2,gaba,optic,b,29.29,56325.0,99.43,198495.0
DA1_lPN,15,acetylcholine,central,,,,0.79,26175.0
DA1_vPN,2,gaba,central,,,,0.2,3072.0
DA2_lPN,11,acetylcholine,central,,,,1.74,10674.0
DA3_adPN,4,acetylcholine,central,,,,0.17,4062.0
DA4l_adPN,2,acetylcholine,central,,,,0.39,9254.0
DA4m_adPN,2,acetylcholine,central,,,,2.68,9686.0
DC1_adPN,2,acetylcholine,central,,,,0.74,22648.0
DC2_adPN,4,acetylcholine,central,,,,0.34,17127.0
DC3_adPN,5,acetylcholine,central,,,,0.72,15532.0
DC4_adPN,2,acetylcholine,central,,,,0.52,11601.0
DC4_vPN,4,gaba,central,,,,0.0,778.0
DCH,2,gaba,visual_centrifugal,a,0.72,15675.0,99.81,20837.0
DGI,2,glutamate,central,,,,28.92,1051.0
DH31,6,acetylcholine,endocrine,,,,18.18,66.0
DH44,6,octopamine,endocrine,,,,8.7,69.0
DL1_adPN,4,acetylcholine,central,,,,0.83,19933.0
DL2d_adPN,10,acetylcholine,central,,,,0.77,14590.0
DL2d_vPN,4,gaba,central,,,,0.25,1612.0
DL2v_adPN,8,acetylcholine,central,,,,0.34,21248.0
DL3_lPN,10,acetylcholine,central,,,,2.97,9333.0
DL4_adPN,2,acetylcholine,central,,,,0.72,6652.0
DL5_adPN,2,acetylcholine,central,,,,1.14,18204.0
DM1_lPN,2,acetylcholine,central,,,,0.51,33058.0
DM2_lPN,4,acetylcholine,central,,,,1.39,23999.0
DM3_adPN,2,acetylcholine,central,,,,0.91,9452.0
DM3_vPN,2,gaba,central,,,,0.14,709.0
DM4_adPN,2,acetylcholine,central,,,,0.67,26058.0
DM4_vPN,2,gaba,central,,,,0.1,1013.0
DM5_lPN,5,acetylcholine,central,,,,1.08,11120.0
DM6_adPN,6,acetylcholine,central,,,,0.81,15875.0
DMS,6,acetylcholine,endocrine,,,,27.87,61.0
DN1-l,2,glutamate,central,,,,1.46,2119.0
DN1a,4,glutamate,central,,,,1.18,2201.0
DN1pA,8,glutamate,central,,,,53.98,2601.0
DN1pB,4,glutamate,central,,,,14.39,3003.0
DNa01,2,acetylcholine,descending,,,,11.01,327.0
DNa02,2,acetylcholine,descending,,,,7.39,1623.0
DNa03,2,acetylcholine,descending,,,,3.93,9165.0
DNa04,2,acetylcholine,descending,,,,3.92,561.0
DNa05,2,acetylcholine,descending,,,,9.21,304.0
DNa06,2,acetylcholine,descending,,,,11.38,5008.0
DNa07,2,acetylcholine,descending,,,,7.95,302.0
DNa08,2,acetylcholine,descending,,,,4.32,139.0
DNa09,2,acetylcholine,descending,,,,13.81,963.0
DNa10,2,acetylcholine,descending,,,,24.79,932.0
DNa11,2,acetylcholine,descending,,,,8.66,3510.0
DNa13,4,acetylcholine,descending,,,,10.14,1252.0
DNa14,2,acetylcholine,descending,,,,48.87,311.0
DNa15,2,acetylcholine,descending,,,,4.93,751.0
DNa16,2,acetylcholine,descending,,,,4.29,1003.0
DNae001,2,acetylcholine,descending,,,,8.09,1014.0
DNae002,2,acetylcholine,descending,,,,11.69,744.0
DNae003,2,acetylcholine,descending,,,,4.37,663.0
DNae004,2,acetylcholine,descending,,,,7.94,340.0
DNae005,2,acetylcholine,descending,,,,4.68,3098.0
DNae006,2,acetylcholine,descending,,,,4.21,878.0
DNae007,2,acetylcholine,descending,,,,3.52,4495.0
DNae008,2,acetylcholine,descending,,,,6.21,869.0
DNae009,2,acetylcholine,descending,,,,27.52,1330.0
DNae010,2,acetylcholine,descending,,,,7.85,739.0
DNb01,2,glutamate,descending,,,,92.63,5498.0
DNb02,4,glutamate,descending,,,,94.59,3144.0
DNb03,4,acetylcholine,descending,,,,4.69,1173.0
DNb04,3,glutamate,descending,,,,69.84,3362.0
DNb05,2,acetylcholine,descending,,,,14.63,2768.0
DNb06,2,acetylcholine,descending,,,,85.71,714.0
DNb07,2,acetylcholine,descending,,,,42.4,757.0
DNb08,4,acetylcholine,descending,,,,18.52,1863.0
DNb09,2,glutamate,descending,,,,81.51,3228.0
DNbe001,2,acetylcholine,descending,,,,24.18,819.0
DNbe002,4,acetylcholine,descending,,,,8.33,192.0
DNbe003,2,acetylcholine,descending,,,,21.89,3915.0
DNbe004,2,glutamate,descending,,,,41.81,1545.0
DNbe005,2,acetylcholine,descending,,,,52.43,452.0
DNbe006,2,acetylcholine,descending,,,,43.77,1396.0
DNbe007,2,acetylcholine,descending,,,,6.54,4375.0
DNc01,2,dopamine,descending,b,38.46,26.0,74.22,966.0
DNc02,2,dopamine,descending,b,31.82,66.0,80.26,907.0
DNd02,2,serotonin,descending,,,,49.15,1121.0
DNd03,2,glutamate,descending,,,,28.14,1745.0
DNd04,2,glutamate,descending,,,,41.72,1232.0
DNd05,2,acetylcholine,descending,,,,13.03,1320.0
DNde001,2,glutamate,descending,,,,46.86,2102.0
DNde002,2,acetylcholine,descending,,,,6.7,1866.0
DNde003,4,acetylcholine,descending,,,,6.67,4750.0
DNde005,2,acetylcholine,descending,,,,11.46,2233.0
DNde006,2,glutamate,descending,,,,20.33,3049.0
DNde007,2,glutamate,descending,,,,84.31,497.0
DNg01,8,acetylcholine,descending,,,,13.33,75.0
DNg02_a,6,acetylcholine,descending,,,,12.99,154.0
DNg02_b,7,acetylcholine,descending,,,,18.18,11.0
DNg02_c,2,acetylcholine,descending,,,,20.0,15.0
DNg02_d,2,acetylcholine,descending,,,,18.4,125.0
DNg02_e,2,acetylcholine,descending,,,,13.33,45.0
DNg02_f,2,acetylcholine,descending,,,,29.23,130.0
DNg02_g,2,acetylcholine,descending,,,,2.86,35.0
DNg02_h,2,acetylcholine,descending,,,,22.81,57.0
DNg03,10,acetylcholine,descending,,,,18.64,59.0
DNg04,4,acetylcholine,descending,,,,2.04,881.0
DNg05_a,2,acetylcholine,descending,,,,12.27,383.0
DNg05_b,6,glutamate,descending,,,,0.0,9.0
DNg06,11,acetylcholine,descending,,,,14.49,69.0
DNg07,16,acetylcholine,descending,,,,81.54,3809.0
DNg08_a,14,glutamate,descending,,,,4.69,2643.0
DNg08_b,8,glutamate,descending,,,,2.94,951.0
DNg09,8,acetylcholine,descending,,,,70.19,2838.0
DNg10,12,glutamate,descending,,,,95.95,519.0
DNg100,2,acetylcholine,descending,,,,89.04,4088.0
DNg101,2,acetylcholine,descending,,,,14.87,417.0
DNg102,4,gaba,descending,,,,55.87,3102.0
DNg103,2,gaba,descending,,,,53.78,3602.0
DNg104,2,octopamine,descending,,,,91.4,3174.0
DNg105,2,acetylcholine,descending,,,,61.03,195.0
DNg106,14,gaba,descending,,,,32.31,5058.0
DNg107,2,acetylcholine,descending,,,,97.06,986.0
DNg108,2,gaba,descending,,,,84.52,4411.0
DNg109,2,acetylcholine,descending,,,,82.22,1119.0
DNg11,6,gaba,descending,,,,91.08,1144.0
DNg110,6,acetylcholine,descending,,,,6.62,272.0
DNg111,2,glutamate,descending,,,,77.88,2839.0
DNg12_a,8,acetylcholine,descending,,,,10.65,1127.0
DNg12_b,18,acetylcholine,descending,,,,5.64,1152.0
DNg12_c,6,acetylcholine,descending,,,,4.87,1171.0
DNg12_d,2,acetylcholine,descending,,,,15.47,265.0
DNg12_e,8,acetylcholine,descending,,,,7.49,694.0
DNg13,2,acetylcholine,descending,,,,26.17,149.0
DNg14,2,acetylcholine,descending,,,,34.88,43.0
DNg15,2,acetylcholine,descending,,,,75.31,397.0
DNg16,2,acetylcholine,descending,,,,37.1,2016.0
DNg17,2,acetylcholine,descending,,,,57.14,21.0
DNg18_a,2,glutamate,descending,,,,90.87,241.0
DNg18_b,6,glutamate,descending,,,,90.32,310.0
DNg19,2,acetylcholine,descending,,,,82.78,569.0
DNg20,2,gaba,descending,,,,72.25,2393.0
DNg21,2,acetylcholine,descending,,,,50.7,927.0
DNg22,2,serotonin,descending,,,,47.89,284.0
DNg23,2,gaba,descending,,,,80.74,296.0
DNg24,2,gaba,descending,,,,62.72,4512.0
DNg26,4,serotonin,descending,,,,44.3,237.0
DNg27,2,glutamate,descending,,,,53.37,2526.0
DNg28,4,gaba,descending,,,,29.97,704.0
DNg29,2,acetylcholine,descending,,,,40.17,4357.0
DNg30,2,serotonin,descending,,,,63.79,812.0
DNg31,2,acetylcholine,descending,,,,42.2,109.0
DNg32,2,acetylcholine,descending,,,,85.4,2774.0
DNg33,2,acetylcholine,descending,,,,57.14,784.0
DNg34,2,octopamine,descending,,,,47.27,1756.0
DNg35,2,acetylcholine,descending,,,,69.64,830.0
DNg36_a,4,acetylcholine,descending,,,,68.32,726.0
DNg36_b,5,acetylcholine,descending,,,,41.83,306.0
DNg37,2,acetylcholine,descending,,,,84.63,488.0
DNg38,2,gaba,descending,,,,13.94,653.0
DNg39,2,acetylcholine,descending,,,,14.29,84.0
DNg40,2,glutamate,descending,,,,36.14,2410.0
DNg41,2,acetylcholine,descending,,,,95.17,1303.0
DNg42,2,glutamate,descending,,,,73.74,278.0
DNg43,2,acetylcholine,descending,,,,47.56,349.0
DNg44,2,glutamate,descending,,,,14.64,1592.0
DNg45,2,acetylcholine,descending,,,,40.58,138.0
DNg46,2,glutamate,descending,,,,51.99,1004.0
DNg47,2,acetylcholine,descending,,,,60.52,841.0
DNg48,2,acetylcholine,descending,,,,89.13,184.0
DNg49,2,acetylcholine,descending,,,,18.59,710.0
DNg50,2,acetylcholine,descending,,,,21.43,14.0
DNg51,4,acetylcholine,descending,,,,67.39,2990.0
DNg52,4,gaba,descending,,,,42.75,5708.0
DNg53,2,acetylcholine,descending,,,,74.65,284.0
DNg54,2,acetylcholine,descending,,,,49.25,1724.0
DNg55,1,gaba,descending,,,,99.48,1929.0
DNg56,2,gaba,descending,,,,30.4,1770.0
DNg57,2,acetylcholine,descending,,,,30.43,976.0
DNg58,2,acetylcholine,descending,,,,10.12,662.0
DNg59,2,gaba,descending,,,,79.6,1711.0
DNg60,2,gaba,descending,,,,64.58,2885.0
DNg61,2,acetylcholine,descending,,,,20.2,3722.0
DNg62,2,acetylcholine,descending,,,,87.25,1263.0
DNg63,2,acetylcholine,descending,,,,12.01,899.0
DNg64,2,gaba,descending,,,,18.23,3341.0
DNg65,2,serotonin,descending,,,,43.41,728.0
DNg66,1,acetylcholine,descending,,,,91.67,12.0
DNg67,2,acetylcholine,descending,,,,69.62,1705.0
DNg68,2,acetylcholine,descending,,,,58.25,1121.0
DNg69,2,acetylcholine,descending,,,,34.69,49.0
DNg70,2,gaba,descending,,,,51.13,4168.0
DNg71,2,glutamate,descending,,,,86.23,1264.0
DNg72,4,glutamate,descending,,,,39.86,4513.0
DNg73,2,acetylcholine,descending,,,,57.03,377.0
DNg74_a,2,gaba,descending,,,,70.54,7776.0
DNg74_b,2,gaba,descending,,,,78.05,4802.0
DNg75,2,acetylcholine,descending,,,,32.52,3429.0
DNg76,2,acetylcholine,descending,,,,53.55,338.0
DNg77,2,acetylcholine,descending,,,,54.93,852.0
DNg78,2,acetylcholine,descending,,,,23.66,262.0
DNg79,4,acetylcholine,descending,,,,53.76,173.0
DNg80,2,glutamate,descending,,,,65.15,726.0
DNg81,2,glutamate,descending,,,,73.35,743.0
DNg82,4,acetylcholine,descending,,,,9.58,240.0
DNg83,2,gaba,descending,,,,80.1,2216.0
DNg84,2,acetylcholine,descending,,,,21.18,3069.0
DNg85,2,acetylcholine,descending,,,,23.18,2226.0
DNg86,2,dopamine,descending,,,,70.63,1270.0
DNg87,2,acetylcholine,descending,,,,34.27,957.0
DNg88,2,acetylcholine,descending,,,,11.89,1623.0
DNg89,2,gaba,descending,,,,66.46,799.0
DNg90,2,gaba,descending,,,,7.3,3536.0
DNg91,2,acetylcholine,descending,,,,8.4,1285.0
DNg92_a,4,acetylcholine,descending,,,,16.08,541.0
DNg92_b,4,acetylcholine,descending,,,,13.0,223.0
DNg93,2,gaba,descending,,,,64.73,3334.0
DNg94,2,serotonin,descending,,,,68.98,187.0
DNg95,2,acetylcholine,descending,,,,0.0,6.0
DNg96,2,glutamate,descending,,,,82.7,890.0
DNg97,2,acetylcholine,descending,,,,84.74,1907.0
DNg98,2,gaba,descending,,,,51.9,5676.0
DNg99,2,gaba,descending,,,,13.31,744.0
DNge001,4,acetylcholine,descending,,,,12.96,1875.0
DNge002,2,acetylcholine,descending,,,,27.56,312.0
DNge003,2,acetylcholine,descending,,,,38.16,2935.0
DNge004,2,glutamate,descending,,,,38.85,2700.0
DNge005,2,acetylcholine,descending,,,,71.43,14.0
DNge006,2,acetylcholine,descending,,,,8.63,255.0
DNge007,2,acetylcholine,descending,,,,7.83,345.0
DNge008,2,acetylcholine,descending,,,,29.26,598.0
DNge009,2,acetylcholine,descending,,,,8.25,97.0
DNge010,2,acetylcholine,descending,,,,22.39,67.0
DNge011,2,acetylcholine,descending,,,,14.81,824.0
DNge012,2,acetylcholine,descending,,,,36.49,74.0
DNge013,2,octopamine,descending,,,,20.0,15.0
DNge014,2,acetylcholine,descending,,,,11.11,9.0
DNge015,6,acetylcholine,descending,,,,3.25,123.0
DNge016,2,acetylcholine,descending,,,,21.88,32.0
DNge017,2,acetylcholine,descending,,,,6.67,15.0
DNge018,2,acetylcholine,descending,,,,88.29,982.0
DNge019,12,acetylcholine,descending,,,,9.46,3848.0
DNge020,8,acetylcholine,descending,,,,5.24,439.0
DNge021,2,acetylcholine,descending,,,,18.25,559.0
DNge022,2,acetylcholine,descending,,,,81.67,2215.0
DNge023,2,acetylcholine,descending,,,,10.14,69.0
DNge024,6,acetylcholine,descending,,,,3.76,186.0
DNge025,2,acetylcholine,descending,,,,6.17,389.0
DNge026,2,glutamate,descending,,,,9.74,2104.0
DNge027,2,acetylcholine,descending,,,,76.68,3105.0
DNge028,2,acetylcholine,descending,,,,18.49,2298.0
DNge029,2,glutamate,descending,,,,69.9,1073.0
DNge030,2,acetylcholine,descending,,,,17.55,826.0
DNge031,2,gaba,descending,,,,39.95,4864.0
DNge032,2,acetylcholine,descending,,,,6.99,329.0
DNge033,2,acetylcholine,descending,,,,95.24,1556.0
DNge034,2,glutamate,descending,,,,74.88,848.0
DNge035,2,acetylcholine,descending,,,,80.73,545.0
DNge036,2,acetylcholine,descending,,,,68.72,4901.0
DNge037,2,acetylcholine,descending,,,,79.63,869.0
DNge038,2,acetylcholine,descending,,,,60.14,1124.0
DNge039,2,acetylcholine,descending,,,,28.29,601.0
DNge040,2,glutamate,descending,,,,96.02,1886.0
DNge041,2,acetylcholine,descending,,,,75.76,2417.0
DNge042,2,acetylcholine,descending,,,,18.0,4001.0
DNge043,2,gaba,descending,,,,9.51,1315.0
DNge044,2,acetylcholine,descending,,,,13.33,585.0
DNge045,2,acetylcholine,descending,,,,36.41,390.0
DNge046,4,gaba,descending,,,,54.26,8874.0
DNge047,2,dopamine,descending,,,,30.66,1246.0
DNge048,2,acetylcholine,descending,,,,56.31,1570.0
DNge049,2,acetylcholine,descending,,,,84.87,152.0
DNge050,2,acetylcholine,descending,,,,83.97,1952.0
DNge051,2,gaba,descending,,,,46.77,3577.0
DNge052,2,gaba,descending,,,,76.28,1509.0
DNge053,2,acetylcholine,descending,,,,68.64,2675.0
DNge054,2,gaba,descending,,,,21.71,4983.0
DNge055,2,glutamate,descending,,,,37.57,3253.0
DNge056,2,acetylcholine,descending,,,,71.81,2416.0
DNge057,2,acetylcholine,descending,,,,81.53,2734.0
DNge058,2,acetylcholine,descending,,,,96.42,587.0
DNge059,2,acetylcholine,descending,,,,8.32,2667.0
DNge060,2,glutamate,descending,,,,11.3,230.0
DNge061,4,,descending,,,,,
DNge062,2,acetylcholine,descending,,,,89.8,3511.0
DNge063,2,gaba,descending,,,,91.16,656.0
DNge064,2,acetylcholine,descending,,,,34.57,81.0
DNge065,2,gaba,descending,,,,22.28,2891.0
DNge067,2,gaba,descending,,,,5.97,1240.0
DNge068,2,glutamate,descending,,,,9.0,289.0
DNge069,2,glutamate,descending,,,,15.13,1771.0
DNge070,2,acetylcholine,descending,,,,76.32,587.0
DNge071,16,glutamate,descending,,,,95.85,1760.0
DNge072,2,acetylcholine,descending,,,,95.6,1364.0
DNge073,2,acetylcholine,descending,,,,78.49,1116.0
DNge074,2,acetylcholine,descending,,,,,
DNge075,2,acetylcholine,descending,,,,82.19,668.0
DNge076,2,gaba,descending,,,,74.72,1254.0
DNge077,2,acetylcholine,descending,,,,61.48,1220.0
DNge078,2,acetylcholine,descending,,,,84.32,1907.0
DNge079,2,acetylcholine,descending,,,,44.12,170.0
DNge080,2,acetylcholine,descending,,,,42.55,4693.0
DNge081,2,acetylcholine,descending,,,,0.0,11.0
DNge082,2,acetylcholine,descending,,,,65.57,848.0
DNge083,2,glutamate,descending,,,,13.84,1178.0
DNge084,2,gaba,descending,,,,40.67,2899.0
DNge085,11,glutamate,descending,,,,97.79,498.0
DNge086,2,acetylcholine,descending,,,,95.13,821.0
DNge087,4,gaba,descending,,,,94.27,1816.0
DNge088,2,acetylcholine,descending,,,,85.71,217.0
DNge089,8,acetylcholine,descending,,,,94.64,970.0
DNge090,4,acetylcholine,descending,,,,44.12,68.0
DNge091,17,acetylcholine,descending,,,,77.79,1490.0
DNge092,4,acetylcholine,descending,,,,94.4,571.0
DNge093,4,acetylcholine,descending,,,,57.61,92.0
DNge094,14,acetylcholine,descending,,,,91.68,2309.0
DNge095,2,acetylcholine,descending,,,,88.89,18.0
DNge096,2,gaba,descending,,,,55.79,1882.0
DNge097,2,glutamate,descending,,,,72.8,1305.0
DNge098,2,gaba,descending,,,,53.37,1467.0
DNge099,2,glutamate,descending,,,,53.29,4438.0
DNge100,2,acetylcholine,descending,,,,89.71,3499.0
DNge101,2,gaba,descending,,,,97.1,1069.0
DNge102,4,glutamate,descending,,,,28.4,81.0
DNge103,2,acetylcholine,descending,,,,18.0,50.0
DNge104,2,gaba,descending,,,,88.65,4688.0
DNge105,2,acetylcholine,descending,,,,15.08,1074.0
DNge106,2,acetylcholine,descending,,,,11.02,254.0
DNge107,2,acetylcholine,descending,,,,15.09,212.0
DNge108,3,acetylcholine,descending,,,,94.23,52.0
DNge109,2,serotonin,descending,,,,75.86,29.0
DNge110,2,acetylcholine,descending,,,,90.77,65.0
DNge111,5,acetylcholine,descending,,,,57.6,1453.0
DNge112,2,acetylcholine,descending,,,,89.21,139.0
DNge113,5,acetylcholine,descending,,,,62.35,903.0
DNge114,6,serotonin,descending,,,,65.0,60.0
DNge115,8,acetylcholine,descending,,,,93.33,1274.0
DNge116,4,acetylcholine,descending,,,,92.75,207.0
DNge117,2,acetylcholine,descending,,,,97.08,240.0
DNge118,2,acetylcholine,descending,,,,90.91,22.0
DNge119,2,glutamate,descending,,,,60.93,6040.0
DNge120,2,acetylcholine,descending,,,,59.05,608.0
DNge121,2,acetylcholine,descending,,,,38.5,561.0
DNge122,2,gaba,descending,,,,65.96,4233.0
DNge123,2,glutamate,descending,,,,95.29,2291.0
DNge124,2,acetylcholine,descending,,,,68.17,996.0
DNge125,2,acetylcholine,descending,,,,12.2,41.0
DNge126,2,serotonin,descending,,,,95.65,69.0
DNge127,2,gaba,descending,,,,78.23,2375.0
DNge128,2,gaba,descending,,,,4.96,927.0
DNge129,2,gaba,descending,,,,55.22,4071.0
DNge130,2,acetylcholine,descending,,,,21.3,1798.0
DNge131,2,acetylcholine,descending,,,,74.29,389.0
DNge132,2,acetylcholine,descending,,,,19.7,2437.0
DNge133,2,acetylcholine,descending,,,,39.54,1859.0
DNge134,2,glutamate,descending,,,,4.48,825.0
DNge135,2,gaba,descending,,,,69.4,4268.0
DNge136,4,gaba,descending,,,,54.59,1984.0
DNge137,2,acetylcholine,descending,,,,41.16,1261.0
DNge138,2,octopamine,descending,,,,95.72,1823.0
DNge139,2,acetylcholine,descending,,,,46.06,1205.0
DNge140,2,acetylcholine,descending,,,,38.22,798.0
DNge141,2,gaba,descending,,,,74.99,4151.0
DNge142,2,gaba,descending,,,,49.76,4244.0
DNge143,2,gaba,descending,,,,44.86,3551.0
DNge144,2,acetylcholine,descending,,,,28.69,237.0
DNge145,4,acetylcholine,descending,,,,25.14,521.0
DNge146,2,gaba,descending,,,,16.03,3519.0
DNge147,2,acetylcholine,descending,,,,8.9,854.0
DNge148,2,acetylcholine,descending,,,,57.95,2326.0
DNge149,1,octopamine,descending,,,,95.95,173.0
DNge150,1,octopamine,descending,,,,97.8,227.0
DNge151,1,serotonin,descending,,,,82.61,46.0
DNge152,1,glutamate,descending,,,,93.75,48.0
DNge153,1,gaba,descending,,,,,
DNge154,1,gaba,descending,,,,50.0,2.0
DNge156,1,acetylcholine,descending,,,,96.67,30.0
DNge172,2,acetylcholine,descending,,,,63.27,49.0
DNge173,2,acetylcholine,descending,,,,20.72,2722.0
DNge174,2,acetylcholine,descending,,,,12.78,978.0
DNge175,2,acetylcholine,descending,,,,21.05,19.0
DNp01,2,acetylcholine,descending,,,,9.89,1416.0
DNp02,2,acetylcholine,descending,,,,32.04,1002.0
DNp03,2,acetylcholine,descending,,,,71.0,538.0
DNp04,2,acetylcholine,descending,,,,12.52,8098.0
DNp05,2,acetylcholine,descending,,,,55.35,486.0
DNp06,2,acetylcholine,descending,,,,11.53,1067.0
DNp07,2,acetylcholine,descending,,,,27.5,320.0
DNp08,2,glutamate,descending,,,,25.35,1704.0
DNp09,2,acetylcholine,descending,,,,14.87,3155.0
DNp10,2,acetylcholine,descending,,,,65.01,1146.0
DNp101,2,acetylcholine,descending,,,,49.95,5099.0
DNp102,2,acetylcholine,descending,,,,16.88,622.0
DNp103,2,acetylcholine,descending,,,,34.72,1659.0
DNp104,2,acetylcholine,descending,,,,26.36,3175.0
DNp11,2,acetylcholine,descending,,,,37.61,1768.0
DNp12,2,acetylcholine,descending,,,,21.4,902.0
DNp13,2,acetylcholine,descending,,,,30.93,97.0
DNp14,2,acetylcholine,descending,,,,40.6,1170.0
DNp15,2,acetylcholine,descending,,,,6.28,191.0
DNp16,4,acetylcholine,descending,,,,4.25,447.0
DNp17,12,acetylcholine,descending,,,,15.56,135.0
DNp18,2,acetylcholine,descending,,,,12.11,388.0
DNp19,2,acetylcholine,descending,,,,15.76,203.0
DNp20,2,acetylcholine,descending,,,,11.47,279.0
DNp22,2,acetylcholine,descending,,,,8.2,122.0
DNp23,2,acetylcholine,descending,,,,59.66,4274.0
DNp24,2,glutamate,descending,,,,30.72,446.0
DNp25,2,glutamate,descending,,,,31.46,1939.0
DNp26,2,acetylcholine,descending,,,,85.88,1678.0
DNp27,2,serotonin,descending,d,8.89,45.0,46.37,3474.0
DNp28,2,acetylcholine,descending,,,,91.04,547.0
DNp29,2,acetylcholine,descending,,,,68.68,1871.0
DNp30,2,serotonin,descending,b,33.33,33.0,49.61,2677.0
DNp31,2,acetylcholine,descending,,,,47.59,790.0
DNp32,2,dopamine,descending,,,,15.21,2157.0
DNp33,2,acetylcholine,descending,,,,9.59,73.0
DNp34,2,acetylcholine,descending,,,,70.98,1768.0
DNp35,2,acetylcholine,descending,,,,43.04,5132.0
DNp36,2,glutamate,descending,,,,29.81,1238.0
DNp37,2,acetylcholine,descending,,,,23.57,526.0
DNp38,2,acetylcholine,descending,,,,32.26,871.0
DNp39,2,acetylcholine,descending,,,,16.99,1071.0
DNp40,2,acetylcholine,descending,,,,18.69,503.0
DNp41,4,acetylcholine,descending,,,,11.87,910.0
DNp42,2,acetylcholine,descending,,,,14.09,2946.0
DNp43,2,acetylcholine,descending,,,,21.31,1943.0
DNp44,2,acetylcholine,descending,,,,21.55,2060.0
DNp45,2,acetylcholine,descending,,,,26.06,4117.0
DNp46,2,acetylcholine,descending,,,,64.15,1046.0
DNp47,2,acetylcholine,descending,,,,20.22,3729.0
DNp48,2,acetylcholine,descending,,,,49.53,3109.0
DNp49,2,glutamate,descending,,,,42.45,669.0
DNp51,2,acetylcholine,descending,,,,5.57,880.0
DNp52,2,acetylcholine,descending,,,,24.62,1714.0
DNp53,2,acetylcholine,descending,,,,85.43,254.0
DNp54,2,gaba,descending,,,,34.52,3873.0
DNp55,2,acetylcholine,descending,,,,37.71,1326.0
DNp56,2,acetylcholine,descending,,,,10.45,3005.0
DNp57,2,acetylcholine,descending,,,,89.59,1508.0
DNp58,2,serotonin,descending,,,,69.98,423.0
DNp59,2,gaba,descending,,,,39.94,3758.0
DNp60,2,acetylcholine,descending,,,,73.07,375.0
DNp62,2,serotonin,descending,,,,46.61,1491.0
DNp63,2,acetylcholine,descending,,,,83.28,873.0
DNp64,2,acetylcholine,descending,,,,55.11,3141.0
DNp65,2,gaba,descending,,,,50.55,1729.0
DNp66,2,acetylcholine,descending,,,,61.18,1373.0
DNp67,2,acetylcholine,descending,,,,86.78,923.0
DNp68,2,acetylcholine,descending,,,,68.68,1999.0
DNp69,2,acetylcholine,descending,,,,29.41,1870.0
DNp70,2,acetylcholine,descending,,,,11.36,3593.0
DNp71,2,acetylcholine,descending,,,,19.65,3893.0
DNp72,1,acetylcholine,descending,,,,0.53,190.0
DNp73,2,acetylcholine,descending,,,,59.01,222.0
DNpe001,2,acetylcholine,descending,,,,10.7,2832.0
DNpe002,2,acetylcholine,descending,,,,7.51,1704.0
DNpe003,4,acetylcholine,descending,,,,4.75,3388.0
DNpe004,2,acetylcholine,descending,,,,6.26,911.0
DNpe005,2,acetylcholine,descending,,,,30.52,4735.0
DNpe006,2,acetylcholine,descending,,,,31.14,1018.0
DNpe007,2,serotonin,descending,,,,21.17,1030.0
DNpe008,18,acetylcholine,descending,,,,27.87,183.0
DNpe009,8,acetylcholine,descending,,,,8.11,74.0
DNpe010,2,glutamate,descending,,,,16.7,557.0
DNpe011,7,acetylcholine,descending,,,,7.96,540.0
DNpe012,8,acetylcholine,descending,,,,5.87,1397.0
DNpe013,2,acetylcholine,descending,,,,45.89,1033.0
DNpe014,4,acetylcholine,descending,,,,23.04,2622.0
DNpe015,10,acetylcholine,descending,,,,5.45,367.0
DNpe016,2,acetylcholine,descending,,,,7.04,2274.0
DNpe017,2,acetylcholine,descending,,,,11.2,125.0
DNpe018,2,acetylcholine,descending,,,,33.33,3.0
DNpe019,2,acetylcholine,descending,,,,4.21,808.0
DNpe020,2,acetylcholine,descending,,,,51.47,2590.0
DNpe021,2,acetylcholine,descending,,,,17.8,983.0
DNpe022,2,acetylcholine,descending,,,,10.68,2706.0
DNpe023,2,acetylcholine,descending,,,,58.12,4795.0
DNpe024,2,acetylcholine,descending,,,,9.15,2001.0
DNpe025,2,acetylcholine,descending,,,,28.18,2232.0
DNpe026,2,acetylcholine,descending,,,,65.27,2056.0
DNpe027,2,acetylcholine,descending,,,,10.03,4907.0
DNpe028,2,acetylcholine,descending,,,,35.76,755.0
DNpe029,4,acetylcholine,descending,,,,23.53,34.0
DNpe030,2,acetylcholine,descending,,,,43.53,1098.0
DNpe031,4,glutamate,descending,,,,26.17,3806.0
DNpe032,2,acetylcholine,descending,,,,75.66,530.0
DNpe033,2,gaba,descending,,,,37.61,1840.0
DNpe034,2,acetylcholine,descending,,,,90.95,420.0
DNpe035,2,acetylcholine,descending,,,,37.96,511.0
DNpe036,2,acetylcholine,descending,,,,57.61,276.0
DNpe037,2,acetylcholine,descending,,,,44.55,2604.0
DNpe038,2,acetylcholine,descending,,,,41.57,89.0
DNpe039,2,acetylcholine,descending,,,,32.75,574.0
DNpe040,2,acetylcholine,descending,,,,29.18,1460.0
DNpe041,2,gaba,descending,,,,54.69,1302.0
DNpe042,2,acetylcholine,descending,,,,47.56,2950.0
DNpe043,2,acetylcholine,descending,,,,54.98,1055.0
DNpe044,2,acetylcholine,descending,,,,62.0,150.0
DNpe045,2,acetylcholine,descending,,,,55.77,3217.0
DNpe046,2,acetylcholine,descending,,,,0.0,37.0
DNpe047,2,acetylcholine,descending,,,,67.16,134.0
DNpe048,2,serotonin,descending,,,,38.98,2973.0
DNpe049,2,acetylcholine,descending,,,,40.85,2906.0
DNpe050,2,acetylcholine,descending,,,,49.01,2840.0
DNpe052,2,acetylcholine,descending,,,,15.53,1378.0
DNpe053,2,acetylcholine,descending,,,,59.93,15437.0
DNpe054,8,acetylcholine,descending,,,,8.4,131.0
DNpe055,2,acetylcholine,descending,,,,8.65,1122.0
DNpe056,2,acetylcholine,descending,,,,27.68,2905.0
DNx01,2,acetylcholine,sensory,,,,25.07,375.0
DNx02,4,acetylcholine,sensory,,,,6.14,1254.0
DNxl114,1,glutamate,descending,,,,16.67,30.0
DP1l_adPN,2,acetylcholine,central,,,,0.33,24156.0
DP1l_vPN,2,gaba,central,,,,0.0,857.0
DP1m_adPN,2,acetylcholine,central,,,,0.84,43762.0
DP1m_vPN,4,gaba,central,,,,0.31,2283.0
DPM,2,dopamine,central,,,,12.38,15716.0
DSKMP3,4,dopamine,central,,,,6.59,1805.0
D_adPN,6,acetylcholine,central,,,,0.66,16865.0
Delta7,42,glutamate,central,,,,47.92,27102.0
Dm1,73,gaba,optic,,,,0.01,100617.0
Dm10,503,gaba,optic,b,57.14,7.0,0.13,81548.0
Dm11,131,glutamate,optic,,,,0.33,36494.0
Dm12,216,gaba,optic,c,33.33,3.0,0.05,109924.0
Dm13,49,gaba,optic,,,,0.07,73313.0
Dm14,28,glutamate,optic,,,,0.1,46813.0
Dm15,400,glutamate,optic,,,,0.06,130320.0
Dm16,93,gaba,optic,,,,0.02,23565.0
Dm17,8,glutamate,optic,,,,0.05,63640.0
Dm18,49,gaba,optic,,,,0.02,47482.0
Dm19,27,gaba,optic,,,,0.16,65140.0
Dm2,1219,acetylcholine,optic,b,100.0,1.0,0.17,252656.0
Dm20,95,gaba,optic,,,,0.24,78472.0
Dm3p,1005,glutamate,optic,,,,0.15,56745.0
Dm3q,902,glutamate,optic,,,,0.06,57490.0
Dm3v,641,glutamate,optic,d,0.0,1.0,0.03,55195.0
Dm4,77,glutamate,optic,,,,0.05,96056.0
Dm6,63,gaba,optic,,,,0.02,122173.0
Dm8,1,gaba,optic,,,,0.0,66.0
Dm9,204,acetylcholine,optic,,,,0.07,47898.0
DmDRA1,47,glutamate,optic,,,,0.07,12326.0
DmDRA2,24,glutamate,optic,,,,0.07,5370.0
EL,17,gaba,central,,,,47.66,7060.0
ENS1,10,acetylcholine,sensory,,,,17.77,3719.0
ENS2,10,glutamate,sensory,,,,27.94,4878.0
ENS3,29,serotonin,sensory,,,,17.7,5942.0
ENS4,12,serotonin,sensory,,,,21.15,6558.0
ENS5,18,serotonin,sensory,,,,27.06,4062.0
EPG,47,acetylcholine,central,,,,44.51,47203.0
EPGt,4,acetylcholine,central,,,,13.64,1114.0
ER1,29,gaba,central,,,,50.27,12449.0
ER2,43,gaba,central,,,,51.17,35704.0
"ER3a_a,ER3a_d",23,gaba,central,,,,52.23,10860.0
"ER3a_b,ER3a_c",14,gaba,central,,,,50.64,4295.0
ER3d,47,gaba,central,,,,52.49,27002.0
ER3m,15,gaba,central,,,,52.98,8829.0
ER3p_a,17,gaba,central,,,,51.17,8931.0
ER3p_b,5,gaba,central,,,,49.05,2569.0
ER3w,25,gaba,central,,,,51.37,16403.0
ER4d,24,gaba,central,,,,51.65,25148.0
ER4m,11,gaba,central,,,,49.55,20489.0
ER5,21,gaba,central,,,,50.74,17403.0
ER6,4,gaba,central,,,,67.09,4911.0
ExR1,4,acetylcholine,central,,,,51.04,8090.0
ExR2_1,2,dopamine,central,,,,45.05,950.0
ExR2_2,2,dopamine,central,,,,55.6,1000.0
ExR3,2,dopamine,central,,,,42.84,6947.0
ExR4,2,acetylcholine,central,,,,49.98,3091.0
ExR5,4,glutamate,central,,,,50.17,16026.0
ExR6,2,gaba,central,,,,53.7,12557.0
ExR7,4,acetylcholine,central,,,,51.66,4075.0
ExR8,4,acetylcholine,central,,,,11.52,2994.0
FB1A,4,glutamate,central,,,,50.57,1056.0
FB1B,7,glutamate,central,,,,48.45,1936.0
FB1C,4,dopamine,central,,,,48.36,2802.0
FB1D,6,glutamate,central,,,,50.66,4104.0
FB1E,4,glutamate,central,,,,48.96,2306.0
FB1F,2,glutamate,central,,,,44.66,515.0
FB1G,2,acetylcholine,central,,,,47.73,7542.0
FB1H,2,dopamine,central,,,,45.87,2993.0
"FB1I,FB1J",4,glutamate,central,,,,48.53,2848.0
FB2A,6,dopamine,central,,,,48.9,2959.0
FB2B,4,glutamate,central,,,,50.72,1950.0
FB2B_b,4,glutamate,central,,,,50.54,3706.0
FB2C,6,glutamate,central,,,,49.96,2624.0
FB2D,5,glutamate,central,,,,50.05,8478.0
FB2E,2,glutamate,central,,,,49.05,1949.0
FB2F_b,4,glutamate,central,,,,50.16,3760.0
FB2F_c,4,glutamate,central,,,,52.43,2548.0
FB2F_d,2,glutamate,central,,,,47.23,1717.0
FB2G,4,glutamate,central,,,,50.54,3635.0
FB2G_a,2,glutamate,central,,,,49.34,1828.0
"FB2H_a,FB2I_b",4,glutamate,central,,,,48.68,5055.0
FB2H_b,2,glutamate,central,,,,47.25,2051.0
FB2I_a,11,glutamate,central,,,,51.53,7593.0
"FB2J_a,FB2J_c",5,glutamate,central,,,,46.46,4643.0
FB2J_b,2,glutamate,central,,,,47.39,1646.0
FB2K,6,glutamate,central,,,,48.1,2110.0
FB2L,2,glutamate,central,,,,50.43,1037.0
FB2M,6,glutamate,central,,,,50.45,5544.0
FB3A,4,glutamate,central,,,,48.87,3440.0
"FB3B,FB3C,FB3E",14,glutamate,central,,,,49.97,7254.0
FB3D,2,glutamate,central,,,,46.74,1410.0
FB4A,8,glutamate,central,,,,49.66,2936.0
FB4B,2,acetylcholine,central,,,,50.56,4272.0
FB4C,2,glutamate,central,,,,53.8,4372.0
FB4D,6,glutamate,central,,,,49.12,4609.0
FB4E,8,gaba,central,,,,47.43,2644.0
FB4F,1,serotonin,central,,,,59.02,61.0
"FB4F_a,FB4F_b,FB4F_c",9,glutamate,central,,,,50.76,7406.0
FB4G,2,glutamate,central,,,,45.09,2883.0
FB4H,2,gaba,central,,,,48.2,6081.0
FB4I,2,glutamate,central,,,,49.77,2136.0
FB4J,2,glutamate,central,,,,50.93,1669.0
FB4K,4,glutamate,central,,,,49.79,4252.0
FB4L,4,serotonin,central,,,,45.07,832.0
FB4M,4,dopamine,central,,,,50.3,4755.0
FB4N,2,glutamate,central,,,,49.88,4587.0
FB4O,8,glutamate,central,,,,48.41,7079.0
"FB4P,FB4Q",7,glutamate,central,,,,50.7,8985.0
FB4P_a,4,glutamate,central,,,,48.64,4463.0
FB4Q_b,4,glutamate,central,,,,49.81,2082.0
FB4R,4,glutamate,central,,,,46.51,2825.0
FB4X,2,glutamate,central,,,,50.76,5248.0
FB4Y,6,dopamine,central,,,,48.04,6330.0
FB4Z,17,glutamate,central,,,,50.66,6954.0
FB4_unclear,2,glutamate,central,,,,65.22,23.0
FB5A,4,gaba,central,,,,49.63,19320.0
FB5AA,2,glutamate,central,,,,45.71,2470.0
FB5AB,2,acetylcholine,central,,,,50.77,8421.0
FB5B,6,gaba,central,,,,51.71,4017.0
FB5C,3,glutamate,central,,,,46.02,3959.0
"FB5D,FB5E",3,glutamate,central,,,,48.13,3451.0
FB5F,2,glutamate,central,,,,49.65,2028.0
FB5G,6,glutamate,central,,,,46.78,4991.0
FB5H,2,dopamine,central,,,,46.36,2073.0
FB5I,2,glutamate,central,,,,50.88,4821.0
FB5J,2,glutamate,central,,,,48.28,1508.0
FB5K,2,glutamate,central,,,,47.64,3455.0
FB5L,3,serotonin,central,,,,48.3,2528.0
FB5M,2,glutamate,central,,,,52.59,1565.0
FB5N,2,glutamate,central,,,,51.95,1973.0
FB5O,3,glutamate,central,,,,51.24,3829.0
"FB5P,FB5T",6,glutamate,central,,,,49.29,3782.0
FB5Q,4,glutamate,central,,,,48.46,4257.0
"FB5R,FB5U",11,glutamate,central,,,,50.46,6100.0
FB5S,6,glutamate,central,,,,51.64,3056.0
FB5V,20,glutamate,central,,,,47.71,13994.0
FB5W,6,glutamate,central,,,,49.01,3240.0
FB5X,6,glutamate,central,,,,49.07,4316.0
FB5Y,4,glutamate,central,,,,50.5,4828.0
FB5Z,4,glutamate,central,,,,49.87,3144.0
"FB6,FB6J",9,glutamate,central,,,,49.56,3898.0
FB6A,4,glutamate,central,,,,47.26,11054.0
FB6A_c,2,glutamate,central,,,,45.64,5769.0
FB6B,4,glutamate,central,,,,51.92,3846.0
FB6C,9,glutamate,central,,,,46.45,11400.0
FB6D,2,glutamate,central,,,,45.93,3290.0
FB6E,2,glutamate,central,,,,51.96,3872.0
FB6F,2,glutamate,central,,,,49.51,5104.0
FB6G,2,glutamate,central,,,,48.89,3465.0
FB6H,2,glutamate,central,,,,48.58,2295.0
FB6I,2,glutamate,central,,,,49.23,2923.0
FB6K,4,glutamate,central,,,,51.63,3591.0
FB6L,1,glutamate,central,,,,53.15,540.0
FB6M,4,gaba,central,,,,40.15,4842.0
FB6N,2,glutamate,central,,,,49.29,1333.0
FB6O,2,glutamate,central,,,,48.79,1775.0
FB6P,2,glutamate,central,,,,50.28,1957.0
FB6Q,2,glutamate,central,,,,44.95,1179.0
FB6R,4,glutamate,central,,,,50.44,2845.0
FB6S,6,glutamate,central,,,,25.36,1392.0
FB6T,4,glutamate,central,,,,34.68,1909.0
FB6U,3,glutamate,central,,,,47.07,2307.0
FB6V,2,glutamate,central,,,,43.07,2505.0
FB6W,2,glutamate,central,,,,45.03,2705.0
FB6X,2,glutamate,central,,,,50.98,1630.0
FB6Y,2,glutamate,central,,,,50.31,1455.0
FB6Z,2,glutamate,central,,,,48.54,2602.0
FB7A,6,glutamate,central,,,,48.0,7304.0
FB7B,2,glutamate,central,,,,47.64,2313.0
FB7C,3,glutamate,central,,,,47.96,1837.0
FB7D,4,glutamate,central,,,,51.06,1980.0
FB7E,5,glutamate,central,,,,50.78,2897.0
FB7F,5,glutamate,central,,,,21.02,1732.0
"FB7G,FB7I",12,glutamate,central,,,,47.66,9823.0
FB7H,2,glutamate,central,,,,49.13,1726.0
FB7J,4,glutamate,central,,,,52.85,1862.0
FB7K,4,glutamate,central,,,,51.1,3266.0
FB7L,6,glutamate,central,,,,48.72,5448.0
FB7M,2,glutamate,central,,,,48.98,833.0
"FB8A,FB8H",14,glutamate,central,,,,49.06,7800.0
FB8B,5,glutamate,central,,,,49.37,3518.0
FB8C,4,glutamate,central,,,,46.46,2542.0
FB8D,3,glutamate,central,,,,48.2,807.0
FB8E,4,glutamate,central,,,,49.9,2443.0
FB8F_a,7,glutamate,central,,,,25.55,2556.0
FB8F_b,8,glutamate,central,,,,20.52,2831.0
FB8G,8,glutamate,central,,,,47.73,4890.0
FB8I,6,glutamate,central,,,,50.44,2407.0
FB9A,4,glutamate,central,,,,48.75,1083.0
FB9B,21,glutamate,central,,,,49.15,2698.0
FB9C,10,glutamate,central,,,,44.08,1631.0
"FC1A,FC1B,FC1F",38,acetylcholine,central,,,,47.89,11138.0
"FC1C,FC1E",37,acetylcholine,central,,,,58.62,9288.0
FC1D,29,acetylcholine,central,,,,49.66,8375.0
FC2A,17,acetylcholine,central,,,,52.83,5662.0
FC2B,28,acetylcholine,central,,,,54.61,7991.0
FC2C,40,acetylcholine,central,,,,55.64,8464.0
FC3,46,acetylcholine,central,,,,49.67,20127.0
FLA100f,7,gaba,central,,,,26.86,2111.0
FLA101f_a,5,acetylcholine,central,,,,51.64,1371.0
FLA101f_b,12,acetylcholine,central,,,,45.18,1793.0
FLA101f_c,6,acetylcholine,central,,,,56.21,1562.0
FLA101f_d,5,acetylcholine,central,,,,49.31,939.0
FR1,20,acetylcholine,central,,,,45.96,4828.0
FR2,17,acetylcholine,central,,,,92.88,2723.0
FS1A,41,acetylcholine,central,,,,56.46,6459.0
FS1B,22,acetylcholine,central,,,,58.6,3845.0
FS2,38,acetylcholine,central,,,,48.6,5344.0
FS3,68,acetylcholine,central,,,,47.51,6687.0
FS4A,70,acetylcholine,central,,,,74.29,4266.0
FS4B,27,acetylcholine,central,,,,88.88,1943.0
FS4C,27,acetylcholine,central,,,,81.13,3366.0
GLNO,4,gaba,central,,,,92.95,8242.0
GNG800f,2,serotonin,central,,,,33.63,556.0
H01,2,gaba,central,,,,45.21,3718.0
H03,2,gaba,central,,,,1.54,2534.0
H1,2,gaba,optic,b,99.31,5981.0,93.83,9124.0
H2,2,acetylcholine,visual_projection,b,99.76,24772.0,37.96,7618.0
HBeyelet,4,glutamate,sensory,,,,0.5,804.0
HRN_VP1d,16,acetylcholine,sensory,,,,12.6,8373.0
HRN_VP1l,13,acetylcholine,sensory,,,,15.44,4346.0
HRN_VP4,29,acetylcholine,sensory,,,,39.04,8930.0
HRN_VP5,16,acetylcholine,sensory,,,,12.67,3284.0
HSE,2,acetylcholine,visual_projection,a,0.04,12725.0,7.65,1882.0
HSN,2,acetylcholine,visual_projection,a,0.31,10837.0,6.86,1764.0
HSS,2,acetylcholine,visual_projection,a,0.14,7345.0,4.68,2242.0
Hugin-RG,4,acetylcholine,endocrine,,,,46.15,13.0
IB005,2,gaba,central,,,,40.43,3497.0
IB007,2,glutamate,central,,,,30.86,1442.0
IB008,2,glutamate,central,,,,47.42,6004.0
IB009,2,gaba,central,,,,47.29,5733.0
IB010,2,gaba,central,,,,36.67,4292.0
IB012,2,gaba,central,,,,19.54,3101.0
IB015,2,acetylcholine,central,,,,48.29,1346.0
IB016,2,glutamate,central,,,,31.12,1645.0
IB017,2,acetylcholine,central,,,,18.37,3109.0
IB018,2,acetylcholine,central,,,,25.33,7482.0
IB020,2,acetylcholine,central,,,,32.49,1576.0
IB021,2,acetylcholine,central,,,,23.0,2291.0
IB022,4,acetylcholine,central,,,,2.88,1872.0
IB023,2,acetylcholine,central,,,,94.24,3057.0
IB024,2,acetylcholine,central,,,,51.53,949.0
IB025,2,acetylcholine,central,,,,52.74,2317.0
IB026,2,glutamate,central,,,,45.85,2347.0
IB031,4,glutamate,central,,,,5.2,3074.0
IB032,8,glutamate,central,,,,10.08,3530.0
"IB033,IB039",4,glutamate,central,,,,15.32,4772.0
IB038,4,glutamate,central,,,,49.76,4622.0
IB044,2,acetylcholine,central,,,,53.17,2631.0
IB045,4,acetylcholine,central,,,,44.84,2540.0
IB047,2,acetylcholine,central,,,,90.74,3402.0
IB048,2,acetylcholine,central,,,,29.26,557.0
IB049,4,acetylcholine,central,,,,22.87,2169.0
IB050,2,glutamate,central,,,,42.13,1595.0
IB051,4,acetylcholine,central,,,,46.0,2335.0
IB054,1,acetylcholine,central,,,,11.98,217.0
"IB057,IB087",1,acetylcholine,central,,,,44.74,190.0
IB058,2,glutamate,central,,,,16.77,2468.0
IB059a,2,glutamate,central,,,,36.56,1425.0
IB059b,2,glutamate,central,,,,45.18,1824.0
IB060,2,gaba,central,,,,49.3,2428.0
IB061,2,acetylcholine,central,,,,87.01,3142.0
IB062,2,acetylcholine,central,,,,94.08,2043.0
IB064,2,acetylcholine,central,,,,50.09,2741.0
IB065,2,glutamate,central,,,,59.62,4586.0
IB066,4,acetylcholine,central,,,,94.08,1403.0
IB068,2,acetylcholine,central,,,,93.95,1421.0
IB069,2,acetylcholine,central,,,,89.61,1338.0
IB076,3,acetylcholine,central,,,,91.8,890.0
IB084,6,acetylcholine,central,,,,92.88,2486.0
IB092,2,glutamate,central,,,,54.56,4313.0
IB093,3,glutamate,central,,,,56.62,2642.0
IB094,2,glutamate,central,,,,70.1,1448.0
IB095,2,glutamate,central,,,,98.81,1599.0
IB097,2,glutamate,central,,,,56.29,5351.0
IB110,2,glutamate,central,,,,57.73,1798.0
IB114,2,gaba,central,,,,55.8,5373.0
IB115,4,acetylcholine,central,,,,48.82,6757.0
IB116,2,gaba,central,,,,3.72,2580.0
IB117,2,glutamate,central,,,,33.76,2556.0
IB118,2,serotonin,central,,,,80.24,820.0
IPC,18,acetylcholine,endocrine,,,,24.84,157.0
ISN,4,acetylcholine,central,,,,50.42,5914.0
ITP,8,octopamine,endocrine,,,,25.0,4.0
IbSpsP,30,acetylcholine,central,,,,1.77,6335.0
JO-A,94,acetylcholine,sensory,,,,17.8,4780.0
JO-B,299,acetylcholine,sensory,,,,5.69,12041.0
JO-C,26,acetylcholine,sensory,,,,3.35,1823.0
JO-CA,17,acetylcholine,sensory,,,,14.25,435.0
JO-CL,8,acetylcholine,sensory,,,,0.0,515.0
JO-CM,9,acetylcholine,sensory,,,,2.11,331.0
JO-D,28,acetylcholine,sensory,,,,5.38,446.0
JO-DA,12,acetylcholine,sensory,,,,1.77,113.0
JO-DP,13,acetylcholine,sensory,,,,5.21,326.0
JO-E,194,acetylcholine,sensory,,,,8.0,26910.0
JO-EDC,13,acetylcholine,sensory,,,,10.29,2186.0
JO-EDM,40,acetylcholine,sensory,,,,19.03,8877.0
JO-EDP,12,acetylcholine,sensory,,,,15.32,2350.0
JO-EV,23,acetylcholine,sensory,,,,2.68,971.0
JO-EVL,27,acetylcholine,sensory,,,,1.23,4570.0
JO-EVM,44,acetylcholine,sensory,,,,7.71,5237.0
JO-EVP,18,acetylcholine,sensory,,,,3.84,1903.0
JO-F,98,acetylcholine,sensory,,,,14.97,3533.0
JO-FDA,22,acetylcholine,sensory,,,,14.7,1653.0
JO-FDL,4,acetylcholine,sensory,,,,8.51,47.0
JO-FDP,6,acetylcholine,sensory,,,,3.84,860.0
JO-FVA,58,acetylcholine,sensory,,,,18.88,2219.0
JO-FVL,4,acetylcholine,sensory,,,,9.68,62.0
JO-mz,38,acetylcholine,sensory,,,,3.43,6800.0
KCa'b'-ap1,1,dopamine,central,,,,24.54,216.0
KCab,1643,dopamine,central,,,,9.27,353978.0
KCab-p,128,dopamine,central,,,,14.16,35955.0
KCapbp-ap1,280,dopamine,central,,,,21.49,68627.0
KCapbp-ap2,298,dopamine,central,,,,20.67,70489.0
KCapbp-m,338,dopamine,central,,,,18.61,84796.0
KCg-d,295,dopamine,central,,,,10.35,37751.0
KCg-m,2189,dopamine,central,,,,12.21,329604.0
KCg-s1,2,dopamine,central,,,,13.48,1387.0
KCg-s2,2,dopamine,central,,,,22.73,1355.0
KCg-s3,1,dopamine,central,,,,14.48,290.0
L1,1590,glutamate,optic,a,33.33,3.0,0.03,427907.0
L2,1696,acetylcholine,optic,,,,0.0,765895.0
L3,1442,acetylcholine,optic,,,,0.07,318137.0
L4,1380,acetylcholine,optic,,,,0.05,162912.0
L5,1579,acetylcholine,optic,b,66.67,6.0,0.05,598608.0
LAL001,2,glutamate,central,,,,25.09,4372.0
LAL002,2,glutamate,central,,,,23.88,4384.0
"LAL003,LAL044",4,acetylcholine,central,,,,4.4,2657.0
LAL004,4,acetylcholine,central,,,,44.26,3016.0
LAL006,6,acetylcholine,central,,,,47.65,1660.0
LAL007,2,acetylcholine,central,,,,35.95,993.0
LAL008,2,glutamate,central,,,,83.95,3831.0
LAL009,2,acetylcholine,central,,,,6.3,3617.0
LAL010,2,acetylcholine,central,,,,6.95,5268.0
LAL011,2,acetylcholine,central,,,,2.31,2817.0
LAL012,2,acetylcholine,central,,,,4.78,3434.0
LAL013,2,acetylcholine,central,,,,2.16,3334.0
LAL014,2,acetylcholine,central,,,,6.66,4340.0
LAL015,2,acetylcholine,central,,,,4.57,3240.0
LAL016,2,acetylcholine,central,,,,5.2,4826.0
LAL017,2,acetylcholine,central,,,,13.19,3851.0
LAL018,2,acetylcholine,central,,,,3.73,4907.0
LAL019,4,acetylcholine,central,,,,3.98,3747.0
LAL020,4,acetylcholine,central,,,,17.64,2302.0
LAL021,6,acetylcholine,central,,,,8.4,2094.0
LAL022,6,acetylcholine,central,,,,3.78,6965.0
LAL023,4,acetylcholine,central,,,,2.05,2533.0
LAL024,2,acetylcholine,central,,,,1.71,1168.0
LAL025,5,acetylcholine,central,,,,6.06,4073.0
LAL026,4,acetylcholine,central,,,,4.29,2963.0
LAL027,3,acetylcholine,central,,,,2.08,2216.0
"LAL028, LAL029",12,acetylcholine,central,,,,2.58,4466.0
LAL030a,2,acetylcholine,central,,,,6.58,972.0
LAL030b,4,acetylcholine,central,,,,3.78,2537.0
LAL030c,2,acetylcholine,central,,,,1.56,836.0
LAL030d,4,acetylcholine,central,,,,10.17,1446.0
LAL031,4,acetylcholine,central,,,,8.49,2485.0
LAL034,6,acetylcholine,central,,,,5.33,2027.0
LAL035,4,acetylcholine,central,,,,2.89,1661.0
LAL037,6,acetylcholine,central,,,,4.98,2089.0
LAL038,2,acetylcholine,central,,,,10.83,517.0
LAL040,2,gaba,central,,,,80.38,8576.0
LAL042,2,glutamate,central,,,,86.26,3456.0
LAL043a,5,gaba,central,,,,7.61,999.0
LAL043b,2,gaba,central,,,,23.05,950.0
LAL043c,5,gaba,central,,,,15.54,1609.0
LAL045,2,gaba,central,,,,42.92,4000.0
LAL046,2,gaba,central,,,,3.36,5033.0
LAL047,2,gaba,central,,,,1.36,7353.0
LAL048,9,gaba,central,,,,4.81,2327.0
LAL049,2,gaba,central,,,,6.18,955.0
LAL051,2,glutamate,central,,,,12.37,8559.0
LAL052,2,glutamate,central,,,,4.57,2735.0
LAL053,2,glutamate,central,,,,12.75,5145.0
LAL054,2,glutamate,central,,,,8.94,4149.0
LAL055,2,acetylcholine,central,,,,8.77,2223.0
LAL056,5,gaba,central,,,,2.15,2143.0
LAL059,8,gaba,central,,,,3.95,2909.0
LAL072,2,gaba,central,,,,26.24,5443.0
LAL073,2,glutamate,central,,,,89.72,8615.0
"LAL074,LAL084",4,glutamate,central,,,,84.29,11666.0
LAL075,2,glutamate,central,,,,67.57,3821.0
LAL076,2,glutamate,central,,,,86.17,5603.0
LAL081,2,acetylcholine,central,,,,14.95,6734.0
LAL082,2,serotonin,central,,,,21.06,1225.0
LAL085,4,glutamate,central,,,,73.39,4355.0
LAL086,6,glutamate,central,,,,83.06,844.0
LAL087,8,glutamate,central,,,,90.84,655.0
LAL088,3,glutamate,central,,,,62.76,1168.0
LAL089,5,glutamate,central,,,,76.43,1438.0
LAL090,8,glutamate,central,,,,78.84,3142.0
LAL091,6,glutamate,central,,,,89.63,1147.0
LAL093,10,glutamate,central,,,,65.6,2916.0
LAL094,12,glutamate,central,,,,85.69,2592.0
"LAL096,LAL097",10,glutamate,central,,,,64.3,1535.0
LAL098,2,gaba,central,,,,11.56,5458.0
LAL099,2,gaba,central,,,,9.43,5024.0
LAL100,2,gaba,central,,,,34.77,3290.0
LAL101,2,gaba,central,,,,47.27,3573.0
LAL102,2,gaba,central,,,,36.9,3873.0
"LAL103,LAL109",4,gaba,central,,,,12.06,4055.0
"LAL104,LAL105",4,gaba,central,,,,57.82,4924.0
LAL110,10,acetylcholine,central,,,,53.0,3479.0
"LAL111,PS060",4,gaba,central,,,,6.73,8613.0
LAL112,4,gaba,central,,,,7.72,10887.0
LAL113,4,gaba,central,,,,9.72,6708.0
LAL114,2,acetylcholine,central,,,,28.76,1787.0
LAL115,2,acetylcholine,central,,,,50.68,3325.0
LAL116,2,acetylcholine,central,,,,88.11,3508.0
LAL117a,2,acetylcholine,central,,,,84.83,2294.0
LAL117b,2,acetylcholine,central,,,,82.71,2365.0
LAL119,2,acetylcholine,central,,,,31.38,6520.0
LAL120a,2,glutamate,central,,,,92.22,4372.0
LAL120b,2,glutamate,central,,,,89.32,5965.0
LAL121,2,glutamate,central,,,,89.84,6026.0
LAL122,2,glutamate,central,,,,81.02,5696.0
LAL123,2,glutamate,central,,,,74.88,5164.0
LAL124,2,glutamate,central,,,,83.37,6862.0
"LAL125,LAL108",4,glutamate,central,,,,88.71,11107.0
LAL126,4,glutamate,central,,,,97.07,11079.0
LAL127,4,gaba,central,,,,14.03,2695.0
LAL128,2,dopamine,central,,,,18.46,1939.0
LAL129,2,acetylcholine,central,,,,68.53,3508.0
LAL130,2,acetylcholine,central,,,,47.79,3036.0
LAL131a,2,glutamate,central,,,,4.1,2950.0
LAL131b,2,glutamate,central,,,,6.09,3861.0
LAL132a,2,acetylcholine,central,,,,1.76,1423.0
LAL132b,2,acetylcholine,central,,,,1.72,1046.0
LAL133a,5,glutamate,central,,,,2.64,1894.0
LAL133b,6,gaba,central,,,,8.97,1818.0
LAL135,2,acetylcholine,central,,,,37.49,3054.0
LAL137,2,acetylcholine,central,,,,51.4,5510.0
LAL138,2,gaba,central,,,,98.42,12038.0
LAL139,2,gaba,central,,,,1.94,4126.0
LAL140,2,gaba,central,,,,8.15,2847.0
LAL141,2,acetylcholine,central,,,,10.85,6841.0
LAL142,2,gaba,central,,,,8.33,10545.0
LAL143,2,gaba,central,,,,35.24,1978.0
LAL144a,2,acetylcholine,central,,,,3.48,3934.0
LAL144b,4,acetylcholine,central,,,,1.29,4419.0
LAL145,4,acetylcholine,central,,,,23.33,4727.0
LAL146,2,glutamate,central,,,,1.84,2712.0
LAL147a,2,glutamate,central,,,,15.22,1932.0
LAL147b,4,glutamate,central,,,,16.36,2176.0
LAL147c,2,glutamate,central,,,,4.34,1197.0
LAL148,2,glutamate,central,,,,6.93,707.0
LAL149,4,glutamate,central,,,,6.82,1613.0
LAL150a,6,glutamate,central,,,,4.8,2148.0
LAL150b,4,glutamate,central,,,,2.49,1446.0
LAL151,2,glutamate,central,,,,5.89,730.0
LAL152,2,acetylcholine,central,,,,93.7,2744.0
LAL153,2,acetylcholine,central,,,,88.9,3154.0
LAL154,2,acetylcholine,central,,,,61.48,2134.0
LAL155,4,acetylcholine,central,,,,79.35,3346.0
LAL156a,2,acetylcholine,central,,,,89.18,6082.0
LAL156b,2,acetylcholine,central,,,,90.84,5011.0
LAL157,2,acetylcholine,central,,,,90.6,2256.0
LAL158,2,acetylcholine,central,,,,92.61,3477.0
LAL159,2,acetylcholine,central,,,,71.0,4865.0
"LAL160,LAL161",4,acetylcholine,central,,,,57.32,8076.0
LAL162,2,acetylcholine,central,,,,88.67,3867.0
"LAL163,LAL164",4,acetylcholine,central,,,,61.63,4105.0
LAL165,2,acetylcholine,central,,,,81.3,6122.0
LAL167a,2,acetylcholine,central,,,,65.37,2928.0
LAL167b,2,acetylcholine,central,,,,60.64,1791.0
LAL168a,2,acetylcholine,central,,,,65.54,1921.0
LAL168b,2,acetylcholine,central,,,,67.27,2389.0
LAL169,2,acetylcholine,central,,,,29.53,4229.0
LAL170,2,acetylcholine,central,,,,73.69,4891.0
"LAL171,LAL172",4,acetylcholine,central,,,,88.89,9043.0
"LAL173,LAL174",4,acetylcholine,central,,,,76.78,6020.0
LAL175,4,acetylcholine,central,,,,81.51,4342.0
"LAL176,LAL177",4,acetylcholine,central,,,,85.74,2966.0
LAL179a,4,acetylcholine,central,,,,96.1,2228.0
LAL179b,2,acetylcholine,central,,,,96.71,1247.0
LAL180,2,acetylcholine,central,,,,85.12,1149.0
LAL181,2,acetylcholine,central,,,,10.36,2105.0
LAL182,2,acetylcholine,central,,,,79.43,2557.0
LAL183,2,acetylcholine,central,,,,90.64,5054.0
LAL184,2,acetylcholine,central,,,,30.56,4824.0
LAL185,4,acetylcholine,central,,,,19.54,3987.0
LAL186,2,acetylcholine,central,,,,4.12,1722.0
LAL187,4,acetylcholine,central,,,,37.59,1846.0
LAL188,8,acetylcholine,central,,,,35.88,2556.0
LAL190,2,acetylcholine,central,,,,48.59,3130.0
LAL191,2,acetylcholine,central,,,,39.69,2477.0
LAL192,2,acetylcholine,central,,,,40.04,2640.0
LAL193,2,acetylcholine,central,,,,60.9,2435.0
LAL194,4,acetylcholine,central,,,,43.02,5221.0
LAL195,2,acetylcholine,central,,,,69.75,1382.0
LAL196,6,acetylcholine,central,,,,96.14,3727.0
LAL197,2,acetylcholine,central,,,,87.54,2383.0
LAL198,2,acetylcholine,central,,,,47.84,2567.0
LAL199,2,acetylcholine,central,,,,23.81,1281.0
LAL200,2,acetylcholine,central,,,,43.34,3696.0
LAL203,4,acetylcholine,central,,,,3.6,3727.0
"LB1a,LB1d",17,acetylcholine,sensory,,,,44.53,1644.0
LB1b,7,serotonin,sensory,,,,38.5,2431.0
LB1c,18,serotonin,sensory,,,,40.78,3502.0
LB1e,23,acetylcholine,sensory,,,,43.13,6299.0
LB2a-b,8,acetylcholine,sensory,,,,15.61,2972.0
LB2c,7,acetylcholine,sensory,,,,20.69,2247.0
LB2d,7,glutamate,sensory,,,,13.38,1106.0
LB3,122,acetylcholine,sensory,,,,18.77,24115.0
LB4a,4,acetylcholine,sensory,,,,19.02,1735.0
LC10a,234,acetylcholine,visual_projection,a,0.0,10.0,1.96,76089.0
LC10b,83,acetylcholine,visual_projection,,,,2.68,20414.0
LC10c,203,acetylcholine,visual_projection,,,,2.3,51679.0
LC10d,188,acetylcholine,visual_projection,,,,2.85,66086.0
LC10e,103,acetylcholine,visual_projection,,,,3.05,13176.0
LC10f,4,glutamate,visual_projection,,,,1.38,3922.0
LC11,127,acetylcholine,visual_projection,a,25.45,55.0,2.46,114889.0
LC12,380,acetylcholine,visual_projection,c,30.77,39.0,5.31,147790.0
LC13,145,acetylcholine,visual_projection,a,0.0,14.0,1.92,46387.0
LC14a1,30,acetylcholine,optic,c,3.85,26.0,95.86,38153.0
LC14a2,23,acetylcholine,optic,,,,96.15,18830.0
LC14b,38,acetylcholine,optic,a,0.0,7.0,97.57,36241.0
LC15,105,acetylcholine,visual_projection,b,45.16,31.0,3.97,65492.0
LC16,151,acetylcholine,visual_projection,,,,3.15,57938.0
LC17,276,acetylcholine,visual_projection,a,43.48,23.0,1.54,148104.0
LC18,188,acetylcholine,visual_projection,c,11.11,9.0,2.69,103642.0
LC19,15,acetylcholine,visual_projection,,,,57.11,13701.0
LC20a,46,acetylcholine,visual_projection,,,,5.42,14144.0
LC20b,47,glutamate,visual_projection,,,,5.33,24528.0
LC21,130,acetylcholine,visual_projection,a,25.0,4.0,0.58,81977.0
LC22,89,acetylcholine,visual_projection,,,,4.12,37613.0
LC24,75,acetylcholine,visual_projection,,,,4.44,17036.0
LC25,61,glutamate,visual_projection,,,,1.35,18867.0
LC26,57,acetylcholine,visual_projection,,,,1.91,16797.0
LC27,37,acetylcholine,visual_projection,,,,3.77,6917.0
LC28a,45,acetylcholine,visual_projection,d,8.55,152.0,1.67,23010.0
LC28b,58,acetylcholine,visual_projection,,,,3.59,12966.0
LC29,45,acetylcholine,visual_projection,,,,1.23,7001.0
LC31a,35,acetylcholine,visual_projection,b,63.79,116.0,1.79,19560.0
LC31b,10,acetylcholine,visual_projection,,,,3.58,10188.0
LC31c,2,acetylcholine,visual_projection,,,,6.84,4649.0
LC33,29,glutamate,visual_projection,,,,14.74,23826.0
LC34,14,acetylcholine,visual_projection,,,,2.48,5164.0
LC35,8,acetylcholine,visual_projection,,,,2.5,4671.0
LC36,35,acetylcholine,visual_projection,,,,11.36,17241.0
LC37,18,glutamate,visual_projection,,,,6.15,10280.0
LC39,8,glutamate,visual_projection,b,100.0,1.0,3.74,8265.0
LC4,104,acetylcholine,visual_projection,c,22.62,4270.0,1.25,33643.0
LC40,37,acetylcholine,visual_projection,,,,9.67,15991.0
LC41,12,acetylcholine,visual_projection,,,,13.91,5559.0
LC43,12,acetylcholine,visual_projection,,,,0.83,4334.0
LC44,4,acetylcholine,visual_projection,,,,1.67,1977.0
LC45,24,acetylcholine,visual_projection,,,,1.93,5586.0
LC46,14,acetylcholine,visual_projection,,,,9.32,3757.0
LC6,125,acetylcholine,visual_projection,,,,5.88,41574.0
LC9,179,acetylcholine,visual_projection,a,0.0,2.0,0.73,96221.0
LCNOp,2,gaba,central,,,,3.35,3764.0
LCNOpm,2,gaba,central,,,,97.95,12028.0
LCe01a,22,glutamate,visual_projection,,,,3.65,5725.0
LCe01b,45,glutamate,visual_projection,,,,1.78,12200.0
LCe02,53,acetylcholine,visual_projection,,,,0.76,4993.0
LCe03,37,glutamate,visual_projection,,,,3.08,5544.0
LCe04,37,acetylcholine,visual_projection,,,,4.99,3910.0
LCe05,19,glutamate,visual_projection,,,,1.16,2683.0
LCe06,11,acetylcholine,visual_projection,,,,74.11,4654.0
LCe07,12,acetylcholine,visual_projection,b,40.0,5.0,24.38,10441.0
LCe08,5,glutamate,visual_projection,,,,1.7,1237.0
LCe09,16,acetylcholine,visual_projection,,,,1.7,1356.0
LHAD1a1,6,acetylcholine,central,,,,1.21,2223.0
LHAD1a2,13,acetylcholine,central,,,,0.37,6722.0
"LHAD1a3,LHAD1f5",6,acetylcholine,central,,,,0.69,2878.0
LHAD1a4a,3,acetylcholine,central,,,,2.22,989.0
LHAD1a4b,2,acetylcholine,central,,,,1.8,445.0
LHAD1a4c,2,acetylcholine,central,,,,1.17,511.0
LHAD1b1_b,6,acetylcholine,central,,,,8.01,2259.0
"LHAD1b2_a,LHAD1b2_c",15,acetylcholine,central,,,,1.47,4480.0
LHAD1b3,6,acetylcholine,central,,,,3.67,2046.0
LHAD1b4,4,acetylcholine,central,,,,4.14,1086.0
LHAD1b5,11,acetylcholine,central,,,,4.05,5085.0
LHAD1c2a,2,acetylcholine,central,,,,4.68,769.0
LHAD1c2b,4,acetylcholine,central,,,,3.39,1209.0
LHAD1c2c,5,acetylcholine,central,,,,1.4,1284.0
LHAD1c3,6,acetylcholine,central,,,,1.37,1387.0
LHAD1d1,12,acetylcholine,central,,,,2.3,3041.0
LHAD1d2,6,acetylcholine,central,,,,3.74,1391.0
LHAD1f1a,2,glutamate,central,,,,4.3,675.0
LHAD1f1b,4,glutamate,central,,,,2.73,880.0
LHAD1f2,2,glutamate,central,,,,2.04,3039.0
LHAD1f3a,2,glutamate,central,,,,5.01,899.0
LHAD1f3b,2,glutamate,central,,,,5.31,810.0
LHAD1f3c,4,glutamate,central,,,,9.4,1627.0
LHAD1f3d,2,glutamate,central,,,,14.46,650.0
LHAD1f4a,2,glutamate,central,,,,4.15,289.0
LHAD1f4b,6,glutamate,central,,,,2.98,939.0
LHAD1f4c,2,glutamate,central,,,,5.28,379.0
LHAD1g1,2,gaba,central,,,,5.06,11332.0
LHAD1h1,2,glutamate,central,,,,6.19,2020.0
LHAD1j1,2,acetylcholine,central,,,,25.55,2247.0
LHAD1k1,2,acetylcholine,central,,,,43.66,1610.0
LHAD2b1,2,acetylcholine,central,,,,3.1,3741.0
LHAD2c1,3,acetylcholine,central,,,,9.79,1879.0
LHAD2c2,5,acetylcholine,central,,,,9.8,2072.0
LHAD2c3a,2,acetylcholine,central,,,,7.69,1027.0
LHAD2c3b,2,acetylcholine,central,,,,4.7,1000.0
LHAD2c3c,2,acetylcholine,central,,,,6.51,906.0
LHAD2d1,2,glutamate,central,,,,12.99,1717.0
LHAD2e1,2,acetylcholine,central,,,,2.14,1167.0
LHAD2e3,2,acetylcholine,central,,,,2.15,2230.0
LHAD3a10,1,acetylcholine,central,,,,0.0,180.0
LHAD3a8,4,acetylcholine,central,,,,12.63,491.0
LHAD3d4,2,acetylcholine,central,,,,2.25,1066.0
LHAD3g1,5,glutamate,central,,,,2.02,1138.0
LHAD4a1,2,glutamate,central,,,,3.79,2189.0
LHAV1a1,6,acetylcholine,central,,,,0.96,3022.0
LHAV1a3,13,acetylcholine,central,,,,0.88,3864.0
LHAV1a4,1,acetylcholine,central,,,,2.36,296.0
LHAV1b1,2,acetylcholine,central,,,,2.5,640.0
LHAV1b3,2,acetylcholine,central,,,,2.33,472.0
LHAV1d1,5,acetylcholine,central,,,,33.83,1404.0
LHAV1d2,10,acetylcholine,central,,,,60.69,2076.0
LHAV1e1,2,gaba,central,,,,1.79,2452.0
LHAV2a3a,2,acetylcholine,central,,,,2.79,610.0
LHAV2a3b,2,acetylcholine,central,,,,8.97,513.0
LHAV2a3c,4,acetylcholine,central,,,,4.69,1279.0
LHAV2b1,8,acetylcholine,central,,,,1.87,2994.0
LHAV2b10,8,acetylcholine,central,,,,0.56,1786.0
LHAV2b11,2,acetylcholine,central,,,,1.08,741.0
LHAV2b2a,10,acetylcholine,central,,,,2.73,7068.0
LHAV2b2b,4,acetylcholine,central,,,,1.71,2576.0
LHAV2b6,4,acetylcholine,central,,,,1.22,1472.0
LHAV2b7_a,4,acetylcholine,central,,,,2.26,1678.0
LHAV2b7_b,6,acetylcholine,central,,,,1.37,2196.0
LHAV2b9,2,acetylcholine,central,,,,0.21,466.0
LHAV2d1,2,acetylcholine,central,,,,1.17,5227.0
LHAV2f2_a,2,gaba,central,,,,13.38,553.0
LHAV2f2_b,4,gaba,central,,,,1.43,1465.0
LHAV2g1a,2,acetylcholine,central,,,,35.24,735.0
LHAV2g1b,3,acetylcholine,central,,,,35.92,966.0
LHAV2g2_a,6,acetylcholine,central,,,,22.49,2103.0
LHAV2g2_b,4,acetylcholine,central,,,,27.8,1511.0
LHAV2g3,7,acetylcholine,central,,,,29.79,2242.0
LHAV2g5,2,acetylcholine,central,,,,7.55,1007.0
LHAV2k10,2,acetylcholine,central,,,,2.45,530.0
LHAV2k13,2,acetylcholine,central,,,,1.63,984.0
LHAV2k6,2,acetylcholine,central,,,,1.45,2689.0
LHAV2k8,2,acetylcholine,central,,,,1.7,4296.0
LHAV2m1,4,gaba,central,,,,0.47,4454.0
LHAV2n1,2,gaba,central,,,,0.19,2055.0
LHAV2o1,2,acetylcholine,central,,,,1.8,2004.0
LHAV2p1,2,acetylcholine,central,,,,0.56,4292.0
LHAV3a1,5,acetylcholine,central,,,,0.5,797.0
LHAV3a1_c,2,acetylcholine,central,,,,1.62,1170.0
LHAV3b12,2,acetylcholine,central,,,,3.59,1725.0
LHAV3c1,4,acetylcholine,central,,,,1.35,1407.0
LHAV3d1,2,glutamate,central,,,,1.6,3190.0
LHAV3e2,4,acetylcholine,central,,,,0.52,2486.0
LHAV3e3a,2,acetylcholine,central,,,,0.62,1441.0
LHAV3e3b,2,acetylcholine,central,,,,0.31,642.0
LHAV3e6,2,acetylcholine,central,,,,0.19,521.0
LHAV3f1,2,glutamate,central,,,,2.34,8319.0
LHAV3g1,4,glutamate,central,,,,0.76,1965.0
LHAV3g2,4,acetylcholine,central,,,,5.5,3161.0
LHAV3h1,2,acetylcholine,central,,,,1.65,2483.0
LHAV3i1,2,acetylcholine,central,,,,2.14,1029.0
LHAV3j1,2,acetylcholine,central,,,,3.49,2146.0
LHAV3k1,2,acetylcholine,central,,,,1.61,4418.0
LHAV3k2,2,acetylcholine,central,,,,1.14,1674.0
LHAV3k3,2,acetylcholine,central,,,,0.71,1554.0
LHAV3k4,2,acetylcholine,central,,,,0.97,2057.0
LHAV3k5,2,glutamate,central,,,,1.26,3025.0
LHAV3k6,2,acetylcholine,central,,,,1.42,1689.0
LHAV3m1,2,gaba,central,,,,1.01,3477.0
LHAV3o1,6,acetylcholine,central,,,,0.4,6238.0
LHAV3p1,2,glutamate,central,,,,4.83,3537.0
LHAV3q1,2,acetylcholine,central,,,,0.99,4668.0
LHAV4a1_b,8,gaba,central,,,,1.18,7039.0
LHAV4a2,4,gaba,central,,,,0.14,7672.0
LHAV4a4,17,glutamate,central,,,,2.27,4572.0
LHAV4a6,2,gaba,central,,,,0.16,626.0
LHAV4b1,5,gaba,central,,,,0.43,1390.0
LHAV4b2,10,gaba,central,,,,0.22,1810.0
LHAV4c1,8,gaba,central,,,,7.45,2483.0
LHAV4c2,7,gaba,central,,,,7.35,3185.0
LHAV4d1,7,gaba,central,,,,0.49,609.0
LHAV4e1_a,2,glutamate,central,,,,2.01,747.0
LHAV4e4,2,glutamate,central,,,,9.98,802.0
LHAV4g17,2,gaba,central,,,,1.04,1637.0
LHAV4g1a,4,gaba,central,,,,1.7,1120.0
LHAV4g1b,3,gaba,central,,,,0.86,1283.0
LHAV4g1c,3,gaba,central,,,,0.45,1328.0
LHAV4i1,2,gaba,central,,,,0.8,1505.0
LHAV4i2,2,gaba,central,,,,1.38,1160.0
LHAV4j1,2,gaba,central,,,,0.6,2661.0
LHAV4l1,2,gaba,central,,,,1.07,1681.0
LHAV5a1,6,acetylcholine,central,,,,1.56,1797.0
LHAV5a10_b,3,acetylcholine,central,,,,1.72,1455.0
LHAV5a2_a1,10,acetylcholine,central,,,,1.9,683.0
LHAV5a2_a2,10,acetylcholine,central,,,,0.73,1369.0
LHAV5a2_a3,11,acetylcholine,central,,,,0.6,827.0
LHAV5a2_a4,8,acetylcholine,central,,,,2.52,914.0
LHAV5a2_b,4,acetylcholine,central,,,,0.25,398.0
LHAV5a2_d,2,acetylcholine,central,,,,0.0,246.0
LHAV5d1,2,acetylcholine,central,,,,5.28,1628.0
LHAV5e1,2,glutamate,central,,,,1.35,1259.0
LHAV6a1,6,acetylcholine,central,,,,2.09,1767.0
LHAV6a3,8,acetylcholine,central,,,,1.68,2208.0
LHAV6b1,2,acetylcholine,central,,,,0.63,3024.0
LHAV6b4,2,acetylcholine,central,,,,0.62,1460.0
LHAV6c1a,4,glutamate,central,,,,6.77,872.0
LHAV6c1b,3,glutamate,central,,,,7.49,414.0
LHAV6e1,2,acetylcholine,central,,,,7.01,3183.0
LHAV6g1,2,glutamate,central,,,,36.75,4335.0
LHAV6h1,2,glutamate,central,,,,5.78,1799.0
LHAV7a1a,4,glutamate,central,,,,0.57,884.0
LHAV7a1b,3,glutamate,central,,,,1.92,522.0
LHAV7a1c,3,glutamate,central,,,,1.22,490.0
LHAV7a2,1,glutamate,central,,,,0.57,175.0
LHAV7a3,8,glutamate,central,,,,1.14,1667.0
LHAV7a4a,6,glutamate,central,,,,0.66,915.0
LHAV7a4b,2,glutamate,central,,,,2.56,312.0
LHAV7a5,7,glutamate,central,,,,1.79,1230.0
LHAV7a6,2,glutamate,central,,,,1.01,495.0
LHAV7a7,5,glutamate,central,,,,1.15,1222.0
LHAV7b1,2,acetylcholine,central,,,,3.52,512.0
LHAV8a1,2,glutamate,central,,,,36.21,2480.0
LHAV9a1_a,4,acetylcholine,central,,,,22.39,1867.0
LHAV9a1_b,4,acetylcholine,central,,,,26.29,1434.0
LHAV9a1_c,5,acetylcholine,central,,,,37.9,2016.0
LHCENT1,2,gaba,central,,,,4.42,12599.0
LHCENT10,4,gaba,central,,,,2.97,11884.0
LHCENT11,2,acetylcholine,central,,,,10.28,8109.0
LHCENT12a,2,glutamate,central,,,,0.21,2409.0
LHCENT12b,4,glutamate,central,,,,1.82,2688.0
LHCENT13_a,2,gaba,central,,,,0.61,820.0
LHCENT13_b,2,gaba,central,,,,0.44,1146.0
LHCENT13_c,3,gaba,central,,,,1.61,1426.0
LHCENT13_d,3,gaba,central,,,,1.86,1292.0
LHCENT14,2,glutamate,central,,,,5.78,5446.0
LHCENT2,2,gaba,central,,,,2.1,11849.0
LHCENT3,2,gaba,central,,,,5.33,17724.0
LHCENT4,2,glutamate,central,,,,4.92,6986.0
LHCENT5,2,gaba,central,,,,0.63,4569.0
LHCENT6,2,gaba,central,,,,2.36,9829.0
LHCENT8,4,gaba,central,,,,4.71,20904.0
LHCENT9,2,gaba,central,,,,4.16,13026.0
LHMB1,2,glutamate,central,,,,4.93,6812.0
LHPD1b1,2,glutamate,central,,,,1.88,2398.0
"LHPD2a4_a,SIP049",1,acetylcholine,central,,,,3.52,426.0
LHPD2c1,2,acetylcholine,central,,,,1.53,1565.0
LHPD2c7,2,glutamate,central,,,,7.88,2450.0
LHPD2d1,2,glutamate,central,,,,7.42,2804.0
LHPD2d2,2,glutamate,central,,,,2.99,1239.0
LHPD3a2,5,glutamate,central,,,,0.58,1035.0
LHPD3a5,4,glutamate,central,,,,0.99,1315.0
LHPD3c1,2,glutamate,central,,,,0.55,544.0
LHPD4a1,8,glutamate,central,,,,7.29,1974.0
LHPD4b1a,4,glutamate,central,,,,4.85,598.0
LHPD4b1b,4,glutamate,central,,,,3.7,433.0
LHPD4c1,2,acetylcholine,central,,,,1.56,2369.0
LHPD4d1,2,glutamate,central,,,,0.68,3244.0
LHPD5a1,2,glutamate,central,,,,2.27,2508.0
LHPD5c1,2,glutamate,central,,,,3.6,4744.0
LHPD5d1,4,acetylcholine,central,,,,41.31,4152.0
LHPV10a1a,2,acetylcholine,central,,,,2.77,722.0
LHPV10a1b,2,acetylcholine,central,,,,2.97,841.0
LHPV10b1,2,acetylcholine,central,,,,1.9,4537.0
LHPV10c1,2,gaba,central,,,,25.32,3002.0
LHPV10d1,2,acetylcholine,central,,,,54.61,7165.0
LHPV11a1,4,acetylcholine,central,,,,45.54,1458.0
LHPV12a1,2,gaba,central,,,,38.77,16793.0
LHPV1c1,4,acetylcholine,central,,,,49.19,1734.0
LHPV1c2,2,acetylcholine,central,,,,47.53,5441.0
LHPV1d1,2,gaba,central,,,,2.46,3489.0
LHPV2a1_a,6,gaba,central,,,,2.43,4604.0
LHPV2a1_c,10,gaba,central,,,,4.87,13293.0
LHPV2a1_d,6,gaba,central,,,,1.85,7250.0
LHPV2a4,6,gaba,central,,,,1.04,2111.0
LHPV2a5,5,gaba,central,,,,3.37,2667.0
LHPV2b5,7,glutamate,central,,,,1.45,2766.0
LHPV2c2a,3,gaba,central,,,,1.22,823.0
LHPV2c2b,6,glutamate,central,,,,2.66,1542.0
LHPV2c4,2,gaba,central,,,,0.86,811.0
LHPV2d1,4,gaba,central,,,,32.08,2307.0
LHPV2e1_a,7,gaba,central,,,,1.43,4201.0
LHPV2f2,8,glutamate,central,,,,1.5,1796.0
LHPV2g1,4,acetylcholine,central,,,,1.11,8687.0
LHPV2h1,2,acetylcholine,central,,,,0.64,1096.0
LHPV2i1a,2,acetylcholine,central,,,,1.89,2430.0
LHPV2i1b,2,acetylcholine,central,,,,0.96,2495.0
LHPV2i2a,2,acetylcholine,central,,,,1.51,1918.0
LHPV2i2b,4,acetylcholine,central,,,,1.64,3041.0
LHPV3a1,4,acetylcholine,central,,,,36.71,2566.0
LHPV3a2,5,acetylcholine,central,,,,72.25,2274.0
LHPV3a3_c,1,acetylcholine,central,,,,30.59,438.0
LHPV3b1_b,6,acetylcholine,central,,,,1.52,2298.0
LHPV3c1,2,acetylcholine,central,,,,0.52,8847.0
LHPV4a1,7,glutamate,central,,,,0.32,3446.0
"LHPV4a1,LHPV4a2",4,glutamate,central,,,,0.81,2959.0
LHPV4a10,10,glutamate,central,,,,0.07,2847.0
LHPV4a11,2,glutamate,central,,,,0.16,2439.0
LHPV4a2,6,glutamate,central,,,,0.51,2158.0
"LHPV4a5, LHPV4k1",6,glutamate,central,,,,0.04,2571.0
LHPV4a7a,2,glutamate,central,,,,0.07,1470.0
LHPV4a7b,2,glutamate,central,,,,0.26,388.0
LHPV4a8,5,glutamate,central,,,,0.22,1342.0
LHPV4a9,4,glutamate,central,,,,0.03,2958.0
LHPV4b1,4,glutamate,central,,,,1.85,2535.0
LHPV4b2,1,glutamate,central,,,,2.91,412.0
LHPV4b3,5,glutamate,central,,,,0.64,1403.0
LHPV4b9,3,glutamate,central,,,,1.31,991.0
"LHPV4c3, LHPV4c4",4,glutamate,central,,,,5.73,750.0
LHPV4c4,5,glutamate,central,,,,1.13,799.0
LHPV4d3,5,glutamate,central,,,,0.89,898.0
LHPV4e1,2,glutamate,central,,,,2.39,1843.0
LHPV4g1,11,glutamate,central,,,,0.86,5572.0
LHPV4h1,6,glutamate,central,,,,0.49,1220.0
LHPV4h3,2,glutamate,central,,,,0.31,1290.0
LHPV4i3,1,glutamate,central,,,,3.0,200.0
LHPV4j3,2,glutamate,central,,,,2.96,3579.0
LHPV4j4,2,glutamate,central,,,,0.18,4441.0
LHPV4l1,2,glutamate,central,,,,2.91,2062.0
LHPV4m1,2,acetylcholine,central,,,,25.55,7637.0
LHPV5a1,15,acetylcholine,central,,,,5.75,4678.0
LHPV5a5,4,acetylcholine,central,,,,0.82,728.0
LHPV5b1,20,acetylcholine,central,,,,2.2,3540.0
LHPV5b2,15,acetylcholine,central,,,,1.53,1697.0
LHPV5b3,20,acetylcholine,central,,,,5.79,6221.0
LHPV5b4,2,acetylcholine,central,,,,4.79,710.0
LHPV5b6,8,acetylcholine,central,,,,1.99,502.0
LHPV5c1,29,acetylcholine,central,,,,0.93,7837.0
LHPV5c2,3,acetylcholine,central,,,,1.36,516.0
LHPV5c3,10,acetylcholine,central,,,,2.43,1442.0
LHPV5d1,10,acetylcholine,central,,,,2.84,2256.0
LHPV5e1,2,acetylcholine,central,,,,43.72,9966.0
LHPV5e2,2,acetylcholine,central,,,,3.44,900.0
LHPV5e3,2,acetylcholine,central,,,,43.78,12264.0
"LHPV5g1_a,SMP270",8,acetylcholine,central,,,,2.95,1593.0
LHPV5g1_b,8,acetylcholine,central,,,,5.34,2919.0
LHPV5g2,6,acetylcholine,central,,,,4.11,875.0
LHPV5i1,2,acetylcholine,central,,,,26.43,1763.0
LHPV5l1,2,acetylcholine,central,,,,9.36,5276.0
LHPV6a1,8,acetylcholine,central,,,,0.85,2344.0
LHPV6a10,2,acetylcholine,central,,,,0.71,1699.0
LHPV6a3,7,acetylcholine,central,,,,0.16,1288.0
LHPV6c1,2,acetylcholine,central,,,,0.72,3898.0
LHPV6c2,2,acetylcholine,central,,,,0.33,907.0
LHPV6d1,9,acetylcholine,central,,,,1.65,2310.0
LHPV6f1,9,acetylcholine,central,,,,31.89,1502.0
LHPV6g1,2,glutamate,central,,,,0.88,8445.0
LHPV6h1,6,acetylcholine,central,,,,1.38,1663.0
LHPV6h2,5,acetylcholine,central,,,,0.9,2434.0
"LHPV6h3,SLP276",1,acetylcholine,central,,,,6.09,312.0
LHPV6j1,2,acetylcholine,central,,,,5.31,3259.0
LHPV6k1,1,glutamate,central,,,,2.92,1028.0
LHPV6k2,4,glutamate,central,,,,0.91,2081.0
LHPV6l1,2,glutamate,central,,,,3.9,1307.0
LHPV6l2,2,glutamate,central,,,,1.17,1711.0
LHPV6m1,2,glutamate,central,,,,16.05,2337.0
LHPV6o1,2,glutamate,central,,,,2.48,3704.0
LHPV6p1,2,glutamate,central,,,,2.64,2387.0
LHPV6q1,2,acetylcholine,central,,,,53.18,23298.0
LHPV6r1,9,acetylcholine,central,,,,28.57,1785.0
LHPV7a1a,2,acetylcholine,central,,,,0.68,1464.0
LHPV7a1b,2,acetylcholine,central,,,,0.44,1837.0
LHPV7a2,4,acetylcholine,central,,,,9.96,5414.0
LHPV7b1,2,acetylcholine,central,,,,49.97,1565.0
LHPV7c1,3,acetylcholine,central,,,,9.52,4917.0
LHPV8a1,2,acetylcholine,central,,,,23.01,1730.0
LHPV8c1,2,acetylcholine,central,,,,1.38,1593.0
LHPV9b1,2,glutamate,central,,,,2.18,2888.0
LLPC1,219,acetylcholine,visual_projection,a,1.61,34251.0,1.3,76353.0
LLPC2,235,acetylcholine,visual_projection,c,1.38,28969.0,0.86,44013.0
LLPC3,204,acetylcholine,visual_projection,d,0.19,26626.0,1.1,60476.0
LLPC4,6,acetylcholine,visual_projection,d,0.0,193.0,1.28,1955.0
LLPt,68,gaba,optic,c,10.74,3035.0,0.73,74369.0
LM102a_L234-M89,2,gaba,optic,a,0.84,592.0,0.3,663.0
LMTe01,4,glutamate,visual_projection,,,,0.91,2299.0
LMa1,56,glutamate,optic,a,10.0,140.0,0.82,53594.0
LMa2,37,gaba,optic,a,29.63,27.0,0.22,146087.0
LMa3,35,gaba,optic,c,26.63,353.0,0.44,37821.0
LMa4,67,gaba,optic,b,57.02,4476.0,0.47,95667.0
LMa5,79,glutamate,optic,b,30.65,124.0,0.09,136174.0
LMt1,49,glutamate,optic,c,10.26,39.0,0.44,42959.0
LMt2,56,glutamate,optic,a,0.0,4.0,1.06,55561.0
LMt3,35,glutamate,optic,d,8.7,69.0,0.37,43260.0
LMt4,37,glutamate,optic,a,5.44,239.0,0.34,25944.0
LN-DN1,2,serotonin,sensory,,,,10.89,202.0
LN-DN2,4,serotonin,sensory,,,,36.51,367.0
LN60a,2,gaba,central,,,,28.81,4579.0
LN60b,2,gaba,central,,,,15.16,4394.0
LNO1,4,gaba,central,,,,73.58,6014.0
LNO2,2,gaba,central,,,,87.0,4732.0
LNOa,2,gaba,central,,,,99.51,7628.0
LNd_a,2,glutamate,central,,,,41.34,1161.0
LNd_b,4,acetylcholine,central,,,,58.8,5940.0
LNd_c,6,acetylcholine,central,,,,19.64,2856.0
LPC1,164,acetylcholine,visual_projection,b,97.18,29686.0,0.21,57840.0
LPC2,116,acetylcholine,visual_projection,c,0.17,28571.0,0.23,30687.0
LPLC1,140,acetylcholine,visual_projection,c,34.62,26508.0,0.75,67584.0
LPLC2,210,acetylcholine,visual_projection,c,29.25,51813.0,0.62,84758.0
LPLC4,110,acetylcholine,visual_projection,c,7.37,1967.0,2.66,88149.0
LPT04_HST,2,acetylcholine,visual_projection,a,0.47,1717.0,3.21,4109.0
LPT21,2,acetylcholine,visual_projection,b,99.17,4803.0,1.48,6232.0
LPT22,2,gaba,visual_projection,b,93.33,1110.0,1.2,9812.0
LPT23,6,acetylcholine,visual_projection,b,96.32,12050.0,0.24,24169.0
LPT26,2,acetylcholine,visual_projection,a,0.14,7209.0,8.75,4594.0
LPT27,2,acetylcholine,visual_projection,d,0.0,6718.0,1.78,3768.0
LPT28,2,acetylcholine,visual_projection,c,0.0,1975.0,1.96,3420.0
LPT29,2,acetylcholine,visual_projection,d,0.09,1147.0,2.89,1625.0
LPT30,2,acetylcholine,visual_projection,d,0.32,1553.0,0.62,4065.0
LPT31,8,acetylcholine,visual_projection,a,1.44,2700.0,18.02,8895.0
LPT42_Nod4,2,acetylcholine,visual_projection,b,98.58,3299.0,90.33,5169.0
LPT45_dCal1,2,gaba,optic,d,0.9,4202.0,60.43,5838.0
LPT47_vCal2,2,glutamate,visual_projection,d,1.13,2127.0,68.46,3671.0
LPT48_vCal3,2,acetylcholine,visual_projection,c,0.23,4409.0,45.94,9296.0
LPT49,2,acetylcholine,visual_projection,d,0.11,1839.0,30.71,4921.0
LPT50,2,gaba,visual_projection,c,23.58,9151.0,88.51,8845.0
LPT51,2,glutamate,visual_projection,d,13.51,74.0,14.75,3879.0
LPT52,2,acetylcholine,visual_projection,c,30.21,96.0,1.84,5815.0
LPT53,2,gaba,visual_centrifugal,b,84.21,38.0,0.47,8715.0
LPT54,2,acetylcholine,visual_projection,d,22.73,22.0,4.12,17994.0
LPT57,2,acetylcholine,visual_centrifugal,d,16.67,24.0,99.62,13061.0
LPT58,2,acetylcholine,visual_centrifugal,c,1.74,115.0,80.96,4690.0
LPTe01,38,acetylcholine,visual_projection,d,0.69,3348.0,2.12,7823.0
LPTe02,11,acetylcholine,visual_projection,c,3.21,156.0,8.54,1955.0
LPi01,38,glutamate,optic,a,3.04,5715.0,0.87,2989.0
LPi02,89,glutamate,optic,a,9.32,5796.0,0.66,19616.0
LPi03,13,glutamate,optic,c,1.81,1383.0,0.39,2537.0
LPi04,87,glutamate,optic,c,1.38,16364.0,0.34,18730.0
LPi05,78,glutamate,optic,b,95.18,24235.0,0.26,29852.0
LPi06,34,glutamate,optic,d,0.97,3693.0,2.49,8745.0
LPi07,95,gaba,optic,c,2.46,45911.0,4.43,42989.0
LPi08,45,glutamate,optic,c,0.33,5703.0,0.45,10697.0
LPi09,114,gaba,optic,c,0.09,78237.0,0.09,47382.0
LPi10,42,glutamate,optic,b,97.11,28035.0,0.12,52862.0
LPi11,55,gaba,optic,d,0.11,44030.0,0.08,53428.0
LPi12,2,gaba,optic,b,99.58,15560.0,0.21,31608.0
LPi13,2,gaba,optic,d,0.21,24574.0,0.33,48473.0
LPi14,4,gaba,optic,a,4.45,74236.0,0.46,63154.0
LPi15,2,gaba,optic,b,95.48,72511.0,6.96,62275.0
LPsP,2,acetylcholine,central,,,,47.4,5534.0
LT11,2,gaba,visual_projection,b,41.67,12.0,0.86,19237.0
LT1a,2,acetylcholine,visual_projection,,,,0.75,14197.0
LT1b,2,acetylcholine,visual_projection,,,,2.36,17845.0
LT1c,2,acetylcholine,visual_projection,,,,16.77,9293.0
LT1d,2,acetylcholine,visual_projection,a,0.0,9.0,0.41,22392.0
LT33,2,gaba,optic,b,40.71,20717.0,98.04,23290.0
LT34,2,gaba,visual_centrifugal,,,,1.76,12916.0
LT36,2,gaba,visual_centrifugal,,,,98.35,14635.0
LT37,2,gaba,visual_centrifugal,,,,3.64,16556.0
LT38,5,gaba,visual_centrifugal,,,,3.83,8717.0
LT39,2,gaba,visual_centrifugal,,,,20.97,23694.0
LT40,2,gaba,visual_centrifugal,,,,1.22,8204.0
LT41,2,gaba,visual_centrifugal,,,,1.01,8691.0
LT42,2,gaba,visual_centrifugal,,,,0.61,22048.0
LT43,4,gaba,visual_projection,,,,2.19,4844.0
LT47,2,acetylcholine,visual_projection,,,,7.94,743.0
LT51,22,glutamate,visual_projection,,,,11.82,33729.0
LT52,31,glutamate,visual_projection,,,,1.29,35085.0
"LT53,PLP098",8,acetylcholine,visual_projection,,,,7.72,9628.0
LT54,2,glutamate,optic,,,,86.8,3001.0
LT55,2,glutamate,visual_projection,,,,87.55,4314.0
LT56,2,glutamate,visual_centrifugal,c,0.0,1.0,0.35,20726.0
LT57,22,acetylcholine,visual_projection,,,,11.13,14956.0
LT58,2,glutamate,optic,,,,0.58,19835.0
LT59,2,acetylcholine,visual_projection,,,,2.41,1700.0
LT60,2,acetylcholine,visual_projection,a,0.0,1.0,16.99,4056.0
LT61a,2,acetylcholine,visual_projection,a,25.0,4.0,13.72,7614.0
LT61b,2,acetylcholine,visual_projection,,,,22.0,12124.0
LT62,2,acetylcholine,visual_projection,b,100.0,1.0,11.82,14967.0
LT63,4,acetylcholine,visual_projection,,,,1.48,7589.0
LT64,4,acetylcholine,visual_projection,,,,7.89,1495.0
LT65,2,acetylcholine,visual_projection,,,,2.26,5171.0
LT66,2,acetylcholine,visual_projection,a,9.09,22.0,44.21,8202.0
LT67,2,acetylcholine,visual_projection,,,,6.5,4879.0
LT68,4,gaba,visual_projection,,,,2.95,2775.0
LT69,2,acetylcholine,visual_projection,,,,2.77,3100.0
LT70,8,gaba,visual_centrifugal,,,,3.3,6366.0
LT72,2,acetylcholine,visual_projection,,,,5.99,4344.0
LT73,4,glutamate,visual_projection,,,,1.69,4026.0
LT74,5,glutamate,visual_projection,,,,1.55,7221.0
LT75,2,acetylcholine,visual_projection,,,,2.46,5291.0
LT76,2,acetylcholine,visual_projection,,,,7.12,5397.0
LT77,6,glutamate,visual_projection,,,,2.25,5643.0
LT78,8,glutamate,visual_projection,,,,2.04,9118.0
LT79,2,acetylcholine,visual_projection,,,,0.86,16439.0
LT80,4,acetylcholine,visual_projection,a,0.0,1.0,2.06,4166.0
LT81,9,acetylcholine,visual_projection,,,,76.95,1987.0
LT82,6,acetylcholine,visual_projection,,,,5.38,16718.0
LT83,2,acetylcholine,visual_projection,,,,5.6,15633.0
LT84,2,acetylcholine,visual_projection,,,,4.56,4207.0
LT85,2,acetylcholine,visual_projection,,,,4.86,3332.0
LT86,2,acetylcholine,visual_projection,,,,10.94,9615.0
LT87,2,acetylcholine,visual_projection,,,,1.82,15369.0
LTe01,5,acetylcholine,visual_projection,,,,20.7,3638.0
LTe02,4,acetylcholine,visual_projection,,,,2.22,2661.0
LTe03,4,acetylcholine,visual_projection,,,,7.92,3107.0
LTe04,2,acetylcholine,visual_projection,,,,2.45,1959.0
LTe05,2,acetylcholine,visual_projection,,,,2.66,3084.0
LTe06,2,acetylcholine,visual_projection,,,,5.06,1897.0
LTe07,2,glutamate,visual_projection,,,,2.37,1896.0
LTe08,2,acetylcholine,visual_projection,,,,2.15,6740.0
LTe09,15,acetylcholine,visual_projection,d,0.0,1.0,4.67,2696.0
LTe10,2,acetylcholine,visual_projection,,,,3.19,3287.0
LTe11,2,acetylcholine,visual_projection,,,,3.94,1853.0
LTe12,2,acetylcholine,visual_projection,,,,3.26,6810.0
LTe13,2,acetylcholine,visual_projection,,,,1.48,5137.0
LTe14,2,acetylcholine,visual_projection,,,,10.12,3469.0
LTe15,2,acetylcholine,visual_projection,,,,11.57,4969.0
LTe16,2,acetylcholine,visual_projection,,,,4.19,4554.0
LTe17,2,glutamate,visual_projection,,,,4.48,4393.0
LTe18,2,acetylcholine,visual_projection,,,,46.23,4558.0
LTe19,2,acetylcholine,visual_projection,,,,62.01,3569.0
LTe20,2,acetylcholine,visual_projection,,,,1.12,9171.0
LTe21,2,acetylcholine,visual_projection,,,,8.31,13768.0
LTe22,2,glutamate,visual_projection,,,,3.11,3539.0
LTe23,2,acetylcholine,visual_projection,,,,6.01,3942.0
LTe24,2,acetylcholine,visual_projection,,,,1.9,5115.0
LTe25,2,acetylcholine,visual_projection,,,,9.98,6274.0
LTe26,2,acetylcholine,visual_projection,,,,1.36,19912.0
LTe27,2,gaba,visual_projection,,,,12.48,2868.0
LTe28,2,acetylcholine,visual_projection,,,,2.55,2357.0
LTe29,2,glutamate,visual_projection,,,,3.34,1948.0
LTe30,2,acetylcholine,visual_projection,,,,4.99,2225.0
LTe31,2,acetylcholine,visual_projection,,,,2.52,4090.0
LTe32,6,glutamate,visual_projection,,,,2.86,2345.0
LTe33,5,acetylcholine,visual_projection,,,,2.01,4072.0
LTe35,2,acetylcholine,visual_projection,,,,2.53,1895.0
LTe36,2,acetylcholine,visual_projection,,,,6.53,3107.0
LTe37,4,acetylcholine,visual_projection,,,,7.98,4822.0
LTe38a,8,acetylcholine,visual_projection,,,,8.99,4540.0
LTe38b,4,acetylcholine,visual_projection,,,,6.03,2953.0
LTe40,2,acetylcholine,visual_projection,,,,1.37,3492.0
LTe41,2,acetylcholine,visual_projection,,,,5.69,2318.0
LTe42a,2,acetylcholine,visual_projection,,,,10.38,6011.0
LTe42b,2,acetylcholine,visual_projection,,,,4.81,5715.0
LTe42c,2,acetylcholine,visual_projection,,,,4.69,5442.0
LTe43,8,acetylcholine,visual_projection,,,,1.06,5212.0
LTe44,2,glutamate,visual_projection,,,,1.05,2007.0
LTe45,2,glutamate,visual_projection,,,,2.41,2034.0
LTe46,2,glutamate,visual_projection,,,,21.93,3917.0
LTe47,4,glutamate,visual_projection,,,,8.27,2249.0
LTe48,2,acetylcholine,visual_projection,,,,7.49,1762.0
LTe49a,4,acetylcholine,visual_projection,,,,35.28,2154.0
LTe49b,5,acetylcholine,visual_projection,,,,31.49,1626.0
LTe49c,6,acetylcholine,visual_projection,,,,40.21,1149.0
LTe49d,4,acetylcholine,visual_projection,,,,41.68,643.0
LTe49e,3,acetylcholine,visual_projection,,,,33.48,451.0
LTe49f,3,acetylcholine,visual_projection,,,,38.15,1321.0
LTe50,4,glutamate,visual_projection,,,,1.94,2369.0
LTe51,2,acetylcholine,visual_projection,,,,7.51,6848.0
LTe53,2,glutamate,visual_projection,,,,1.83,3062.0
LTe54,4,acetylcholine,visual_projection,,,,3.53,5389.0
LTe55,2,acetylcholine,visual_projection,,,,4.57,2278.0
LTe56,2,acetylcholine,visual_projection,,,,2.55,2154.0
LTe57,2,acetylcholine,visual_projection,,,,1.31,2826.0
LTe58,12,acetylcholine,visual_projection,,,,4.02,10808.0
LTe59a,2,glutamate,visual_projection,,,,1.83,1258.0
LTe59b,2,glutamate,visual_projection,,,,0.91,1428.0
LTe60,2,glutamate,visual_projection,,,,13.96,2886.0
LTe61,2,acetylcholine,visual_projection,,,,49.35,1153.0
LTe62,2,acetylcholine,visual_projection,,,,30.65,1279.0
LTe63,6,gaba,visual_projection,,,,4.72,2289.0
LTe64,16,acetylcholine,visual_projection,,,,9.97,10452.0
LTe65,7,acetylcholine,visual_projection,,,,37.28,5644.0
LTe66,7,acetylcholine,visual_projection,,,,43.65,2841.0
LTe67,4,acetylcholine,visual_projection,,,,7.23,1287.0
LTe68,10,acetylcholine,visual_projection,,,,1.56,2697.0
LTe69,2,acetylcholine,visual_projection,,,,7.81,2867.0
LTe70,2,glutamate,visual_projection,,,,1.63,2024.0
LTe71,2,glutamate,visual_projection,,,,10.91,2741.0
LTe72,2,acetylcholine,visual_projection,,,,1.24,1453.0
LTe73,2,acetylcholine,visual_projection,,,,8.37,1517.0
LTe74,2,acetylcholine,visual_projection,,,,2.82,2445.0
LTe75,2,acetylcholine,visual_projection,,,,4.69,2473.0
LTe76,2,acetylcholine,visual_projection,,,,4.23,4021.0
Lai,311,gaba,optic,,,,0.0,16289.0
Lat,10,serotonin,visual_centrifugal,,,,11.4,114.0
Lawf1,347,acetylcholine,optic,,,,0.08,51042.0
Lawf2,321,acetylcholine,optic,b,63.04,46.0,0.1,81768.0
Li01,167,glutamate,optic,a,14.29,7.0,0.98,24806.0
Li02,93,acetylcholine,optic,,,,1.76,28530.0
Li03,83,gaba,optic,b,50.0,2.0,0.34,28607.0
Li04,26,gaba,optic,,,,2.26,5299.0
Li05,165,acetylcholine,optic,a,8.0,25.0,12.55,70264.0
Li06,196,acetylcholine,optic,d,6.12,98.0,0.58,60817.0
Li07,22,gaba,optic,b,80.0,10.0,7.96,7900.0
Li08,44,gaba,optic,,,,2.96,24583.0
Li09,52,gaba,optic,c,25.0,4.0,1.26,18078.0
Li10,186,glutamate,optic,d,0.0,1.0,1.71,87617.0
Li11,62,gaba,optic,,,,1.77,32540.0
Li12,41,glutamate,optic,,,,2.34,32368.0
Li124_56,2,glutamate,optic,,,,1.81,441.0
Li13,67,gaba,optic,,,,0.76,61253.0
Li14,26,gaba,optic,a,4.64,10640.0,2.83,24452.0
Li15,32,gaba,optic,c,23.53,17.0,0.2,26696.0
Li16,36,gaba,optic,b,66.67,39.0,0.38,45048.0
Li17,89,gaba,optic,d,19.51,82.0,0.75,101569.0
Li18,32,gaba,optic,,,,0.23,49047.0
Li19,4,gaba,optic,,,,10.63,9883.0
Li20,6,gaba,optic,b,41.38,29.0,1.39,13553.0
Li21,18,gaba,optic,c,30.91,55.0,0.71,46827.0
Li22,17,gaba,optic,b,30.34,145.0,1.82,17079.0
Li23,2,gaba,optic,,,,1.17,3671.0
Li24,10,gaba,optic,a,0.0,10.0,0.35,35298.0
Li25,4,gaba,optic,,,,0.33,15368.0
Li26,8,gaba,optic,a,24.39,123.0,6.32,28069.0
Li27,4,glutamate,optic,,,,0.57,26363.0
Li28,4,glutamate,optic,,,,0.9,35294.0
Li29,2,glutamate,optic,b,93.64,173.0,0.85,13852.0
Li30,2,acetylcholine,optic,,,,3.14,39154.0
Li31,2,gaba,optic,b,30.61,98.0,99.76,35264.0
Li32,2,gaba,optic,,,,0.52,47717.0
Li33,2,gaba,optic,c,4.41,68.0,99.4,95004.0
MB-C1,4,gaba,central,,,,0.13,13988.0
MBON01,2,glutamate,central,,,,89.22,3989.0
MBON02,2,gaba,central,,,,15.12,5054.0
MBON03,2,glutamate,central,,,,83.81,8133.0
MBON04,2,glutamate,central,,,,45.16,9583.0
MBON05,2,acetylcholine,central,,,,90.95,8377.0
MBON06,2,glutamate,central,,,,92.66,5453.0
MBON07,4,glutamate,central,,,,3.87,5297.0
MBON09,4,gaba,central,,,,51.02,13744.0
MBON10,9,gaba,central,,,,6.91,3446.0
MBON11,2,gaba,central,,,,36.67,6840.0
MBON12,4,acetylcholine,central,,,,9.79,17217.0
MBON13,2,acetylcholine,central,,,,6.41,8877.0
MBON14,4,acetylcholine,central,,,,9.5,7136.0
MBON15,4,acetylcholine,central,,,,9.49,1739.0
MBON15-like,5,acetylcholine,central,,,,36.6,3994.0
MBON16,2,acetylcholine,central,,,,26.76,3621.0
MBON17,2,acetylcholine,central,,,,27.62,2925.0
MBON17-like,2,acetylcholine,central,,,,30.66,2417.0
MBON18,2,acetylcholine,central,,,,40.32,6846.0
MBON19,4,acetylcholine,central,,,,3.39,3038.0
MBON20,2,gaba,central,,,,5.93,12026.0
MBON21,2,acetylcholine,central,,,,34.07,2542.0
MBON22,2,acetylcholine,central,,,,45.52,5813.0
MBON23,2,acetylcholine,central,,,,1.98,2771.0
MBON24,2,acetylcholine,central,,,,12.98,2095.0
"MBON25,MBON34",6,glutamate,central,,,,61.21,1565.0
MBON26,2,acetylcholine,central,,,,50.51,11129.0
MBON27,2,acetylcholine,central,,,,67.16,3940.0
MBON28,2,acetylcholine,central,,,,45.27,3629.0
MBON29,2,acetylcholine,central,,,,53.51,2151.0
MBON30,2,glutamate,central,,,,31.36,6858.0
MBON31,2,gaba,central,,,,30.58,4549.0
MBON32,2,gaba,central,,,,54.99,4375.0
MBON33,2,acetylcholine,central,,,,44.49,4437.0
MBON35,2,acetylcholine,central,,,,13.09,9258.0
MC65,6,acetylcholine,visual_projection,,,,0.85,11590.0
MDN,4,acetylcholine,descending,,,,83.93,1624.0
MLt1,95,acetylcholine,optic,a,0.0,1.0,1.39,75069.0
MLt2,103,acetylcholine,optic,a,0.0,1.0,3.39,21485.0
MLt3,108,acetylcholine,optic,,,,1.61,45314.0
MLt4,90,acetylcholine,optic,c,28.57,14.0,1.15,33188.0
MLt5,68,acetylcholine,optic,,,,2.23,20420.0
MLt6,59,acetylcholine,optic,b,100.0,1.0,1.12,18408.0
MLt7,50,acetylcholine,optic,,,,0.97,13658.0
MLt8,24,acetylcholine,optic,,,,1.58,4244.0
MN10,3,acetylcholine,motor,,,,62.31,199.0
MNx01,3,glutamate,motor,,,,51.32,7315.0
MNx03,2,acetylcholine,motor,,,,37.93,29.0
MTe01a,87,glutamate,visual_projection,c,0.0,2.0,3.29,22767.0
MTe01b,52,acetylcholine,visual_projection,,,,3.28,42973.0
MTe02,75,acetylcholine,visual_projection,,,,0.85,14564.0
MTe03,47,acetylcholine,visual_projection,,,,3.53,9709.0
MTe04,30,acetylcholine,visual_projection,d,0.0,1.0,3.99,10155.0
MTe05,25,acetylcholine,visual_projection,,,,1.24,5147.0
MTe06,18,acetylcholine,visual_projection,,,,3.87,2896.0
MTe07,15,acetylcholine,visual_projection,,,,23.77,8023.0
MTe08,12,glutamate,visual_projection,d,0.0,1.0,3.65,23104.0
MTe09,10,glutamate,visual_projection,,,,1.74,2756.0
MTe10,8,glutamate,visual_projection,,,,74.03,3046.0
MTe11,6,glutamate,visual_projection,,,,12.6,1936.0
MTe12,6,acetylcholine,visual_projection,,,,0.63,6778.0
MTe13,5,glutamate,visual_projection,,,,3.12,11051.0
MTe14,4,gaba,visual_projection,,,,3.2,2656.0
MTe15,4,acetylcholine,visual_projection,,,,11.82,2056.0
MTe16,4,glutamate,visual_projection,,,,14.66,2612.0
MTe17,4,acetylcholine,visual_projection,,,,3.18,3305.0
MTe18,3,glutamate,visual_projection,b,100.0,2.0,4.68,6884.0
MTe19,2,glutamate,visual_projection,,,,93.88,4657.0
MTe20,2,gaba,visual_projection,,,,9.96,974.0
MTe21,2,acetylcholine,visual_projection,,,,1.04,864.0
MTe22,2,acetylcholine,visual_projection,,,,0.78,3588.0
MTe23,2,glutamate,visual_projection,,,,6.23,3196.0
MTe24,2,gaba,visual_projection,,,,0.49,1013.0
MTe25,2,acetylcholine,visual_projection,,,,1.38,3336.0
MTe26,2,acetylcholine,visual_projection,,,,0.82,5713.0
MTe27,2,acetylcholine,visual_projection,,,,2.49,4930.0
MTe28,2,acetylcholine,visual_projection,,,,0.85,6254.0
MTe29,2,glutamate,visual_projection,,,,52.0,5990.0
MTe30,2,acetylcholine,visual_projection,,,,1.68,5351.0
MTe31,2,glutamate,visual_projection,,,,5.52,1974.0
MTe32,2,acetylcholine,visual_projection,,,,1.69,8089.0
MTe33,2,acetylcholine,visual_projection,,,,2.47,5296.0
MTe34,2,acetylcholine,visual_projection,,,,3.18,2047.0
MTe35,2,acetylcholine,visual_projection,,,,0.82,6818.0
MTe36,2,glutamate,visual_projection,,,,16.62,1348.0
MTe37,2,acetylcholine,visual_projection,,,,6.1,4692.0
MTe38,2,acetylcholine,visual_projection,,,,0.71,4498.0
MTe39,2,glutamate,visual_projection,,,,17.28,2835.0
MTe40,2,acetylcholine,visual_projection,,,,2.33,4627.0
MTe41,2,gaba,visual_projection,,,,1.85,6591.0
MTe42,2,glutamate,visual_projection,,,,6.32,8527.0
MTe43,2,glutamate,visual_projection,,,,1.73,10794.0
MTe44,2,acetylcholine,visual_projection,b,100.0,1.0,2.74,5721.0
MTe45,2,acetylcholine,visual_projection,,,,4.89,5295.0
MTe46,3,acetylcholine,visual_projection,,,,50.99,7115.0
MTe47,4,glutamate,visual_projection,b,55.8,181.0,34.98,16458.0
MTe48,2,gaba,visual_projection,,,,2.32,906.0
MTe49,2,acetylcholine,visual_projection,,,,1.19,3114.0
MTe50,54,acetylcholine,visual_projection,,,,0.84,12113.0
MTe51,99,acetylcholine,visual_projection,b,100.0,2.0,4.61,37018.0
MTe52,42,acetylcholine,visual_projection,b,34.38,32.0,0.63,27851.0
MTe53,15,acetylcholine,visual_projection,a,0.0,2.0,1.8,2220.0
MTe54,56,acetylcholine,visual_projection,,,,0.54,14956.0
MZ_lv2PN,2,gaba,central,,,,6.38,5311.0
M_VPNml66,6,gaba,central,,,,4.46,1526.0
M_adPNm3,2,acetylcholine,central,,,,3.35,5249.0
M_adPNm4,4,acetylcholine,central,,,,1.74,1892.0
M_adPNm5,8,acetylcholine,central,,,,4.16,2715.0
M_adPNm6,2,acetylcholine,central,,,,9.05,1039.0
M_adPNm7,2,acetylcholine,central,,,,5.2,1077.0
M_adPNm8,4,acetylcholine,central,,,,1.3,2300.0
"M_ilPNm90,M_ilPN8t91",2,acetylcholine,central,,,,56.91,4997.0
M_imPNl92,2,acetylcholine,central,,,,50.67,6568.0
M_l2PN10t19a,2,acetylcholine,central,,,,6.54,3041.0
M_l2PN10t19b,2,acetylcholine,central,,,,3.9,3054.0
M_l2PN3t18,4,acetylcholine,central,,,,4.78,6969.0
M_l2PNl20,2,acetylcholine,central,,,,10.93,5545.0
M_l2PNl21,2,acetylcholine,central,,,,3.59,3812.0
M_l2PNl22,2,acetylcholine,central,,,,2.21,4614.0
M_l2PNl23,2,acetylcholine,central,,,,2.38,4111.0
M_l2PNm14,2,acetylcholine,central,,,,5.84,4998.0
M_l2PNm15,2,acetylcholine,central,,,,10.73,5434.0
M_l2PNm16,4,acetylcholine,central,,,,5.96,12385.0
M_l2PNm17,2,acetylcholine,central,,,,4.46,1636.0
M_lPNm11A,7,acetylcholine,central,,,,8.75,2720.0
M_lPNm11B,2,acetylcholine,central,,,,12.89,1195.0
M_lPNm11C,2,acetylcholine,central,,,,11.44,1844.0
M_lPNm11D,11,acetylcholine,central,,,,4.37,8813.0
M_lv2PN9t49a,2,gaba,central,,,,5.99,3992.0
M_lv2PN9t49b,2,gaba,central,,,,6.79,4225.0
M_lvPNm24,4,acetylcholine,central,,,,6.05,7664.0
M_lvPNm25,5,acetylcholine,central,,,,5.34,4345.0
M_lvPNm26,3,acetylcholine,central,,,,1.48,2088.0
M_lvPNm27,2,acetylcholine,central,,,,1.71,817.0
M_lvPNm28,2,acetylcholine,central,,,,1.72,930.0
M_lvPNm29,3,acetylcholine,central,,,,1.65,1398.0
M_lvPNm31,2,acetylcholine,central,,,,1.11,901.0
M_lvPNm35,5,acetylcholine,central,,,,2.94,1260.0
M_lvPNm37,6,acetylcholine,central,,,,1.93,882.0
M_lvPNm39,2,acetylcholine,central,,,,0.27,3380.0
M_lvPNm40,4,acetylcholine,central,,,,1.3,1310.0
M_lvPNm41,6,acetylcholine,central,,,,0.41,2931.0
M_lvPNm42,3,acetylcholine,central,,,,1.41,1421.0
M_lvPNm43,4,acetylcholine,central,,,,1.78,1907.0
M_lvPNm44,2,acetylcholine,central,,,,8.39,620.0
M_lvPNm45,6,acetylcholine,central,,,,1.86,3011.0
M_lvPNm46,6,acetylcholine,central,,,,1.62,2282.0
M_lvPNm47,5,acetylcholine,central,,,,3.54,1300.0
M_lvPNm48,7,acetylcholine,central,,,,4.58,1813.0
M_smPN6t2,2,gaba,central,,,,99.72,6700.0
M_smPNm1,2,gaba,central,,,,97.15,2248.0
M_spPN4t9,2,acetylcholine,central,,,,2.21,6023.0
M_spPN5t10,3,acetylcholine,central,,,,79.68,5098.0
M_vPNml50,4,gaba,central,,,,7.76,8489.0
M_vPNml51,2,gaba,central,,,,2.89,899.0
M_vPNml52,2,gaba,central,,,,2.16,786.0
M_vPNml53,13,gaba,central,,,,0.37,2412.0
M_vPNml54,2,gaba,central,,,,0.43,463.0
M_vPNml55,2,gaba,central,,,,1.54,1750.0
M_vPNml57,2,gaba,central,,,,0.23,884.0
M_vPNml60,6,gaba,central,,,,0.55,2344.0
M_vPNml63,6,gaba,central,,,,1.69,5511.0
M_vPNml64,2,gaba,central,,,,2.41,1660.0
M_vPNml65,4,gaba,central,,,,2.14,2848.0
M_vPNml67,4,gaba,central,,,,0.85,1641.0
M_vPNml69,4,gaba,central,,,,0.26,1152.0
M_vPNml72,6,gaba,central,,,,0.52,2116.0
M_vPNml75,4,gaba,central,,,,0.0,1525.0
M_vPNml77,2,gaba,central,,,,0.63,632.0
M_vPNml79,2,gaba,central,,,,0.23,2208.0
M_vPNml80,2,gaba,central,,,,0.74,540.0
M_vPNml83,8,gaba,central,,,,0.24,2084.0
M_vPNml84,8,gaba,central,,,,0.16,1907.0
M_vPNml86,3,gaba,central,,,,0.23,877.0
M_vPNml87,6,gaba,central,,,,0.44,1578.0
MeLp1,2,acetylcholine,visual_projection,c,0.0,11.0,44.56,10009.0
MeLp2,2,gaba,optic,c,31.61,155.0,94.3,7963.0
MeMe_e01,13,glutamate,optic,,,,97.87,12911.0
MeMe_e02,17,glutamate,optic,,,,95.4,22433.0
MeMe_e03,2,glutamate,visual_projection,,,,72.34,5290.0
MeMe_e04,4,glutamate,visual_projection,,,,26.0,4742.0
MeMe_e05,2,glutamate,visual_projection,,,,84.21,5966.0
MeMe_e06,2,glutamate,visual_projection,,,,98.04,4847.0
MeMe_e07,10,glutamate,visual_projection,c,37.5,224.0,62.69,51086.0
MeMe_e08,12,glutamate,visual_projection,b,40.2,102.0,71.76,43311.0
MeMe_e09,2,glutamate,optic,,,,82.67,3369.0
MeMe_e10,4,gaba,optic,,,,97.15,7402.0
MeMe_e11,4,acetylcholine,optic,d,23.81,21.0,66.13,22696.0
MeMe_e12,2,acetylcholine,optic,,,,81.7,17446.0
MeMe_e13,2,acetylcholine,optic,b,41.51,53.0,72.19,42035.0
MeTu1,244,acetylcholine,visual_projection,a,25.86,58.0,0.9,69257.0
MeTu2a,70,acetylcholine,visual_projection,a,25.0,8.0,12.5,9531.0
MeTu2b,31,acetylcholine,visual_projection,b,66.67,3.0,3.68,2691.0
MeTu3a,40,acetylcholine,visual_projection,d,0.0,5.0,2.44,10216.0
MeTu3b,99,acetylcholine,visual_projection,c,20.0,10.0,1.37,21923.0
MeTu3c,138,acetylcholine,visual_projection,a,34.78,23.0,1.75,24107.0
MeTu4a,131,acetylcholine,visual_projection,b,30.0,10.0,1.48,26787.0
MeTu4b,21,acetylcholine,visual_projection,a,0.0,2.0,1.08,2126.0
MeTu4c,93,acetylcholine,visual_projection,d,5.56,18.0,6.18,28771.0
MeTu4d,37,acetylcholine,visual_projection,d,0.0,2.0,7.85,3198.0
Mi1,1582,acetylcholine,optic,a,27.57,4871.0,0.48,1416744.0
Mi10,406,acetylcholine,optic,a,24.77,1542.0,1.56,175131.0
Mi13,714,gaba,optic,a,32.23,3795.0,0.05,137277.0
Mi14,252,glutamate,optic,a,0.0,2.0,0.09,58356.0
Mi15,984,acetylcholine,optic,,,,0.11,132767.0
Mi2,847,glutamate,optic,a,10.26,78.0,0.04,102735.0
Mi4,1532,gaba,optic,b,36.65,2734.0,0.18,514446.0
Mi9,1554,glutamate,optic,a,33.35,17566.0,1.12,470074.0
MsAHN,2,dopamine,ascending,,,,44.09,694.0
MtAHN,2,dopamine,ascending,,,,19.1,356.0
NPFL1-I,2,serotonin,central,,,,15.91,616.0
Nod1,4,acetylcholine,visual_projection,a,2.45,2164.0,89.29,8498.0
Nod2,2,gaba,visual_projection,a,1.22,1634.0,46.55,4838.0
Nod3,2,acetylcholine,visual_projection,b,97.73,3077.0,44.66,4404.0
Nod5,2,acetylcholine,visual_projection,c,4.96,2098.0,42.52,4158.0
OA-AL2b1,2,octopamine,visual_centrifugal,,,,53.86,6664.0
OA-AL2b2,4,acetylcholine,visual_centrifugal,,,,37.66,89366.0
OA-AL2i1,2,octopamine,visual_centrifugal,d,27.55,461.0,4.58,19188.0
OA-AL2i2,4,octopamine,visual_centrifugal,b,40.86,93.0,4.8,28497.0
OA-AL2i3,4,octopamine,visual_centrifugal,,,,2.25,9783.0
OA-AL2i4,2,octopamine,visual_centrifugal,,,,4.37,8537.0
OA-ASM1,4,dopamine,visual_centrifugal,,,,48.88,19255.0
OA-ASM2,2,dopamine,central,,,,40.0,2735.0
OA-ASM3,2,dopamine,central,,,,31.82,3689.0
OA-VPM3,2,octopamine,central,,,,68.52,2710.0
OA-VPM4,2,octopamine,central,,,,66.85,4290.0
OA-VUMa1,2,octopamine,central,,,,99.9,13110.0
OA-VUMa2,2,octopamine,central,,,,99.74,5701.0
OA-VUMa3,2,octopamine,central,,,,99.64,2523.0
OA-VUMa4,2,octopamine,central,,,,99.8,10051.0
OA-VUMa5,2,octopamine,central,,,,98.88,1424.0
OA-VUMa6,2,octopamine,central,,,,99.93,5417.0
OA-VUMa8,1,octopamine,central,,,,99.69,6143.0
OCC01a,2,acetylcholine,visual_centrifugal,,,,39.62,1272.0
OCC01b,2,acetylcholine,visual_centrifugal,,,,49.24,991.0
OCC02a,6,glutamate,visual_centrifugal,,,,23.19,483.0
OCC02b,15,glutamate,visual_centrifugal,,,,23.1,1385.0
OCG01a,2,glutamate,visual_projection,,,,2.16,1484.0
OCG01b,2,acetylcholine,visual_projection,,,,87.88,2598.0
OCG01c,2,glutamate,visual_projection,,,,3.3,2270.0
OCG01d,2,acetylcholine,visual_projection,,,,86.89,3235.0
OCG01e,2,acetylcholine,visual_projection,,,,3.05,3282.0
OCG01f,2,glutamate,visual_projection,,,,15.9,3378.0
OCG02a,2,acetylcholine,visual_projection,,,,56.34,1127.0
OCG02b,2,acetylcholine,visual_projection,,,,54.57,1763.0
OCG02c,4,acetylcholine,visual_projection,,,,70.94,2409.0
OLVC7,2,glutamate,visual_centrifugal,a,0.0,2.0,100.0,70.0
ORN_D,31,acetylcholine,sensory,,,,50.77,8548.0
ORN_DA1,126,acetylcholine,sensory,,,,48.19,13676.0
ORN_DA2,39,acetylcholine,sensory,,,,60.31,3076.0
ORN_DA3,30,serotonin,sensory,,,,66.18,1091.0
ORN_DA4l,40,serotonin,sensory,,,,63.33,2255.0
ORN_DA4m,40,serotonin,sensory,,,,53.37,3618.0
ORN_DC1,39,acetylcholine,sensory,,,,56.05,8300.0
ORN_DC2,20,acetylcholine,sensory,,,,58.07,5307.0
ORN_DC3,33,acetylcholine,sensory,,,,55.34,5002.0
ORN_DC4,22,acetylcholine,sensory,,,,49.53,10600.0
ORN_DL1,69,acetylcholine,sensory,,,,48.73,10077.0
ORN_DL2d,14,acetylcholine,sensory,,,,53.42,6337.0
ORN_DL2v,18,acetylcholine,sensory,,,,53.0,9356.0
ORN_DL3,79,serotonin,sensory,,,,51.45,3619.0
ORN_DL4,52,serotonin,sensory,,,,53.2,2795.0
ORN_DL5,42,acetylcholine,sensory,,,,52.67,9776.0
ORN_DM1,68,serotonin,sensory,,,,51.97,18176.0
ORN_DM2,54,serotonin,sensory,,,,56.78,8244.0
ORN_DM3,61,serotonin,sensory,,,,58.04,5305.0
ORN_DM4,40,acetylcholine,sensory,,,,50.24,9438.0
ORN_DM5,42,serotonin,sensory,,,,61.57,2300.0
ORN_DM6,52,acetylcholine,sensory,,,,52.91,7106.0
ORN_DP1l,24,acetylcholine,sensory,,,,45.56,11487.0
ORN_DP1m,32,acetylcholine,sensory,,,,44.13,32374.0
ORN_V,67,serotonin,sensory,,,,16.33,8328.0
ORN_VA1d,97,acetylcholine,sensory,,,,49.4,4595.0
ORN_VA1v,94,acetylcholine,sensory,,,,51.27,5177.0
ORN_VA2,67,serotonin,sensory,,,,59.2,7964.0
ORN_VA3,29,acetylcholine,sensory,,,,56.69,4699.0
ORN_VA4,31,acetylcholine,sensory,,,,57.74,4044.0
ORN_VA5,12,acetylcholine,sensory,,,,72.43,1204.0
ORN_VA6,60,acetylcholine,sensory,,,,62.91,8520.0
ORN_VA7l,16,acetylcholine,sensory,,,,45.33,1765.0
ORN_VA7m,22,acetylcholine,sensory,,,,57.41,2632.0
ORN_VC1,26,acetylcholine,sensory,,,,50.49,7124.0
ORN_VC2,29,acetylcholine,sensory,,,,56.07,4143.0
ORN_VC3,31,acetylcholine,sensory,,,,48.13,7374.0
ORN_VC4,23,acetylcholine,sensory,,,,56.62,4352.0
ORN_VC5,25,acetylcholine,sensory,,,,48.42,5839.0
ORN_VL1,78,serotonin,sensory,,,,19.72,3169.0
ORN_VL2a,71,acetylcholine,sensory,,,,54.34,8447.0
ORN_VL2p,28,acetylcholine,sensory,,,,45.48,7113.0
ORN_VM1,25,acetylcholine,sensory,,,,44.36,4680.0
ORN_VM2,37,acetylcholine,sensory,,,,53.74,3703.0
ORN_VM3,37,serotonin,sensory,,,,63.58,2993.0
ORN_VM4,75,acetylcholine,sensory,,,,49.83,7020.0
ORN_VM5d,67,acetylcholine,sensory,,,,55.25,9785.0
ORN_VM5v,23,acetylcholine,sensory,,,,55.36,5166.0
ORN_VM6l,21,acetylcholine,sensory,,,,31.09,1930.0
ORN_VM6m,33,acetylcholine,sensory,,,,33.9,3289.0
ORN_VM6v,26,acetylcholine,sensory,,,,35.6,10384.0
ORN_VM7d,33,acetylcholine,sensory,,,,47.66,9472.0
ORN_VM7v,26,acetylcholine,sensory,,,,54.22,5371.0
P6-8P9,4,glutamate,central,,,,11.85,979.0
PAL01,2,dopamine,central,,,,48.67,2435.0
PAL02,2,dopamine,central,,,,49.41,674.0
PAL03,2,dopamine,central,,,,53.34,2424.0
PAM01,41,dopamine,central,,,,30.56,4401.0
PAM02,16,dopamine,central,,,,36.05,1240.0
PAM03,10,dopamine,central,,,,44.3,772.0
PAM04,32,dopamine,central,,,,38.6,4790.0
PAM05,21,dopamine,central,,,,39.38,5569.0
PAM06,30,dopamine,central,,,,43.45,9417.0
PAM07,18,dopamine,central,,,,26.45,3819.0
PAM08,45,dopamine,central,,,,33.65,8812.0
PAM09,9,dopamine,central,,,,50.53,2844.0
PAM10,15,dopamine,central,,,,47.68,6277.0
PAM11,16,dopamine,central,,,,41.91,4557.0
PAM12,23,dopamine,central,,,,43.38,2688.0
PAM13,12,dopamine,central,,,,46.47,1373.0
PAM14,16,dopamine,central,,,,45.33,2442.0
PAM15,3,dopamine,central,,,,34.15,284.0
PDt1,11,dopamine,optic,b,85.19,27.0,0.64,8660.0
PEG,20,acetylcholine,central,,,,61.61,8660.0
PEN_a(PEN1),20,acetylcholine,central,,,,47.44,16359.0
PEN_b(PEN2),22,acetylcholine,central,,,,41.12,18169.0
PFGs,28,serotonin,central,,,,50.78,6321.0
PFL1,14,acetylcholine,central,,,,97.15,8032.0
PFL2,12,acetylcholine,central,,,,51.32,9527.0
PFL3,24,acetylcholine,central,,,,96.33,29053.0
PFNa,55,acetylcholine,central,,,,35.57,22797.0
PFNd,40,acetylcholine,central,,,,48.37,27635.0
PFNm,83,acetylcholine,central,,,,27.85,21537.0
PFNp,244,acetylcholine,central,,,,32.27,22987.0
PFNv,21,acetylcholine,central,,,,36.53,10284.0
PFR,30,dopamine,central,,,,59.31,14486.0
PFR_a,1,dopamine,central,,,,56.92,253.0
PLP001,2,gaba,central,,,,13.5,9114.0
PLP003,2,gaba,central,,,,1.81,1162.0
PLP004,2,glutamate,central,,,,2.79,6771.0
PLP005,2,glutamate,central,,,,36.86,5100.0
PLP006,2,glutamate,central,,,,4.94,2571.0
PLP007,2,glutamate,central,,,,5.75,2819.0
PLP008,2,glutamate,central,,,,0.7,3858.0
PLP009,6,glutamate,central,,,,3.72,4170.0
PLP010,2,glutamate,central,,,,54.11,4487.0
PLP012,2,acetylcholine,central,,,,7.13,4477.0
PLP013,4,acetylcholine,central,,,,6.05,4658.0
PLP015,4,gaba,central,,,,4.15,20189.0
PLP016,2,gaba,central,,,,4.65,9923.0
PLP017,4,gaba,central,,,,0.36,16322.0
PLP018,4,gaba,central,,,,0.94,8589.0
PLP019,2,gaba,central,,,,6.78,4614.0
PLP020,2,gaba,central,,,,2.61,4020.0
PLP021,3,acetylcholine,central,,,,0.8,2749.0
PLP022,2,gaba,central,,,,19.68,4554.0
PLP023,2,gaba,central,,,,12.08,3517.0
PLP024,1,gaba,central,,,,17.29,1365.0
PLP025a,2,gaba,central,,,,6.76,799.0
PLP025b,7,gaba,central,,,,5.24,3338.0
"PLP026,PLP027",8,glutamate,central,,,,2.99,2510.0
PLP028,6,gaba,central,,,,7.77,1480.0
PLP029,2,glutamate,central,,,,4.76,4202.0
PLP032,2,acetylcholine,central,,,,48.93,8835.0
PLP034,2,glutamate,central,,,,1.87,6271.0
PLP035,2,glutamate,central,,,,1.76,3412.0
PLP036,2,glutamate,central,,,,2.16,1019.0
PLP037a,2,glutamate,central,,,,2.71,664.0
PLP037b,8,glutamate,central,,,,2.78,3602.0
PLP038,4,glutamate,central,,,,1.32,1595.0
PLP039,11,glutamate,central,,,,1.74,4701.0
"PLP041,PLP043",10,glutamate,central,,,,1.59,2573.0
PLP042a,2,glutamate,central,,,,2.4,500.0
PLP042b,3,glutamate,central,,,,8.66,785.0
PLP042c,13,glutamate,central,,,,6.94,2565.0
PLP044,8,glutamate,central,,,,1.93,1450.0
PLP046a,3,glutamate,central,,,,5.99,384.0
PLP046b,3,glutamate,central,,,,6.02,814.0
PLP046c,4,glutamate,central,,,,3.88,773.0
PLP048,11,glutamate,central,,,,10.69,1450.0
PLP051,2,gaba,central,,,,93.41,6069.0
PLP052,4,acetylcholine,central,,,,2.47,3083.0
PLP053a,1,acetylcholine,central,,,,0.8,623.0
PLP053b,4,acetylcholine,central,,,,1.63,2265.0
PLP054,4,acetylcholine,central,,,,1.06,1986.0
PLP055,4,acetylcholine,central,,,,2.38,1887.0
PLP057a,2,acetylcholine,central,,,,1.39,864.0
PLP057b,4,acetylcholine,central,,,,1.33,2037.0
PLP058,2,acetylcholine,central,,,,1.79,3068.0
PLP059a,3,acetylcholine,central,,,,77.72,1782.0
PLP059b,2,acetylcholine,central,,,,55.85,1266.0
PLP060,2,gaba,central,,,,8.73,12417.0
PLP064_a,7,acetylcholine,central,,,,4.43,3771.0
PLP064_b,6,acetylcholine,central,,,,4.33,3256.0
PLP065a,2,acetylcholine,central,,,,10.63,1816.0
PLP065b,3,acetylcholine,central,,,,7.07,2629.0
PLP067a,2,acetylcholine,central,,,,7.89,1052.0
PLP067b,4,acetylcholine,central,,,,10.3,2865.0
PLP068,2,acetylcholine,central,,,,0.98,614.0
PLP069,4,glutamate,central,,,,1.74,3268.0
PLP071,4,acetylcholine,central,,,,6.84,3069.0
PLP073,4,acetylcholine,central,,,,18.96,2115.0
PLP075,2,gaba,central,,,,28.8,6810.0
PLP078,2,glutamate,central,,,,96.03,8519.0
PLP079,2,glutamate,central,,,,2.56,2347.0
PLP081,4,gaba,central,,,,33.67,8321.0
"PLP084,PLP085",5,gaba,central,,,,2.82,5280.0
PLP086a,3,gaba,central,,,,0.49,1422.0
PLP086b,4,gaba,central,,,,1.12,2228.0
PLP087a,2,gaba,central,,,,1.12,986.0
PLP087b,2,gaba,central,,,,0.36,826.0
PLP089b,7,gaba,central,,,,1.62,2533.0
PLP092,2,acetylcholine,central,,,,43.25,7069.0
PLP093,2,acetylcholine,central,,,,36.95,4035.0
PLP094,2,acetylcholine,central,,,,2.86,2445.0
PLP095,2,acetylcholine,central,,,,1.47,3398.0
PLP096,2,acetylcholine,central,,,,7.45,6524.0
PLP097,2,acetylcholine,central,,,,5.52,1829.0
PLP099,5,acetylcholine,central,,,,4.73,2517.0
PLP100,2,acetylcholine,central,,,,6.23,738.0
"PLP101,PLP102",9,acetylcholine,central,,,,3.28,2103.0
PLP103a,4,acetylcholine,central,,,,2.75,1055.0
PLP103b,6,acetylcholine,central,,,,6.1,1491.0
PLP103c,2,acetylcholine,central,,,,2.95,881.0
PLP104,1,acetylcholine,central,,,,3.27,245.0
PLP106,5,acetylcholine,central,,,,59.04,2473.0
PLP108,8,acetylcholine,central,,,,86.53,3044.0
"PLP109,PLP112",4,acetylcholine,central,,,,83.87,2009.0
PLP113,2,acetylcholine,central,,,,79.57,749.0
PLP114,2,acetylcholine,central,,,,3.94,863.0
PLP115_a,7,acetylcholine,central,,,,0.58,2052.0
PLP115_b,22,acetylcholine,central,,,,1.94,10860.0
PLP116,2,glutamate,central,,,,41.74,2592.0
PLP119,2,glutamate,central,,,,1.06,2734.0
"PLP120,PLP145",4,acetylcholine,central,,,,0.42,1888.0
PLP121,2,acetylcholine,central,,,,2.85,1159.0
PLP122,2,acetylcholine,central,,,,5.87,2318.0
PLP123,2,acetylcholine,central,,,,40.25,2303.0
PLP124,2,acetylcholine,central,,,,48.28,3925.0
PLP128,2,acetylcholine,central,,,,44.87,2135.0
PLP129,2,gaba,central,,,,2.01,3288.0
PLP130,2,acetylcholine,central,,,,1.95,4470.0
PLP131,2,gaba,central,,,,2.34,7080.0
PLP132,2,acetylcholine,central,,,,51.88,4613.0
"PLP139,PLP140",4,glutamate,central,,,,7.26,1969.0
PLP141,2,gaba,central,,,,4.78,3741.0
PLP142,4,gaba,central,,,,5.37,10983.0
PLP143,2,gaba,central,,,,9.35,3574.0
PLP144,2,gaba,central,,,,5.42,3761.0
PLP148,2,acetylcholine,central,,,,96.17,3370.0
PLP149,4,gaba,central,,,,1.51,4903.0
PLP150a,2,acetylcholine,central,,,,53.32,1414.0
PLP150b,2,acetylcholine,central,,,,49.21,1587.0
PLP150c,6,acetylcholine,central,,,,42.14,4397.0
PLP154,2,acetylcholine,central,,,,56.93,1161.0
PLP155,7,acetylcholine,central,,,,57.03,4310.0
PLP156,4,acetylcholine,central,,,,67.21,1284.0
PLP158,7,gaba,central,,,,2.8,1502.0
PLP159,6,gaba,central,,,,1.3,1232.0
PLP160,10,gaba,central,,,,1.4,2138.0
PLP161,4,acetylcholine,central,,,,10.28,2462.0
PLP162,3,acetylcholine,central,,,,7.68,2123.0
PLP163,2,acetylcholine,central,,,,15.77,17285.0
PLP164,5,acetylcholine,central,,,,30.69,1098.0
PLP165,7,acetylcholine,central,,,,26.03,1502.0
PLP169,2,acetylcholine,central,,,,4.59,4250.0
PLP170,2,glutamate,central,,,,2.14,1820.0
PLP171,2,gaba,central,,,,0.46,437.0
PLP172,9,gaba,central,,,,0.82,7438.0
PLP173,5,gaba,central,,,,4.08,3017.0
PLP174,5,acetylcholine,central,,,,1.81,1433.0
PLP175,2,acetylcholine,central,,,,2.17,600.0
PLP177,2,acetylcholine,central,,,,16.28,7033.0
PLP178,2,glutamate,central,,,,3.63,3942.0
PLP180,8,glutamate,central,,,,0.81,6944.0
PLP181,9,glutamate,central,,,,1.87,4059.0
PLP182,16,glutamate,central,,,,5.81,6698.0
"PLP185,PLP186",9,glutamate,central,,,,0.51,4552.0
PLP187,4,acetylcholine,central,,,,37.96,1881.0
"PLP188,PLP189",16,acetylcholine,central,,,,3.3,3697.0
PLP190,6,acetylcholine,central,,,,2.1,1621.0
PLP196,2,acetylcholine,central,,,,32.61,2085.0
PLP197,2,gaba,central,,,,3.41,2140.0
"PLP198,SLP361",4,acetylcholine,central,,,,6.66,2538.0
PLP199,4,gaba,central,,,,2.97,4607.0
PLP208,2,acetylcholine,central,,,,61.33,4872.0
PLP209,2,acetylcholine,central,,,,33.93,4176.0
PLP211,2,dopamine,central,,,,40.35,2015.0
PLP213,2,gaba,central,,,,35.17,4831.0
PLP214,2,glutamate,central,,,,9.39,4855.0
PLP215,2,glutamate,central,,,,4.24,1936.0
PLP216,2,gaba,central,,,,52.0,3502.0
PLP217,2,acetylcholine,central,,,,2.3,3742.0
PLP218,4,glutamate,central,,,,4.65,6952.0
PLP221,2,acetylcholine,central,,,,66.8,1702.0
PLP222,2,acetylcholine,central,,,,80.63,986.0
PLP223,2,acetylcholine,central,,,,43.11,1285.0
PLP228,2,acetylcholine,central,,,,95.72,4040.0
PLP229,2,acetylcholine,central,,,,52.32,4132.0
PLP230,2,acetylcholine,central,,,,90.17,4718.0
PLP231,4,acetylcholine,central,,,,36.63,7145.0
PLP232,2,acetylcholine,central,,,,6.24,2915.0
PLP234,2,acetylcholine,central,,,,69.44,648.0
PLP237,6,acetylcholine,central,,,,77.57,1725.0
PLP239,2,acetylcholine,central,,,,10.16,1594.0
PLP241,8,acetylcholine,central,,,,47.32,3005.0
PLP243,1,acetylcholine,central,,,,2.24,1160.0
PLP245,2,acetylcholine,central,,,,34.51,5172.0
PLP246,2,acetylcholine,central,,,,16.24,7761.0
PLP247,2,glutamate,central,,,,28.32,3552.0
PLP248,2,glutamate,central,,,,30.71,6933.0
PLP249,2,gaba,central,,,,3.51,7891.0
PLP250,2,gaba,central,,,,2.88,4409.0
PLP251,2,acetylcholine,central,,,,17.53,5025.0
PLP252,2,glutamate,central,,,,5.97,3114.0
PLP254,4,acetylcholine,central,,,,5.05,3545.0
PPL101,2,dopamine,central,,,,39.31,5185.0
PPL102,2,dopamine,central,,,,73.36,1021.0
PPL103,2,dopamine,central,,,,48.14,10617.0
PPL104,2,dopamine,central,,,,36.67,1257.0
PPL105,2,dopamine,central,,,,41.73,3664.0
PPL106,2,dopamine,central,,,,38.34,3328.0
PPL107,2,dopamine,central,,,,8.92,4675.0
PPL108,2,dopamine,central,,,,29.23,1228.0
PPL201,2,dopamine,central,,,,3.05,4986.0
PPL202,2,dopamine,central,,,,4.4,4118.0
PPL203,2,dopamine,central,,,,2.89,1906.0
PPL204,2,dopamine,central,,,,42.78,547.0
PPM1201,4,dopamine,central,,,,11.09,5547.0
PPM1202,4,dopamine,central,,,,7.77,1699.0
PPM1203,2,dopamine,central,,,,5.79,3904.0
"PPM1204,PS139",4,glutamate,central,,,,6.06,3960.0
PPM1205,2,dopamine,central,,,,17.55,2370.0
PS001,2,gaba,central,,,,15.06,4356.0
PS002,6,gaba,central,,,,7.77,10601.0
"PS003,PS006",4,glutamate,central,,,,34.03,4223.0
PS004a,4,glutamate,central,,,,46.39,1826.0
PS004b,4,glutamate,central,,,,39.91,1155.0
PS005,20,glutamate,central,,,,31.02,4736.0
PS005_a,9,glutamate,central,,,,50.37,1201.0
PS005_f,4,glutamate,central,,,,44.43,1274.0
PS007,4,glutamate,central,,,,30.86,3169.0
PS008,24,glutamate,central,,,,27.89,3689.0
PS010,2,acetylcholine,central,,,,2.86,4201.0
PS011,2,acetylcholine,central,,,,9.61,5701.0
PS013,2,acetylcholine,central,,,,2.19,4787.0
PS018a,2,acetylcholine,central,,,,1.86,3488.0
PS018b,2,acetylcholine,central,,,,3.84,4059.0
PS019,4,acetylcholine,central,,,,6.54,6819.0
PS020,2,acetylcholine,central,,,,2.48,2819.0
PS021,4,acetylcholine,central,,,,4.84,1859.0
PS022,4,acetylcholine,central,,,,3.51,1795.0
PS025,2,acetylcholine,central,,,,5.13,526.0
PS026,4,acetylcholine,central,,,,5.35,1327.0
PS027,2,acetylcholine,central,,,,2.94,3100.0
PS029,2,acetylcholine,central,,,,4.26,2770.0
PS030,2,acetylcholine,central,,,,6.07,1021.0
PS031,2,acetylcholine,central,,,,2.76,1014.0
PS034,8,acetylcholine,central,,,,7.52,2448.0
PS037,6,acetylcholine,central,,,,5.14,1556.0
PS038a,6,acetylcholine,central,,,,4.2,1120.0
PS038b,4,acetylcholine,central,,,,11.95,954.0
PS041,2,acetylcholine,central,,,,11.89,1825.0
"PS043,PS044",1,acetylcholine,central,,,,4.12,364.0
PS046,2,gaba,central,,,,36.16,6895.0
PS047a,2,acetylcholine,central,,,,1.6,7056.0
PS047b,2,acetylcholine,central,,,,5.23,12242.0
PS048a,2,acetylcholine,central,,,,39.1,2519.0
PS048b,2,acetylcholine,central,,,,9.25,5406.0
PS049,2,gaba,central,,,,3.79,6417.0
PS050,2,gaba,central,,,,4.07,3001.0
PS051,2,gaba,central,,,,41.88,4353.0
PS052,4,glutamate,central,,,,66.24,5885.0
PS053,2,acetylcholine,central,,,,16.1,1826.0
PS054,6,gaba,central,,,,4.15,3276.0
PS055,7,gaba,central,,,,40.17,4279.0
PS057,2,glutamate,central,,,,4.22,3578.0
PS058,2,acetylcholine,central,,,,7.78,5769.0
PS059,4,gaba,central,,,,5.38,8060.0
PS061,2,acetylcholine,central,,,,95.78,5550.0
PS062,2,acetylcholine,central,,,,62.19,3769.0
PS063,2,gaba,central,,,,43.94,3817.0
PS065,2,gaba,central,,,,4.79,6684.0
PS068,2,acetylcholine,central,,,,7.37,2727.0
PS074,2,gaba,central,,,,5.07,967.0
PS076,2,gaba,central,,,,36.35,564.0
PS078,6,gaba,central,,,,29.18,1686.0
PS080,2,glutamate,central,,,,89.58,2907.0
"PS081,PS085",2,glutamate,central,,,,74.0,1473.0
PS082,4,glutamate,central,,,,93.36,2905.0
PS083a,4,gaba,central,,,,52.07,4342.0
PS083b,4,acetylcholine,central,,,,61.79,2201.0
PS084,4,glutamate,central,,,,38.87,2717.0
PS086,2,glutamate,central,,,,71.44,1523.0
PS087,20,glutamate,central,,,,70.33,3155.0
PS088,2,gaba,central,,,,40.57,12426.0
PS089,2,gaba,central,,,,30.96,3627.0
PS090a,2,gaba,central,,,,12.84,3192.0
PS090b,2,gaba,central,,,,22.24,3409.0
PS091,2,gaba,central,,,,72.01,2722.0
PS092,2,gaba,central,,,,13.2,1174.0
PS093,2,gaba,central,,,,21.01,1656.0
PS094a,2,gaba,central,,,,38.01,913.0
PS094b,2,gaba,central,,,,38.05,904.0
PS095,6,gaba,central,,,,30.74,2381.0
PS096,12,gaba,central,,,,41.85,7188.0
PS097,7,gaba,central,,,,36.21,2397.0
PS098,2,gaba,central,,,,88.35,7322.0
PS099a,2,glutamate,central,,,,92.84,4287.0
PS099b,2,gaba,central,,,,98.49,3582.0
PS100,2,gaba,central,,,,6.17,6470.0
PS106,4,gaba,central,,,,12.08,5910.0
PS107,4,acetylcholine,central,,,,30.48,2352.0
PS108,2,glutamate,central,,,,48.33,4140.0
PS109,4,acetylcholine,central,,,,48.75,1645.0
PS112,2,glutamate,central,,,,17.32,5749.0
PS114,2,acetylcholine,central,,,,54.6,1835.0
PS115,2,glutamate,central,,,,7.51,3170.0
PS116,2,acetylcholine,central,,,,17.49,5466.0
PS117a,2,glutamate,central,,,,15.29,2669.0
PS117b,2,glutamate,central,,,,20.8,3592.0
PS118,7,glutamate,central,,,,1.4,4069.0
PS124,2,acetylcholine,central,,,,54.41,10823.0
PS126,2,acetylcholine,central,,,,87.69,7248.0
PS127,2,acetylcholine,central,,,,90.1,2676.0
PS137,4,glutamate,central,,,,6.51,7777.0
PS138,2,gaba,central,,,,28.55,2014.0
PS140,4,glutamate,central,,,,41.45,3662.0
"PS141,PS147",4,glutamate,central,,,,29.18,2094.0
"PS143,PS149",3,glutamate,central,,,,11.42,1016.0
PS146,4,glutamate,central,,,,46.81,4059.0
PS150,2,glutamate,central,,,,18.01,322.0
PS150a,3,glutamate,central,,,,22.12,416.0
PS150b,1,glutamate,central,,,,16.96,112.0
PS153,3,glutamate,central,,,,5.93,337.0
PS156,2,gaba,central,,,,25.36,7008.0
PS157,2,gaba,central,,,,4.69,3436.0
PS158,2,acetylcholine,central,,,,40.62,3338.0
PS159,2,acetylcholine,central,,,,29.96,2166.0
PS160,2,gaba,central,,,,22.16,2049.0
PS161,2,acetylcholine,central,,,,30.14,1284.0
"PS164,PS165",4,gaba,central,,,,33.36,4454.0
PS170,2,acetylcholine,central,,,,88.37,2580.0
PS171,2,acetylcholine,central,,,,59.31,3635.0
PS172,2,glutamate,central,,,,97.76,3566.0
PS173,2,glutamate,central,,,,53.7,4184.0
PS174,2,glutamate,central,,,,94.69,3820.0
PS175,2,acetylcholine,central,,,,17.72,4237.0
PS176,2,glutamate,central,,,,4.6,1261.0
PS177,2,glutamate,central,,,,50.58,1738.0
PS178,2,gaba,central,,,,24.28,2105.0
PS180,2,acetylcholine,central,,,,42.63,7070.0
PS181,2,acetylcholine,central,,,,45.21,4313.0
PS182,2,acetylcholine,central,,,,23.31,2733.0
PS183,2,acetylcholine,central,,,,7.79,4159.0
"PS184,PS272",4,acetylcholine,central,,,,92.07,5737.0
PS185a,2,acetylcholine,central,,,,3.82,3014.0
PS185b,2,acetylcholine,central,,,,5.47,3218.0
PS186,2,glutamate,central,,,,4.57,2974.0
PS187,2,glutamate,central,,,,6.83,2168.0
PS188a,2,glutamate,central,,,,37.6,1266.0
PS188b,2,glutamate,central,,,,34.88,1445.0
PS188c,2,glutamate,central,,,,36.89,1049.0
PS191a,2,glutamate,central,,,,1.03,1065.0
PS191b,2,glutamate,central,,,,2.67,1085.0
PS192,4,glutamate,central,,,,2.66,1845.0
PS193a,2,glutamate,central,,,,16.2,895.0
PS193b,2,glutamate,central,,,,21.52,985.0
PS193c,2,glutamate,central,,,,23.03,812.0
PS194,7,glutamate,central,,,,13.01,1852.0
PS196a,2,acetylcholine,central,,,,90.8,10925.0
PS196b,2,acetylcholine,central,,,,82.58,7189.0
"PS197,PS198",4,acetylcholine,central,,,,93.92,6377.0
PS199,2,acetylcholine,central,,,,23.36,2753.0
PS200,2,acetylcholine,central,,,,54.63,1437.0
PS202,2,acetylcholine,central,,,,57.7,2922.0
PS203a,2,acetylcholine,central,,,,92.16,2359.0
PS203b,2,acetylcholine,central,,,,96.06,2890.0
PS208a,2,acetylcholine,central,,,,80.06,993.0
PS208b,8,acetylcholine,central,,,,58.15,3986.0
PS209,10,acetylcholine,central,,,,82.21,4003.0
PS210,2,acetylcholine,central,,,,24.42,172.0
PS213,2,glutamate,central,,,,60.09,3914.0
PS214,2,glutamate,central,,,,49.59,2785.0
PS215,2,acetylcholine,central,,,,51.82,2248.0
PS217,2,acetylcholine,central,,,,96.93,2540.0
PS220,4,acetylcholine,central,,,,3.08,2468.0
PS221,6,acetylcholine,central,,,,3.97,3424.0
PS224,2,acetylcholine,central,,,,65.96,846.0
"PS230,PLP242",4,acetylcholine,central,,,,2.25,6303.0
PS231,2,acetylcholine,central,,,,77.93,3186.0
PS232,2,acetylcholine,central,,,,96.29,3290.0
PS233,4,acetylcholine,central,,,,50.99,5087.0
PS234,2,acetylcholine,central,,,,8.2,4914.0
"PS235,PS261",2,acetylcholine,central,,,,7.88,1535.0
PS237,4,acetylcholine,central,,,,10.65,2779.0
PS238,2,acetylcholine,central,,,,47.91,1146.0
PS239,4,acetylcholine,central,,,,11.8,1957.0
"PS240,PS264",6,acetylcholine,central,,,,33.83,2507.0
PS241a,2,acetylcholine,central,,,,16.02,387.0
PS241b,6,acetylcholine,central,,,,21.54,701.0
PS242,2,acetylcholine,central,,,,89.5,1533.0
PS247,2,acetylcholine,central,,,,86.37,1306.0
PS248,2,acetylcholine,central,,,,55.37,1286.0
PS249,2,acetylcholine,central,,,,78.86,2341.0
PS251,2,acetylcholine,central,,,,81.62,468.0
PS252,5,acetylcholine,central,,,,39.92,2187.0
PS253,2,acetylcholine,central,,,,60.76,502.0
PS260,4,acetylcholine,central,,,,78.52,1788.0
PS262,2,acetylcholine,central,,,,4.19,1240.0
PS263,4,acetylcholine,central,,,,4.74,1857.0
PS265,3,acetylcholine,central,,,,13.74,6556.0
PS267,5,acetylcholine,central,,,,56.1,1303.0
PS268,7,acetylcholine,central,,,,49.22,2385.0
PS269,3,acetylcholine,central,,,,48.66,933.0
PS274,2,acetylcholine,central,,,,30.63,4446.0
PS276,2,glutamate,central,,,,61.44,4116.0
PS279,5,glutamate,central,,,,89.67,5217.0
PS280,2,glutamate,central,,,,86.6,2388.0
PS289,2,acetylcholine,central,,,,97.37,76.0
PS291,4,acetylcholine,central,,,,27.37,4118.0
PS292,4,acetylcholine,central,,,,18.63,6436.0
PS300,2,glutamate,central,,,,93.57,2723.0
PS303,2,acetylcholine,central,,,,86.06,3243.0
PV7c11,2,acetylcholine,central,,,,6.5,1447.0
PVLP001,2,gaba,central,,,,0.63,1428.0
PVLP002,2,acetylcholine,central,,,,34.97,7683.0
PVLP003,2,glutamate,central,,,,0.79,5047.0
"PVLP004,PVLP005",30,glutamate,central,,,,1.77,31114.0
PVLP006,7,glutamate,central,,,,3.08,5480.0
PVLP007,11,glutamate,central,,,,19.66,18161.0
PVLP008,29,glutamate,central,,,,29.32,20161.0
PVLP009,4,acetylcholine,central,,,,0.74,2420.0
PVLP010,2,glutamate,central,,,,5.42,12557.0
PVLP011,2,gaba,central,,,,0.75,38915.0
PVLP012,4,acetylcholine,central,,,,2.03,10880.0
PVLP013,2,acetylcholine,central,,,,11.28,20095.0
PVLP014,2,acetylcholine,central,,,,22.33,7896.0
PVLP015,2,glutamate,central,,,,3.83,6895.0
PVLP016,2,glutamate,central,,,,1.19,4452.0
PVLP017,2,gaba,central,,,,1.01,8037.0
PVLP018,2,gaba,central,,,,36.49,11275.0
PVLP019,2,gaba,central,,,,97.69,3332.0
PVLP020,2,gaba,central,,,,95.57,5119.0
PVLP021,4,gaba,central,,,,50.2,7506.0
PVLP022,2,gaba,central,,,,82.02,2247.0
PVLP024,4,gaba,central,,,,48.42,2782.0
PVLP025,4,gaba,central,,,,28.93,10553.0
PVLP026,2,gaba,central,,,,31.58,741.0
PVLP027,2,gaba,central,,,,57.82,524.0
PVLP028,5,gaba,central,,,,29.63,5396.0
PVLP030,2,gaba,central,,,,51.34,3781.0
PVLP033,7,gaba,central,,,,67.05,1408.0
PVLP036,6,gaba,central,,,,30.14,9289.0
PVLP037,8,gaba,central,,,,36.21,11155.0
PVLP048,2,gaba,central,,,,77.61,469.0
PVLP049,4,acetylcholine,central,,,,55.96,1308.0
PVLP060,6,gaba,central,,,,6.86,2580.0
PVLP061,2,acetylcholine,central,,,,2.44,23135.0
PVLP062,2,acetylcholine,central,,,,22.48,2424.0
PVLP065,2,acetylcholine,central,,,,50.52,865.0
PVLP069,2,acetylcholine,central,,,,2.01,8324.0
PVLP070,5,acetylcholine,central,,,,3.29,12077.0
PVLP074,9,acetylcholine,central,,,,0.62,10242.0
PVLP076,2,acetylcholine,central,,,,4.05,9753.0
PVLP080a,3,gaba,central,,,,7.41,5004.0
PVLP080b,6,gaba,central,,,,3.82,10857.0
PVLP081,4,gaba,central,,,,2.73,5604.0
PVLP082a,2,gaba,central,,,,1.44,2505.0
PVLP082b,8,gaba,central,,,,2.1,8335.0
PVLP084,2,gaba,central,,,,1.18,1186.0
PVLP086,2,acetylcholine,central,,,,1.21,2977.0
"PVLP086,PVLP087",4,acetylcholine,central,,,,0.78,2319.0
PVLP088,6,gaba,central,,,,2.02,10930.0
PVLP089,2,acetylcholine,central,,,,1.37,2115.0
PVLP090,2,acetylcholine,central,,,,1.17,1449.0
PVLP092,4,acetylcholine,central,,,,2.46,2963.0
PVLP093,2,gaba,central,,,,37.63,14943.0
PVLP094,2,gaba,central,,,,5.49,3607.0
PVLP097,14,gaba,central,,,,2.15,28605.0
PVLP099,7,gaba,central,,,,2.73,9586.0
PVLP100,3,gaba,central,,,,5.33,4110.0
PVLP101a,2,gaba,central,,,,2.75,2401.0
PVLP101b,4,gaba,central,,,,1.89,5818.0
PVLP101c,4,gaba,central,,,,1.84,4508.0
PVLP102,3,gaba,central,,,,2.02,3169.0
PVLP103,4,gaba,central,,,,1.34,4763.0
PVLP104,4,gaba,central,,,,1.96,4641.0
PVLP105,4,gaba,central,,,,1.13,1326.0
PVLP106,2,glutamate,central,,,,2.04,16010.0
PVLP107,2,glutamate,central,,,,1.27,13369.0
PVLP108,6,acetylcholine,central,,,,2.81,5258.0
PVLP109,4,acetylcholine,central,,,,43.7,4529.0
PVLP111,10,gaba,central,,,,2.25,6456.0
PVLP112a,2,gaba,central,,,,0.96,1869.0
PVLP112b,8,gaba,central,,,,0.61,6868.0
PVLP113,6,gaba,central,,,,2.41,3531.0
PVLP114,2,acetylcholine,central,,,,13.1,6078.0
PVLP115,2,acetylcholine,central,,,,47.54,3473.0
PVLP118,4,acetylcholine,central,,,,20.83,6686.0
PVLP120,2,acetylcholine,central,,,,74.68,14995.0
PVLP121,2,acetylcholine,central,,,,15.07,8091.0
PVLP122a,2,acetylcholine,central,,,,28.22,4129.0
PVLP122b,4,acetylcholine,central,,,,14.54,5730.0
PVLP123a,4,acetylcholine,central,,,,18.61,1623.0
PVLP123b,2,acetylcholine,central,,,,10.29,1059.0
PVLP123c,2,acetylcholine,central,,,,10.0,1170.0
PVLP124,4,acetylcholine,central,,,,10.24,2089.0
PVLP128,6,acetylcholine,central,,,,24.88,2617.0
PVLP130,2,gaba,central,,,,91.2,7043.0
PVLP133,25,acetylcholine,central,,,,1.7,8951.0
PVLP134,4,acetylcholine,central,,,,2.19,731.0
PVLP135,4,acetylcholine,central,,,,1.29,13387.0
PVLP137,2,acetylcholine,central,,,,66.91,7712.0
PVLP138,2,acetylcholine,central,,,,92.3,4416.0
PVLP139,4,acetylcholine,central,,,,2.31,8705.0
PVLP140,2,gaba,central,,,,95.03,3522.0
PVLP141,2,acetylcholine,central,,,,91.26,6075.0
PVLP143,2,acetylcholine,central,,,,4.52,4378.0
PVLP144,6,acetylcholine,central,,,,57.96,2840.0
PVLP148,4,acetylcholine,central,,,,1.84,4889.0
PVLP149,4,acetylcholine,central,,,,8.04,9887.0
PVLP150,2,acetylcholine,central,,,,1.71,6377.0
PVLP151,4,acetylcholine,central,,,,93.28,12462.0
PhG10,2,acetylcholine,sensory,,,,28.33,2436.0
PhG11,2,acetylcholine,sensory,,,,24.18,2854.0
PhG12,2,acetylcholine,sensory,,,,37.27,1599.0
PhG13,2,acetylcholine,sensory,,,,52.12,2686.0
PhG14,2,acetylcholine,sensory,,,,36.53,1596.0
PhG15,2,acetylcholine,sensory,,,,48.2,1334.0
PhG16,2,acetylcholine,sensory,,,,25.74,1612.0
PhG1a,2,acetylcholine,sensory,,,,37.12,2977.0
PhG1b,2,acetylcholine,sensory,,,,40.32,4189.0
PhG1c,4,acetylcholine,sensory,,,,23.92,7156.0
PhG2,5,acetylcholine,sensory,,,,37.83,719.0
PhG3,2,acetylcholine,sensory,,,,49.92,1837.0
PhG4,4,acetylcholine,sensory,,,,45.22,4100.0
PhG5,2,acetylcholine,sensory,,,,37.82,2919.0
PhG6,2,acetylcholine,sensory,,,,51.44,1320.0
PhG7,5,acetylcholine,sensory,,,,49.21,1766.0
PhG8,4,acetylcholine,sensory,,,,51.58,2274.0
PhG9,4,acetylcholine,sensory,,,,45.47,6963.0
Pm01,244,gaba,optic,b,30.64,359.0,0.02,114118.0
Pm02,181,gaba,optic,c,24.53,53.0,0.02,99838.0
Pm03,190,gaba,optic,c,26.62,139.0,0.03,177810.0
Pm04,82,gaba,optic,b,66.65,2108.0,0.06,123686.0
Pm05,148,gaba,optic,b,32.97,91.0,0.1,160741.0
Pm06,51,gaba,optic,b,40.0,55.0,0.03,63512.0
Pm07,41,gaba,optic,b,40.78,103.0,0.35,60550.0
Pm08,117,gaba,optic,c,36.67,30.0,0.02,230832.0
Pm09,73,gaba,optic,b,34.22,529.0,0.05,161336.0
Pm10,46,gaba,optic,b,58.33,24.0,0.49,101738.0
Pm11,33,gaba,optic,b,33.87,124.0,0.06,42674.0
Pm12,4,gaba,optic,b,38.36,219.0,0.08,37565.0
Pm13,3,gaba,optic,a,20.0,5.0,0.33,20331.0
Pm14,4,gaba,optic,d,4.35,46.0,2.45,43713.0
R1-6,8449,acetylcholine,sensory,,,,0.0,226462.0
R7,1340,glutamate,sensory,,,,0.03,46582.0
R8,1323,acetylcholine,sensory,,,,0.08,38294.0
SA1,12,glutamate,central,,,,54.15,2013.0
SA2,9,glutamate,central,,,,45.21,1701.0
SA3,7,glutamate,central,,,,48.06,1238.0
SAD003,5,acetylcholine,central,,,,6.31,1998.0
"SAD005,SAD006",10,acetylcholine,central,,,,1.41,3539.0
SAD007,10,acetylcholine,central,,,,2.69,2607.0
SAD008,6,acetylcholine,central,,,,4.38,1325.0
SAD009,4,acetylcholine,central,,,,4.65,860.0
SAD010,2,acetylcholine,central,,,,48.61,4536.0
"SAD011,SAD019",9,gaba,central,,,,1.71,2449.0
SAD012,4,acetylcholine,central,,,,89.79,1705.0
SAD013,2,gaba,central,,,,33.29,6777.0
SAD014,6,gaba,central,,,,42.79,4770.0
"SAD015,SAD018",5,gaba,central,,,,41.39,6369.0
SAD016,6,gaba,central,,,,53.72,5084.0
SAD017,2,gaba,central,,,,73.52,2753.0
SAD021_a,6,gaba,central,,,,11.4,7481.0
SAD021_c,4,gaba,central,,,,6.24,3957.0
SAD023,2,gaba,central,,,,30.23,837.0
SAD030,3,gaba,central,,,,1.4,1641.0
SAD034,2,acetylcholine,central,,,,66.75,3768.0
SAD035,2,acetylcholine,central,,,,59.12,3016.0
SAD036,2,glutamate,central,,,,17.22,4542.0
SAD040,4,acetylcholine,central,,,,16.51,4101.0
SAD043,2,gaba,central,,,,7.78,5286.0
SAD044,4,acetylcholine,central,,,,5.65,6562.0
"SAD045,SAD046",11,acetylcholine,central,,,,36.23,5650.0
SAD047,10,glutamate,central,,,,26.28,3372.0
SAD049,4,acetylcholine,central,,,,2.55,1957.0
SAD052,4,acetylcholine,central,,,,27.9,11525.0
SAD053,2,acetylcholine,central,,,,38.58,2968.0
SAD064,4,acetylcholine,central,,,,4.38,593.0
SAD070,2,gaba,central,,,,4.05,3928.0
SAD072,2,gaba,central,,,,31.49,4916.0
SAD074,2,gaba,central,,,,38.77,1104.0
SAD075,2,gaba,central,,,,29.49,712.0
SAD076,2,glutamate,central,,,,3.39,4419.0
SAD077,8,acetylcholine,central,,,,0.59,6555.0
SAD080,2,acetylcholine,central,,,,2.72,1066.0
SAD082,2,acetylcholine,central,,,,65.32,5857.0
SAD084,2,acetylcholine,central,,,,82.82,4848.0
SAD085,2,acetylcholine,central,,,,93.58,3865.0
SAD093,2,acetylcholine,central,,,,10.02,4631.0
SAD094,2,acetylcholine,central,,,,9.7,4960.0
SAD301f,2,gaba,central,,,,58.85,452.0
SAF,8,glutamate,central,,,,49.65,1720.0
SA_DLV,25,acetylcholine,sensory_ascending,,,,20.91,1468.0
SA_DMT_ADMN_1,10,acetylcholine,sensory_ascending,,,,7.22,789.0
SA_DMT_ADMN_10,5,acetylcholine,sensory_ascending,,,,5.51,399.0
SA_DMT_ADMN_11,21,acetylcholine,sensory_ascending,,,,9.65,1254.0
SA_DMT_ADMN_2,4,acetylcholine,sensory_ascending,,,,3.45,1160.0
SA_DMT_ADMN_3,5,acetylcholine,sensory_ascending,,,,4.83,807.0
SA_DMT_ADMN_4,3,acetylcholine,sensory_ascending,,,,8.38,525.0
SA_DMT_ADMN_5,7,acetylcholine,sensory_ascending,,,,9.69,578.0
SA_DMT_ADMN_6,4,acetylcholine,sensory_ascending,,,,6.27,255.0
SA_DMT_ADMN_7,10,acetylcholine,sensory_ascending,,,,3.28,61.0
SA_DMT_ADMN_8,4,acetylcholine,sensory_ascending,,,,3.09,356.0
SA_DMT_ADMN_9,7,acetylcholine,sensory_ascending,,,,4.22,379.0
SA_DMT_DMetaN_1,2,acetylcholine,sensory_ascending,,,,11.11,117.0
SA_DMT_DMetaN_10,2,glutamate,sensory_ascending,,,,3.76,611.0
SA_DMT_DMetaN_11,2,acetylcholine,sensory_ascending,,,,0.65,154.0
SA_DMT_DMetaN_12,62,acetylcholine,sensory_ascending,,,,3.78,1296.0
SA_DMT_DMetaN_2,2,acetylcholine,sensory_ascending,,,,2.04,49.0
SA_DMT_DMetaN_3,3,acetylcholine,sensory_ascending,,,,1.67,300.0
SA_DMT_DMetaN_4,5,acetylcholine,sensory_ascending,,,,5.42,166.0
SA_DMT_DMetaN_5,4,acetylcholine,sensory_ascending,,,,2.56,78.0
SA_DMT_DMetaN_6,10,glutamate,sensory_ascending,,,,9.71,350.0
SA_DMT_DMetaN_7,2,gaba,sensory_ascending,,,,2.59,270.0
SA_DMT_DMetaN_8,12,acetylcholine,sensory_ascending,,,,2.56,468.0
SA_DMT_DMetaN_9,7,glutamate,sensory_ascending,,,,2.99,737.0
SA_MDA_1,4,acetylcholine,sensory_ascending,,,,30.06,2016.0
SA_MDA_2,5,glutamate,sensory_ascending,,,,37.03,1839.0
SA_MDA_3,2,serotonin,sensory_ascending,,,,32.28,127.0
SA_MDA_4,6,acetylcholine,sensory_ascending,,,,29.54,992.0
SA_VTV_1,4,acetylcholine,sensory_ascending,,,,14.08,2458.0
SA_VTV_10,9,acetylcholine,sensory_ascending,,,,19.1,1717.0
SA_VTV_2,12,acetylcholine,sensory_ascending,,,,25.84,3975.0
SA_VTV_3,7,acetylcholine,sensory_ascending,,,,37.19,1581.0
SA_VTV_4,18,acetylcholine,sensory_ascending,,,,16.81,4135.0
SA_VTV_5,14,glutamate,sensory_ascending,,,,31.67,4705.0
SA_VTV_6,12,serotonin,sensory_ascending,,,,36.27,1329.0
SA_VTV_7,2,acetylcholine,sensory_ascending,,,,25.86,816.0
SA_VTV_8,2,acetylcholine,sensory_ascending,,,,14.89,880.0
SA_VTV_9,6,acetylcholine,sensory_ascending,,,,17.94,3171.0
SA_VTV_DProN_1,2,acetylcholine,sensory_ascending,,,,48.4,376.0
SA_VTV_PDMN_1,4,serotonin,sensory_ascending,,,,44.41,1162.0
SIP003_a,9,acetylcholine,central,,,,48.1,1842.0
SIP003_b,8,acetylcholine,central,,,,47.36,1307.0
SIP005,3,glutamate,central,,,,6.71,715.0
SIP006,3,glutamate,central,,,,8.19,696.0
SIP013a,3,glutamate,central,,,,4.75,568.0
SIP013b,4,glutamate,central,,,,6.16,795.0
"SIP014,SIP016",10,glutamate,central,,,,2.38,4114.0
SIP015,11,glutamate,central,,,,1.83,4207.0
SIP017,2,glutamate,central,,,,64.82,3511.0
SIP018,2,glutamate,central,,,,8.84,2783.0
SIP019,2,acetylcholine,central,,,,38.67,2436.0
SIP020,9,glutamate,central,,,,41.53,7026.0
SIP022,2,acetylcholine,central,,,,4.64,1682.0
SIP024,7,acetylcholine,central,,,,24.98,3082.0
SIP025,2,acetylcholine,central,,,,6.48,710.0
SIP027,8,gaba,central,,,,48.46,2241.0
SIP028,1,gaba,central,,,,26.63,184.0
SIP028a,3,gaba,central,,,,36.28,565.0
SIP028b,2,gaba,central,,,,35.57,551.0
SIP029,2,acetylcholine,central,,,,34.0,3773.0
SIP031,2,acetylcholine,central,,,,3.13,1566.0
"SIP032,SIP059",6,acetylcholine,central,,,,2.29,2049.0
SIP033,4,glutamate,central,,,,9.91,2089.0
SIP034,6,glutamate,central,,,,0.98,2256.0
SIP041,2,glutamate,central,,,,8.07,768.0
SIP046,2,glutamate,central,,,,9.21,3411.0
SIP047a,3,acetylcholine,central,,,,6.85,657.0
SIP047b,10,acetylcholine,central,,,,6.1,2214.0
SIP048,4,acetylcholine,central,,,,2.0,1148.0
SIP052,2,glutamate,central,,,,32.11,2255.0
SIP053a,3,acetylcholine,central,,,,7.5,1147.0
SIP053b,7,acetylcholine,central,,,,13.98,4751.0
"SIP055,SLP245",10,acetylcholine,central,,,,3.37,2283.0
SIP057,2,acetylcholine,central,,,,7.96,653.0
SIP061,2,acetylcholine,central,,,,4.01,897.0
SIP064,2,acetylcholine,central,,,,48.0,5290.0
SIP065,2,glutamate,central,,,,30.92,2322.0
SIP066,4,glutamate,central,,,,51.97,2130.0
SIP067,2,acetylcholine,central,,,,6.99,3104.0
SIP069,4,acetylcholine,central,,,,11.73,4773.0
SIP073,6,acetylcholine,central,,,,9.12,1777.0
SIP076,19,acetylcholine,central,,,,52.84,10378.0
"SIP078,SIP080",16,acetylcholine,central,,,,62.52,3028.0
SIP081,4,acetylcholine,central,,,,2.69,3791.0
SIP086,2,glutamate,central,,,,11.59,3253.0
SIP087,2,dopamine,central,,,,41.11,2958.0
SIP088,2,acetylcholine,central,,,,54.71,2378.0
SIP089,6,gaba,central,,,,4.13,1453.0
SIP090,2,acetylcholine,central,,,,28.17,4864.0
SIP200f,4,acetylcholine,central,,,,56.87,1405.0
SIP201f,9,acetylcholine,central,,,,44.82,4610.0
SLP001,2,glutamate,central,,,,0.56,710.0
SLP003,2,gaba,central,,,,7.98,13441.0
SLP004,2,gaba,central,,,,5.09,9660.0
SLP005,2,glutamate,central,,,,54.55,902.0
SLP006,2,glutamate,central,,,,1.41,640.0
SLP007a,2,glutamate,central,,,,0.1,1043.0
SLP007b,2,glutamate,central,,,,0.57,697.0
SLP008,6,glutamate,central,,,,2.39,1005.0
SLP011,2,glutamate,central,,,,7.71,1025.0
SLP012,7,glutamate,central,,,,0.74,2555.0
SLP012b,1,glutamate,central,,,,1.18,340.0
SLP016,2,glutamate,central,,,,0.0,323.0
SLP017,2,glutamate,central,,,,1.07,281.0
SLP019,6,glutamate,central,,,,3.43,2244.0
SLP024a,5,glutamate,central,,,,2.03,935.0
SLP024b,6,glutamate,central,,,,15.56,1337.0
SLP024c,3,glutamate,central,,,,10.19,412.0
SLP024d,5,glutamate,central,,,,13.38,725.0
SLP025a,2,glutamate,central,,,,11.29,381.0
SLP025b,3,glutamate,central,,,,3.92,637.0
SLP026,5,glutamate,central,,,,2.77,902.0
SLP027,5,glutamate,central,,,,2.44,942.0
SLP028a,2,glutamate,central,,,,1.98,252.0
SLP028b,2,glutamate,central,,,,10.58,378.0
SLP028c,5,glutamate,central,,,,0.85,469.0
SLP030,2,glutamate,central,,,,0.48,207.0
SLP031,2,acetylcholine,central,,,,38.05,3753.0
SLP032,2,acetylcholine,central,,,,43.7,3737.0
SLP033,2,acetylcholine,central,,,,41.75,2412.0
SLP034,2,acetylcholine,central,,,,1.66,2958.0
SLP035,3,acetylcholine,central,,,,0.83,1692.0
SLP036,8,acetylcholine,central,,,,2.65,4647.0
SLP041,6,acetylcholine,central,,,,5.67,1535.0
SLP044_d,5,acetylcholine,central,,,,0.91,992.0
SLP047,2,acetylcholine,central,,,,1.08,1666.0
SLP048,2,acetylcholine,central,,,,1.19,1264.0
SLP056,2,gaba,central,,,,8.47,13445.0
SLP057,2,gaba,central,,,,2.27,6749.0
SLP059,2,gaba,central,,,,3.32,3162.0
SLP060,2,glutamate,central,,,,1.84,2385.0
SLP061,2,glutamate,central,,,,1.06,1599.0
SLP062,4,gaba,central,,,,0.82,1943.0
SLP064,2,glutamate,central,,,,1.69,1127.0
SLP065,5,gaba,central,,,,2.0,2097.0
SLP066,2,glutamate,central,,,,2.41,1867.0
SLP067,2,glutamate,central,,,,0.62,2086.0
SLP068,2,glutamate,central,,,,0.44,1602.0
SLP069,2,glutamate,central,,,,2.71,1806.0
SLP070,2,glutamate,central,,,,0.37,2143.0
SLP071,2,glutamate,central,,,,9.08,2357.0
SLP072,2,glutamate,central,,,,1.08,2314.0
SLP073,2,acetylcholine,central,,,,14.99,1401.0
SLP074,2,acetylcholine,central,,,,8.25,1236.0
SLP075,2,glutamate,central,,,,2.46,1664.0
SLP076,4,glutamate,central,,,,7.13,3466.0
SLP077,2,glutamate,central,,,,3.24,1820.0
SLP079,2,glutamate,central,,,,1.99,754.0
SLP080,2,acetylcholine,central,,,,2.77,3894.0
SLP082,7,glutamate,central,,,,3.96,2753.0
SLP083,2,glutamate,central,,,,2.21,816.0
"SLP088,SLP095",1,glutamate,central,,,,1.06,94.0
"SLP098,SLP133",4,glutamate,central,,,,7.59,1832.0
SLP101,4,glutamate,central,,,,7.77,656.0
SLP102,9,glutamate,central,,,,5.18,657.0
SLP103,6,glutamate,central,,,,4.68,769.0
"SLP104,SLP205",6,glutamate,central,,,,5.51,708.0
SLP106,4,glutamate,central,,,,2.97,404.0
"SLP109,SLP143",5,glutamate,central,,,,1.52,592.0
"SLP114,SLP115",10,acetylcholine,central,,,,6.91,1649.0
SLP118,2,acetylcholine,central,,,,0.55,1275.0
SLP119,2,acetylcholine,central,,,,1.15,1213.0
SLP120,2,acetylcholine,central,,,,0.74,1345.0
SLP122,4,acetylcholine,central,,,,1.3,1307.0
SLP126,2,acetylcholine,central,,,,1.68,1369.0
SLP128,7,acetylcholine,central,,,,4.14,1257.0
SLP129_c,6,acetylcholine,central,,,,8.35,2815.0
SLP130,2,acetylcholine,central,,,,2.11,8961.0
SLP131,2,acetylcholine,central,,,,2.76,4597.0
SLP132,2,glutamate,central,,,,3.5,1941.0
SLP134,2,glutamate,central,,,,2.09,623.0
SLP136,2,glutamate,central,,,,1.87,1551.0
SLP137,4,glutamate,central,,,,1.39,1080.0
"SLP141,SLP142",14,glutamate,central,,,,1.75,1997.0
SLP149,2,acetylcholine,central,,,,11.82,1438.0
SLP150,2,acetylcholine,central,,,,50.1,1952.0
SLP151,4,acetylcholine,central,,,,4.63,994.0
SLP152,8,acetylcholine,central,,,,15.57,2421.0
SLP153,2,acetylcholine,central,,,,0.79,633.0
SLP155,2,acetylcholine,central,,,,1.23,1140.0
SLP157,4,acetylcholine,central,,,,3.29,1428.0
SLP158,6,acetylcholine,central,,,,1.04,1250.0
SLP160,6,acetylcholine,central,,,,1.14,1935.0
SLP162a,3,acetylcholine,central,,,,0.71,845.0
SLP162b,5,acetylcholine,central,,,,1.55,1872.0
SLP162c,3,acetylcholine,central,,,,1.15,1472.0
SLP170,2,glutamate,central,,,,0.96,1145.0
SLP184,2,acetylcholine,central,,,,0.0,1135.0
SLP188,14,gaba,central,,,,5.14,3018.0
SLP189,11,glutamate,central,,,,3.22,2797.0
SLP202,2,glutamate,central,,,,0.88,1365.0
SLP204,4,glutamate,central,,,,2.94,510.0
SLP206,2,gaba,central,,,,1.75,3951.0
SLP207,2,gaba,central,,,,0.43,2074.0
SLP208,2,gaba,central,,,,1.03,1840.0
SLP209,2,gaba,central,,,,2.94,5162.0
SLP210,2,acetylcholine,central,,,,0.25,1178.0
SLP211,2,acetylcholine,central,,,,1.97,710.0
SLP212a,2,acetylcholine,central,,,,40.49,2129.0
SLP212b,2,acetylcholine,central,,,,30.54,1169.0
SLP212c,2,dopamine,central,,,,47.91,741.0
SLP213,2,acetylcholine,central,,,,42.47,1142.0
SLP214,2,glutamate,central,,,,6.0,1216.0
SLP215,2,acetylcholine,central,,,,10.91,1531.0
SLP216,2,gaba,central,,,,7.03,2646.0
SLP221,2,acetylcholine,central,,,,1.0,700.0
SLP222,4,acetylcholine,central,,,,3.51,1682.0
SLP223,10,acetylcholine,central,,,,2.21,4245.0
SLP224,4,acetylcholine,central,,,,0.44,1133.0
SLP226,4,acetylcholine,central,,,,1.5,999.0
SLP227,8,acetylcholine,central,,,,20.6,3578.0
SLP228,2,acetylcholine,central,,,,8.89,1012.0
SLP230,2,acetylcholine,central,,,,2.13,5923.0
SLP231,2,acetylcholine,central,,,,4.79,1233.0
SLP234,2,acetylcholine,central,,,,2.52,2855.0
SLP235,2,acetylcholine,central,,,,4.78,5484.0
SLP236,2,acetylcholine,central,,,,7.15,3469.0
SLP237,4,acetylcholine,central,,,,5.52,3042.0
SLP238,2,acetylcholine,central,,,,44.95,1971.0
SLP239,2,acetylcholine,central,,,,41.59,2712.0
SLP240_a,6,acetylcholine,central,,,,1.39,932.0
SLP240_b,6,acetylcholine,central,,,,1.01,1090.0
SLP241,8,acetylcholine,central,,,,4.12,1432.0
SLP242,3,acetylcholine,central,,,,24.35,1039.0
SLP244,4,acetylcholine,central,,,,2.25,4036.0
SLP246,3,acetylcholine,central,,,,3.01,498.0
SLP247,2,acetylcholine,central,,,,21.76,2969.0
SLP248,2,glutamate,central,,,,1.19,2445.0
SLP255,2,glutamate,central,,,,1.27,2050.0
SLP256,2,glutamate,central,,,,1.27,1650.0
SLP257,2,glutamate,central,,,,0.86,1517.0
SLP258,2,glutamate,central,,,,11.31,1609.0
"SLP261,SLP262",1,acetylcholine,central,,,,16.46,158.0
SLP265a,2,glutamate,central,,,,8.85,531.0
SLP265b,2,glutamate,central,,,,5.14,739.0
SLP269,2,acetylcholine,central,,,,1.27,2442.0
SLP270,2,acetylcholine,central,,,,34.54,2342.0
SLP273,2,acetylcholine,central,,,,4.49,468.0
SLP274,4,acetylcholine,central,,,,0.97,621.0
SLP275,12,acetylcholine,central,,,,1.56,3600.0
SLP278,2,acetylcholine,central,,,,5.64,3229.0
SLP279,2,glutamate,central,,,,20.45,2166.0
SLP281,2,glutamate,central,,,,49.09,1587.0
SLP285,11,glutamate,central,,,,1.55,2320.0
SLP286,8,glutamate,central,,,,2.29,2180.0
SLP287,3,glutamate,central,,,,2.78,971.0
SLP288a,5,glutamate,central,,,,0.9,1105.0
SLP288b,3,glutamate,central,,,,0.82,732.0
SLP288c,3,glutamate,central,,,,1.87,643.0
SLP289,10,glutamate,central,,,,3.02,1919.0
SLP290,5,glutamate,central,,,,2.87,1150.0
SLP291,3,glutamate,central,,,,2.27,792.0
SLP295a,4,glutamate,central,,,,1.18,844.0
SLP295b,6,glutamate,central,,,,3.55,677.0
SLP298,3,glutamate,central,,,,5.39,445.0
SLP300a,9,glutamate,central,,,,0.3,1009.0
SLP300b,3,glutamate,central,,,,0.72,277.0
SLP302a,4,glutamate,central,,,,0.61,489.0
SLP302b,2,glutamate,central,,,,0.0,243.0
SLP304a,2,acetylcholine,central,,,,10.67,2239.0
SLP304b,2,serotonin,central,,,,2.6,1346.0
SLP305,2,glutamate,central,,,,1.85,1674.0
SLP307,2,acetylcholine,central,,,,0.33,601.0
SLP308a,2,glutamate,central,,,,2.3,999.0
SLP308b,2,glutamate,central,,,,8.67,692.0
SLP312,6,glutamate,central,,,,1.34,1496.0
SLP313,2,glutamate,central,,,,4.12,461.0
SLP314,8,glutamate,central,,,,1.84,2933.0
"SLP317,SLP318",1,glutamate,central,,,,0.0,67.0
SLP319,2,glutamate,central,,,,10.83,471.0
SLP321,4,acetylcholine,central,,,,1.77,5824.0
SLP327,4,acetylcholine,central,,,,2.65,869.0
SLP340,2,glutamate,central,,,,6.62,952.0
SLP344,3,glutamate,central,,,,0.79,382.0
SLP345,5,glutamate,central,,,,1.59,754.0
SLP345b,1,glutamate,central,,,,4.3,93.0
SLP355,2,acetylcholine,central,,,,32.46,1491.0
SLP356a,2,acetylcholine,central,,,,3.65,713.0
SLP356b,3,acetylcholine,central,,,,4.21,927.0
SLP358,2,glutamate,central,,,,0.71,1133.0
SLP359,4,acetylcholine,central,,,,6.91,1882.0
SLP363,2,glutamate,central,,,,1.77,791.0
SLP364,4,glutamate,central,,,,0.36,1117.0
SLP365,2,glutamate,central,,,,0.89,2141.0
SLP366,2,acetylcholine,central,,,,1.15,698.0
SLP368,2,acetylcholine,central,,,,66.7,1123.0
"SLP369,SLP370",11,acetylcholine,central,,,,2.04,931.0
SLP373,2,acetylcholine,central,,,,1.77,1466.0
SLP374,2,dopamine,central,,,,33.33,384.0
SLP375,4,acetylcholine,central,,,,24.16,2339.0
SLP376,2,glutamate,central,,,,10.85,1456.0
SLP377,2,glutamate,central,,,,1.21,1733.0
SLP378,2,glutamate,central,,,,2.7,1591.0
SLP379,2,glutamate,central,,,,2.02,3810.0
SLP380,2,glutamate,central,,,,3.05,2461.0
SLP381,2,glutamate,central,,,,1.43,2171.0
SLP382,2,glutamate,central,,,,0.86,2215.0
SLP383,2,glutamate,central,,,,1.01,1385.0
SLP384,2,glutamate,central,,,,1.88,1118.0
SLP385,2,acetylcholine,central,,,,5.2,1654.0
SLP386,2,glutamate,central,,,,1.42,1757.0
SLP387,2,glutamate,central,,,,1.0,802.0
SLP388,2,acetylcholine,central,,,,39.89,4705.0
SLP389,2,acetylcholine,central,,,,10.87,2980.0
SLP390,2,acetylcholine,central,,,,11.55,2139.0
SLP391,2,acetylcholine,central,,,,6.88,1860.0
SLP392,2,acetylcholine,central,,,,1.73,1911.0
SLP393,2,acetylcholine,central,,,,48.12,1035.0
SLP395,2,glutamate,central,,,,1.54,1433.0
SLP396,4,acetylcholine,central,,,,12.31,1957.0
SLP397,2,acetylcholine,central,,,,2.67,938.0
SLP398a,1,acetylcholine,central,,,,5.67,194.0
SLP398b,3,acetylcholine,central,,,,6.24,497.0
SLP400a,2,acetylcholine,central,,,,2.76,689.0
SLP400b,2,acetylcholine,central,,,,2.53,751.0
SLP402_a,4,glutamate,central,,,,2.44,1107.0
SLP402_b,2,glutamate,central,,,,3.7,649.0
SLP403,4,serotonin,central,,,,94.52,1022.0
SLP404,2,acetylcholine,central,,,,1.83,2078.0
SLP405,37,acetylcholine,central,,,,51.53,11514.0
SLP406,2,acetylcholine,central,,,,46.2,1342.0
SLP411,2,glutamate,central,,,,3.97,1562.0
SLP412_a,2,glutamate,central,,,,0.52,767.0
SLP412_b,2,glutamate,central,,,,4.07,565.0
SLP421,7,acetylcholine,central,,,,16.84,1972.0
SLP433,3,acetylcholine,central,,,,7.23,788.0
SLP435,2,glutamate,central,,,,2.25,1110.0
SLP437,2,gaba,central,,,,2.2,2409.0
SLP438,4,dopamine,central,,,,4.16,4732.0
SLP443,2,glutamate,central,,,,4.33,1549.0
SLP444,4,serotonin,central,,,,36.23,853.0
SLP447,2,glutamate,central,,,,1.77,1811.0
SLP450,8,acetylcholine,central,,,,3.21,1028.0
SLP451a,2,acetylcholine,central,,,,48.24,425.0
SLP451b,2,acetylcholine,central,,,,45.64,298.0
SLP455,2,acetylcholine,central,,,,51.54,1265.0
SLP456,2,acetylcholine,central,,,,10.87,4086.0
SLP457,4,dopamine,central,,,,7.16,3030.0
SLP458,2,glutamate,central,,,,4.29,955.0
SLP459,2,glutamate,central,,,,1.1,819.0
SLP462,2,glutamate,central,,,,65.59,2990.0
SLP463,3,serotonin,central,,,,84.79,309.0
SLP464,4,acetylcholine,central,,,,2.7,2147.0
SLP465a,2,acetylcholine,central,,,,47.34,1128.0
SLP465b,2,acetylcholine,central,,,,49.35,1003.0
SLP467a,2,acetylcholine,central,,,,2.39,1171.0
SLP467b,4,acetylcholine,central,,,,1.9,2373.0
SLPpm3_H01,2,acetylcholine,central,,,,35.14,3187.0
SLPpm3_H02,2,acetylcholine,central,,,,40.9,3010.0
SLPpm3_P01,2,acetylcholine,central,,,,3.32,2804.0
SLPpm3_P02,2,acetylcholine,central,,,,5.45,2347.0
SLPpm3_P03,2,acetylcholine,central,,,,5.26,2072.0
SLPpm3_P04,2,acetylcholine,central,,,,13.35,3977.0
SLPpm3_S01,2,acetylcholine,central,,,,9.01,1998.0
SMP001,2,serotonin,central,,,,6.52,2958.0
"SMP003,SMP005",7,acetylcholine,central,,,,4.48,3950.0
SMP006,5,acetylcholine,central,,,,46.37,4982.0
SMP008,7,acetylcholine,central,,,,45.8,4991.0
SMP010,2,glutamate,central,,,,9.36,3963.0
SMP011a,2,glutamate,central,,,,21.6,2445.0
SMP011b,2,glutamate,central,,,,27.13,2234.0
SMP012,4,glutamate,central,,,,16.1,4578.0
SMP014,2,acetylcholine,central,,,,5.56,3237.0
SMP015,2,acetylcholine,central,,,,7.63,2110.0
SMP016_a,4,acetylcholine,central,,,,30.89,1049.0
SMP016_b,10,acetylcholine,central,,,,36.11,2642.0
SMP017,4,acetylcholine,central,,,,28.53,701.0
SMP018,21,acetylcholine,central,,,,21.74,5231.0
SMP019,9,acetylcholine,central,,,,34.05,2787.0
SMP020,5,acetylcholine,central,,,,36.17,2792.0
SMP021,4,acetylcholine,central,,,,34.72,1469.0
SMP022a,3,glutamate,central,,,,1.39,717.0
SMP022b,4,glutamate,central,,,,1.24,1376.0
SMP025a,8,glutamate,central,,,,5.39,1001.0
SMP025b,3,glutamate,central,,,,4.11,292.0
SMP025c,2,glutamate,central,,,,7.56,225.0
SMP026,2,acetylcholine,central,,,,52.97,3632.0
SMP027,2,glutamate,central,,,,10.14,2239.0
SMP028,2,glutamate,central,,,,14.96,1310.0
SMP029,4,glutamate,central,,,,7.87,1690.0
SMP030,2,acetylcholine,central,,,,4.92,1158.0
SMP031,2,acetylcholine,central,,,,3.52,824.0
SMP033,2,glutamate,central,,,,4.65,1440.0
SMP034,3,glutamate,central,,,,18.42,1124.0
SMP035,2,glutamate,central,,,,16.83,612.0
SMP036,2,glutamate,central,,,,21.67,2413.0
SMP037,2,glutamate,central,,,,39.9,1396.0
SMP038,2,glutamate,central,,,,2.36,1142.0
SMP039,4,dopamine,central,,,,27.83,1053.0
SMP040,2,glutamate,central,,,,3.23,1797.0
SMP041,2,glutamate,central,,,,6.29,1543.0
SMP042,2,glutamate,central,,,,5.6,2198.0
SMP043,4,glutamate,central,,,,2.74,3613.0
SMP044,2,glutamate,central,,,,3.68,1496.0
SMP045,2,glutamate,central,,,,2.36,1607.0
SMP046,2,glutamate,central,,,,2.83,1026.0
SMP047,2,glutamate,central,,,,5.77,1680.0
SMP048,2,acetylcholine,central,,,,45.99,12816.0
"SMP049,SMP076",4,gaba,central,,,,10.3,17231.0
SMP050,2,gaba,central,,,,8.18,3556.0
SMP051,2,acetylcholine,central,,,,42.36,2488.0
SMP053,2,acetylcholine,central,,,,21.24,3889.0
SMP054,2,gaba,central,,,,15.57,3371.0
SMP055,4,glutamate,central,,,,43.25,4155.0
SMP056,2,glutamate,central,,,,28.22,932.0
SMP057,4,glutamate,central,,,,13.28,3449.0
SMP058,2,glutamate,central,,,,12.63,2644.0
SMP059,2,glutamate,central,,,,41.71,2299.0
"SMP060,SMP374",4,glutamate,central,,,,55.68,2604.0
"SMP061,SMP062",4,glutamate,central,,,,38.14,1940.0
"SMP063,SMP064",4,glutamate,central,,,,27.4,2372.0
SMP065,4,glutamate,central,,,,20.34,1401.0
SMP066,4,glutamate,central,,,,33.9,3991.0
SMP067,4,glutamate,central,,,,10.18,1925.0
SMP068,4,glutamate,central,,,,8.94,1733.0
SMP069,4,glutamate,central,,,,3.39,4039.0
"SMP074,CL040",4,glutamate,central,,,,1.52,1252.0
SMP075a,2,glutamate,central,,,,2.1,2094.0
SMP075b,2,glutamate,central,,,,1.39,2088.0
SMP077,2,gaba,central,,,,9.06,3632.0
SMP079,4,gaba,central,,,,15.94,3569.0
SMP080,2,acetylcholine,central,,,,35.3,2969.0
SMP081,4,glutamate,central,,,,28.39,14013.0
SMP083,4,glutamate,central,,,,47.2,5549.0
SMP084,4,glutamate,central,,,,49.57,8078.0
SMP085,4,glutamate,central,,,,41.15,6066.0
SMP087,4,glutamate,central,,,,51.3,2778.0
SMP089,4,glutamate,central,,,,78.86,9079.0
SMP090,4,glutamate,central,,,,45.01,3117.0
SMP091,6,gaba,central,,,,3.73,4797.0
SMP092,4,glutamate,central,,,,52.76,2718.0
SMP093,4,glutamate,central,,,,41.72,2270.0
SMP095,4,glutamate,central,,,,53.5,1370.0
SMP096,4,glutamate,central,,,,84.84,1972.0
SMP098_a,6,glutamate,central,,,,49.44,1076.0
SMP102,4,glutamate,central,,,,54.0,1063.0
SMP103,9,glutamate,central,,,,50.28,1430.0
SMP105_a,8,glutamate,central,,,,39.9,975.0
SMP105_b,13,glutamate,central,,,,45.41,2178.0
SMP106,19,glutamate,central,,,,36.66,3243.0
SMP107,12,glutamate,central,,,,43.72,1450.0
SMP108,2,acetylcholine,central,,,,38.91,14163.0
SMP109,2,acetylcholine,central,,,,16.19,3379.0
SMP111,3,acetylcholine,central,,,,5.4,1075.0
SMP112,6,acetylcholine,central,,,,5.09,3239.0
SMP114,2,glutamate,central,,,,59.25,2886.0
SMP115,2,glutamate,central,,,,61.08,3543.0
SMP116,2,glutamate,central,,,,69.08,3402.0
SMP119,2,glutamate,central,,,,95.95,765.0
SMP120a,3,glutamate,central,,,,95.37,735.0
SMP120b,2,glutamate,central,,,,97.99,547.0
SMP121,2,glutamate,central,,,,58.37,663.0
SMP122,2,glutamate,central,,,,89.02,1084.0
SMP123a,2,glutamate,central,,,,88.62,879.0
SMP123b,2,glutamate,central,,,,91.97,785.0
SMP124,3,glutamate,central,,,,92.73,921.0
SMP128,2,glutamate,central,,,,64.45,2149.0
SMP138,2,glutamate,central,,,,54.8,719.0
"SMP142,SMP145",4,dopamine,central,,,,30.94,8464.0
"SMP143,SMP149",4,dopamine,central,,,,34.04,7947.0
"SMP144,SMP150",4,glutamate,central,,,,45.66,6203.0
SMP146,2,gaba,central,,,,55.72,6292.0
SMP147,2,gaba,central,,,,74.36,2578.0
SMP151,4,gaba,central,,,,46.2,5242.0
SMP152,2,acetylcholine,central,,,,11.99,2110.0
SMP153a,2,acetylcholine,central,,,,4.33,1961.0
SMP153b,2,acetylcholine,central,,,,7.71,2257.0
SMP155,4,gaba,central,,,,43.31,5992.0
SMP156,2,acetylcholine,central,,,,52.19,274.0
SMP157,2,acetylcholine,central,,,,13.64,2500.0
SMP158,2,acetylcholine,central,,,,50.86,1272.0
SMP159,2,glutamate,central,,,,11.06,3643.0
SMP160,4,glutamate,central,,,,43.21,3761.0
SMP161,2,glutamate,central,,,,39.31,2689.0
SMP162a,4,glutamate,central,,,,45.82,3003.0
SMP162b,4,glutamate,central,,,,39.33,4045.0
SMP162c,2,glutamate,central,,,,51.25,3592.0
SMP163,2,gaba,central,,,,5.17,6128.0
SMP164,2,gaba,central,,,,7.64,3206.0
SMP165,2,glutamate,central,,,,47.95,1706.0
SMP166,1,gaba,central,,,,9.78,276.0
SMP167,3,gaba,central,,,,6.4,344.0
SMP168,2,acetylcholine,central,,,,14.33,1996.0
SMP169,2,acetylcholine,central,,,,6.04,1027.0
SMP170,4,glutamate,central,,,,5.07,1577.0
SMP171,7,acetylcholine,central,,,,18.44,1117.0
SMP172,6,acetylcholine,central,,,,45.66,1141.0
SMP173,10,acetylcholine,central,,,,15.38,2204.0
SMP174,1,acetylcholine,central,,,,48.34,211.0
SMP175,2,acetylcholine,central,,,,6.16,3686.0
SMP176,2,acetylcholine,central,,,,2.43,2556.0
SMP177,2,acetylcholine,central,,,,36.27,11832.0
SMP178,2,acetylcholine,central,,,,41.26,3100.0
SMP179,2,acetylcholine,central,,,,41.52,1816.0
SMP180,2,acetylcholine,central,,,,40.86,1789.0
SMP181,2,dopamine,central,,,,50.96,1301.0
SMP182,2,acetylcholine,central,,,,44.78,1512.0
SMP183,2,acetylcholine,central,,,,16.31,3194.0
SMP184,2,acetylcholine,central,,,,74.43,1146.0
SMP185,2,acetylcholine,central,,,,6.03,3101.0
SMP186,2,acetylcholine,central,,,,49.77,3755.0
SMP187,2,acetylcholine,central,,,,44.72,369.0
SMP188,2,acetylcholine,central,,,,9.81,2009.0
SMP189,2,acetylcholine,central,,,,8.42,1877.0
SMP190,2,acetylcholine,central,,,,18.42,1895.0
SMP191,2,acetylcholine,central,,,,11.82,592.0
SMP192,2,acetylcholine,central,,,,38.42,2327.0
SMP193a,2,acetylcholine,central,,,,12.32,1039.0
SMP193b,4,acetylcholine,central,,,,21.79,1629.0
SMP194,4,acetylcholine,central,,,,7.08,989.0
SMP198,2,glutamate,central,,,,6.55,3421.0
SMP199,2,acetylcholine,central,,,,18.79,3779.0
SMP200,2,glutamate,central,,,,3.3,2059.0
SMP201,2,glutamate,central,,,,14.45,2837.0
SMP202,2,acetylcholine,central,,,,7.54,2295.0
SMP203,2,acetylcholine,central,,,,6.31,1982.0
SMP204,2,glutamate,central,,,,4.33,2771.0
SMP206,2,acetylcholine,central,,,,2.84,563.0
SMP207,4,glutamate,central,,,,1.15,1134.0
SMP208,7,glutamate,central,,,,2.38,1683.0
SMP210,6,glutamate,central,,,,3.87,2585.0
SMP213,2,gaba,central,,,,1.54,324.0
"SMP213,SMP214",8,glutamate,central,,,,1.16,1120.0
SMP215a,2,glutamate,central,,,,8.04,759.0
SMP215b,2,glutamate,central,,,,7.18,877.0
SMP215c,2,glutamate,central,,,,4.51,931.0
SMP217,6,glutamate,central,,,,9.96,743.0
SMP229,10,glutamate,central,,,,11.16,1093.0
SMP234,2,glutamate,central,,,,4.1,1245.0
SMP235,2,glutamate,central,,,,2.54,1497.0
SMP237,2,acetylcholine,central,,,,11.0,3901.0
SMP238,2,acetylcholine,central,,,,19.35,4955.0
SMP239,2,acetylcholine,central,,,,4.54,3104.0
SMP240,2,acetylcholine,central,,,,10.25,1356.0
SMP245,2,acetylcholine,central,,,,3.38,799.0
SMP246,5,acetylcholine,central,,,,5.21,1822.0
SMP248a,4,acetylcholine,central,,,,4.93,1318.0
SMP248b,6,acetylcholine,central,,,,2.86,2241.0
SMP248c,2,acetylcholine,central,,,,1.6,626.0
SMP249,2,glutamate,central,,,,18.78,1198.0
SMP250,2,glutamate,central,,,,7.64,1100.0
SMP251,2,acetylcholine,central,,,,50.25,2802.0
SMP252,2,acetylcholine,central,,,,58.46,2997.0
SMP253,2,acetylcholine,central,,,,8.06,1874.0
SMP254,2,acetylcholine,central,,,,59.71,2554.0
SMP255,2,acetylcholine,central,,,,5.57,2246.0
SMP256,2,acetylcholine,central,,,,6.05,1817.0
SMP257,2,acetylcholine,central,,,,9.96,1997.0
SMP258,3,acetylcholine,central,,,,23.17,1972.0
SMP261,13,acetylcholine,central,,,,38.83,2614.0
SMP262,9,acetylcholine,central,,,,37.7,2236.0
SMP266,2,glutamate,central,,,,2.05,877.0
SMP269,2,acetylcholine,central,,,,42.11,1572.0
SMP271,4,gaba,central,,,,3.94,5894.0
SMP272,2,acetylcholine,central,,,,45.45,2365.0
SMP273,2,acetylcholine,central,,,,57.77,2491.0
SMP276,2,glutamate,central,,,,22.22,855.0
SMP277,6,glutamate,central,,,,2.47,1859.0
SMP278a,3,glutamate,central,,,,2.47,933.0
SMP278b,2,glutamate,central,,,,4.55,483.0
SMP279_b,4,glutamate,central,,,,2.39,1256.0
SMP279_c,5,glutamate,central,,,,1.97,1114.0
SMP280,4,glutamate,central,,,,7.57,1070.0
SMP281,12,glutamate,central,,,,3.78,1402.0
SMP282,10,glutamate,central,,,,11.76,1343.0
SMP283,3,acetylcholine,central,,,,6.21,998.0
SMP284a,2,glutamate,central,,,,3.17,1230.0
SMP284b,2,glutamate,central,,,,2.96,1521.0
SMP285,2,gaba,central,,,,33.05,4015.0
SMP286,2,gaba,central,,,,33.36,3492.0
SMP291,2,acetylcholine,central,,,,4.31,4621.0
"SMP292,SMP293,SMP584",6,acetylcholine,central,,,,14.96,3121.0
SMP298,2,gaba,central,,,,25.37,946.0
SMP307,9,gaba,central,,,,28.85,3577.0
SMP311,2,acetylcholine,central,,,,7.07,1443.0
SMP312,5,acetylcholine,central,,,,3.43,3036.0
SMP313,2,acetylcholine,central,,,,2.4,1461.0
SMP314a,2,acetylcholine,central,,,,4.29,1330.0
SMP314b,2,acetylcholine,central,,,,7.14,1302.0
SMP315,5,acetylcholine,central,,,,7.41,1889.0
SMP317a,2,acetylcholine,central,,,,2.27,485.0
SMP317b,4,acetylcholine,central,,,,3.72,1638.0
SMP317c,2,acetylcholine,central,,,,3.13,734.0
SMP318,2,glutamate,central,,,,2.95,711.0
SMP319,8,acetylcholine,central,,,,3.83,4095.0
SMP320a,4,acetylcholine,central,,,,8.73,996.0
SMP320b,6,acetylcholine,central,,,,7.35,1619.0
SMP321_b,2,acetylcholine,central,,,,6.99,501.0
SMP323,4,acetylcholine,central,,,,7.44,941.0
SMP326a,4,acetylcholine,central,,,,6.51,799.0
SMP326b,6,acetylcholine,central,,,,2.99,1004.0
SMP328a,2,acetylcholine,central,,,,4.48,959.0
SMP328b,4,acetylcholine,central,,,,2.69,1225.0
SMP329,4,acetylcholine,central,,,,3.6,667.0
SMP330a,2,acetylcholine,central,,,,4.01,549.0
SMP330b,3,acetylcholine,central,,,,4.83,848.0
SMP331a,4,acetylcholine,central,,,,2.89,866.0
SMP331b,6,acetylcholine,central,,,,2.82,1452.0
SMP331c,2,acetylcholine,central,,,,3.17,315.0
SMP332a,2,acetylcholine,central,,,,7.66,235.0
SMP332b,4,acetylcholine,central,,,,3.73,563.0
SMP333,2,acetylcholine,central,,,,15.31,1613.0
SMP334,2,acetylcholine,central,,,,15.16,1247.0
SMP335,2,glutamate,central,,,,4.72,1038.0
SMP337,2,glutamate,central,,,,5.26,1960.0
"SMP338,SMP534",4,glutamate,central,,,,18.46,2627.0
SMP339,2,acetylcholine,central,,,,5.45,4388.0
SMP340,2,acetylcholine,central,,,,4.97,1610.0
SMP341,2,acetylcholine,central,,,,3.67,1662.0
SMP342,2,glutamate,central,,,,11.02,1071.0
SMP344a,2,glutamate,central,,,,6.84,1096.0
SMP344b,2,glutamate,central,,,,5.05,1109.0
SMP345,4,glutamate,central,,,,3.96,1490.0
SMP346,4,glutamate,central,,,,5.99,4405.0
SMP348a,2,acetylcholine,central,,,,3.12,576.0
SMP348b,2,acetylcholine,central,,,,4.32,532.0
SMP353,2,acetylcholine,central,,,,2.44,1026.0
SMP355,2,acetylcholine,central,,,,5.54,325.0
SMP356,2,acetylcholine,central,,,,11.54,390.0
SMP357,4,acetylcholine,central,,,,7.69,1391.0
SMP359,2,acetylcholine,central,,,,2.36,804.0
SMP360,4,acetylcholine,central,,,,5.92,1688.0
SMP361a,2,acetylcholine,central,,,,11.33,874.0
SMP361b,2,acetylcholine,central,,,,8.75,834.0
SMP362,4,acetylcholine,central,,,,4.02,1368.0
SMP368,2,acetylcholine,central,,,,45.04,2733.0
SMP369,2,acetylcholine,central,,,,15.79,1609.0
SMP370,2,glutamate,central,,,,36.74,4720.0
SMP371,4,glutamate,central,,,,31.39,8097.0
SMP372,2,acetylcholine,central,,,,4.33,1800.0
SMP373,2,acetylcholine,central,,,,34.8,977.0
SMP375,2,acetylcholine,central,,,,26.05,2407.0
SMP376,2,glutamate,central,,,,10.7,3793.0
SMP379,2,acetylcholine,central,,,,8.66,785.0
SMP381,14,acetylcholine,central,,,,15.89,4532.0
SMP383,2,acetylcholine,central,,,,56.72,9809.0
SMP384,2,dopamine,central,,,,52.24,2705.0
SMP385,2,acetylcholine,central,,,,40.53,2551.0
SMP386,2,acetylcholine,central,,,,40.47,3052.0
SMP387,2,acetylcholine,central,,,,23.32,2984.0
SMP388,2,acetylcholine,central,,,,2.34,2307.0
SMP389a,2,acetylcholine,central,,,,2.58,1320.0
SMP389b,2,acetylcholine,central,,,,3.32,2020.0
SMP389c,2,acetylcholine,central,,,,4.81,1040.0
SMP390,2,acetylcholine,central,,,,4.82,1473.0
SMP392,2,acetylcholine,central,,,,2.17,1659.0
SMP393a,2,acetylcholine,central,,,,6.34,1010.0
SMP393b,2,acetylcholine,central,,,,4.43,1491.0
SMP397,3,acetylcholine,central,,,,11.89,2128.0
SMP398,4,acetylcholine,central,,,,8.04,3207.0
SMP399a,3,acetylcholine,central,,,,17.78,855.0
SMP399b,3,acetylcholine,central,,,,7.68,1068.0
SMP404a,2,acetylcholine,central,,,,2.87,974.0
SMP404b,2,acetylcholine,central,,,,1.82,1096.0
SMP405,5,acetylcholine,central,,,,5.34,2172.0
SMP406,11,acetylcholine,central,,,,6.46,4334.0
SMP407,2,acetylcholine,central,,,,4.08,883.0
SMP408_a,4,acetylcholine,central,,,,4.01,698.0
SMP408_b,6,acetylcholine,central,,,,5.37,1229.0
SMP408_c,8,acetylcholine,central,,,,8.66,1606.0
SMP408_d,10,acetylcholine,central,,,,9.71,2400.0
SMP409,10,acetylcholine,central,,,,8.49,2296.0
SMP410,5,acetylcholine,central,,,,1.81,1657.0
SMP411a,2,acetylcholine,central,,,,5.37,689.0
SMP411b,2,acetylcholine,central,,,,3.58,643.0
SMP413,4,acetylcholine,central,,,,1.95,1491.0
"SMP416,SMP417",3,acetylcholine,central,,,,4.84,888.0
SMP418,2,glutamate,central,,,,11.61,784.0
SMP419,2,glutamate,central,,,,9.4,1021.0
SMP420,2,acetylcholine,central,,,,4.9,1388.0
SMP421,3,acetylcholine,central,,,,3.46,2628.0
SMP422,2,acetylcholine,central,,,,5.14,1480.0
SMP423,2,acetylcholine,central,,,,4.93,1014.0
SMP424,4,glutamate,central,,,,2.14,1636.0
SMP425,2,glutamate,central,,,,1.83,1968.0
SMP426,4,glutamate,central,,,,3.1,904.0
SMP427,9,acetylcholine,central,,,,12.98,3005.0
SMP428,4,acetylcholine,central,,,,1.5,799.0
SMP429,7,acetylcholine,central,,,,14.23,1490.0
SMP441,2,glutamate,central,,,,6.78,2315.0
SMP442,2,glutamate,central,,,,38.17,2075.0
SMP444,2,glutamate,central,,,,3.81,1445.0
SMP445,2,glutamate,central,,,,6.68,1363.0
SMP446a,2,glutamate,central,,,,44.19,1817.0
SMP446b,2,glutamate,central,,,,41.7,1614.0
SMP447,3,glutamate,central,,,,19.35,2666.0
SMP448,5,glutamate,central,,,,33.71,3414.0
SMP450,1,glutamate,central,,,,13.94,287.0
SMP451a,2,glutamate,central,,,,49.34,681.0
SMP451b,2,glutamate,central,,,,41.11,664.0
SMP452,9,glutamate,central,,,,42.71,1920.0
SMP453,2,glutamate,central,,,,55.07,681.0
SMP455,2,acetylcholine,central,,,,5.79,1797.0
SMP456,2,acetylcholine,central,,,,75.84,2227.0
SMP457,2,acetylcholine,central,,,,52.12,1416.0
SMP458,2,acetylcholine,central,,,,19.1,733.0
SMP459,5,acetylcholine,central,,,,37.04,2438.0
SMP460,3,acetylcholine,central,,,,37.96,1404.0
SMP461,9,acetylcholine,central,,,,44.37,2964.0
SMP469a,2,acetylcholine,central,,,,65.44,1279.0
SMP469b,2,acetylcholine,central,,,,59.18,730.0
SMP469c,2,acetylcholine,central,,,,62.25,1184.0
SMP470,2,acetylcholine,central,,,,52.15,6976.0
SMP471,2,acetylcholine,central,,,,44.44,3290.0
"SMP472,SMP473",4,acetylcholine,central,,,,43.12,3868.0
SMP476,2,acetylcholine,central,,,,56.83,827.0
SMP477,3,acetylcholine,central,,,,50.24,1672.0
SMP482,4,acetylcholine,central,,,,75.71,3450.0
SMP490,2,acetylcholine,central,,,,50.48,105.0
SMP492,2,acetylcholine,central,,,,44.9,2243.0
SMP493,2,acetylcholine,central,,,,45.34,2704.0
SMP494,2,glutamate,central,,,,9.18,2255.0
SMP495a,2,glutamate,central,,,,7.76,2074.0
SMP495b,2,glutamate,central,,,,4.42,1266.0
SMP495c,2,glutamate,central,,,,2.89,1175.0
SMP496,2,glutamate,central,,,,3.09,1487.0
"SMP501,SMP502",4,glutamate,central,,,,39.96,4302.0
SMP503,2,dopamine,central,,,,39.75,2825.0
SMP504,2,acetylcholine,central,,,,42.07,3943.0
SMP505,2,acetylcholine,central,,,,55.38,1087.0
SMP506,2,acetylcholine,central,,,,10.7,2569.0
SMP507,2,acetylcholine,central,,,,8.87,1579.0
SMP509a,2,acetylcholine,central,,,,50.83,1084.0
SMP509b,2,acetylcholine,central,,,,55.16,959.0
SMP510a,2,acetylcholine,central,,,,46.43,687.0
SMP510b,2,acetylcholine,central,,,,51.34,1381.0
SMP511,2,acetylcholine,central,,,,54.95,666.0
SMP512,2,acetylcholine,central,,,,46.48,2627.0
SMP513,2,acetylcholine,central,,,,54.97,2496.0
SMP514,2,acetylcholine,central,,,,48.7,2193.0
SMP515,2,acetylcholine,central,,,,51.95,1871.0
SMP516a,2,acetylcholine,central,,,,47.11,3099.0
SMP516b,2,acetylcholine,central,,,,49.43,3235.0
SMP517,4,acetylcholine,central,,,,50.71,3301.0
SMP518,4,acetylcholine,central,,,,63.27,2107.0
SMP519,3,acetylcholine,central,,,,50.23,1103.0
SMP520a,2,acetylcholine,central,,,,59.67,734.0
SMP520b,2,acetylcholine,central,,,,53.22,1490.0
SMP521,2,acetylcholine,central,,,,83.38,391.0
SMP522,2,acetylcholine,central,,,,46.42,349.0
"SMP523,SMP524",8,acetylcholine,central,,,,69.3,1658.0
SMP525,2,acetylcholine,central,,,,57.26,716.0
SMP526,2,acetylcholine,central,,,,57.4,669.0
SMP527,2,acetylcholine,central,,,,16.42,4122.0
SMP528,2,glutamate,central,,,,3.63,3307.0
SMP529,2,acetylcholine,central,,,,13.69,1972.0
SMP530,4,glutamate,central,,,,3.05,2425.0
SMP531,2,glutamate,central,,,,2.61,1650.0
SMP532a,2,glutamate,central,,,,2.34,1753.0
SMP532b,2,glutamate,central,,,,4.19,1051.0
SMP533,2,glutamate,central,,,,1.5,1133.0
SMP535,4,glutamate,central,,,,3.9,1874.0
SMP537,4,glutamate,central,,,,22.92,2304.0
"SMP538,SMP599",4,glutamate,central,,,,62.61,2439.0
SMP539,4,glutamate,central,,,,11.92,1418.0
SMP540,4,glutamate,central,,,,65.5,1765.0
SMP541,2,glutamate,central,,,,9.46,4069.0
SMP542,2,glutamate,central,,,,10.86,3277.0
SMP543,2,gaba,central,,,,41.05,3384.0
"SMP544,LAL134",4,gaba,central,,,,19.37,6370.0
SMP545,2,gaba,central,,,,40.5,5076.0
"SMP546,SMP547",4,acetylcholine,central,,,,14.65,2567.0
SMP549,2,acetylcholine,central,,,,4.45,3306.0
SMP550,2,acetylcholine,central,,,,11.82,4578.0
SMP552,2,glutamate,central,,,,1.94,1184.0
SMP553,2,glutamate,central,,,,35.59,2405.0
SMP554,2,gaba,central,,,,2.52,4647.0
"SMP555,SMP556",6,acetylcholine,central,,,,8.66,3651.0
SMP558,4,acetylcholine,central,,,,10.33,2895.0
SMP561,1,acetylcholine,central,,,,83.85,520.0
SMP562,2,acetylcholine,central,,,,48.62,508.0
SMP565,3,acetylcholine,central,,,,25.16,946.0
SMP566a,4,acetylcholine,central,,,,19.4,1768.0
SMP566b,4,acetylcholine,central,,,,15.54,1171.0
SMP567,4,acetylcholine,central,,,,11.9,1344.0
SMP568,20,acetylcholine,central,,,,40.91,11185.0
SMP569a,2,acetylcholine,central,,,,19.56,547.0
SMP569b,2,acetylcholine,central,,,,14.8,615.0
SMP570a,2,acetylcholine,central,,,,20.54,735.0
SMP570b,2,acetylcholine,central,,,,22.56,492.0
SMP571,2,acetylcholine,central,,,,27.32,355.0
SMP572,4,acetylcholine,central,,,,16.59,651.0
SMP573,2,acetylcholine,central,,,,13.05,452.0
SMP577,2,acetylcholine,central,,,,43.26,4004.0
SMP578,8,gaba,central,,,,3.58,1480.0
"SMP579,SMP583",4,glutamate,central,,,,4.82,3900.0
SMP580,2,acetylcholine,central,,,,3.29,1336.0
SMP582,2,acetylcholine,central,,,,60.7,939.0
SMP586,2,acetylcholine,central,,,,41.5,5646.0
SMP588,4,glutamate,central,,,,57.25,1689.0
SMP589,2,dopamine,central,,,,52.76,942.0
SMP590,5,serotonin,central,,,,69.04,478.0
SMP591,7,serotonin,central,,,,49.09,328.0
SMP592,8,glutamate,central,,,,66.41,512.0
SMP593,2,gaba,central,,,,54.26,8422.0
SMP594,2,gaba,central,,,,11.08,5020.0
SMP595,2,glutamate,central,,,,16.28,2911.0
SMP596,2,acetylcholine,central,,,,10.97,1769.0
SMP597,2,acetylcholine,central,,,,6.1,1803.0
SMP598,2,glutamate,central,,,,22.9,1236.0
SMP600,2,acetylcholine,central,,,,12.4,1113.0
"SMP602,SMP094",4,glutamate,central,,,,51.75,2371.0
SMP603,2,acetylcholine,central,,,,8.43,4997.0
SMP604,2,glutamate,central,,,,47.84,6296.0
SMP746,4,glutamate,central,,,,19.89,5491.0
SMPp&v1A_H01,2,glutamate,central,,,,44.01,4572.0
SMPp&v1A_P03,2,glutamate,central,,,,5.06,3282.0
SMPp&v1A_S02,2,glutamate,central,,,,3.58,1790.0
SMPp&v1A_S03,2,glutamate,central,,,,4.4,2909.0
SMPp&v1B_H01,2,dopamine,central,,,,85.65,1875.0
SMPp&v1B_M01,2,glutamate,central,,,,37.98,2625.0
SMPp&v1B_M02,2,dopamine,central,,,,62.29,1172.0
SPS100f,2,acetylcholine,central,,,,5.46,1355.0
SPm101_78-78,1,glutamate,optic,,,,0.53,188.0
Sm01,272,acetylcholine,optic,,,,0.3,25657.0
Sm02,389,acetylcholine,optic,,,,0.43,39225.0
Sm03,174,glutamate,optic,b,100.0,1.0,0.28,13467.0
Sm04,152,gaba,optic,,,,0.33,11573.0
Sm05,145,gaba,optic,c,14.29,7.0,0.33,20785.0
Sm06,157,gaba,optic,,,,0.34,30958.0
Sm07,318,gaba,optic,c,0.0,1.0,0.35,92892.0
Sm08,166,gaba,optic,,,,0.69,48212.0
Sm09,162,glutamate,optic,d,0.0,1.0,0.38,44959.0
Sm10,80,gaba,optic,,,,1.02,22020.0
Sm11,8,acetylcholine,optic,b,100.0,1.0,0.83,1922.0
Sm12,148,gaba,optic,,,,1.03,39485.0
Sm13,39,gaba,optic,,,,0.46,10119.0
Sm14,36,glutamate,optic,,,,1.12,6895.0
Sm15,116,glutamate,optic,,,,0.22,41637.0
Sm16,68,gaba,optic,,,,0.2,23210.0
Sm17,13,gaba,optic,,,,0.1,3870.0
Sm18,39,gaba,optic,,,,0.52,13552.0
Sm19,55,acetylcholine,optic,,,,0.66,30421.0
Sm20,59,acetylcholine,optic,,,,0.14,36155.0
Sm21,41,acetylcholine,optic,,,,0.19,18979.0
Sm22,48,glutamate,optic,a,0.0,1.0,0.54,19244.0
Sm23,41,gaba,optic,,,,0.27,14074.0
Sm24,8,glutamate,optic,,,,1.56,2560.0
Sm25,17,glutamate,optic,,,,0.28,8680.0
Sm26,20,acetylcholine,optic,,,,0.2,17996.0
Sm27,14,gaba,optic,,,,0.17,13519.0
Sm28,6,acetylcholine,optic,,,,0.1,4097.0
Sm29,10,glutamate,optic,,,,2.47,5354.0
Sm30,26,gaba,optic,,,,0.24,26874.0
Sm31,23,gaba,optic,,,,0.16,25728.0
Sm32,60,gaba,optic,,,,0.14,51698.0
Sm33,5,gaba,optic,,,,0.66,3022.0
Sm34,11,glutamate,optic,,,,2.54,6891.0
Sm35,6,gaba,optic,,,,0.36,9080.0
Sm36,6,gaba,optic,,,,0.16,19744.0
Sm37,2,gaba,optic,,,,0.27,4136.0
Sm38,4,gaba,optic,,,,0.27,11057.0
Sm39,2,gaba,optic,,,,0.16,8022.0
Sm40,4,gaba,optic,,,,0.2,30753.0
Sm41,2,gaba,optic,,,,0.22,23731.0
Sm42,2,gaba,optic,b,66.67,3.0,0.64,49420.0
Sm43,11,glutamate,optic,,,,0.51,977.0
SpsP,7,glutamate,central,,,,4.13,1210.0
T1,1396,acetylcholine,optic,a,50.0,4.0,0.02,15562.0
T2,1458,acetylcholine,optic,b,47.74,16436.0,0.34,377084.0
T2a,1782,acetylcholine,optic,b,26.58,666.0,0.38,500322.0
T3,1675,acetylcholine,optic,b,28.74,595.0,0.25,357104.0
T4a,1456,acetylcholine,optic,a,10.42,25532.0,9.9,239766.0
T4b,1506,acetylcholine,optic,b,71.91,26447.0,4.49,218956.0
T4c,1711,acetylcholine,optic,c,12.89,25017.0,3.39,243902.0
T4d,1571,acetylcholine,optic,d,12.25,20863.0,3.81,175036.0
T5a,1483,acetylcholine,optic,a,9.54,25491.0,10.97,246558.0
T5b,1514,acetylcholine,optic,b,71.47,24017.0,6.99,223891.0
T5c,1536,acetylcholine,optic,c,12.68,22895.0,4.36,243585.0
T5d,1469,acetylcholine,optic,d,11.76,20075.0,5.35,179442.0
TPMN1,63,acetylcholine,sensory,,,,23.17,11461.0
TPMN2,12,acetylcholine,sensory,,,,34.01,5299.0
TRN_VP1m,13,acetylcholine,sensory,,,,6.36,8267.0
TRN_VP2,7,acetylcholine,sensory,,,,6.45,6571.0
TRN_VP3a,7,acetylcholine,sensory,,,,9.32,4090.0
TRN_VP3b,2,acetylcholine,sensory,,,,15.43,1290.0
Tlp1,139,glutamate,optic,d,6.99,29667.0,1.35,80896.0
Tlp14,56,glutamate,optic,c,0.19,50944.0,0.19,55567.0
Tlp4,94,glutamate,optic,c,11.42,39513.0,0.27,69644.0
Tlp5,55,glutamate,optic,a,2.01,11154.0,1.22,37438.0
Tm1,1554,acetylcholine,optic,a,24.2,1182.0,1.07,1123515.0
Tm12,1,acetylcholine,optic,,,,0.0,123.0
Tm16,344,acetylcholine,optic,b,40.74,81.0,1.64,206008.0
Tm2,1552,acetylcholine,optic,b,30.53,1523.0,0.36,689747.0
Tm20,1495,acetylcholine,optic,a,24.4,336.0,0.26,271225.0
Tm21,1297,acetylcholine,optic,a,27.96,372.0,0.14,183447.0
Tm25,723,acetylcholine,optic,b,32.71,266.0,0.24,134834.0
Tm27,1135,acetylcholine,optic,a,22.18,10357.0,0.4,145189.0
Tm3,1756,acetylcholine,optic,b,29.66,1099.0,1.6,769301.0
Tm31,106,gaba,optic,b,50.0,36.0,1.82,33688.0
Tm32,166,glutamate,optic,d,18.52,27.0,5.24,33803.0
Tm33,116,glutamate,optic,b,42.31,26.0,0.34,31266.0
Tm34,71,glutamate,optic,d,26.67,15.0,1.36,28091.0
Tm35,118,glutamate,optic,b,53.85,13.0,2.37,54232.0
Tm36,281,acetylcholine,optic,c,15.83,120.0,0.51,69317.0
Tm37,237,acetylcholine,optic,a,34.62,26.0,0.73,39083.0
Tm4,1490,acetylcholine,optic,c,24.97,1634.0,2.3,564131.0
Tm40,41,acetylcholine,optic,c,28.57,7.0,4.33,6310.0
Tm5a,451,acetylcholine,optic,a,23.75,80.0,6.74,89990.0
Tm5b,447,acetylcholine,optic,c,23.08,104.0,1.52,99984.0
Tm5c,619,glutamate,optic,b,31.06,161.0,1.28,187105.0
Tm5d,338,glutamate,optic,a,14.08,71.0,0.41,75016.0
Tm5e,506,glutamate,optic,a,25.0,172.0,0.77,152384.0
Tm5f,801,acetylcholine,optic,c,19.49,236.0,0.62,214577.0
Tm6,1,acetylcholine,optic,,,,0.0,158.0
Tm7,485,acetylcholine,optic,a,25.42,118.0,1.8,116413.0
Tm8a,234,acetylcholine,optic,c,21.88,32.0,4.45,128406.0
Tm8b,126,acetylcholine,optic,a,25.0,16.0,10.38,35752.0
Tm9,1523,acetylcholine,optic,b,32.91,4370.0,19.81,248319.0
TmY10,449,acetylcholine,optic,a,23.16,95.0,5.6,164391.0
TmY11,373,acetylcholine,optic,d,17.14,560.0,3.12,166173.0
TmY14,370,glutamate,visual_projection,a,26.55,36151.0,0.52,108526.0
TmY15,257,gaba,optic,b,39.47,23998.0,0.64,180979.0
TmY16,150,gaba,optic,a,7.16,18617.0,0.22,77309.0
TmY18,1,acetylcholine,optic,a,12.5,8.0,0.0,104.0
TmY20,283,acetylcholine,optic,a,0.8,28292.0,1.88,83446.0
TmY3,736,acetylcholine,optic,a,11.11,1377.0,0.58,179978.0
TmY31,317,acetylcholine,optic,c,18.24,477.0,4.8,236276.0
TmY4,432,acetylcholine,optic,c,2.75,21790.0,0.98,118554.0
TmY5a,1175,glutamate,optic,d,13.72,17228.0,1.7,388898.0
TmY9,1,acetylcholine,optic,d,0.0,1.0,0.65,308.0
TmY9q,358,acetylcholine,optic,a,4.27,5197.0,2.27,110652.0
TmY9q__perp,377,acetylcholine,optic,a,9.05,8243.0,0.79,121438.0
TuBu01a,4,acetylcholine,central,,,,12.54,1435.0
TuBu01b,7,acetylcholine,central,,,,10.26,2222.0
TuBu02,11,acetylcholine,central,,,,13.26,2179.0
TuBu03,26,acetylcholine,central,,,,8.79,3855.0
TuBu04,9,acetylcholine,central,,,,17.07,1201.0
TuBu05,10,acetylcholine,central,,,,1.61,867.0
TuBu06a,2,acetylcholine,central,,,,11.4,693.0
TuBu06b,5,acetylcholine,central,,,,12.05,1585.0
TuBu07,17,acetylcholine,central,,,,14.49,2767.0
TuBu08,22,acetylcholine,central,,,,7.23,1342.0
"TuBu09,TuBu10",37,acetylcholine,central,,,,9.68,3203.0
TuTuAa,2,gaba,central,,,,12.24,9341.0
TuTuAb,2,gaba,central,,,,29.71,8684.0
TuTuB_a,2,gaba,central,,,,68.73,4368.0
TuTuB_b,2,gaba,central,,,,43.75,1959.0
VA1d_adPN,6,acetylcholine,central,,,,0.42,16944.0
VA1d_vPN,2,gaba,central,,,,0.25,2358.0
VA1v_adPN,9,acetylcholine,central,,,,2.23,20628.0
VA1v_vPN,4,gaba,central,,,,4.79,6494.0
VA2_adPN,2,acetylcholine,central,,,,0.19,22966.0
VA3_adPN,4,acetylcholine,central,,,,0.4,19717.0
VA4_lPN,2,acetylcholine,central,,,,0.22,12812.0
VA5_lPN,6,acetylcholine,central,,,,0.37,13634.0
VA6_adPN,2,acetylcholine,central,,,,0.26,18992.0
VA7l_adPN,2,acetylcholine,central,,,,0.43,10874.0
VA7m_lPN,6,acetylcholine,central,,,,0.73,12814.0
VC1_lPN,2,acetylcholine,central,,,,0.36,15781.0
VC2_lPN,2,acetylcholine,central,,,,0.46,12783.0
VC3_adPN,8,acetylcholine,central,,,,0.55,19480.0
VC4_adPN,5,acetylcholine,central,,,,0.27,14021.0
VC5_lvPN,5,acetylcholine,central,,,,0.95,16750.0
VCH,2,gaba,visual_centrifugal,a,0.3,17166.0,99.78,25336.0
VES001,2,glutamate,central,,,,6.64,8404.0
VES002,2,acetylcholine,central,,,,8.91,6406.0
VES003,2,glutamate,central,,,,7.09,4512.0
VES004,2,acetylcholine,central,,,,8.46,3618.0
VES005,2,acetylcholine,central,,,,8.36,6594.0
VES007,2,acetylcholine,central,,,,6.56,3232.0
VES010,2,gaba,central,,,,14.72,4836.0
VES011,2,acetylcholine,central,,,,2.63,2665.0
VES012,2,acetylcholine,central,,,,5.09,5093.0
VES013,2,acetylcholine,central,,,,4.78,5520.0
VES014,2,acetylcholine,central,,,,12.51,6868.0
VES016,2,gaba,central,,,,0.61,4076.0
VES017,2,acetylcholine,central,,,,11.29,2853.0
VES018,2,gaba,central,,,,10.76,3505.0
VES019,4,gaba,central,,,,49.54,2913.0
VES020,6,gaba,central,,,,43.9,3895.0
VES021,4,gaba,central,,,,48.6,2140.0
VES022a,6,gaba,central,,,,41.34,1594.0
VES022b,4,gaba,central,,,,40.32,1240.0
VES023,6,gaba,central,,,,46.39,4665.0
VES024a,4,gaba,central,,,,43.37,1176.0
VES024b,2,gaba,central,,,,52.21,858.0
VES025,2,acetylcholine,central,,,,52.7,6581.0
VES027,2,gaba,central,,,,41.55,3774.0
VES030,2,gaba,central,,,,13.93,2677.0
VES039,2,gaba,central,,,,70.08,976.0
VES040,2,acetylcholine,central,,,,49.13,2858.0
VES041,2,gaba,central,,,,49.74,16253.0
VES043,2,glutamate,central,,,,16.33,3074.0
VES045,2,gaba,central,,,,57.1,6855.0
VES046,2,glutamate,central,,,,29.45,2509.0
VES047,2,glutamate,central,,,,31.68,3920.0
VES048,2,glutamate,central,,,,11.08,2085.0
VES049,7,glutamate,central,,,,7.22,5488.0
VES050,3,glutamate,central,,,,5.42,2194.0
"VES051,VES052",8,glutamate,central,,,,3.27,5508.0
VES053,2,acetylcholine,central,,,,40.75,5141.0
VES054,2,acetylcholine,central,,,,46.37,2849.0
VES056,2,acetylcholine,central,,,,48.13,2965.0
VES057,2,acetylcholine,central,,,,90.23,2815.0
VES058,2,glutamate,central,,,,5.4,3945.0
VES059,2,acetylcholine,central,,,,5.32,1956.0
VES060,2,acetylcholine,central,,,,23.75,842.0
VES063a,2,acetylcholine,central,,,,38.07,8848.0
VES063b,2,acetylcholine,central,,,,33.56,3886.0
VES064,2,glutamate,central,,,,7.66,6045.0
VES065,2,acetylcholine,central,,,,53.09,1439.0
VES066,2,glutamate,central,,,,6.42,1619.0
VES067,2,acetylcholine,central,,,,73.55,3985.0
VES070,2,acetylcholine,central,,,,90.62,3157.0
VES071,2,acetylcholine,central,,,,90.29,2409.0
VES072,2,acetylcholine,central,,,,94.6,2000.0
VES073,2,acetylcholine,central,,,,78.22,4610.0
VES074,2,acetylcholine,central,,,,93.33,2713.0
VES075,2,acetylcholine,central,,,,47.62,5584.0
VES076,2,acetylcholine,central,,,,14.1,1908.0
VES077,2,acetylcholine,central,,,,8.12,2130.0
VES078,2,acetylcholine,central,,,,75.11,2708.0
VES079,2,acetylcholine,central,,,,36.2,3323.0
VESa1_P02,2,gaba,central,,,,6.34,10445.0
VESa2_H02,2,gaba,central,,,,33.53,17532.0
VESa2_H04,2,gaba,central,,,,28.64,2744.0
VESa2_P01,2,gaba,central,,,,4.47,4720.0
VL1_ilPN,2,acetylcholine,central,,,,49.28,10135.0
VL1_vPN,2,gaba,central,,,,2.07,5228.0
VL2a_adPN,2,acetylcholine,central,,,,0.35,20441.0
VL2a_vPN,5,gaba,central,,,,0.99,2938.0
VL2p_adPN,2,acetylcholine,central,,,,0.81,19444.0
VL2p_vPN,2,gaba,central,,,,0.33,1224.0
VM1_lPN,4,acetylcholine,central,,,,0.92,13577.0
VM2_adPN,4,acetylcholine,central,,,,0.27,11059.0
VM3_adPN,4,acetylcholine,central,,,,0.15,12971.0
VM4_adPN,2,acetylcholine,central,,,,0.34,5549.0
VM4_lvPN,5,acetylcholine,central,,,,1.26,6607.0
VM5d_adPN,9,acetylcholine,central,,,,0.94,17503.0
VM5v_adPN,6,acetylcholine,central,,,,1.05,12163.0
VM6_adPN,2,acetylcholine,central,,,,0.49,17933.0
VM7d_adPN,5,acetylcholine,central,,,,1.01,18351.0
VM7v_adPN,4,acetylcholine,central,,,,0.73,10186.0
VP1d+VP4_l2PN1,2,acetylcholine,central,,,,5.42,17219.0
VP1d+VP4_l2PN2,2,acetylcholine,central,,,,1.06,12064.0
VP1d_il2PN,2,acetylcholine,central,,,,50.08,6961.0
VP1l+VP3_ilPN,2,acetylcholine,central,,,,52.36,3806.0
VP1l+_lvPN,9,acetylcholine,central,,,,7.34,2520.0
VP1m+VP2_lvPN1,2,acetylcholine,central,,,,1.72,1455.0
VP1m+VP5_ilPN,2,acetylcholine,central,,,,49.29,7253.0
VP1m+_lvPN,4,glutamate,central,,,,0.25,3174.0
VP1m_l2PN,2,acetylcholine,central,,,,0.81,12211.0
VP2+VC5_l2PN,2,acetylcholine,central,,,,11.44,2019.0
VP2+_adPN,2,acetylcholine,central,,,,0.68,3072.0
VP2_adPN,2,acetylcholine,central,,,,2.15,14192.0
VP2_l2PN,2,acetylcholine,central,,,,6.02,3390.0
VP3+VP1l_ivPN,2,acetylcholine,central,,,,51.39,11451.0
VP3+_l2PN,6,acetylcholine,central,,,,9.35,5979.0
VP3+_vPN,2,gaba,central,,,,0.11,1794.0
VP4+VL1_l2PN,2,acetylcholine,central,,,,3.99,5010.0
VP4+_vPN,2,gaba,central,,,,2.07,3676.0
VP4_vPN,2,gaba,central,,,,0.07,4569.0
VP5+VP3_l2PN,2,acetylcholine,central,,,,8.36,2657.0
VP5+Z_adPN,2,acetylcholine,central,,,,2.36,6572.0
"VP5+_l2PN,VP5+VP2_l2PN",6,acetylcholine,central,,,,5.49,5572.0
VS1,2,acetylcholine,visual_projection,b,57.65,11111.0,2.34,1578.0
VS2,2,acetylcholine,visual_projection,d,6.83,11952.0,5.52,1793.0
VS3,2,acetylcholine,visual_projection,d,0.02,9410.0,7.0,1242.0
VS4,2,acetylcholine,visual_projection,d,0.02,5086.0,3.6,695.0
VS5,2,acetylcholine,visual_projection,d,0.14,4230.0,4.31,720.0
VS6,2,acetylcholine,visual_projection,a,0.11,4529.0,5.83,755.0
VS7,2,acetylcholine,visual_projection,a,0.06,3571.0,8.82,1043.0
VS8,2,acetylcholine,visual_projection,d,0.0,5026.0,7.68,899.0
VST1,4,acetylcholine,visual_projection,d,0.05,2167.0,5.54,2166.0
VST2,8,acetylcholine,visual_projection,d,0.13,6968.0,8.91,5318.0
VSm,4,acetylcholine,visual_projection,d,18.41,9412.0,10.7,5769.0
V_ilPN,2,acetylcholine,central,,,,52.86,18649.0
V_l2PN,2,acetylcholine,central,,,,0.48,5407.0
WED002a,2,acetylcholine,central,,,,8.56,981.0
WED002b,2,acetylcholine,central,,,,4.32,695.0
WED002c,4,acetylcholine,central,,,,1.07,845.0
WED002d,3,acetylcholine,central,,,,2.08,818.0
WED002e,3,acetylcholine,central,,,,3.8,922.0
WED004,9,acetylcholine,central,,,,41.55,1644.0
WED006,2,glutamate,central,,,,7.51,5923.0
WED007,2,acetylcholine,central,,,,1.92,4226.0
WED008,2,acetylcholine,central,,,,0.82,2453.0
WED010,3,acetylcholine,central,,,,2.65,830.0
WED011,2,acetylcholine,central,,,,17.13,2160.0
WED012,4,gaba,central,,,,4.99,1603.0
WED013,2,gaba,central,,,,6.1,639.0
WED014,4,gaba,central,,,,27.47,1183.0
WED015,9,gaba,central,,,,3.18,5058.0
WED016,2,acetylcholine,central,,,,6.45,1410.0
WED017,2,acetylcholine,central,,,,4.61,2019.0
WED018,2,acetylcholine,central,,,,1.28,1324.0
WED020_b,4,acetylcholine,central,,,,1.24,1451.0
WED023,5,gaba,central,,,,18.98,1396.0
WED024,4,gaba,central,,,,4.84,1715.0
WED025,6,gaba,central,,,,2.96,1656.0
WED026,8,gaba,central,,,,4.85,3756.0
WED028,5,gaba,central,,,,11.31,1362.0
WED029,4,gaba,central,,,,3.86,1634.0
WED031,11,gaba,central,,,,3.18,3368.0
WED032,8,gaba,central,,,,10.83,1321.0
WED033,14,gaba,central,,,,28.65,3072.0
"WED034,WED035",11,glutamate,central,,,,1.52,3677.0
WED037,5,glutamate,central,,,,3.11,1349.0
WED038a,6,glutamate,central,,,,2.3,1829.0
WED038b,6,glutamate,central,,,,4.89,1145.0
WED039,6,glutamate,central,,,,2.76,1522.0
WED040,15,glutamate,central,,,,1.82,2959.0
WED041a,3,glutamate,central,,,,3.54,452.0
WED041b,2,acetylcholine,central,,,,6.32,269.0
WED044,2,acetylcholine,central,,,,3.74,454.0
WED045,2,acetylcholine,central,,,,1.13,2755.0
WED046,2,acetylcholine,central,,,,13.15,4966.0
WED051,2,acetylcholine,central,,,,66.27,1165.0
WED056,7,gaba,central,,,,1.26,3485.0
WED057,21,gaba,central,,,,1.38,5006.0
WED060,3,acetylcholine,central,,,,1.78,4563.0
WED061,4,acetylcholine,central,,,,2.46,4755.0
WED069,2,acetylcholine,central,,,,1.44,3540.0
WED070,2,gaba,central,,,,9.77,2222.0
WED071,2,glutamate,central,,,,97.53,3475.0
WED072,6,acetylcholine,central,,,,1.96,8175.0
WED075,2,gaba,central,,,,7.96,6674.0
WED076,2,gaba,central,,,,41.29,4057.0
"WED080,WED083,WED084,WED087",6,gaba,central,,,,93.88,6781.0
WED081,2,gaba,central,,,,79.68,3017.0
WED082,4,gaba,central,,,,96.11,5988.0
WED085,2,gaba,central,,,,45.01,882.0
WED089,2,acetylcholine,central,,,,55.2,1982.0
WED091,2,acetylcholine,central,,,,58.5,2352.0
WED092b,2,acetylcholine,central,,,,45.8,2249.0
WED092c,4,acetylcholine,central,,,,38.33,10270.0
WED092d,2,acetylcholine,central,,,,31.67,4439.0
WED092e,2,acetylcholine,central,,,,24.56,6125.0
WED094a,2,glutamate,central,,,,3.02,829.0
WED094b,2,glutamate,central,,,,2.77,974.0
WED094c,2,glutamate,central,,,,1.8,1053.0
WED095,6,glutamate,central,,,,0.99,2315.0
WED096a,4,glutamate,central,,,,0.81,1969.0
WED096b,4,glutamate,central,,,,0.68,1626.0
WED096c,2,glutamate,central,,,,0.99,607.0
WED097,4,glutamate,central,,,,0.94,1383.0
WED098,3,glutamate,central,,,,2.85,1052.0
WED099,2,acetylcholine,central,,,,4.46,1098.0
WED100,4,glutamate,central,,,,8.54,1476.0
WED101,4,glutamate,central,,,,1.86,1720.0
WED102,4,glutamate,central,,,,1.95,1330.0
WED103,13,glutamate,central,,,,8.95,2704.0
WED104,2,gaba,central,,,,5.79,9719.0
WED107,2,acetylcholine,central,,,,23.44,6678.0
WED108,2,acetylcholine,central,,,,59.03,6099.0
WED114,7,acetylcholine,central,,,,48.58,5519.0
WED116,2,acetylcholine,central,,,,52.07,799.0
WED119,2,glutamate,central,,,,1.9,9104.0
WED120,1,acetylcholine,central,,,,3.37,89.0
WED121,2,gaba,central,,,,0.69,3484.0
WED122,2,gaba,central,,,,2.66,1957.0
WED124,2,acetylcholine,central,,,,94.98,1176.0
WED125,3,acetylcholine,central,,,,69.95,1727.0
WED127,3,acetylcholine,central,,,,82.84,1783.0
"WED128,WED129",8,acetylcholine,central,,,,32.65,1458.0
WED130,8,acetylcholine,central,,,,51.29,1203.0
WED144,4,acetylcholine,central,,,,93.43,1385.0
WED145,9,acetylcholine,central,,,,92.66,3909.0
WED146a,2,acetylcholine,central,,,,72.76,1171.0
WED146b,4,acetylcholine,central,,,,83.74,1753.0
WED151,3,acetylcholine,central,,,,4.11,998.0
WED152,2,acetylcholine,central,,,,4.21,879.0
WED153,6,acetylcholine,central,,,,1.61,2367.0
WED155a,2,acetylcholine,central,,,,7.09,381.0
WED155b,5,acetylcholine,central,,,,7.42,1132.0
WED161,7,acetylcholine,central,,,,3.62,1713.0
WED162,8,acetylcholine,central,,,,4.9,1754.0
WED163a,4,acetylcholine,central,,,,20.13,616.0
WED163b,2,acetylcholine,central,,,,11.38,448.0
WED163c,5,acetylcholine,central,,,,13.48,1105.0
WED164a,5,acetylcholine,central,,,,7.14,939.0
WED164b,6,acetylcholine,central,,,,6.24,1042.0
WED165,2,acetylcholine,central,,,,2.37,1816.0
WED166_d,3,acetylcholine,central,,,,57.06,1963.0
WED168,6,acetylcholine,central,,,,44.69,2846.0
WED174,2,acetylcholine,central,,,,48.08,416.0
WED181,2,acetylcholine,central,,,,2.82,3053.0
WED182,2,acetylcholine,central,,,,1.42,3306.0
WED26b,2,gaba,central,,,,11.96,1162.0
WEDPN10A,2,gaba,central,,,,89.65,2328.0
WEDPN10B,2,gaba,central,,,,86.53,2034.0
WEDPN11,2,glutamate,central,,,,11.88,4866.0
WEDPN12,2,glutamate,central,,,,48.1,3892.0
WEDPN14,5,acetylcholine,central,,,,3.15,1685.0
WEDPN1A,10,gaba,central,,,,1.59,3271.0
WEDPN1B,2,gaba,central,,,,1.57,508.0
WEDPN2A,6,gaba,central,,,,0.26,3083.0
WEDPN2B,4,gaba,central,,,,13.48,5244.0
WEDPN3,6,gaba,central,,,,6.19,4570.0
WEDPN4,2,gaba,central,,,,1.72,3724.0
WEDPN5,2,gaba,central,,,,0.9,3548.0
WEDPN6A,9,gaba,central,,,,12.55,3858.0
"WEDPN6B, WEDPN6C",14,glutamate,central,,,,2.92,4005.0
WEDPN7B,6,acetylcholine,central,,,,3.14,2198.0
WEDPN7C,2,acetylcholine,central,,,,2.09,623.0
WEDPN8B,9,acetylcholine,central,,,,1.93,1968.0
WEDPN8D,6,acetylcholine,central,,,,1.62,3460.0
WEDPN9,2,acetylcholine,central,,,,3.06,4148.0
Y1,166,glutamate,optic,a,0.61,34381.0,0.79,97812.0
Y11,131,glutamate,optic,c,0.59,50486.0,0.43,98478.0
Y12,205,glutamate,optic,d,0.59,34799.0,0.89,95374.0
Y3,603,acetylcholine,optic,c,2.09,11902.0,0.95,376407.0
Y4,164,glutamate,optic,a,10.75,623.0,0.81,75344.0
Z_vPNml1,2,gaba,central,,,,4.57,2976.0
aMe1,4,gaba,visual_projection,,,,2.74,3509.0
aMe10,3,acetylcholine,visual_projection,,,,67.74,3140.0
aMe12,7,acetylcholine,visual_projection,,,,21.94,10459.0
aMe13,2,acetylcholine,central,,,,69.34,2270.0
aMe15,2,acetylcholine,central,,,,71.55,601.0
aMe17a1,2,acetylcholine,visual_centrifugal,,,,0.63,12813.0
aMe17a2,2,glutamate,visual_centrifugal,,,,0.45,15834.0
aMe17b,4,gaba,visual_centrifugal,,,,0.29,13259.0
aMe17c,4,gaba,visual_centrifugal,,,,0.17,38075.0
aMe19a,2,glutamate,visual_projection,,,,97.13,1949.0
aMe19b,2,gaba,visual_projection,,,,94.77,4435.0
aMe20,2,acetylcholine,visual_projection,,,,1.09,6877.0
aMe22,2,glutamate,central,,,,5.01,2575.0
aMe24,2,glutamate,central,,,,22.9,3275.0
aMe25,2,glutamate,visual_projection,,,,8.17,3074.0
aMe26,6,acetylcholine,visual_projection,,,,19.06,9164.0
aMe3,2,acetylcholine,visual_projection,,,,2.03,4374.0
aMe4,14,acetylcholine,visual_centrifugal,,,,1.32,29530.0
aMe5,55,acetylcholine,visual_projection,b,100.0,3.0,7.03,15866.0
aMe6a,2,acetylcholine,visual_projection,,,,2.28,1536.0
aMe6b,2,acetylcholine,optic,,,,2.17,1334.0
aMe6c,3,glutamate,optic,,,,10.7,1309.0
aMe8,4,acetylcholine,visual_projection,,,,6.41,3277.0
aMe9,4,acetylcholine,visual_projection,,,,16.82,8150.0
aPhM1,25,acetylcholine,sensory,,,,25.96,3944.0
aPhM2a,3,acetylcholine,sensory,,,,39.59,6750.0
aPhM2b,2,acetylcholine,sensory,,,,3.78,1190.0
aPhM3,8,acetylcholine,sensory,,,,38.61,3857.0
aPhM4,3,acetylcholine,sensory,,,,55.19,4258.0
aPhM5,4,acetylcholine,sensory,,,,35.23,3511.0
aPhM6,2,acetylcholine,sensory,,,,33.78,2377.0
"aSP-f1A,aSP-f1B,aSP-f2",13,acetylcholine,central,,,,15.42,1965.0
aSP-f3,8,acetylcholine,central,,,,3.55,1382.0
aSP-f4,11,acetylcholine,central,,,,3.12,2148.0
aSP-g1,7,acetylcholine,central,,,,39.74,1175.0
aSP-g2,10,acetylcholine,central,,,,38.5,3439.0
aSP-g3A,2,acetylcholine,central,,,,25.58,989.0
aSP-g3B,4,acetylcholine,central,,,,40.64,1666.0
aSP22,2,acetylcholine,descending,,,,15.49,4403.0
cL01,17,acetylcholine,visual_centrifugal,,,,94.42,14547.0
cL02a,7,gaba,visual_centrifugal,,,,85.33,2106.0
cL02b,7,glutamate,visual_centrifugal,,,,93.26,2967.0
cL02c,6,glutamate,visual_centrifugal,,,,93.19,3920.0
cL03,10,gaba,visual_centrifugal,a,0.0,8.0,1.33,5178.0
cL04,4,acetylcholine,visual_centrifugal,,,,4.53,25767.0
cL05,2,gaba,visual_centrifugal,,,,99.04,12578.0
cL06,2,gaba,visual_centrifugal,,,,97.31,5576.0
cL07,2,gaba,visual_centrifugal,,,,4.77,3018.0
cL08,2,gaba,visual_centrifugal,,,,99.52,13255.0
cL09,2,gaba,visual_centrifugal,a,33.33,3.0,0.88,4080.0
cL10,2,glutamate,visual_centrifugal,,,,6.44,6104.0
cL11,2,gaba,visual_centrifugal,,,,12.57,10912.0
cL12,2,gaba,visual_centrifugal,,,,97.84,8327.0
cL13,2,gaba,visual_centrifugal,,,,8.57,10892.0
cL14,2,glutamate,visual_centrifugal,,,,98.22,9910.0
cL15,2,gaba,visual_centrifugal,,,,8.93,7984.0
cL16,3,dopamine,visual_centrifugal,,,,7.3,7780.0
cL17,2,acetylcholine,visual_centrifugal,,,,48.61,8505.0
cL18,6,gaba,visual_centrifugal,,,,2.37,16556.0
cL19,2,serotonin,visual_centrifugal,,,,42.4,1257.0
cL20,2,gaba,visual_centrifugal,,,,4.23,13413.0
cL21,4,gaba,visual_centrifugal,a,21.88,32.0,1.97,85864.0
cL22a,2,gaba,visual_centrifugal,,,,1.21,8518.0
cL22b,2,gaba,visual_centrifugal,,,,83.85,19312.0
cL22c,2,gaba,visual_centrifugal,,,,96.3,12984.0
cLLP02,4,dopamine,visual_centrifugal,a,11.32,53.0,93.1,8114.0
cLLPM01,6,glutamate,visual_centrifugal,a,3.64,55.0,97.82,3171.0
cLLPM02,2,acetylcholine,visual_centrifugal,,,,1.31,8609.0
cLM01,2,dopamine,visual_centrifugal,,,,95.21,1836.0
cLP01,51,gaba,visual_centrifugal,d,26.09,92.0,0.81,13779.0
cLP02,91,gaba,visual_centrifugal,d,1.1,364.0,0.41,29333.0
cLP03,39,gaba,visual_centrifugal,c,8.27,411.0,0.6,45754.0
cLP04,2,acetylcholine,visual_centrifugal,b,50.0,28.0,4.94,3236.0
cLP05,2,gaba,visual_centrifugal,c,0.0,102.0,85.37,7644.0
cLPL01,2,glutamate,visual_centrifugal,a,1.3,77.0,96.3,1542.0
cM01a,2,acetylcholine,visual_centrifugal,,,,96.13,4734.0
cM01b,2,acetylcholine,visual_centrifugal,,,,94.77,4133.0
cM01c,2,acetylcholine,visual_centrifugal,,,,96.28,4976.0
cM02a,2,acetylcholine,visual_centrifugal,,,,98.83,7867.0
cM02b,2,acetylcholine,visual_centrifugal,,,,99.35,10514.0
cM03,6,dopamine,visual_centrifugal,,,,96.81,3261.0
cM04,6,glutamate,visual_centrifugal,,,,1.44,2216.0
cM05,2,acetylcholine,visual_centrifugal,,,,99.91,54117.0
cM06,2,acetylcholine,visual_centrifugal,a,25.0,16.0,99.13,7207.0
cM07,2,glutamate,visual_centrifugal,,,,2.61,9555.0
cM08a,5,serotonin,visual_centrifugal,,,,2.47,4089.0
cM08b,4,glutamate,visual_centrifugal,,,,1.09,5129.0
cM08c,6,glutamate,visual_centrifugal,,,,3.21,8259.0
cM09,5,glutamate,visual_centrifugal,,,,3.62,5389.0
cM10,2,gaba,visual_centrifugal,,,,0.36,6153.0
cM11,2,acetylcholine,visual_centrifugal,,,,3.57,4087.0
cM12,2,acetylcholine,visual_centrifugal,,,,95.96,7873.0
cM13,2,acetylcholine,visual_centrifugal,,,,99.04,6323.0
cM14,2,acetylcholine,visual_centrifugal,,,,94.53,19993.0
cM15,2,acetylcholine,visual_centrifugal,c,25.0,60.0,99.66,53845.0
cM16,2,acetylcholine,visual_centrifugal,,,,99.52,22621.0
cM17,2,acetylcholine,visual_centrifugal,,,,98.96,25074.0
cM18,2,acetylcholine,visual_centrifugal,,,,95.14,6949.0
cM19,13,gaba,visual_centrifugal,,,,56.32,9611.0
cML01,2,glutamate,visual_centrifugal,b,51.43,105.0,0.73,40305.0
cML02,2,acetylcholine,visual_centrifugal,c,11.39,79.0,94.08,2636.0
cMLLP01,2,acetylcholine,visual_centrifugal,,,,6.49,21074.0
cMLLP02,3,acetylcholine,visual_centrifugal,d,25.71,35.0,51.24,11818.0
claw_tpGRN,60,acetylcholine,sensory,,,,15.78,6730.0
dorsal_tpGRN,11,acetylcholine,sensory,,,,17.91,3356.0
hDeltaA,12,acetylcholine,central,,,,56.25,14465.0
hDeltaB,18,acetylcholine,central,,,,46.2,46433.0
hDeltaC,21,acetylcholine,central,,,,47.41,12201.0
hDeltaD,8,acetylcholine,central,,,,52.07,9089.0
hDeltaE,8,acetylcholine,central,,,,55.65,7517.0
hDeltaF,8,acetylcholine,central,,,,55.56,7389.0
hDeltaG,8,acetylcholine,central,,,,52.26,10958.0
hDeltaH,8,acetylcholine,central,,,,50.96,12737.0
hDeltaI,17,acetylcholine,central,,,,56.3,9176.0
hDeltaJ,30,acetylcholine,central,,,,48.03,13591.0
hDeltaK,31,serotonin,central,,,,48.05,14911.0
hDeltaL,12,acetylcholine,central,,,,52.24,10678.0
hDeltaM,8,acetylcholine,central,,,,61.15,8593.0
il3LN6,2,acetylcholine,central,,,,54.11,24121.0
l-LNv,8,serotonin,optic,,,,44.12,5091.0
l2LN19,4,gaba,central,,,,9.84,3548.0
l2LN20,4,gaba,central,,,,31.3,2147.0
l2LN21,2,gaba,central,,,,2.21,1722.0
l2LN22,4,gaba,central,,,,20.5,2781.0
l2LN23,4,acetylcholine,central,,,,20.23,1745.0
lLN10,2,gaba,central,,,,11.51,3431.0
lLN13,5,gaba,central,,,,7.35,1796.0
lLN1_a,3,serotonin,central,,,,6.9,11382.0
lLN1_bc,30,dopamine,central,,,,2.67,112184.0
lLN2F_a,4,gaba,central,,,,19.18,34782.0
lLN2F_b,4,gaba,central,,,,25.22,78882.0
lLN2P_a,13,glutamate,central,,,,5.51,15493.0
lLN2P_b,12,gaba,central,,,,14.85,27576.0
lLN2P_c,9,gaba,central,,,,2.93,25397.0
lLN2T_b,4,serotonin,central,,,,20.72,27002.0
lLN2T_c,4,serotonin,central,,,,6.99,20200.0
lLN2T_d,4,gaba,central,,,,27.83,21177.0
lLN2T_e,4,serotonin,central,,,,17.39,23185.0
lLN2X02,6,gaba,central,,,,11.01,12575.0
lLN2X03,6,serotonin,central,,,,5.31,27872.0
lLN2X04,4,gaba,central,,,,7.44,22496.0
lLN2X05,4,serotonin,central,,,,5.33,15968.0
lLN2X06,3,acetylcholine,central,,,,12.67,6338.0
lLN2X07,3,acetylcholine,central,,,,12.17,6394.0
lLN2X09,2,acetylcholine,central,,,,6.99,3089.0
lLN2X10,4,acetylcholine,central,,,,7.04,10313.0
lLN2X11,4,serotonin,central,,,,8.09,19821.0
lLN2X12,13,acetylcholine,central,,,,6.83,39442.0
lLN8,4,gaba,central,,,,53.45,5388.0
lLN9,2,acetylcholine,central,,,,12.7,701.0
"lLN9,lLN17a",5,acetylcholine,central,,,,22.73,915.0
lNSC_unknown,14,acetylcholine,endocrine,,,,89.63,405.0
labial_nerve_sensory_descending,1,serotonin,sensory,,,,41.74,230.0
mAL4,28,glutamate,central,,,,90.04,6546.0
mAL4B,1,gaba,central,,,,93.1,435.0
mAL4I,2,glutamate,central,,,,90.51,590.0
mAL5A,6,glutamate,central,,,,95.95,2717.0
mAL5B,2,gaba,central,,,,89.58,518.0
mAL6,4,gaba,central,,,,98.74,1903.0
mALB1,2,gaba,central,,,,93.96,12147.0
mALB2,2,gaba,central,,,,93.96,7284.0
mALB3,4,gaba,central,,,,94.75,6612.0
mALB4,2,gaba,central,,,,97.09,5629.0
mALB5,2,gaba,central,,,,92.42,4039.0
mALC3,2,gaba,visual_centrifugal,b,28.57,28.0,99.44,9842.0
mALC4,2,gaba,visual_centrifugal,,,,99.89,11904.0
mALC5,2,gaba,visual_centrifugal,b,56.94,72.0,98.48,17423.0
mALC6,4,gaba,central,,,,97.17,1380.0
mALD1,2,gaba,central,,,,91.14,19860.0
mALD2,2,gaba,central,,,,95.35,14594.0
mALD3,2,gaba,central,,,,98.23,9006.0
mALD4,2,gaba,central,,,,90.1,6342.0
mAL_f1,8,gaba,central,,,,94.27,2128.0
mAL_f2,6,gaba,central,,,,89.86,1479.0
mAL_f3,10,gaba,central,,,,41.24,1986.0
mAL_f4,10,gaba,central,,,,84.98,1318.0
mNSC_unknown,10,serotonin,endocrine,,,,12.5,16.0
oviDNa_a,2,acetylcholine,descending,,,,93.14,962.0
oviDNa_b,2,acetylcholine,descending,,,,81.9,315.0
oviDNb,2,acetylcholine,descending,,,,87.94,199.0
oviIN,2,gaba,central,,,,33.23,24302.0
pC1a,2,acetylcholine,central,,,,42.99,2933.0
pC1b,2,acetylcholine,central,,,,42.12,2412.0
pC1c,2,acetylcholine,central,,,,40.5,3679.0
pC1d,2,acetylcholine,central,,,,17.26,5342.0
pC1e,2,acetylcholine,central,,,,19.74,3070.0
pDm8,393,glutamate,optic,,,,0.22,64290.0
s-LNv_a,2,glutamate,visual_projection,,,,19.17,1158.0
s-LNv_b,8,acetylcholine,visual_projection,,,,1.08,835.0
uncertain,5,acetylcholine,optic,,,,2.08,865.0
v2LN30,2,glutamate,central,,,,2.23,22106.0
v2LN31,2,glutamate,central,,,,29.56,1837.0
v2LN32,2,glutamate,central,,,,28.31,975.0
v2LN33,4,glutamate,central,,,,35.58,2830.0
v2LN34E,6,glutamate,central,,,,27.81,1546.0
v2LN36,2,serotonin,central,,,,3.64,4510.0
v2LN37,2,glutamate,central,,,,10.87,3138.0
v2LN38,4,glutamate,central,,,,50.85,2576.0
v2LN39a,4,glutamate,central,,,,2.5,1558.0
v2LN3A1_a,2,acetylcholine,central,,,,20.77,1613.0
v2LN3A1_b,8,glutamate,central,,,,14.97,8489.0
v2LN4,6,acetylcholine,central,,,,94.23,5703.0
v2LN40_2,4,glutamate,central,,,,3.6,1332.0
v2LN41a,2,acetylcholine,central,,,,49.49,1083.0
v2LN41b,2,gaba,central,,,,39.57,796.0
v2LN42a,2,glutamate,central,,,,42.1,544.0
v2LN42b,2,glutamate,central,,,,39.21,686.0
v2LN42c,2,glutamate,central,,,,36.97,936.0
v2LN46a,3,glutamate,central,,,,42.1,544.0
v2LN46b,6,glutamate,central,,,,26.7,854.0
v2LN47,5,glutamate,central,,,,30.41,490.0
v2LN49,4,glutamate,central,,,,27.02,1351.0
v2LN5,4,glutamate,central,,,,40.35,4530.0
v2LNX01,2,glutamate,central,,,,6.97,1004.0
vCal1,2,glutamate,visual_projection,b,72.43,2586.0,63.43,4777.0
vDeltaA_a,55,acetylcholine,central,,,,50.08,7734.0
vDeltaA_b,26,acetylcholine,central,,,,50.5,4489.0
vDeltaB,23,acetylcholine,central,,,,49.42,4842.0
vDeltaC,19,acetylcholine,central,,,,46.96,4472.0
vDeltaD,23,acetylcholine,central,,,,48.26,6080.0
vDeltaE,16,acetylcholine,central,,,,50.93,5345.0
vDeltaF,19,acetylcholine,central,,,,51.86,7196.0
"vDeltaG,vDeltaH",19,acetylcholine,central,,,,50.43,7232.0
vDeltaI_a,21,acetylcholine,central,,,,52.56,6433.0
vDeltaI_b,13,acetylcholine,central,,,,51.95,2381.0
vDeltaJ,11,acetylcholine,central,,,,53.1,1599.0
vDeltaK,39,acetylcholine,central,,,,53.01,4993.0
vDeltaL,43,acetylcholine,central,,,,49.15,4376.0
vDeltaM,64,acetylcholine,central,,,,47.84,6424.0
vLN24,2,acetylcholine,central,,,,2.0,2854.0
vLN25,4,glutamate,central,,,,6.05,3056.0
vLN26,2,glutamate,central,,,,6.5,2552.0
vLN27,2,glutamate,central,,,,1.82,2412.0
"vLN28,vLN29",4,glutamate,central,,,,11.11,1998.0
vpoEN,4,acetylcholine,central,,,,7.84,4577.0
yDm8,379,glutamate,optic,,,,0.38,74092.0
