partition,pair_key,distance_bin,distance_bin_nm,distance_mid_nm,near_pair_count,connected_near_pair_count,syn_count_sum,connected_syn_count_sum,fraction_connected,fraction_ci_low,fraction_ci_high
cell_type,APL | KCab,0,0-100,50.0,1643,1643,69191.0,69191.0,1.0,0.9976672923491852,1.0
cell_type,APL | KCg-m,0,0-100,50.0,2189,2189,83387.0,83387.0,1.0,0.9982481178759103,0.9999999999999999
cell_type,AVLP479 | LC17,0,0-100,50.0,551,551,8833.0,8833.0,1.0,0.9930762221145639,1.0
cell_type,Am1 | T4b,0,0-100,50.0,1467,1462,17536.0,17536.0,0.9965916837082481,0.9920459927109732,0.9985433406339635
cell_type,Am1 | T5b,0,0-100,50.0,1485,1484,20747.0,20747.0,0.9993265993265993,0.9961952912836033,0.9998811214120121
cell_type,Am1 | TmY5a,0,0-100,50.0,1067,1064,7124.0,7124.0,0.9971883786316776,0.9917661101076423,0.9990433616200158
cell_type,BM_InOm | BM_InOm,0,0-100,50.0,14886,3387,4230.0,4230.0,0.2275292220878678,0.2208651911368034,0.23433384872403698
cell_type,BM_InOm | BM_InOm,1,100-200,150.0,6739,761,856.0,856.0,0.11292476628579907,0.10558751236057788,0.12070307705501805
cell_type,BM_InOm | BM_InOm,2,200-300,250.0,5033,422,464.0,464.0,0.08384661235843434,0.07650316455957441,0.09182486068545216
cell_type,BM_InOm | BM_InOm,3,300-400,350.0,4759,311,337.0,337.0,0.06534986341668418,0.05867277914245118,0.07272810557309345
cell_type,BM_InOm | BM_InOm,4,400-500,450.0,4902,273,300.0,300.0,0.05569155446756426,0.049612773881013275,0.06246618113457468
cell_type,BM_InOm | BM_InOm,5,500-600,550.0,4916,178,189.0,189.0,0.036208299430431246,0.03133783060336526,0.04180306076191771
cell_type,BM_InOm | BM_InOm,6,600-700,650.0,5129,163,174.0,174.0,0.03178007408851628,0.027318829634584808,0.03694218321256794
cell_type,BM_InOm | BM_InOm,7,700-800,750.0,4933,123,132.0,132.0,0.02493411717007906,0.020938547015712128,0.02966903172450916
cell_type,BM_InOm | BM_InOm,8,800-900,850.0,4765,118,128.0,128.0,0.024763903462749214,0.020719386652227723,0.029574085036997606
cell_type,BM_InOm | BM_InOm,9,900-1000,950.0,4803,92,97.0,97.0,0.01915469498230273,0.015645043210757922,0.02343292432617943
cell_type,BM_InOm | BM_InOm,10,1000-1100,1050.0,4619,68,72.0,72.0,0.014721801255683049,0.011629873166629313,0.018620265622465257
cell_type,BM_InOm | BM_InOm,11,1100-1200,1150.0,4607,61,66.0,66.0,0.013240720642500543,0.010322098333179387,0.016970446264318824
cell_type,BM_InOm | BM_InOm,12,1200-1300,1250.0,4316,49,56.0,56.0,0.011353104726598702,0.008598542701028904,0.014976766171407528
cell_type,BM_InOm | BM_InOm,13,1300-1400,1350.0,4173,56,59.0,59.0,0.013419602204648934,0.010349008945844401,0.017385248441364153
cell_type,BM_InOm | BM_InOm,14,1400-1500,1450.0,4093,45,48.0,48.0,0.010994380649890056,0.008227037200607867,0.014678803239989106
cell_type,BM_InOm | BM_InOm,15,1500-1600,1550.0,3690,30,32.0,32.0,0.008130081300813009,0.00570083910234606,0.011582414191460584
cell_type,BM_InOm | BM_InOm,16,1600-1700,1650.0,3807,26,27.0,27.0,0.006829524560021014,0.004664949074819937,0.009988402037963126
cell_type,BM_InOm | BM_InOm,17,1700-1800,1750.0,3652,23,23.0,23.0,0.006297918948521358,0.004200337752343692,0.009433075686575546
cell_type,BM_InOm | BM_InOm,18,1800-1900,1850.0,3615,22,22.0,22.0,0.006085753803596127,0.004022416533132181,0.009197725514533014
cell_type,BM_InOm | BM_InOm,19,1900-2000,1950.0,3538,24,26.0,26.0,0.006783493499152063,0.004562753957166733,0.010074151318326105
cell_type,BM_InOm | CB0109,0,0-100,50.0,926,924,6348.0,6348.0,0.9978401727861771,0.9921592257463496,0.9994075099213167
cell_type,C2 | MeMe_e07,0,0-100,50.0,465,10,10.0,10.0,0.021505376344086023,0.011722298946194339,0.03912984386707138
cell_type,C2 | MeMe_e07,2,200-300,250.0,230,1,1.0,1.0,0.004347826086956522,0.0007678910476641276,0.02421312174047964
cell_type,C2 | MeMe_e07,3,300-400,350.0,231,1,1.0,1.0,0.004329004329004329,0.0007645650631054358,0.024110073842437702
cell_type,C2 | MeMe_e07,10,1000-1100,1050.0,193,0,0.0,0.0,0.0,0.0,0.019516199827678698
cell_type,C2 | MeMe_e07,11,1100-1200,1150.0,190,2,3.0,3.0,0.010526315789473684,0.002891397427700084,0.0375622513246833
cell_type,C2 | MeMe_e07,16,1600-1700,1650.0,209,0,0.0,0.0,0.0,0.0,0.018049103182836437
cell_type,C2 | Pm01,0,0-100,50.0,381,14,24.0,24.0,0.03674540682414698,0.022012334415168252,0.06072716152290081
cell_type,C2 | Pm01,2,200-300,250.0,276,1,1.0,1.0,0.0036231884057971015,0.000639851831292353,0.02023481440846614
cell_type,C2 | Pm01,3,300-400,350.0,272,4,5.0,5.0,0.014705882352941176,0.005733207656477533,0.037195777674234
cell_type,C2 | Pm01,4,400-500,450.0,274,2,2.0,2.0,0.0072992700729927005,0.0020039687957283947,0.026219306624511052
cell_type,C2 | Pm01,5,500-600,550.0,280,1,1.0,1.0,0.0035714285714285713,0.0006307070519590754,0.019949785729930544
cell_type,C2 | Pm01,7,700-800,750.0,289,0,0.0,0.0,0.0,0.0,0.013118354769267754
cell_type,C2 | Pm01,10,1000-1100,1050.0,332,0,0.0,0.0,0.0,0.0,0.011438725875531798
cell_type,C2 | Pm01,11,1100-1200,1150.0,356,0,0.0,0.0,0.0,0.0,0.01067580846683652
cell_type,C2 | Pm01,12,1200-1300,1250.0,344,1,1.0,1.0,0.0029069767441860465,0.0005133240107990933,0.016280526983446564
cell_type,C2 | Pm01,15,1500-1600,1550.0,323,0,0.0,0.0,0.0,0.0,0.011753705770624056
cell_type,C2 | Pm01,18,1800-1900,1850.0,296,0,0.0,0.0,0.0,0.0,0.012812098121141296
cell_type,C2 | T4a,0,0-100,50.0,7441,428,481.0,481.0,0.05751915065179412,0.052453581596765685,0.06304136728166311
cell_type,C2 | T4a,1,100-200,150.0,2958,56,62.0,62.0,0.018931710615280595,0.014607997709442797,0.02450334436908024
cell_type,C2 | T4a,2,200-300,250.0,1549,19,19.0,19.0,0.012265978050355068,0.007866460049541514,0.01907872225366314
cell_type,C2 | T4a,3,300-400,350.0,1171,12,13.0,13.0,0.010247651579846286,0.005871639241819886,0.017826534197050513
cell_type,C2 | T4a,4,400-500,450.0,1044,6,6.0,6.0,0.005747126436781609,0.002636506374299379,0.012481809218439065
cell_type,C2 | T4a,5,500-600,550.0,909,2,3.0,3.0,0.0022002200220022,0.0006035745633542599,0.007986743844571056
cell_type,C2 | T4a,6,600-700,650.0,894,2,2.0,2.0,0.0022371364653243847,0.0006137051959349111,0.008120129369093041
cell_type,C2 | T4a,7,700-800,750.0,852,4,4.0,4.0,0.004694835680751174,0.001827169610224351,0.012009035594103178
cell_type,C2 | T4a,8,800-900,850.0,789,1,1.0,1.0,0.0012674271229404308,0.00022376129882963015,0.007144166922898392
cell_type,C2 | T4a,9,900-1000,950.0,713,0,0.0,0.0,0.0,0.0,0.005359063982893849
cell_type,C2 | T4a,10,1000-1100,1050.0,667,1,1.0,1.0,0.0014992503748125937,0.0002646967379201738,0.00844317111046609
cell_type,C2 | T4a,11,1100-1200,1150.0,673,2,2.0,2.0,0.0029717682020802376,0.0008153276156862704,0.010770248684588413
cell_type,C2 | T4a,12,1200-1300,1250.0,648,1,1.0,1.0,0.0015432098765432098,0.00027245938835093915,0.008689227009080584
cell_type,C2 | T4a,13,1300-1400,1350.0,622,0,0.0,0.0,0.0,4.336808689942018e-19,0.006138294418268136
cell_type,C2 | T4a,14,1400-1500,1450.0,537,1,1.0,1.0,0.00186219739292365,0.00032879077560053847,0.010472153530458758
cell_type,C2 | T4a,15,1500-1600,1550.0,536,0,0.0,0.0,0.0,0.0,0.007116161481441964
cell_type,C2 | T4a,16,1600-1700,1650.0,501,0,0.0,0.0,0.0,0.0,0.007609515539131481
cell_type,C2 | T4a,18,1800-1900,1850.0,558,1,1.0,1.0,0.0017921146953405018,0.00031641418752623596,0.010080822328958124
cell_type,C2 | T4a,19,1900-2000,1950.0,484,0,0.0,0.0,0.0,0.0,0.00787468719354807
cell_type,C2 | T4b,0,0-100,50.0,6511,420,475.0,475.0,0.06450622024266625,0.05879228728278168,0.07073374754821098
cell_type,C2 | T4b,1,100-200,150.0,2872,78,86.0,86.0,0.027158774373259052,0.02181605648022019,0.033764751586538425
cell_type,C2 | T4b,2,200-300,250.0,1568,25,27.0,27.0,0.01594387755102041,0.010822527133592729,0.023431306077081934
cell_type,C2 | T4b,3,300-400,350.0,1130,12,12.0,12.0,0.010619469026548672,0.006085035631031282,0.018470069773462612
cell_type,C2 | T4b,5,500-600,550.0,914,5,6.0,6.0,0.005470459518599562,0.0023388150499429024,0.012741782735121533
cell_type,C2 | T4b,6,600-700,650.0,893,1,1.0,1.0,0.0011198208286674132,0.000197698145192245,0.006315826651159752
cell_type,C2 | T4b,7,700-800,750.0,844,1,1.0,1.0,0.001184834123222749,0.00020917756205181357,0.006680788676924901
cell_type,C2 | T4b,8,800-900,850.0,749,3,3.0,3.0,0.004005340453938585,0.0013630675732104807,0.011709536278648926
cell_type,C2 | T4b,9,900-1000,950.0,733,1,1.0,1.0,0.001364256480218281,0.00024085917865331432,0.007687031971900618
cell_type,C2 | T4b,11,1100-1200,1150.0,654,3,3.0,3.0,0.0045871559633027525,0.0015612191580213,0.013399221166822857
cell_type,C2 | T4b,12,1200-1300,1250.0,631,1,1.0,1.0,0.001584786053882726,0.00027980125374199843,0.008921864169569894
cell_type,C2 | T4b,13,1300-1400,1350.0,600,0,0.0,0.0,0.0,0.0,0.006361933328210577
cell_type,C2 | T4b,14,1400-1500,1450.0,551,0,0.0,0.0,0.0,0.0,0.006923777885436131
cell_type,C2 | T4b,15,1500-1600,1550.0,533,0,0.0,0.0,0.0,0.0,0.007155928303618796
cell_type,C2 | T4b,16,1600-1700,1650.0,521,0,0.0,0.0,0.0,4.336808689942018e-19,0.007319541743642272
cell_type,C2 | T4b,17,1700-1800,1750.0,539,0,0.0,0.0,0.0,0.0,0.00707683419988446
cell_type,C2 | T4b,18,1800-1900,1850.0,523,1,1.0,1.0,0.0019120458891013384,0.00033759413898511084,0.010750368542777299
cell_type,C2 | T4b,19,1900-2000,1950.0,490,0,0.0,0.0,0.0,0.0,0.007779012541673281
cell_type,C2 | T4c,0,0-100,50.0,7711,329,362.0,362.0,0.04266632084035793,0.03837840470379334,0.047409694950773774
cell_type,C2 | T4c,1,100-200,150.0,2933,68,74.0,74.0,0.023184452778724857,0.018329765042439973,0.02928655856180208
cell_type,C2 | T4c,2,200-300,250.0,1605,14,16.0,16.0,0.008722741433021807,0.00520298824264604,0.014588643201990898
cell_type,C2 | T4c,3,300-400,350.0,1214,7,7.0,7.0,0.005766062602965404,0.0027958135002171284,0.011854367607079586
cell_type,C2 | T4c,5,500-600,550.0,954,4,4.0,4.0,0.0041928721174004195,0.0016316713420634534,0.010731124343569747
cell_type,C2 | T4c,6,600-700,650.0,951,3,3.0,3.0,0.0031545741324921135,0.001073387880881605,0.009233662000480914
cell_type,C2 | T4c,7,700-800,750.0,897,3,4.0,4.0,0.0033444816053511705,0.0011380428076697632,0.009786852312626633
cell_type,C2 | T4c,8,800-900,850.0,827,2,2.0,2.0,0.0024183796856106408,0.0006634437668684122,0.008774697029162984
cell_type,C2 | T4c,9,900-1000,950.0,794,1,1.0,1.0,0.0012594458438287153,0.0002223520032745628,0.007099402089267114
cell_type,C2 | T4c,10,1000-1100,1050.0,763,1,2.0,2.0,0.001310615989515072,0.00023138742766106671,0.007386352663643317
cell_type,C2 | T4c,11,1100-1200,1150.0,739,0,0.0,0.0,0.0,0.0,0.005171492818926673
cell_type,C2 | T4c,12,1200-1300,1250.0,674,0,0.0,0.0,0.0,0.0,0.005667400761475837
cell_type,C2 | T4c,13,1300-1400,1350.0,617,0,0.0,0.0,0.0,0.0,0.0061877296882167695
cell_type,C2 | T4c,16,1600-1700,1650.0,595,0,0.0,0.0,0.0,0.0,0.006415051993715867
cell_type,C2 | T4c,17,1700-1800,1750.0,549,0,0.0,0.0,0.0,0.0,0.006948825848127203
cell_type,C2 | T4c,18,1800-1900,1850.0,583,0,0.0,0.0,0.0,0.0,0.006546229851462472
cell_type,C2 | T4c,19,1900-2000,1950.0,585,0,0.0,0.0,0.0,0.0,0.006523995587268291
cell_type,C2 | T4d,0,0-100,50.0,6872,319,349.0,349.0,0.04642025611175786,0.04169414319164644,0.05165320791661644
cell_type,C2 | T4d,1,100-200,150.0,2907,67,75.0,75.0,0.02304781561747506,0.018189776455873122,0.02916477557471487
cell_type,C2 | T4d,2,200-300,250.0,1571,14,16.0,16.0,0.008911521323997454,0.005315744989245805,0.01490317734554647
cell_type,C2 | T4d,3,300-400,350.0,1287,12,12.0,12.0,0.009324009324009324,0.00534164307545209,0.01622692118525968
cell_type,C2 | T4d,4,400-500,450.0,1078,6,6.0,6.0,0.0055658627087198514,0.0025532721968033623,0.012089906619762758
cell_type,C2 | T4d,5,500-600,550.0,1048,8,8.0,8.0,0.007633587786259542,0.0038729953119402936,0.014990681500233707
cell_type,C2 | T4d,6,600-700,650.0,992,6,6.0,6.0,0.006048387096774193,0.002774853153271862,0.013132897637616967
cell_type,C2 | T4d,7,700-800,750.0,832,0,0.0,0.0,0.0,0.0,0.004596086148380267
cell_type,C2 | T4d,8,800-900,850.0,884,3,3.0,3.0,0.003393665158371041,0.001154788260666376,0.009930071921600371
cell_type,C2 | T4d,9,900-1000,950.0,799,0,0.0,0.0,0.0,0.0,0.004785003666974905
cell_type,C2 | T4d,10,1000-1100,1050.0,783,1,1.0,1.0,0.001277139208173691,0.00022547621548623265,0.007198635575247761
cell_type,C2 | T4d,11,1100-1200,1150.0,734,1,1.0,1.0,0.0013623978201634877,0.00024053097736927067,0.007676615467070837
cell_type,C2 | T4d,12,1200-1300,1250.0,681,0,0.0,0.0,0.0,0.0,0.0056094723217748445
cell_type,C2 | T4d,14,1400-1500,1450.0,652,0,0.0,0.0,0.0,0.0,0.00585751193580889
cell_type,C2 | T4d,16,1600-1700,1650.0,554,0,0.0,0.0,0.0,0.0,0.006886542703161613
cell_type,C2 | T4d,17,1700-1800,1750.0,569,1,1.0,1.0,0.0017574692442882249,0.0003102958881771468,0.009887287527552437
cell_type,C2 | T4d,18,1800-1900,1850.0,523,0,0.0,0.0,0.0,0.0,0.007291755244840194
cell_type,C2 | T4d,19,1900-2000,1950.0,582,0,0.0,0.0,0.0,0.0,0.006557403912593438
cell_type,C2 | Tm5f,0,0-100,50.0,266,14,16.0,16.0,0.05263157894736842,0.03160680203481944,0.08639427711680137
cell_type,C2 | Tm5f,1,100-200,150.0,219,2,2.0,2.0,0.0091324200913242,0.002507969557322508,0.03268115132495441
cell_type,C2 | Tm5f,7,700-800,750.0,263,0,0.0,0.0,0.0,0.0,0.01439655585935626
cell_type,C2 | Tm5f,8,800-900,850.0,291,1,1.0,1.0,0.003436426116838488,0.0006068557561889048,0.019205816539715065
cell_type,C2 | Tm5f,10,1000-1100,1050.0,265,1,1.0,1.0,0.0037735849056603774,0.0006664241191722108,0.021062355950578898
cell_type,C2 | Tm5f,11,1100-1200,1150.0,262,0,0.0,0.0,0.0,0.0,0.014450710498281682
cell_type,C2 | Tm5f,12,1200-1300,1250.0,248,0,0.0,0.0,0.0,0.0,0.015254032693566115
cell_type,C2 | Tm5f,14,1400-1500,1450.0,240,0,0.0,0.0,0.0,0.0,0.015754489799935698
cell_type,C2 | Tm5f,15,1500-1600,1550.0,228,0,0.0,0.0,0.0,0.0,0.016569933954907145
cell_type,C2 | Tm5f,16,1600-1700,1650.0,235,0,0.0,0.0,0.0,0.0,0.016084300222406814
cell_type,C2 | Tm5f,17,1700-1800,1750.0,226,1,1.0,1.0,0.004424778761061947,0.0007814894820824467,0.024634275114056806
cell_type,C2 | Tm7,1,100-200,150.0,211,4,5.0,5.0,0.018957345971563982,0.007396106319858525,0.047721710713714116
cell_type,C2 | Tm7,3,300-400,350.0,176,1,1.0,1.0,0.005681818181818182,0.0010036597035756045,0.03147825771708791
cell_type,C2 | Tm7,4,400-500,450.0,199,2,2.0,2.0,0.010050251256281407,0.0027604243911927527,0.0358983122782084
cell_type,C2 | Tm7,6,600-700,650.0,225,1,1.0,1.0,0.0044444444444444444,0.0007849646791219037,0.024741862611021147
cell_type,C2 | Tm7,7,700-800,750.0,226,0,0.0,0.0,0.0,0.0,0.01671411963717621
cell_type,C2 | Tm7,8,800-900,850.0,241,2,2.0,2.0,0.008298755186721992,0.002278728252552608,0.0297485089489687
cell_type,C2 | Tm7,9,900-1000,950.0,189,0,0.0,0.0,0.0,0.0,0.019921012893483563
cell_type,C2 | Tm7,10,1000-1100,1050.0,238,0,0.0,0.0,0.0,0.0,0.015884777474181447
cell_type,C2 | Tm7,15,1500-1600,1550.0,204,0,0.0,0.0,0.0,0.0,0.01848330651804066
cell_type,C2 | Tm7,16,1600-1700,1650.0,186,0,0.0,0.0,0.0,0.0,0.02023581765008302
cell_type,C2 | Tm7,18,1800-1900,1850.0,184,0,0.0,0.0,0.0,0.0,0.020451273839234757
cell_type,C2 | TmY11,1,100-200,150.0,249,4,4.0,4.0,0.01606425702811245,0.006264249892216231,0.040569815388180656
cell_type,C2 | TmY11,3,300-400,350.0,255,2,5.0,5.0,0.00784313725490196,0.0021534677323497217,0.02814150803661477
cell_type,C2 | TmY11,4,400-500,450.0,261,1,1.0,1.0,0.0038314176245210726,0.0006766423574106964,0.0213803154619047
cell_type,C2 | TmY11,8,800-900,850.0,243,1,1.0,1.0,0.00411522633744856,0.0007267895363180701,0.022938589394947972
cell_type,C2 | TmY11,9,900-1000,950.0,264,1,1.0,1.0,0.003787878787878788,0.0006689496360342308,0.0211409559200855
cell_type,C2 | TmY11,10,1000-1100,1050.0,242,0,0.0,0.0,0.0,0.0,0.01562632198944361
cell_type,C2 | TmY11,11,1100-1200,1150.0,239,0,0.0,0.0,0.0,0.0,0.015819365380560824
cell_type,C2 | TmY11,15,1500-1600,1550.0,202,0,0.0,0.0,0.0,0.0,0.018662894186597848
cell_type,C3 | TmY4,1,100-200,150.0,242,2,2.0,2.0,0.008264462809917356,0.0022692998150906363,0.02962766148031258
cell_type,C3 | TmY4,2,200-300,250.0,225,2,2.0,2.0,0.008888888888888889,0.002440997100615027,0.03182549989993032
cell_type,C3 | TmY4,4,400-500,450.0,236,2,2.0,2.0,0.00847457627118644,0.0023270705653824168,0.030367841409854573
cell_type,C3 | TmY4,7,700-800,750.0,254,1,1.0,1.0,0.003937007874015748,0.0006952990654844823,0.02196047098868831
cell_type,C3 | TmY4,8,800-900,850.0,267,0,0.0,0.0,0.0,0.0,0.014183936293390674
cell_type,C3 | TmY4,10,1000-1100,1050.0,231,0,0.0,0.0,0.0,0.0,0.016358260206028232
cell_type,C3 | TmY4,13,1300-1400,1350.0,217,0,0.0,0.0,0.0,0.0,0.017395273354295564
cell_type,C3 | TmY4,14,1400-1500,1450.0,201,0,0.0,0.0,0.0,0.0,0.018754003093121707
cell_type,C3 | TmY4,17,1700-1800,1750.0,169,0,0.0,0.0,0.0,0.0,0.022226130746301812
cell_type,C3 | TmY4,18,1800-1900,1850.0,187,0,0.0,0.0,0.0,0.0,0.020129783024246284
cell_type,C3 | yDm8,1,100-200,150.0,104,2,2.0,2.0,0.019230769230769232,0.0052896007240565805,0.06742445396355932
cell_type,C3 | yDm8,5,500-600,550.0,199,3,3.0,3.0,0.01507537688442211,0.005139909827913115,0.04337873723462238
cell_type,C3 | yDm8,10,1000-1100,1050.0,257,1,1.0,1.0,0.0038910505836575876,0.0006871788263164199,0.021708021939205638
cell_type,C3 | yDm8,12,1200-1300,1250.0,254,0,0.0,0.0,0.0,0.0,0.014899069816507498
cell_type,C3 | yDm8,14,1400-1500,1450.0,275,0,0.0,0.0,0.0,0.0,0.013776997406412816
cell_type,C3 | yDm8,15,1500-1600,1550.0,304,0,0.0,0.0,0.0,0.0,0.012479145118788362
cell_type,C3 | yDm8,17,1700-1800,1750.0,293,0,0.0,0.0,0.0,0.0,0.012941582311913155
cell_type,C3 | yDm8,19,1900-2000,1950.0,217,0,0.0,0.0,0.0,0.0,0.017395273354295564
cell_type,CB0732 | LC11,0,0-100,50.0,508,508,13194.0,13194.0,1.0,0.992494553002335,1.0
cell_type,CB0744 | LC11,0,0-100,50.0,756,745,5851.0,5851.0,0.9854497354497355,0.9741344510186668,0.9918563554862679
cell_type,CB0785 | LC18,0,0-100,50.0,536,535,3778.0,3778.0,0.9981343283582089,0.9895084524090473,0.9996705956672772
cell_type,CB1088 | LC18,0,0-100,50.0,651,648,5119.0,5119.0,0.9953917050691244,0.9865394412826548,0.9984315807171694
cell_type,CB1340 | LC12,0,0-100,50.0,1232,1224,8371.0,8371.0,0.9935064935064936,0.987238803206227,0.9967060648092211
cell_type,CB2049 | LC15,1,100-200,150.0,37,32,159.0,159.0,0.8648648648648649,0.7202227252929444,0.9408679273749238
cell_type,CT1 | T4b,0,0-100,50.0,1498,1496,22949.0,22949.0,0.9986648865153538,0.9951448820535646,0.999633795005321
cell_type,CT1 | T4b,3,300-400,350.0,1,0,0.0,0.0,0.0,0.0,0.7934567085261071
cell_type,CT1 | T4c,0,0-100,50.0,1695,1689,21283.0,21283.0,0.9964601769911504,0.9922983471012732,0.9983767105380028
cell_type,CT1 | T4d,0,0-100,50.0,1566,1564,19807.0,19807.0,0.9987228607918263,0.9953551465476447,0.9996496998011843
cell_type,CT1 | T5a,0,0-100,50.0,1482,1482,38437.0,38437.0,1.0,0.9974145292472629,1.0
cell_type,CT1 | T5b,0,0-100,50.0,1514,1514,36785.0,36785.0,1.0,0.9974690376123571,1.0
cell_type,CT1 | T5c,0,0-100,50.0,1536,1533,30578.0,30578.0,0.998046875,0.9942731374085461,0.999335555849254
cell_type,CT1 | T5d,0,0-100,50.0,1469,1467,27776.0,27776.0,0.998638529611981,0.9950493060036355,0.9996265640967202
cell_type,CT1 | Tm1,0,0-100,50.0,1266,1266,11639.0,11639.0,1.0,0.9969747407865672,0.9999999999999998
cell_type,CT1 | Tm9,0,0-100,50.0,1507,1507,68959.0,68959.0,1.0,0.9974573112098583,1.0
cell_type,DPM | KCab,0,0-100,50.0,1643,1643,24705.0,24705.0,1.0,0.9976672923491852,1.0
cell_type,DPM | KCg-m,0,0-100,50.0,2187,2187,30253.0,30253.0,1.0,0.9982465185981497,1.0
cell_type,Dm10 | Dm3q,0,0-100,50.0,243,13,14.0,14.0,0.053497942386831275,0.03152740364763877,0.08936631929047213
cell_type,Dm10 | Dm3q,4,400-500,450.0,278,2,2.0,2.0,0.007194244604316547,0.001975102195198227,0.02584761808456175
cell_type,Dm10 | Dm3q,7,700-800,750.0,412,2,2.0,2.0,0.0048543689320388345,0.0013322261476017578,0.017524954086410423
cell_type,Dm10 | Dm3q,8,800-900,850.0,461,0,0.0,0.0,0.0,8.673617379884035e-19,0.008264320577160044
cell_type,Dm10 | Dm3q,9,900-1000,950.0,527,0,0.0,0.0,0.0,0.0,0.00723681037808642
cell_type,Dm10 | Dm3q,10,1000-1100,1050.0,510,1,2.0,2.0,0.00196078431372549,0.00034620156602834136,0.011022282418141098
cell_type,Dm10 | Dm3q,11,1100-1200,1150.0,506,0,0.0,0.0,0.0,0.0,0.0075348892675685935
cell_type,Dm10 | Dm3q,12,1200-1300,1250.0,504,1,1.0,1.0,0.001984126984126984,0.0003503240243380159,0.011152475273710823
cell_type,Dm10 | Dm3q,13,1300-1400,1350.0,530,2,2.0,2.0,0.0037735849056603774,0.0010354421231292075,0.013653559258554049
cell_type,Dm10 | Dm3q,14,1400-1500,1450.0,461,0,0.0,0.0,0.0,8.673617379884035e-19,0.008264320577160044
cell_type,Dm10 | Dm3q,15,1500-1600,1550.0,443,0,0.0,0.0,0.0,0.0,0.008597229980377834
cell_type,Dm10 | Dm3q,16,1600-1700,1650.0,442,1,1.0,1.0,0.0022624434389140274,0.0003994782457703199,0.012702933014192858
cell_type,Dm10 | Dm3q,17,1700-1800,1750.0,414,0,0.0,0.0,0.0,0.0,0.009193914631764763
cell_type,Dm10 | Dm3q,18,1800-1900,1850.0,408,0,0.0,0.0,0.0,0.0,0.009327858089129412
cell_type,Dm10 | Dm3q,19,1900-2000,1950.0,418,0,0.0,0.0,0.0,0.0,0.009106735798460844
cell_type,Dm10 | Dm3v,1,100-200,150.0,178,8,8.0,8.0,0.0449438202247191,0.02294671764354001,0.08616802837717252
cell_type,Dm10 | Dm3v,6,600-700,650.0,269,2,2.0,2.0,0.007434944237918215,0.0020412607015241543,0.02669922462036224
cell_type,Dm10 | Dm3v,7,700-800,750.0,300,0,0.0,0.0,0.0,0.0,0.012643429997735661
cell_type,Dm10 | Dm3v,8,800-900,850.0,315,0,0.0,0.0,0.0,0.0,0.012048615989883377
cell_type,Dm10 | Dm3v,10,1000-1100,1050.0,338,0,0.0,0.0,0.0,0.0,0.011237953484888905
cell_type,Dm10 | Dm3v,11,1100-1200,1150.0,350,0,0.0,0.0,0.0,0.0,0.010856835374924824
cell_type,Dm10 | Dm3v,12,1200-1300,1250.0,361,0,0.0,0.0,0.0,0.0,0.010529501021813301
cell_type,Dm10 | Dm3v,14,1400-1500,1450.0,419,0,0.0,0.0,0.0,0.0,0.009085198807307512
cell_type,Dm10 | Dm3v,15,1500-1600,1550.0,400,0,0.0,0.0,0.0,0.0,0.009512640599680667
cell_type,Dm10 | Dm3v,17,1700-1800,1750.0,370,0,0.0,0.0,0.0,0.0,0.010276009946458605
cell_type,Dm10 | Dm3v,18,1800-1900,1850.0,362,0,0.0,0.0,0.0,0.0,0.010500719437045978
cell_type,Dm10 | L2,5,500-600,550.0,131,1,1.0,1.0,0.007633587786259542,0.0013487543306202367,0.04197318785932708
cell_type,Dm10 | L2,10,1000-1100,1050.0,337,0,0.0,0.0,0.0,0.0,0.01127092467586116
cell_type,Dm10 | L2,13,1300-1400,1350.0,363,0,0.0,0.0,0.0,0.0,0.010472094767878016
cell_type,Dm10 | L2,14,1400-1500,1450.0,333,0,0.0,0.0,0.0,0.0,0.01140476710715066
cell_type,Dm10 | L2,15,1500-1600,1550.0,337,0,0.0,0.0,0.0,0.0,0.01127092467586116
cell_type,Dm10 | L2,16,1600-1700,1650.0,257,0,0.0,0.0,0.0,0.0,0.014727712144075176
cell_type,Dm10 | L2,17,1700-1800,1750.0,256,0,0.0,0.0,0.0,0.0,0.014784391721725852
cell_type,Dm10 | L2,18,1800-1900,1850.0,230,0,0.0,0.0,0.0,0.0,0.01642821465470643
cell_type,Dm10 | L2,19,1900-2000,1950.0,201,0,0.0,0.0,0.0,0.0,0.018754003093121707
cell_type,Dm15 | TmY9q,1,100-200,150.0,117,4,4.0,4.0,0.03418803418803419,0.013373625444339232,0.08461911877619409
cell_type,Dm15 | TmY9q,3,300-400,350.0,148,0,0.0,0.0,0.0,0.0,0.02530004952529478
cell_type,Dm15 | TmY9q,7,700-800,750.0,247,4,4.0,4.0,0.016194331983805668,0.006315114434499659,0.04089236630234781
cell_type,Dm15 | TmY9q,9,900-1000,950.0,274,2,2.0,2.0,0.0072992700729927005,0.0020039687957283947,0.026219306624511052
cell_type,Dm15 | TmY9q,10,1000-1100,1050.0,254,1,1.0,1.0,0.003937007874015748,0.0006952990654844823,0.02196047098868831
cell_type,Dm15 | TmY9q,11,1100-1200,1150.0,254,0,0.0,0.0,0.0,0.0,0.014899069816507498
cell_type,Dm15 | TmY9q,16,1600-1700,1650.0,164,0,0.0,0.0,0.0,0.0,0.022888247013851153
cell_type,Dm15 | TmY9q,17,1700-1800,1750.0,152,0,0.0,0.0,0.0,0.0,0.024650670937670042
cell_type,Dm15 | TmY9q,18,1800-1900,1850.0,132,0,0.0,0.0,0.0,0.0,0.028279996702041194
cell_type,Dm15 | TmY9q,19,1900-2000,1950.0,147,0,0.0,0.0,0.0,0.0,0.025467775467775466
cell_type,Dm19 | T2a,0,0-100,50.0,326,15,17.0,17.0,0.046012269938650305,0.02807918636929077,0.07452036444540332
cell_type,Dm19 | T2a,2,200-300,250.0,257,1,1.0,1.0,0.0038910505836575876,0.0006871788263164199,0.021708021939205638
cell_type,Dm19 | T2a,5,500-600,550.0,372,0,0.0,0.0,0.0,0.0,0.010221327282557334
cell_type,Dm19 | T2a,7,700-800,750.0,364,0,0.0,0.0,0.0,0.0,0.010443625734555309
cell_type,Dm19 | T2a,8,800-900,850.0,378,1,2.0,2.0,0.0026455026455026454,0.0004671369026153513,0.014831353361410358
cell_type,Dm19 | T2a,10,1000-1100,1050.0,376,0,0.0,0.0,0.0,8.673617379884035e-19,0.010113689495831947
cell_type,Dm19 | T2a,11,1100-1200,1150.0,384,0,0.0,0.0,0.0,0.0,0.009905074649031977
cell_type,Dm19 | T2a,12,1200-1300,1250.0,324,0,0.0,0.0,0.0,0.0,0.011717853988023485
cell_type,Dm19 | T2a,13,1300-1400,1350.0,339,0,0.0,0.0,0.0,0.0,0.011205174634583436
cell_type,Dm19 | T2a,14,1400-1500,1450.0,338,0,0.0,0.0,0.0,0.0,0.011237953484888905
cell_type,Dm19 | T2a,15,1500-1600,1550.0,292,0,0.0,0.0,0.0,0.0,0.012985327283248872
cell_type,Dm19 | T2a,16,1600-1700,1650.0,314,0,0.0,0.0,0.0,0.0,0.01208652360169342
cell_type,Dm19 | T2a,19,1900-2000,1950.0,198,0,0.0,0.0,0.0,0.0,0.01903274647049964
cell_type,Dm19 | Tm9,0,0-100,50.0,283,10,14.0,14.0,0.0353356890459364,0.01930467083556834,0.06381298016066095
cell_type,Dm19 | Tm9,2,200-300,250.0,288,1,1.0,1.0,0.003472222222222222,0.0006131798857472621,0.01940315774398065
cell_type,Dm19 | Tm9,6,600-700,650.0,375,2,3.0,3.0,0.005333333333333333,0.0014637822411097835,0.019235106159741652
cell_type,Dm19 | Tm9,7,700-800,750.0,371,3,3.0,3.0,0.008086253369272238,0.002753741010478889,0.023501615918954773
cell_type,Dm19 | Tm9,8,800-900,850.0,354,1,1.0,1.0,0.002824858757062147,0.0004988182660976004,0.015825723095219808
cell_type,Dm19 | Tm9,9,900-1000,950.0,357,0,0.0,0.0,0.0,0.0,0.010646222608479732
cell_type,Dm19 | Tm9,10,1000-1100,1050.0,298,0,0.0,0.0,0.0,0.0,0.012727205262627815
cell_type,Dm19 | Tm9,11,1100-1200,1150.0,319,0,0.0,0.0,0.0,0.0,0.011899333914836253
cell_type,Dm19 | Tm9,12,1200-1300,1250.0,277,0,0.0,0.0,0.0,0.0,0.01367888517940362
cell_type,Dm19 | Tm9,13,1300-1400,1350.0,278,0,0.0,0.0,0.0,0.0,0.013630351232749173
cell_type,Dm19 | Tm9,15,1500-1600,1550.0,222,0,0.0,0.0,0.0,0.0,0.017010152248301463
cell_type,Dm19 | Tm9,16,1600-1700,1650.0,199,0,0.0,0.0,0.0,0.0,0.018938915883132457
cell_type,Dm19 | Tm9,17,1700-1800,1750.0,187,0,0.0,0.0,0.0,0.0,0.020129783024246284
cell_type,Dm2 | Dm3v,0,0-100,50.0,568,16,17.0,17.0,0.028169014084507043,0.017411995753677398,0.04526550095170394
cell_type,Dm2 | Dm3v,1,100-200,150.0,552,6,6.0,6.0,0.010869565217391304,0.00499080812593742,0.02350939768809305
cell_type,Dm2 | Dm3v,2,200-300,250.0,428,3,3.0,3.0,0.007009345794392523,0.002386572228604493,0.02040326552672061
cell_type,Dm2 | Dm3v,3,300-400,350.0,374,0,0.0,0.0,0.0,0.0,0.010167223513768732
cell_type,Dm2 | Dm3v,6,600-700,650.0,448,2,2.0,2.0,0.004464285714285714,0.0012250974423162744,0.016129656967193606
cell_type,Dm2 | Dm3v,11,1100-1200,1150.0,465,0,0.0,0.0,0.0,0.0,0.00819381215318777
cell_type,Dm2 | Dm3v,13,1300-1400,1350.0,452,0,0.0,0.0,0.0,0.0,0.008427488847002994
cell_type,Dm2 | Dm3v,14,1400-1500,1450.0,426,1,1.0,1.0,0.002347417840375587,0.00041448647889586517,0.013175636022044013
cell_type,Dm2 | Dm3v,15,1500-1600,1550.0,459,0,0.0,0.0,0.0,0.0,0.008300031803537108
cell_type,Dm2 | Dm3v,17,1700-1800,1750.0,478,0,0.0,0.0,0.0,0.0,0.007972744569999766
cell_type,Dm2 | Dm3v,18,1800-1900,1850.0,416,0,0.0,0.0,0.0,0.0,0.009150117568149511
cell_type,Dm2 | Dm3v,19,1900-2000,1950.0,436,0,0.0,0.0,0.0,0.0,0.008734053350115132
cell_type,Dm2 | TmY4,0,0-100,50.0,349,11,12.0,12.0,0.03151862464183381,0.017688790378488705,0.05554973931868984
cell_type,Dm2 | TmY4,1,100-200,150.0,299,4,7.0,7.0,0.013377926421404682,0.005214298641134945,0.033887330725504254
cell_type,Dm2 | TmY4,5,500-600,550.0,199,1,1.0,1.0,0.005025125628140704,0.0008875866694877336,0.02791123960677907
cell_type,Dm2 | TmY4,9,900-1000,950.0,186,0,0.0,0.0,0.0,0.0,0.02023581765008302
cell_type,Dm2 | TmY4,11,1100-1200,1150.0,194,0,0.0,0.0,0.0,0.0,0.019417554245416534
cell_type,Dm2 | TmY4,15,1500-1600,1550.0,160,0,0.0,0.0,0.0,0.0,0.02344703665003271
cell_type,Dm20 | R7,2,200-300,250.0,108,3,4.0,4.0,0.027777777777777776,0.009491167942144545,0.07850471194512457
cell_type,Dm20 | R7,3,300-400,350.0,102,0,0.0,0.0,0.0,0.0,0.03629574760774591
cell_type,Dm20 | R7,10,1000-1100,1050.0,326,1,1.0,1.0,0.003067484662576687,0.0005416778083986527,0.017168641326604332
cell_type,Dm20 | R7,11,1100-1200,1150.0,374,0,0.0,0.0,0.0,0.0,0.010167223513768732
cell_type,Dm20 | R7,12,1200-1300,1250.0,421,0,0.0,0.0,0.0,0.0,0.009042428990004743
cell_type,Dm20 | R7,13,1300-1400,1350.0,480,1,1.0,1.0,0.0020833333333333333,0.000367844737705539,0.011705528035532646
cell_type,Dm20 | R7,15,1500-1600,1550.0,485,0,0.0,0.0,0.0,0.0,0.007858578320666653
cell_type,Dm20 | R7,17,1700-1800,1750.0,502,0,0.0,0.0,0.0,0.0,0.007594472261672427
cell_type,Dm20 | R7,18,1800-1900,1850.0,464,0,0.0,0.0,0.0,0.0,0.00821132622665449
cell_type,Dm20 | R8,0,0-100,50.0,81,5,5.0,5.0,0.06172839506172839,0.026652119089554074,0.13649426193107733
cell_type,Dm20 | R8,1,100-200,150.0,135,6,8.0,8.0,0.044444444444444446,0.020525829072354243,0.09357253914005473
cell_type,Dm20 | R8,2,200-300,250.0,147,2,2.0,2.0,0.013605442176870748,0.0037389889438848856,0.048246670184631385
cell_type,Dm20 | R8,3,300-400,350.0,171,2,2.0,2.0,0.011695906432748537,0.00321325400608612,0.041636484271303245
cell_type,Dm20 | R8,4,400-500,450.0,186,1,1.0,1.0,0.005376344086021506,0.000949663586606142,0.029821252798422227
cell_type,Dm20 | R8,5,500-600,550.0,232,1,1.0,1.0,0.004310344827586207,0.0007612677661303201,0.024007899335856772
cell_type,Dm20 | R8,6,600-700,650.0,255,0,0.0,0.0,0.0,0.0,0.014841509247354365
cell_type,Dm20 | R8,8,800-900,850.0,341,2,3.0,3.0,0.005865102639296188,0.0016098652836885469,0.021129850574258983
cell_type,Dm20 | R8,10,1000-1100,1050.0,358,0,0.0,0.0,0.0,0.0,0.010616800279459297
cell_type,Dm20 | R8,12,1200-1300,1250.0,445,1,1.0,1.0,0.0022471910112359553,0.00039678438563760937,0.012618052028812391
cell_type,Dm20 | R8,15,1500-1600,1550.0,459,0,0.0,0.0,0.0,0.0,0.008300031803537108
cell_type,Dm20 | R8,16,1600-1700,1650.0,449,0,0.0,0.0,0.0,0.0,0.00848331955368058
cell_type,Dm20 | R8,18,1800-1900,1850.0,473,0,0.0,0.0,0.0,0.0,0.008056344077362377
cell_type,Dm3p | Dm3q,0,0-100,50.0,17317,9051,18043.0,18043.0,0.5226655887278397,0.5152218967002459,0.5300992267259971
cell_type,Dm3p | Dm3q,1,100-200,150.0,5006,1244,1603.0,1603.0,0.24850179784258888,0.2367264392616929,0.2606628594338985
cell_type,Dm3p | Dm3q,2,200-300,250.0,2958,603,774.0,774.0,0.20385395537525355,0.1897241954857911,0.21875193639107907
cell_type,Dm3p | Dm3q,3,300-400,350.0,2447,379,463.0,463.0,0.15488353085410708,0.14109043993786602,0.16975853536922852
cell_type,Dm3p | Dm3q,4,400-500,450.0,2481,313,370.0,370.0,0.12615880693268844,0.11366883661067896,0.13980470472088924
cell_type,Dm3p | Dm3q,5,500-600,550.0,2341,239,283.0,283.0,0.10209312259718069,0.09047269778631477,0.11501734469672543
cell_type,Dm3p | Dm3q,6,600-700,650.0,2248,194,224.0,224.0,0.08629893238434164,0.0753850095197767,0.09862438794405912
cell_type,Dm3p | Dm3q,7,700-800,750.0,2180,154,181.0,181.0,0.07064220183486239,0.06062442671357304,0.082170545229447
cell_type,Dm3p | Dm3q,8,800-900,850.0,2053,121,131.0,131.0,0.05893813930832927,0.049550624051609836,0.06997321288362135
cell_type,Dm3p | Dm3q,9,900-1000,950.0,1840,82,97.0,97.0,0.04456521739130435,0.03604768797541744,0.05498052182308152
cell_type,Dm3p | Dm3q,10,1000-1100,1050.0,1696,68,78.0,78.0,0.04009433962264151,0.0317497137258209,0.05051771636884203
cell_type,Dm3p | Dm3q,11,1100-1200,1150.0,1643,57,64.0,64.0,0.03469263542300669,0.026873100610228635,0.04468302233444315
cell_type,Dm3p | Dm3q,12,1200-1300,1250.0,1465,46,52.0,52.0,0.031399317406143344,0.0236223894213327,0.04162739653244203
cell_type,Dm3p | Dm3q,13,1300-1400,1350.0,1393,37,42.0,42.0,0.02656137832017229,0.01933088920002079,0.03639597345928145
cell_type,Dm3p | Dm3q,14,1400-1500,1450.0,1289,31,36.0,36.0,0.02404965089216447,0.016993751448267872,0.0339340652308984
cell_type,Dm3p | Dm3q,15,1500-1600,1550.0,1205,22,29.0,29.0,0.018257261410788383,0.012087254217857108,0.02748914685900855
cell_type,Dm3p | Dm3q,16,1600-1700,1650.0,1109,25,30.0,30.0,0.02254283137962128,0.015315142510938238,0.033066945290236696
cell_type,Dm3p | Dm3q,17,1700-1800,1750.0,994,23,28.0,28.0,0.023138832997987926,0.015467256710115274,0.03448215409817333
cell_type,Dm3p | Dm3q,18,1800-1900,1850.0,897,15,17.0,17.0,0.016722408026755852,0.01015970258073533,0.027406946206354435
cell_type,Dm3p | Dm3q,19,1900-2000,1950.0,885,14,14.0,14.0,0.015819209039548022,0.009446117461322139,0.026377588359827543
cell_type,Dm3p | Dm3v,0,0-100,50.0,14890,7984,15782.0,15782.0,0.5361987911349899,0.5281803886369565,0.5441985199718204
cell_type,Dm3p | Dm3v,1,100-200,150.0,4227,1130,1455.0,1455.0,0.26732907499408565,0.2542028300684727,0.28087784986055137
cell_type,Dm3p | Dm3v,2,200-300,250.0,2231,464,584.0,584.0,0.20797848498431196,0.19164582902792232,0.22531508668082412
cell_type,Dm3p | Dm3v,3,300-400,350.0,1953,289,349.0,349.0,0.14797747055811572,0.13292073849966984,0.1644163581769339
cell_type,Dm3p | Dm3v,4,400-500,450.0,1705,228,265.0,265.0,0.13372434017595308,0.1183891791570498,0.15070632975378198
cell_type,Dm3p | Dm3v,5,500-600,550.0,1622,161,195.0,195.0,0.09926017262638717,0.08564160962557346,0.11477250205664702
cell_type,Dm3p | Dm3v,6,600-700,650.0,1435,115,131.0,131.0,0.08013937282229965,0.0671864332136769,0.09533430569184265
cell_type,Dm3p | Dm3v,7,700-800,750.0,1284,80,84.0,84.0,0.06230529595015576,0.05034517983058464,0.07687667726736903
cell_type,Dm3p | Dm3v,8,800-900,850.0,1161,59,71.0,71.0,0.050818260120585705,0.039600270080993955,0.064999016208232
cell_type,Dm3p | Dm3v,9,900-1000,950.0,1115,69,79.0,79.0,0.06188340807174888,0.04918933131256644,0.07758607639483381
cell_type,Dm3p | Dm3v,10,1000-1100,1050.0,949,35,42.0,42.0,0.0368809272918862,0.026636273691493986,0.050859922948115366
cell_type,Dm3p | Dm3v,11,1100-1200,1150.0,854,28,29.0,29.0,0.03278688524590164,0.022779976290353186,0.04697835671657958
cell_type,Dm3p | Dm3v,12,1200-1300,1250.0,794,30,36.0,36.0,0.037783375314861464,0.026592314093934456,0.05342557416859787
cell_type,Dm3p | Dm3v,13,1300-1400,1350.0,670,21,21.0,21.0,0.03134328358208955,0.02059023640795302,0.04743999502922748
cell_type,Dm3p | Dm3v,14,1400-1500,1450.0,607,23,24.0,24.0,0.03789126853377265,0.02537944595416324,0.0562155207278702
cell_type,Dm3p | Dm3v,15,1500-1600,1550.0,601,16,18.0,18.0,0.026622296173044926,0.0164521371176629,0.04280569170892575
cell_type,Dm3p | Dm3v,16,1600-1700,1650.0,521,9,13.0,13.0,0.01727447216890595,0.009114152551482412,0.032501451089692365
cell_type,Dm3p | Dm3v,17,1700-1800,1750.0,497,8,8.0,8.0,0.01609657947686117,0.008178357002554218,0.03143816047522718
cell_type,Dm3p | Dm3v,18,1800-1900,1850.0,449,10,10.0,10.0,0.022271714922048998,0.012141536605166623,0.04050733664322752
cell_type,Dm3p | Dm3v,19,1900-2000,1950.0,423,9,11.0,11.0,0.02127659574468085,0.011233135923214984,0.03993713426600743
cell_type,Dm3p | L2,4,400-500,450.0,404,1,1.0,1.0,0.0024752475247524753,0.0004370644338232135,0.013886143399806313
cell_type,Dm3p | L2,5,500-600,550.0,412,2,2.0,2.0,0.0048543689320388345,0.0013322261476017578,0.017524954086410423
cell_type,Dm3p | L2,6,600-700,650.0,437,2,2.0,2.0,0.004576659038901602,0.0012559572292417265,0.016531837751994162
cell_type,Dm3p | L2,7,700-800,750.0,528,3,3.0,3.0,0.005681818181818182,0.0019341383626444103,0.016570619444943414
cell_type,Dm3p | L2,10,1000-1100,1050.0,594,0,0.0,0.0,0.0,0.0,0.006425782347698788
cell_type,Dm3p | L2,11,1100-1200,1150.0,610,0,0.0,0.0,0.0,0.0,0.006258292041464768
cell_type,Dm3p | L2,12,1200-1300,1250.0,665,0,0.0,0.0,0.0,0.0,0.005743661877490874
cell_type,Dm3p | L2,13,1300-1400,1350.0,690,0,0.0,0.0,0.0,0.0,0.005536710396148054
cell_type,Dm3p | L2,14,1400-1500,1450.0,655,0,0.0,0.0,0.0,0.0,0.005830840068386694
cell_type,Dm3p | L2,15,1500-1600,1550.0,718,0,0.0,0.0,0.0,0.0,0.005321943207484856
cell_type,Dm3p | L2,16,1600-1700,1650.0,711,0,0.0,0.0,0.0,0.0,0.005374057693340734
cell_type,Dm3p | L2,17,1700-1800,1750.0,732,0,0.0,0.0,0.0,0.0,0.005220688800415742
cell_type,Dm3p | L2,19,1900-2000,1950.0,764,0,0.0,0.0,0.0,0.0,0.005003115225848664
cell_type,Dm3p | Mi4,0,0-100,50.0,5336,2308,8459.0,8459.0,0.4325337331334333,0.41929380543631756,0.44587073427587154
cell_type,Dm3p | Mi4,1,100-200,150.0,2185,610,1831.0,1831.0,0.2791762013729977,0.26076648650113166,0.29836104470076064
cell_type,Dm3p | Mi4,2,200-300,250.0,1135,240,536.0,536.0,0.21145374449339208,0.18869088693990055,0.23616328066339037
cell_type,Dm3p | Mi4,4,400-500,450.0,877,75,161.0,161.0,0.08551881413911061,0.06876999296954796,0.10588297528263267
cell_type,Dm3p | Mi4,5,500-600,550.0,841,65,138.0,138.0,0.07728894173602854,0.06110099873420116,0.0973211244188254
cell_type,Dm3p | Mi4,6,600-700,650.0,851,36,57.0,57.0,0.04230317273795535,0.030710998457410293,0.05800906383249231
cell_type,Dm3p | Mi4,7,700-800,750.0,747,25,40.0,40.0,0.03346720214190094,0.022769890237135264,0.0489384434513551
cell_type,Dm3p | Mi4,8,800-900,850.0,795,21,30.0,30.0,0.026415094339622643,0.017340871944097655,0.04004422167145767
cell_type,Dm3p | Mi4,9,900-1000,950.0,739,14,19.0,19.0,0.018944519621109608,0.011317728382208493,0.03154686078458023
cell_type,Dm3p | Mi4,10,1000-1100,1050.0,724,7,11.0,11.0,0.009668508287292817,0.004691101418264669,0.019821924492867644
cell_type,Dm3p | Mi4,11,1100-1200,1150.0,708,3,3.0,3.0,0.00423728813559322,0.0014420584191124318,0.012383489287006458
cell_type,Dm3p | Mi4,12,1200-1300,1250.0,662,5,5.0,5.0,0.0075528700906344415,0.003230276861631325,0.01755785052482215
cell_type,Dm3p | Mi4,15,1500-1600,1550.0,558,0,0.0,0.0,0.0,0.0,0.0068375143456803475
cell_type,Dm3p | Mi4,16,1600-1700,1650.0,538,0,0.0,0.0,0.0,0.0,0.007089894906555717
cell_type,Dm3p | Mi4,17,1700-1800,1750.0,524,1,1.0,1.0,0.0019083969465648854,0.0003369497233434004,0.010730006727228134
cell_type,Dm3p | Mi4,18,1800-1900,1850.0,485,0,0.0,0.0,0.0,0.0,0.007858578320666653
cell_type,Dm3p | Mi4,19,1900-2000,1950.0,454,0,0.0,0.0,0.0,0.0,0.008390674853486445
cell_type,Dm3p | R8,8,800-900,850.0,330,0,0.0,0.0,0.0,0.0,0.011507253739498012
cell_type,Dm3p | R8,9,900-1000,950.0,341,0,0.0,0.0,0.0,0.0,0.011140187262789638
cell_type,Dm3p | R8,10,1000-1100,1050.0,361,0,0.0,0.0,0.0,0.0,0.010529501021813301
cell_type,Dm3p | R8,11,1100-1200,1150.0,346,0,0.0,0.0,0.0,0.0,0.010980969673132068
cell_type,Dm3p | R8,12,1200-1300,1250.0,364,0,0.0,0.0,0.0,0.0,0.010443625734555309
cell_type,Dm3p | R8,13,1300-1400,1350.0,392,0,0.0,0.0,0.0,0.0,0.009704892057833234
cell_type,Dm3p | R8,14,1400-1500,1450.0,387,1,1.0,1.0,0.002583979328165375,0.0004562697820270113,0.014489938605207102
cell_type,Dm3p | R8,16,1600-1700,1650.0,422,1,1.0,1.0,0.002369668246445498,0.00041841641196845025,0.013299360338823393
cell_type,Dm3p | R8,17,1700-1800,1750.0,403,0,0.0,0.0,0.0,0.0,0.009442495556010004
cell_type,Dm3p | R8,18,1800-1900,1850.0,415,1,2.0,2.0,0.0024096385542168677,0.0004254761412582379,0.013521562548308417
cell_type,Dm3p | R8,19,1900-2000,1950.0,457,0,0.0,0.0,0.0,0.0,0.008336052995215708
cell_type,Dm3p | T1,3,300-400,350.0,341,0,0.0,0.0,0.0,0.0,0.011140187262789638
cell_type,Dm3p | T1,4,400-500,450.0,339,2,2.0,2.0,0.0058997050147492625,0.0016193717917004982,0.021252998422415875
cell_type,Dm3p | T1,5,500-600,550.0,318,1,1.0,1.0,0.0031446540880503146,0.0005553102238291183,0.017595233397629386
cell_type,Dm3p | T1,7,700-800,750.0,373,0,0.0,0.0,0.0,0.0,0.010194203612340039
cell_type,Dm3p | T1,10,1000-1100,1050.0,449,0,0.0,0.0,0.0,0.0,0.00848331955368058
cell_type,Dm3p | T1,11,1100-1200,1150.0,425,0,0.0,0.0,0.0,0.0,0.008958086155820702
cell_type,Dm3p | T1,12,1200-1300,1250.0,473,0,0.0,0.0,0.0,0.0,0.008056344077362377
cell_type,Dm3p | T1,15,1500-1600,1550.0,517,0,0.0,0.0,0.0,0.0,0.007375754932017718
cell_type,Dm3p | T1,16,1600-1700,1650.0,540,0,0.0,0.0,0.0,4.336808689942018e-19,0.007063821524502722
cell_type,Dm3p | T1,17,1700-1800,1750.0,536,0,0.0,0.0,0.0,0.0,0.007116161481441964
cell_type,Dm3p | T1,18,1800-1900,1850.0,508,0,0.0,0.0,0.0,0.0,0.007505446997664902
cell_type,Dm3p | Tm20,0,0-100,50.0,6855,1975,2749.0,2749.0,0.28811086797957697,0.277510816505795,0.2989482753618463
cell_type,Dm3p | Tm20,1,100-200,150.0,1928,172,203.0,203.0,0.08921161825726141,0.07729098416680258,0.10276601429518314
cell_type,Dm3p | Tm20,3,300-400,350.0,1047,46,54.0,54.0,0.04393505253104107,0.0330987830423784,0.0581058285755857
cell_type,Dm3p | Tm20,4,400-500,450.0,964,53,61.0,61.0,0.054979253112033194,0.042276774127579714,0.07121452444855093
cell_type,Dm3p | Tm20,5,500-600,550.0,885,26,27.0,27.0,0.02937853107344633,0.02012621328121944,0.04269892901635078
cell_type,Dm3p | Tm20,6,600-700,650.0,888,16,16.0,16.0,0.018018018018018018,0.011120614390058762,0.029067688106707477
cell_type,Dm3p | Tm20,7,700-800,750.0,798,7,8.0,8.0,0.008771929824561403,0.004255441384459206,0.01799533732295632
cell_type,Dm3p | Tm20,8,800-900,850.0,779,6,6.0,6.0,0.007702182284980745,0.003534573356640652,0.016701448847595814
cell_type,Dm3p | Tm20,9,900-1000,950.0,681,7,7.0,7.0,0.010279001468428781,0.004987824437658607,0.02106433127250853
cell_type,Dm3p | Tm20,10,1000-1100,1050.0,657,6,6.0,6.0,0.0091324200913242,0.004191943007316069,0.019779913485979753
cell_type,Dm3p | Tm20,11,1100-1200,1150.0,583,1,2.0,2.0,0.0017152658662092624,0.00030284294878842825,0.00965146158585942
cell_type,Dm3p | Tm20,12,1200-1300,1250.0,545,5,5.0,5.0,0.009174311926605505,0.003924845541802143,0.021294817107676327
cell_type,Dm3p | Tm20,13,1300-1400,1350.0,510,1,1.0,1.0,0.00196078431372549,0.00034620156602834136,0.011022282418141098
cell_type,Dm3p | Tm20,14,1400-1500,1450.0,471,2,2.0,2.0,0.004246284501061571,0.001165233387887002,0.015348905221704068
cell_type,Dm3p | Tm20,15,1500-1600,1550.0,466,3,3.0,3.0,0.006437768240343348,0.002191748457160263,0.018754885472232107
cell_type,Dm3p | Tm20,16,1600-1700,1650.0,451,2,2.0,2.0,0.004434589800443459,0.0012169425783327189,0.016023345029485034
cell_type,Dm3p | Tm20,17,1700-1800,1750.0,430,0,0.0,0.0,0.0,0.0,0.00885484471751902
cell_type,Dm3p | Tm20,18,1800-1900,1850.0,431,1,1.0,1.0,0.002320185614849188,0.0004096766714551982,0.013024180622787119
cell_type,Dm3p | Tm20,19,1900-2000,1950.0,365,1,1.0,1.0,0.0027397260273972603,0.00048378029292117566,0.015353912635425297
cell_type,Dm3p | Tm21,0,0-100,50.0,4445,785,982.0,982.0,0.1766029246344207,0.16567307260752648,0.18809128708556752
cell_type,Dm3p | Tm21,1,100-200,150.0,2413,292,357.0,357.0,0.12101118939079983,0.10859686381438954,0.13463032989164397
cell_type,Dm3p | Tm21,2,200-300,250.0,1643,145,163.0,163.0,0.08825319537431528,0.07547967699250158,0.1029476835988267
cell_type,Dm3p | Tm21,3,300-400,350.0,1389,96,118.0,118.0,0.06911447084233262,0.056928959046797414,0.08367683561068555
cell_type,Dm3p | Tm21,4,400-500,450.0,1364,112,130.0,130.0,0.08211143695014662,0.06868875975396019,0.09788140451067395
cell_type,Dm3p | Tm21,5,500-600,550.0,1190,67,76.0,76.0,0.05630252100840336,0.044576911084837814,0.07088363242445185
cell_type,Dm3p | Tm21,6,600-700,650.0,1144,51,54.0,54.0,0.044580419580419584,0.034068274558236716,0.05814096406841701
cell_type,Dm3p | Tm21,7,700-800,750.0,1026,38,42.0,42.0,0.037037037037037035,0.027101082994947914,0.05042695626856601
cell_type,Dm3p | Tm21,8,800-900,850.0,934,30,36.0,36.0,0.032119914346895075,0.022590179387469426,0.04548272332872486
cell_type,Dm3p | Tm21,9,900-1000,950.0,822,23,27.0,27.0,0.027980535279805353,0.018715993130454425,0.041636500616530465
cell_type,Dm3p | Tm21,10,1000-1100,1050.0,768,24,26.0,26.0,0.03125,0.021088268998385895,0.04607784384134703
cell_type,Dm3p | Tm21,12,1200-1300,1250.0,677,8,9.0,9.0,0.011816838995568686,0.005999606706094056,0.023143148378201615
cell_type,Dm3p | Tm21,13,1300-1400,1350.0,598,5,5.0,5.0,0.008361204013377926,0.0035764900983075634,0.019422252427965123
cell_type,Dm3p | Tm21,14,1400-1500,1450.0,561,6,6.0,6.0,0.0106951871657754,0.004910594954592328,0.023135497967742003
cell_type,Dm3p | Tm21,15,1500-1600,1550.0,558,5,6.0,6.0,0.008960573476702509,0.0038332652514459654,0.020802859948254447
cell_type,Dm3p | Tm21,16,1600-1700,1650.0,563,2,2.0,2.0,0.003552397868561279,0.0009747163972881499,0.01285913065980858
cell_type,Dm3p | Tm21,17,1700-1800,1750.0,493,2,2.0,2.0,0.004056795131845842,0.00111320212747135,0.014669695278864994
cell_type,Dm3p | Tm21,18,1800-1900,1850.0,484,2,3.0,3.0,0.004132231404958678,0.001133915554679274,0.014940154389335342
cell_type,Dm3p | Tm21,19,1900-2000,1950.0,427,1,1.0,1.0,0.00234192037470726,0.00041351550344839554,0.013145063798086089
cell_type,Dm3p | Tm27,2,200-300,250.0,250,2,2.0,2.0,0.008,0.0021965911168378323,0.028695114576791584
cell_type,Dm3p | Tm27,4,400-500,450.0,287,2,2.0,2.0,0.006968641114982578,0.0019130975407349454,0.025048657586454564
cell_type,Dm3p | Tm27,7,700-800,750.0,386,0,0.0,0.0,0.0,0.0,0.00985425875535089
cell_type,Dm3p | Tm27,9,900-1000,950.0,408,0,0.0,0.0,0.0,0.0,0.009327858089129412
cell_type,Dm3p | Tm27,10,1000-1100,1050.0,377,0,0.0,0.0,0.0,0.0,0.010087133338374799
cell_type,Dm3p | Tm27,11,1100-1200,1150.0,400,0,0.0,0.0,0.0,0.0,0.009512640599680667
cell_type,Dm3p | Tm27,12,1200-1300,1250.0,402,0,0.0,0.0,0.0,0.0,0.009465762011582845
cell_type,Dm3p | Tm27,13,1300-1400,1350.0,470,0,0.0,0.0,0.0,0.0,0.008107350642071106
cell_type,Dm3p | Tm27,15,1500-1600,1550.0,379,0,0.0,0.0,0.0,0.0,0.010034437218943815
cell_type,Dm3p | Tm27,16,1600-1700,1650.0,444,1,1.0,1.0,0.0022522522522522522,0.00039767829305330845,0.012646219370763542
cell_type,Dm3p | Tm27,17,1700-1800,1750.0,418,1,1.0,1.0,0.0023923444976076554,0.000422421581329469,0.013425430313789455
cell_type,Dm3p | Tm27,19,1900-2000,1950.0,413,0,0.0,0.0,0.0,0.0,0.009215970766833252
cell_type,Dm3p | Tm3,1,100-200,150.0,157,1,1.0,1.0,0.006369426751592357,0.0011252175133328532,0.035193744745187334
cell_type,Dm3p | Tm3,3,300-400,350.0,199,3,4.0,4.0,0.01507537688442211,0.005139909827913115,0.04337873723462238
cell_type,Dm3p | Tm3,5,500-600,550.0,246,1,1.0,1.0,0.0040650406504065045,0.0007179217908880337,0.022663292546516146
cell_type,Dm3p | Tm3,6,600-700,650.0,294,3,3.0,3.0,0.01020408163265306,0.0034761977964927887,0.029566869390898094
cell_type,Dm3p | Tm3,8,800-900,850.0,379,0,0.0,0.0,0.0,0.0,0.010034437218943815
cell_type,Dm3p | Tm3,11,1100-1200,1150.0,440,1,1.0,1.0,0.0022727272727272726,0.0004012945662938911,0.012760157627461716
cell_type,Dm3p | Tm3,13,1300-1400,1350.0,449,2,2.0,2.0,0.004454342984409799,0.0012223670376855528,0.016094063254937736
cell_type,Dm3p | Tm3,14,1400-1500,1450.0,483,0,0.0,0.0,0.0,0.0,0.007890862243489461
cell_type,Dm3p | Tm3,15,1500-1600,1550.0,498,0,0.0,0.0,0.0,0.0,0.007655005085269933
cell_type,Dm3p | Tm3,16,1600-1700,1650.0,507,1,1.0,1.0,0.0019723865877712033,0.0003482505955857834,0.01108699665131032
cell_type,Dm3p | Tm3,18,1800-1900,1850.0,561,0,0.0,0.0,0.0,4.336808689942018e-19,0.006801198778560218
cell_type,Dm3p | Tm3,19,1900-2000,1950.0,563,0,0.0,0.0,0.0,0.0,0.00677720195553749
cell_type,Dm3p | Tm4,0,0-100,50.0,3626,138,148.0,148.0,0.038058466629895205,0.032303576416997715,0.04479113757823558
cell_type,Dm3p | Tm4,1,100-200,150.0,2046,47,49.0,49.0,0.02297165200391007,0.01731879031400941,0.030412507557982263
cell_type,Dm3p | Tm4,2,200-300,250.0,1257,10,13.0,13.0,0.007955449482895784,0.004326887040476325,0.01458238752660649
cell_type,Dm3p | Tm4,3,300-400,350.0,1047,8,8.0,8.0,0.007640878701050621,0.0038766991588354647,0.015004928671657732
cell_type,Dm3p | Tm4,4,400-500,450.0,1110,8,8.0,8.0,0.007207207207207207,0.0036564060220930644,0.014157257967472414
cell_type,Dm3p | Tm4,5,500-600,550.0,1034,6,6.0,6.0,0.005802707930367505,0.00266202977803075,0.012601956556685452
cell_type,Dm3p | Tm4,6,600-700,650.0,1045,7,8.0,8.0,0.0066985645933014355,0.003248470990867546,0.013762295935234545
cell_type,Dm3p | Tm4,7,700-800,750.0,1064,4,4.0,4.0,0.0037593984962406013,0.0014628747586578148,0.009626410393746811
cell_type,Dm3p | Tm4,8,800-900,850.0,999,2,2.0,2.0,0.002002002002002002,0.0005491814556410311,0.007270198992876462
cell_type,Dm3p | Tm4,9,900-1000,950.0,1004,2,2.0,2.0,0.00199203187250996,0.0005464456364216276,0.0072341421067316615
cell_type,Dm3p | Tm4,10,1000-1100,1050.0,937,1,1.0,1.0,0.0010672358591248667,0.00018841333637722307,0.006020495793491185
cell_type,Dm3p | Tm4,11,1100-1200,1150.0,866,1,4.0,4.0,0.0011547344110854503,0.00020386282394040892,0.006511842656229773
cell_type,Dm3p | Tm4,13,1300-1400,1350.0,849,2,2.0,2.0,0.002355712603062426,0.000646245722468952,0.00854842770809541
cell_type,Dm3p | Tm4,14,1400-1500,1450.0,850,4,5.0,5.0,0.004705882352941176,0.001831472304060595,0.012037142202423978
cell_type,Dm3p | Tm4,15,1500-1600,1550.0,783,2,2.0,2.0,0.002554278416347382,0.0007007403014556947,0.009265179141542745
cell_type,Dm3p | Tm4,17,1700-1800,1750.0,785,1,1.0,1.0,0.0012738853503184713,0.00022490166333234696,0.007180387307229043
cell_type,Dm3p | Tm4,18,1800-1900,1850.0,789,0,0.0,0.0,0.0,0.0,0.00484535624770446
cell_type,Dm3p | Tm4,19,1900-2000,1950.0,740,0,0.0,0.0,0.0,0.0,0.005164540407527624
cell_type,Dm3p | TmY3,0,0-100,50.0,295,14,16.0,16.0,0.04745762711864407,0.028476730310615404,0.07807336177830396
cell_type,Dm3p | TmY3,2,200-300,250.0,283,1,1.0,1.0,0.0035335689045936395,0.0006240181886234854,0.019741228693279277
cell_type,Dm3p | TmY3,3,300-400,350.0,288,0,0.0,0.0,0.0,0.0,0.01316330502573999
cell_type,Dm3p | TmY3,4,400-500,450.0,336,1,1.0,1.0,0.002976190476190476,0.0005255505102692137,0.0166636340980895
cell_type,Dm3p | TmY3,5,500-600,550.0,360,3,4.0,4.0,0.008333333333333333,0.002838001057521952,0.024211132411548104
cell_type,Dm3p | TmY3,7,700-800,750.0,351,0,0.0,0.0,0.0,0.0,0.010826239088088881
cell_type,Dm3p | TmY3,8,800-900,850.0,411,0,0.0,0.0,0.0,0.0,0.009260402042610964
cell_type,Dm3p | TmY3,9,900-1000,950.0,398,0,0.0,0.0,0.0,0.0,0.009559985825260502
cell_type,Dm3p | TmY3,10,1000-1100,1050.0,424,0,0.0,0.0,0.0,0.0,0.008979024012625233
cell_type,Dm3p | TmY3,11,1100-1200,1150.0,385,0,0.0,0.0,0.0,0.0,0.009879601359525316
cell_type,Dm3p | TmY3,12,1200-1300,1250.0,393,0,0.0,0.0,0.0,0.0,0.009680436728407503
cell_type,Dm3p | TmY3,17,1700-1800,1750.0,409,0,0.0,0.0,0.0,0.0,0.009305263810623734
cell_type,Dm3p | TmY3,18,1800-1900,1850.0,408,0,0.0,0.0,0.0,0.0,0.009327858089129412
cell_type,Dm3q | Dm3v,0,0-100,50.0,13717,7200,13332.0,13332.0,0.5248961143107094,0.5165331748820869,0.5332451127704723
cell_type,Dm3q | Dm3v,1,100-200,150.0,4170,1067,1353.0,1353.0,0.25587529976019185,0.24286000118849252,0.2693399826345639
cell_type,Dm3q | Dm3v,2,200-300,250.0,2185,448,552.0,552.0,0.20503432494279175,0.1886304809272692,0.22247354779733108
cell_type,Dm3q | Dm3v,3,300-400,350.0,1776,282,342.0,342.0,0.15878378378378377,0.1425249001755595,0.1765156256779771
cell_type,Dm3q | Dm3v,4,400-500,450.0,1870,232,275.0,275.0,0.12406417112299466,0.1098888099338819,0.13978095937852955
cell_type,Dm3q | Dm3v,5,500-600,550.0,1609,147,168.0,168.0,0.09136109384711001,0.07823912010564096,0.10642972772169684
cell_type,Dm3q | Dm3v,6,600-700,650.0,1479,115,134.0,134.0,0.0777552400270453,0.0651752994009819,0.09252300094343788
cell_type,Dm3q | Dm3v,7,700-800,750.0,1400,107,122.0,122.0,0.07642857142857143,0.06364117034149583,0.09153417137796879
cell_type,Dm3q | Dm3v,8,800-900,850.0,1271,59,64.0,64.0,0.046420141620771044,0.03615695181031303,0.059416961058548476
cell_type,Dm3q | Dm3v,9,900-1000,950.0,1209,63,77.0,77.0,0.052109181141439205,0.04093958155941245,0.06611611310013749
cell_type,Dm3q | Dm3v,10,1000-1100,1050.0,1109,53,62.0,62.0,0.047790802524797116,0.036721362396332474,0.061982352489955025
cell_type,Dm3q | Dm3v,11,1100-1200,1150.0,1017,33,41.0,41.0,0.032448377581120944,0.023196846793825266,0.04521886040306014
cell_type,Dm3q | Dm3v,12,1200-1300,1250.0,911,37,40.0,40.0,0.04061470911086718,0.0296076234725096,0.0554798933172822
cell_type,Dm3q | Dm3v,13,1300-1400,1350.0,829,24,28.0,28.0,0.028950542822677925,0.019530506068283555,0.042716144435245566
cell_type,Dm3q | Dm3v,14,1400-1500,1450.0,766,18,22.0,22.0,0.02349869451697128,0.014914754899120471,0.03683822909135237
cell_type,Dm3q | Dm3v,15,1500-1600,1550.0,653,15,15.0,15.0,0.022970903522205207,0.013969109017048214,0.037552597281700226
cell_type,Dm3q | Dm3v,16,1600-1700,1650.0,662,11,14.0,14.0,0.01661631419939577,0.009303063282313473,0.029507368508070314
cell_type,Dm3q | Dm3v,17,1700-1800,1750.0,595,9,9.0,9.0,0.015126050420168067,0.007977798884835888,0.028495285149406226
cell_type,Dm3q | Dm3v,18,1800-1900,1850.0,549,4,4.0,4.0,0.007285974499089253,0.0028368693326015666,0.01858264757784801
cell_type,Dm3q | Dm3v,19,1900-2000,1950.0,542,7,8.0,8.0,0.012915129151291513,0.006269789785075709,0.026416615941420772
cell_type,Dm3q | L2,1,100-200,150.0,302,14,19.0,19.0,0.046357615894039736,0.027811916856038576,0.07629949244864725
cell_type,Dm3q | L2,2,200-300,250.0,328,5,5.0,5.0,0.01524390243902439,0.006528305553588654,0.03518316160423605
cell_type,Dm3q | L2,3,300-400,350.0,364,4,5.0,5.0,0.01098901098901099,0.004281411069712183,0.02791070640694081
cell_type,Dm3q | L2,4,400-500,450.0,434,1,1.0,1.0,0.002304147465437788,0.00040684399817946665,0.012934967286997636
cell_type,Dm3q | L2,5,500-600,550.0,462,1,1.0,1.0,0.0021645021645021645,0.00038218018663115604,0.012157704615413142
cell_type,Dm3q | L2,6,600-700,650.0,490,2,2.0,2.0,0.004081632653061225,0.0011200220045603287,0.014758753700038069
cell_type,Dm3q | L2,7,700-800,750.0,544,2,2.0,2.0,0.003676470588235294,0.001008779385300116,0.013304847035183469
cell_type,Dm3q | L2,8,800-900,850.0,547,1,1.0,1.0,0.0018281535648994515,0.0003227786167039077,0.010282084923014223
cell_type,Dm3q | L2,9,900-1000,950.0,550,1,1.0,1.0,0.0018181818181818182,0.0003210176102927155,0.010226402446272194
cell_type,Dm3q | L2,10,1000-1100,1050.0,583,1,1.0,1.0,0.0017152658662092624,0.00030284294878842825,0.00965146158585942
cell_type,Dm3q | L2,11,1100-1200,1150.0,598,0,0.0,0.0,0.0,0.0,0.006383074882161684
cell_type,Dm3q | L2,15,1500-1600,1550.0,637,0,0.0,0.0,0.0,0.0,0.005994617078541717
cell_type,Dm3q | L2,16,1600-1700,1650.0,706,0,0.0,0.0,0.0,0.0,0.005411911615211055
cell_type,Dm3q | L2,17,1700-1800,1750.0,688,0,0.0,0.0,0.0,0.0,0.005552716113052468
cell_type,Dm3q | L2,18,1800-1900,1850.0,709,0,0.0,0.0,0.0,0.0,0.0053891355386666544
cell_type,Dm3q | L2,19,1900-2000,1950.0,714,0,0.0,0.0,0.0,0.0,0.005351598458490007
cell_type,Dm3q | Mi14,2,200-300,250.0,106,0,0.0,0.0,0.0,0.0,0.034973998922084165
cell_type,Dm3q | Mi14,3,300-400,350.0,117,1,1.0,1.0,0.008547008547008548,0.0015103146975802076,0.04683065397545954
cell_type,Dm3q | Mi14,5,500-600,550.0,145,0,0.0,0.0,0.0,0.0,0.02580998860533614
cell_type,Dm3q | Mi14,7,700-800,750.0,192,1,1.0,1.0,0.005208333333333333,0.0009199674643243817,0.02890822021388086
cell_type,Dm3q | Mi14,8,800-900,850.0,217,2,2.0,2.0,0.009216589861751152,0.002531117911770518,0.03297668496594817
cell_type,Dm3q | Mi14,10,1000-1100,1050.0,257,1,1.0,1.0,0.0038910505836575876,0.0006871788263164199,0.021708021939205638
cell_type,Dm3q | Mi14,12,1200-1300,1250.0,258,2,2.0,2.0,0.007751937984496124,0.0021283969736853557,0.027819479910659993
cell_type,Dm3q | Mi14,15,1500-1600,1550.0,280,0,0.0,0.0,0.0,0.0,0.013534309276723356
cell_type,Dm3q | Mi14,17,1700-1800,1750.0,311,2,2.0,2.0,0.006430868167202572,0.001765314223347846,0.02314117843835887
cell_type,Dm3q | Mi14,18,1800-1900,1850.0,348,0,0.0,0.0,0.0,0.0,0.010918549711006314
cell_type,Dm3q | Mi4,0,0-100,50.0,5262,2291,8046.0,8046.0,0.435385784872672,0.42204115574946627,0.4488246902721838
cell_type,Dm3q | Mi4,1,100-200,150.0,2176,697,1901.0,1901.0,0.3203125,0.30103883041055834,0.3402195068924825
cell_type,Dm3q | Mi4,2,200-300,250.0,1179,272,619.0,619.0,0.23070398642917728,0.2075540603815861,0.25560313665984363
cell_type,Dm3q | Mi4,3,300-400,350.0,892,168,392.0,392.0,0.18834080717488788,0.16403891346400248,0.2153156510036445
cell_type,Dm3q | Mi4,5,500-600,550.0,838,77,128.0,128.0,0.09188544152744631,0.07414566014530699,0.11334994472857907
cell_type,Dm3q | Mi4,6,600-700,650.0,825,62,100.0,100.0,0.07515151515151515,0.05906460448598873,0.09517668842208925
cell_type,Dm3q | Mi4,8,800-900,850.0,769,16,22.0,22.0,0.02080624187256177,0.012846799349226673,0.033529586186955646
cell_type,Dm3q | Mi4,9,900-1000,950.0,741,10,10.0,10.0,0.01349527665317139,0.007346526709705927,0.02466242660332063
cell_type,Dm3q | Mi4,10,1000-1100,1050.0,734,14,19.0,19.0,0.01907356948228883,0.011395049220292984,0.03176001278759597
cell_type,Dm3q | Mi4,11,1100-1200,1150.0,678,2,2.0,2.0,0.0029498525073746312,0.000809312100725104,0.010691306224704145
cell_type,Dm3q | Mi4,12,1200-1300,1250.0,680,5,5.0,5.0,0.007352941176470588,0.003144661258125574,0.017096283428480213
cell_type,Dm3q | Mi4,13,1300-1400,1350.0,716,2,2.0,2.0,0.002793296089385475,0.0007663410161189328,0.010127166666682395
cell_type,Dm3q | Mi4,14,1400-1500,1450.0,679,5,5.0,5.0,0.007363770250368188,0.003149298443605522,0.017121288468498246
cell_type,Dm3q | Mi4,16,1600-1700,1650.0,618,0,0.0,0.0,0.0,0.0,0.006177779035690117
cell_type,Dm3q | Mi4,17,1700-1800,1750.0,559,1,1.0,1.0,0.0017889087656529517,0.0003158480262212063,0.010062915732534367
cell_type,Dm3q | Mi4,19,1900-2000,1950.0,519,0,0.0,0.0,0.0,0.0,0.007347540823071461
cell_type,Dm3q | Mi9,0,0-100,50.0,5358,914,1147.0,1147.0,0.1705860395670026,0.160750980925516,0.1808931288146897
cell_type,Dm3q | Mi9,1,100-200,150.0,1404,66,74.0,74.0,0.04700854700854701,0.03711939239785466,0.0593698717352694
cell_type,Dm3q | Mi9,2,200-300,250.0,852,39,40.0,40.0,0.045774647887323945,0.03366362373880758,0.0619634175267724
cell_type,Dm3q | Mi9,3,300-400,350.0,854,31,35.0,35.0,0.03629976580796253,0.025688942859167774,0.051063688395833154
cell_type,Dm3q | Mi9,4,400-500,450.0,833,20,20.0,20.0,0.024009603841536616,0.01559531398874778,0.03679405097590025
cell_type,Dm3q | Mi9,5,500-600,550.0,834,18,22.0,22.0,0.02158273381294964,0.013694894820675669,0.03385776907187872
cell_type,Dm3q | Mi9,6,600-700,650.0,861,10,12.0,12.0,0.011614401858304297,0.006320693735212583,0.0212468978330006
cell_type,Dm3q | Mi9,7,700-800,750.0,830,9,9.0,9.0,0.010843373493975903,0.005714992328501757,0.020478951461301964
cell_type,Dm3q | Mi9,8,800-900,850.0,791,4,4.0,4.0,0.0050568900126422255,0.0019681987667169946,0.012929863941626403
cell_type,Dm3q | Mi9,9,900-1000,950.0,824,2,2.0,2.0,0.0024271844660194173,0.0006658601343037338,0.008806483367158382
cell_type,Dm3q | Mi9,10,1000-1100,1050.0,745,5,5.0,5.0,0.006711409395973154,0.0028699778225716273,0.015614038022701924
cell_type,Dm3q | Mi9,11,1100-1200,1150.0,787,2,2.0,2.0,0.0025412960609911056,0.0006971773088177173,0.009218335481607064
cell_type,Dm3q | Mi9,12,1200-1300,1250.0,742,1,2.0,2.0,0.0013477088948787063,0.0002379372194283142,0.007594288818915483
cell_type,Dm3q | Mi9,14,1400-1500,1450.0,685,1,2.0,2.0,0.00145985401459854,0.0002577399479519564,0.008222584120745403
cell_type,Dm3q | Mi9,15,1500-1600,1550.0,675,0,0.0,0.0,0.0,0.0,0.005659052126445992
cell_type,Dm3q | Mi9,16,1600-1700,1650.0,666,0,0.0,0.0,0.0,0.0,0.005735087220620516
cell_type,Dm3q | Mi9,18,1800-1900,1850.0,600,0,0.0,0.0,0.0,0.0,0.006361933328210577
cell_type,Dm3q | Mi9,19,1900-2000,1950.0,562,1,1.0,1.0,0.0017793594306049821,0.00031416163381964464,0.010009575609960238
cell_type,Dm3q | R8,0,0-100,50.0,70,7,10.0,10.0,0.1,0.04928867510614622,0.19233122478768055
cell_type,Dm3q | R8,3,300-400,350.0,181,3,4.0,4.0,0.016574585635359115,0.005652492493845508,0.0475909332285027
cell_type,Dm3q | R8,6,600-700,650.0,318,6,7.0,7.0,0.018867924528301886,0.008675200625106013,0.04054652832478735
cell_type,Dm3q | R8,7,700-800,750.0,318,0,0.0,0.0,0.0,0.0,0.011936306555771534
cell_type,Dm3q | R8,8,800-900,850.0,310,2,2.0,2.0,0.0064516129032258064,0.001771014542147913,0.023214838193754528
cell_type,Dm3q | R8,11,1100-1200,1150.0,366,0,0.0,0.0,0.0,0.0,0.01038714952563476
cell_type,Dm3q | R8,14,1400-1500,1450.0,374,0,0.0,0.0,0.0,0.0,0.010167223513768732
cell_type,Dm3q | R8,15,1500-1600,1550.0,377,0,0.0,0.0,0.0,0.0,0.010087133338374799
cell_type,Dm3q | R8,16,1600-1700,1650.0,422,0,0.0,0.0,0.0,0.0,0.009021194735319423
cell_type,Dm3q | R8,17,1700-1800,1750.0,414,1,1.0,1.0,0.0024154589371980675,0.0004265041683927011,0.01355391329123793
cell_type,Dm3q | R8,19,1900-2000,1950.0,463,0,0.0,0.0,0.0,0.0,0.008228915332309716
cell_type,Dm3q | T1,0,0-100,50.0,229,8,8.0,8.0,0.034934497816593885,0.017805976520917793,0.06740903660388463
cell_type,Dm3q | T1,1,100-200,150.0,312,7,8.0,8.0,0.022435897435897436,0.010909401979460727,0.045579673557137365
cell_type,Dm3q | T1,3,300-400,350.0,373,1,1.0,1.0,0.002680965147453083,0.0004734008676579521,0.015028072430406807
cell_type,Dm3q | T1,5,500-600,550.0,309,0,0.0,0.0,0.0,0.0,0.01227969681781451
cell_type,Dm3q | T1,7,700-800,750.0,405,0,0.0,0.0,0.0,0.0,0.009396304094299602
cell_type,Dm3q | T1,8,800-900,850.0,362,0,0.0,0.0,0.0,0.0,0.010500719437045978
cell_type,Dm3q | T1,10,1000-1100,1050.0,386,0,0.0,0.0,0.0,0.0,0.00985425875535089
cell_type,Dm3q | T1,11,1100-1200,1150.0,424,0,0.0,0.0,0.0,0.0,0.008979024012625233
cell_type,Dm3q | T1,12,1200-1300,1250.0,456,0,0.0,0.0,0.0,0.0,0.008354181091923828
cell_type,Dm3q | T1,13,1300-1400,1350.0,469,0,0.0,0.0,0.0,0.0,0.008124496660192335
cell_type,Dm3q | T1,14,1400-1500,1450.0,470,0,0.0,0.0,0.0,0.0,0.008107350642071106
cell_type,Dm3q | T1,15,1500-1600,1550.0,504,0,0.0,0.0,0.0,0.0,0.007564563438678517
cell_type,Dm3q | T1,16,1600-1700,1650.0,483,0,0.0,0.0,0.0,0.0,0.007890862243489461
cell_type,Dm3q | T1,17,1700-1800,1750.0,482,0,0.0,0.0,0.0,0.0,0.00790710387912439
cell_type,Dm3q | T1,18,1800-1900,1850.0,505,0,0.0,0.0,0.0,0.0,0.0075496971945689965
cell_type,Dm3q | T1,19,1900-2000,1950.0,517,0,0.0,0.0,0.0,0.0,0.007375754932017718
cell_type,Dm3q | T2a,0,0-100,50.0,3529,1366,2061.0,2061.0,0.38707849249079057,0.37113894978106066,0.4032636161307538
cell_type,Dm3q | T2a,1,100-200,150.0,2284,671,945.0,945.0,0.29378283712784586,0.2754610021921183,0.3127972058936163
cell_type,Dm3q | T2a,2,200-300,250.0,1494,413,593.0,593.0,0.27643908969210174,0.2543556196816636,0.2996693186028652
cell_type,Dm3q | T2a,3,300-400,350.0,1333,334,441.0,441.0,0.25056264066016504,0.2280387669190336,0.2745201001898295
cell_type,Dm3q | T2a,4,400-500,450.0,1096,238,309.0,309.0,0.21715328467153286,0.19375362195637902,0.24252883908164685
cell_type,Dm3q | T2a,5,500-600,550.0,1034,182,239.0,239.0,0.1760154738878143,0.15401372646439007,0.200415697062283
cell_type,Dm3q | T2a,6,600-700,650.0,1003,170,230.0,230.0,0.1694915254237288,0.1475431998560513,0.1939619584528624
cell_type,Dm3q | T2a,7,700-800,750.0,861,119,146.0,146.0,0.13821138211382114,0.11676065763407109,0.16287621459779192
cell_type,Dm3q | T2a,8,800-900,850.0,776,118,147.0,147.0,0.15206185567010308,0.12851504237441527,0.1790366450451837
cell_type,Dm3q | T2a,9,900-1000,950.0,762,87,112.0,112.0,0.1141732283464567,0.09350173252643672,0.1387154779254374
cell_type,Dm3q | T2a,10,1000-1100,1050.0,741,81,101.0,101.0,0.10931174089068826,0.08882745238539053,0.13382606213366963
cell_type,Dm3q | T2a,11,1100-1200,1150.0,690,57,68.0,68.0,0.08260869565217391,0.06430565994329757,0.10553368090913903
cell_type,Dm3q | T2a,12,1200-1300,1250.0,619,46,61.0,61.0,0.07431340872374798,0.05617395417822313,0.09770401415272972
cell_type,Dm3q | T2a,13,1300-1400,1350.0,628,41,47.0,47.0,0.06528662420382166,0.048487109538234596,0.08737225774622404
cell_type,Dm3q | T2a,14,1400-1500,1450.0,577,27,30.0,30.0,0.04679376083188908,0.032355903221049004,0.06722649583576787
cell_type,Dm3q | T2a,15,1500-1600,1550.0,539,21,24.0,24.0,0.03896103896103896,0.0256218187710834,0.05882565172491397
cell_type,Dm3q | T2a,16,1600-1700,1650.0,528,18,22.0,22.0,0.03409090909090909,0.021670941187247893,0.05324158916013372
cell_type,Dm3q | T2a,18,1800-1900,1850.0,509,16,17.0,17.0,0.03143418467583497,0.01943975262289746,0.050448493572418984
cell_type,Dm3q | Tm1,0,0-100,50.0,4496,3658,21403.0,21403.0,0.8136120996441281,0.8019629754446631,0.8247257506651626
cell_type,Dm3q | Tm1,1,100-200,150.0,1412,745,1969.0,1969.0,0.5276203966005666,0.501540451901246,0.5535504565732613
cell_type,Dm3q | Tm1,2,200-300,250.0,938,364,745.0,745.0,0.3880597014925373,0.35739069013735386,0.41964188094466254
cell_type,Dm3q | Tm1,3,300-400,350.0,940,288,553.0,553.0,0.30638297872340425,0.2777502285747268,0.3365918389925429
cell_type,Dm3q | Tm1,4,400-500,450.0,916,207,327.0,327.0,0.2259825327510917,0.2000748107503939,0.25417905208859926
cell_type,Dm3q | Tm1,5,500-600,550.0,858,146,245.0,245.0,0.17016317016317017,0.1465020388482203,0.19676475170818822
cell_type,Dm3q | Tm1,6,600-700,650.0,889,108,153.0,153.0,0.12148481439820022,0.10162251222894277,0.14460436608855498
cell_type,Dm3q | Tm1,7,700-800,750.0,880,77,104.0,104.0,0.0875,0.07057785293622859,0.10800799321538951
cell_type,Dm3q | Tm1,8,800-900,850.0,854,47,63.0,63.0,0.05503512880562061,0.041637328263202884,0.07241822698149498
cell_type,Dm3q | Tm1,9,900-1000,950.0,793,35,42.0,42.0,0.044136191677175286,0.031904071732239137,0.06076378095015095
cell_type,Dm3q | Tm1,11,1100-1200,1150.0,778,26,29.0,29.0,0.033419023136246784,0.02290636674831558,0.04851679620438481
cell_type,Dm3q | Tm1,13,1300-1400,1350.0,723,8,10.0,10.0,0.011065006915629323,0.005617183399742369,0.021681199081392447
cell_type,Dm3q | Tm1,14,1400-1500,1450.0,738,4,4.0,4.0,0.005420054200542005,0.0021096778642720818,0.013852759399963305
cell_type,Dm3q | Tm1,16,1600-1700,1650.0,647,3,4.0,4.0,0.00463678516228748,0.0015781233959612914,0.01354322102947187
cell_type,Dm3q | Tm1,17,1700-1800,1750.0,650,4,5.0,5.0,0.006153846153846154,0.002395597565157972,0.015715210924237624
cell_type,Dm3q | Tm1,18,1800-1900,1850.0,621,3,3.0,3.0,0.004830917874396135,0.0016442497904987398,0.014106302029354482
cell_type,Dm3q | Tm1,19,1900-2000,1950.0,532,5,6.0,6.0,0.009398496240601503,0.004020908826625964,0.02181060556120805
cell_type,Dm3q | Tm20,0,0-100,50.0,6551,2185,3308.0,3308.0,0.3335368646008243,0.3222200833167029,0.34504876418679736
cell_type,Dm3q | Tm20,1,100-200,150.0,1931,209,240.0,240.0,0.108234075608493,0.09514674769241506,0.12287709467276871
cell_type,Dm3q | Tm20,2,200-300,250.0,1249,91,103.0,103.0,0.07285828662930344,0.05971658172499475,0.08861948885248289
cell_type,Dm3q | Tm20,3,300-400,350.0,1031,55,60.0,60.0,0.0533462657613967,0.04121233362813267,0.06879638654701296
cell_type,Dm3q | Tm20,4,400-500,450.0,991,34,36.0,36.0,0.034308779011099896,0.024654000822995594,0.04756010843821744
cell_type,Dm3q | Tm20,5,500-600,550.0,927,34,37.0,37.0,0.036677454153182305,0.026363680279246467,0.05081550896197353
cell_type,Dm3q | Tm20,6,600-700,650.0,909,19,22.0,22.0,0.020902090209020903,0.013421437626827303,0.032415211360247775
cell_type,Dm3q | Tm20,7,700-800,750.0,855,11,11.0,11.0,0.012865497076023392,0.00719876043106453,0.022890140712056625
cell_type,Dm3q | Tm20,8,800-900,850.0,816,12,12.0,12.0,0.014705882352941176,0.008431987634902736,0.025527743122843637
cell_type,Dm3q | Tm20,9,900-1000,950.0,743,11,11.0,11.0,0.014804845222072678,0.00828646774978904,0.026314711402523845
cell_type,Dm3q | Tm20,10,1000-1100,1050.0,695,6,6.0,6.0,0.008633093525179856,0.003962404595766639,0.018705965461196197
cell_type,Dm3q | Tm20,11,1100-1200,1150.0,680,4,5.0,5.0,0.0058823529411764705,0.002289802692083195,0.015026488098064698
cell_type,Dm3q | Tm20,12,1200-1300,1250.0,567,5,5.0,5.0,0.008818342151675485,0.0037723272904984905,0.02047537995438345
cell_type,Dm3q | Tm20,13,1300-1400,1350.0,567,2,2.0,2.0,0.003527336860670194,0.000967836295993469,0.012769074258528133
cell_type,Dm3q | Tm20,15,1500-1600,1550.0,537,2,2.0,2.0,0.0037243947858473,0.001021936873388492,0.013476947827788341
cell_type,Dm3q | Tm20,16,1600-1700,1650.0,501,4,4.0,4.0,0.007984031936127744,0.003109038170053386,0.02034703201116781
cell_type,Dm3q | Tm20,19,1900-2000,1950.0,384,3,3.0,3.0,0.0078125,0.0026603928996866994,0.022714914957954156
cell_type,Dm3q | Tm21,0,0-100,50.0,4358,541,618.0,618.0,0.12413951353832033,0.1146792086345234,0.13426188083557564
cell_type,Dm3q | Tm21,1,100-200,150.0,2253,187,217.0,217.0,0.08300044385264092,0.07230584293767725,0.09511467961915618
cell_type,Dm3q | Tm21,2,200-300,250.0,1536,84,93.0,93.0,0.0546875,0.04438761760863072,0.06720931547851279
cell_type,Dm3q | Tm21,3,300-400,350.0,1419,71,74.0,74.0,0.05003523608174771,0.039856736545469035,0.06264349960168888
cell_type,Dm3q | Tm21,4,400-500,450.0,1303,57,63.0,63.0,0.043745203376822715,0.03391649043318598,0.056256335408905345
cell_type,Dm3q | Tm21,5,500-600,550.0,1237,39,44.0,44.0,0.03152789005658852,0.023147934038079764,0.0428085909527007
cell_type,Dm3q | Tm21,6,600-700,650.0,1186,22,27.0,27.0,0.01854974704890388,0.012281385615157129,0.027926991701621846
cell_type,Dm3q | Tm21,7,700-800,750.0,1038,17,19.0,19.0,0.016377649325626204,0.010250128711027187,0.0260717075450793
cell_type,Dm3q | Tm21,8,800-900,850.0,993,16,18.0,18.0,0.016112789526686808,0.009941914006744063,0.026013246773062878
cell_type,Dm3q | Tm21,9,900-1000,950.0,936,15,17.0,17.0,0.016025641025641024,0.00973536282871847,0.026272406991217138
cell_type,Dm3q | Tm21,10,1000-1100,1050.0,833,10,10.0,10.0,0.012004801920768308,0.006533567165199269,0.021956412300448713
cell_type,Dm3q | Tm21,12,1200-1300,1250.0,727,6,6.0,6.0,0.008253094910591471,0.003787747097217886,0.017888085258247373
cell_type,Dm3q | Tm21,13,1300-1400,1350.0,674,9,9.0,9.0,0.013353115727002967,0.007040658021523561,0.025181619277479632
cell_type,Dm3q | Tm21,14,1400-1500,1450.0,576,3,3.0,3.0,0.005208333333333333,0.0017728191639145123,0.015200092058736639
cell_type,Dm3q | Tm21,15,1500-1600,1550.0,561,3,3.0,3.0,0.0053475935828877,0.0018202633207249274,0.015603382529722345
cell_type,Dm3q | Tm21,17,1700-1800,1750.0,537,2,2.0,2.0,0.0037243947858473,0.001021936873388492,0.013476947827788341
cell_type,Dm3q | Tm21,18,1800-1900,1850.0,554,4,4.0,4.0,0.007220216606498195,0.0028112340545576545,0.018416297201626894
cell_type,Dm3q | Tm21,19,1900-2000,1950.0,494,0,0.0,0.0,0.0,0.0,0.0077165106331009686
cell_type,Dm3q | Tm27,1,100-200,150.0,261,4,4.0,4.0,0.01532567049808429,0.00597547629605668,0.03873653269346762
cell_type,Dm3q | Tm27,2,200-300,250.0,234,0,0.0,0.0,0.0,0.0,0.01615192632407451
cell_type,Dm3q | Tm27,3,300-400,350.0,249,3,3.0,3.0,0.012048192771084338,0.004105701869888309,0.034818272665947565
cell_type,Dm3q | Tm27,6,600-700,650.0,358,2,2.0,2.0,0.00558659217877095,0.001533352272449235,0.02013800889774236
cell_type,Dm3q | Tm27,8,800-900,850.0,381,0,0.0,0.0,0.0,0.0,0.009982288817009388
cell_type,Dm3q | Tm27,9,900-1000,950.0,440,2,2.0,2.0,0.004545454545454545,0.0012473877910091644,0.016420176493185917
cell_type,Dm3q | Tm27,11,1100-1200,1150.0,435,0,0.0,0.0,0.0,0.0,0.00875395586927037
cell_type,Dm3q | Tm27,15,1500-1600,1550.0,410,0,0.0,0.0,0.0,0.0,0.009282778725000097
cell_type,Dm3q | Tm27,16,1600-1700,1650.0,464,0,0.0,0.0,0.0,0.0,0.00821132622665449
cell_type,Dm3q | Tm27,19,1900-2000,1950.0,437,0,0.0,0.0,0.0,0.0,0.008714241124249615
cell_type,Dm3q | Tm4,0,0-100,50.0,3584,144,156.0,156.0,0.04017857142857143,0.03422621139212084,0.04711561819143714
cell_type,Dm3q | Tm4,1,100-200,150.0,2041,43,44.0,44.0,0.021068103870651642,0.01567851630878457,0.028257209568466758
cell_type,Dm3q | Tm4,2,200-300,250.0,1296,18,19.0,19.0,0.013888888888888888,0.008803163480628567,0.02184795585575826
cell_type,Dm3q | Tm4,3,300-400,350.0,1163,11,12.0,12.0,0.009458297506448839,0.005289423623061142,0.01685719850628358
cell_type,Dm3q | Tm4,4,400-500,450.0,1202,5,5.0,5.0,0.004159733777038269,0.0017780326413289619,0.009700755285708882
cell_type,Dm3q | Tm4,5,500-600,550.0,1099,3,3.0,3.0,0.00272975432211101,0.0009287708240250992,0.007995085512188551
cell_type,Dm3q | Tm4,6,600-700,650.0,1131,6,8.0,8.0,0.005305039787798408,0.0024335144256241933,0.011525790555793477
cell_type,Dm3q | Tm4,7,700-800,750.0,1119,5,6.0,6.0,0.004468275245755138,0.0019100166105855722,0.010417278708718593
cell_type,Dm3q | Tm4,8,800-900,850.0,1025,1,1.0,1.0,0.000975609756097561,0.00017223541157000656,0.005505606541943537
cell_type,Dm3q | Tm4,9,900-1000,950.0,1019,1,1.0,1.0,0.0009813542688910696,0.0001732496783166046,0.0055378985581258705
cell_type,Dm3q | Tm4,10,1000-1100,1050.0,981,3,3.0,3.0,0.0030581039755351682,0.001040545723573644,0.00895253336650541
cell_type,Dm3q | Tm4,11,1100-1200,1150.0,1004,3,3.0,3.0,0.00298804780876494,0.0010166965725826615,0.008748329995084321
cell_type,Dm3q | Tm4,12,1200-1300,1250.0,919,1,1.0,1.0,0.001088139281828074,0.00019210419186204255,0.0061379095396385756
cell_type,Dm3q | Tm4,13,1300-1400,1350.0,879,0,0.0,0.0,0.0,0.0,0.004351403468074
cell_type,Dm3q | Tm4,14,1400-1500,1450.0,852,3,3.0,3.0,0.0035211267605633804,0.0011981862146575473,0.010301137959348483
cell_type,Dm3q | Tm4,15,1500-1600,1550.0,841,0,0.0,0.0,0.0,0.0,0.004547124573411157
cell_type,Dm3q | Tm4,16,1600-1700,1650.0,828,0,0.0,0.0,0.0,0.0,0.004618186924049001
cell_type,Dm3q | Tm4,17,1700-1800,1750.0,775,0,0.0,0.0,0.0,0.0,0.004932453530987558
cell_type,Dm3q | Tm4,18,1800-1900,1850.0,747,0,0.0,0.0,0.0,0.0,0.005116392059257239
cell_type,Dm3q | Tm4,19,1900-2000,1950.0,712,0,0.0,0.0,0.0,0.0,0.005366550365332219
cell_type,Dm3q | TmY3,0,0-100,50.0,282,11,17.0,17.0,0.03900709219858156,0.021917982367853427,0.06848733302360813
cell_type,Dm3q | TmY3,3,300-400,350.0,313,1,1.0,1.0,0.003194888178913738,0.0005641844999816053,0.017872788422765913
cell_type,Dm3q | TmY3,5,500-600,550.0,407,1,1.0,1.0,0.002457002457002457,0.00043384184977681827,0.013784776712705653
cell_type,Dm3q | TmY3,7,700-800,750.0,381,0,0.0,0.0,0.0,0.0,0.009982288817009388
cell_type,Dm3q | TmY3,8,800-900,850.0,384,0,0.0,0.0,0.0,0.0,0.009905074649031977
cell_type,Dm3q | TmY3,9,900-1000,950.0,426,0,0.0,0.0,0.0,0.0,0.008937245720283937
cell_type,Dm3q | TmY3,10,1000-1100,1050.0,376,0,0.0,0.0,0.0,8.673617379884035e-19,0.010113689495831947
cell_type,Dm3q | TmY3,11,1100-1200,1150.0,444,0,0.0,0.0,0.0,0.0,0.00857803294736353
cell_type,Dm3q | TmY3,12,1200-1300,1250.0,422,1,1.0,1.0,0.002369668246445498,0.00041841641196845025,0.013299360338823393
cell_type,Dm3q | TmY3,14,1400-1500,1450.0,408,0,0.0,0.0,0.0,0.0,0.009327858089129412
cell_type,Dm3q | TmY3,16,1600-1700,1650.0,405,0,0.0,0.0,0.0,0.0,0.009396304094299602
cell_type,Dm3q | TmY3,17,1700-1800,1750.0,375,0,0.0,0.0,0.0,0.0,0.010140385849917222
cell_type,Dm3q | TmY3,18,1800-1900,1850.0,423,0,0.0,0.0,0.0,0.0,0.00900005997541008
cell_type,Dm3v | L2,2,200-300,250.0,205,2,2.0,2.0,0.00975609756097561,0.002679507763058954,0.03486856695002503
cell_type,Dm3v | L2,3,300-400,350.0,287,1,1.0,1.0,0.003484320557491289,0.00061531732199651,0.01946984243506713
cell_type,Dm3v | L2,5,500-600,550.0,421,2,2.0,2.0,0.004750593824228029,0.001303725071028463,0.01715397775280046
cell_type,Dm3v | L2,6,600-700,650.0,536,3,3.0,3.0,0.005597014925373134,0.0019052434834177234,0.016325289324724514
cell_type,Dm3v | L2,7,700-800,750.0,582,1,1.0,1.0,0.001718213058419244,0.00030336340803315334,0.00966793258733488
cell_type,Dm3v | L2,8,800-900,850.0,687,1,1.0,1.0,0.001455604075691412,0.0002569894782984304,0.008198783885668068
cell_type,Dm3v | L2,9,900-1000,950.0,769,0,0.0,0.0,0.0,0.0,0.004970746916315064
cell_type,Dm3v | L2,10,1000-1100,1050.0,746,0,0.0,0.0,0.0,0.0,0.0051232153564166084
cell_type,Dm3v | L2,11,1100-1200,1150.0,764,0,0.0,0.0,0.0,0.0,0.005003115225848664
cell_type,Dm3v | L2,12,1200-1300,1250.0,798,0,0.0,0.0,0.0,0.0,0.0047909711843336636
cell_type,Dm3v | L2,13,1300-1400,1350.0,804,0,0.0,0.0,0.0,0.0,0.004755387689863953
cell_type,Dm3v | L2,14,1400-1500,1450.0,757,0,0.0,0.0,0.0,0.0,0.0050491455777391765
cell_type,Dm3v | L2,15,1500-1600,1550.0,774,0,0.0,0.0,0.0,0.0,0.004938794736614755
cell_type,Dm3v | L2,16,1600-1700,1650.0,725,1,1.0,1.0,0.001379310344827586,0.0002435173882667104,0.007771392847372965
cell_type,Dm3v | L2,17,1700-1800,1750.0,730,0,0.0,0.0,0.0,0.0,0.005234917181037434
cell_type,Dm3v | L2,18,1800-1900,1850.0,666,0,0.0,0.0,0.0,0.0,0.005735087220620516
cell_type,Dm3v | L2,19,1900-2000,1950.0,658,0,0.0,0.0,0.0,0.0,0.005804409997800079
cell_type,Dm3v | Mi15,2,200-300,250.0,165,2,3.0,3.0,0.012121212121212121,0.0033303221439865346,0.043113208360344143
cell_type,Dm3v | Mi15,4,400-500,450.0,212,2,2.0,2.0,0.009433962264150943,0.002590902462183525,0.033739443495222274
cell_type,Dm3v | Mi15,6,600-700,650.0,296,0,0.0,0.0,0.0,0.0,0.012812098121141296
cell_type,Dm3v | Mi15,7,700-800,750.0,331,1,1.0,1.0,0.0030211480362537764,0.0005334923064099252,0.016912368661880756
cell_type,Dm3v | Mi15,9,900-1000,950.0,346,0,0.0,0.0,0.0,0.0,0.010980969673132068
cell_type,Dm3v | Mi15,10,1000-1100,1050.0,382,0,0.0,0.0,0.0,0.0,0.009956417348466313
cell_type,Dm3v | Mi15,11,1100-1200,1150.0,368,0,0.0,0.0,0.0,0.0,0.010331280846467956
cell_type,Dm3v | Mi15,12,1200-1300,1250.0,395,1,1.0,1.0,0.002531645569620253,0.00044702598180833015,0.014199390038987895
cell_type,Dm3v | Mi15,13,1300-1400,1350.0,384,0,0.0,0.0,0.0,0.0,0.009905074649031977
cell_type,Dm3v | Mi15,15,1500-1600,1550.0,355,1,1.0,1.0,0.0028169014084507044,0.0004974126546710604,0.015781636374204076
cell_type,Dm3v | Mi15,18,1800-1900,1850.0,346,0,0.0,0.0,0.0,0.0,0.010980969673132068
cell_type,Dm3v | Mi15,19,1900-2000,1950.0,364,0,0.0,0.0,0.0,0.0,0.010443625734555309
cell_type,Dm3v | R8,0,0-100,50.0,60,2,6.0,6.0,0.03333333333333333,0.009189126490150246,0.11363987528925378
cell_type,Dm3v | R8,5,500-600,550.0,276,5,5.0,5.0,0.018115942028985508,0.007762135604811371,0.041700131620647604
cell_type,Dm3v | R8,6,600-700,650.0,300,3,3.0,3.0,0.01,0.0034065567627181124,0.028984004635062833
cell_type,Dm3v | R8,9,900-1000,950.0,330,1,1.0,1.0,0.0030303030303030303,0.0005351095557256189,0.01696300931262392
cell_type,Dm3v | R8,10,1000-1100,1050.0,330,0,0.0,0.0,0.0,0.0,0.011507253739498012
cell_type,Dm3v | R8,12,1200-1300,1250.0,353,0,0.0,0.0,0.0,0.0,0.010765560965986028
cell_type,Dm3v | R8,13,1300-1400,1350.0,375,0,0.0,0.0,0.0,0.0,0.010140385849917222
cell_type,Dm3v | R8,16,1600-1700,1650.0,361,0,0.0,0.0,0.0,0.0,0.010529501021813301
cell_type,Dm3v | R8,17,1700-1800,1750.0,385,2,2.0,2.0,0.005194805194805195,0.001425730993307353,0.01874083554689822
cell_type,Dm3v | R8,19,1900-2000,1950.0,367,0,0.0,0.0,0.0,0.0,0.010359139859174374
cell_type,Dm3v | Tm27,0,0-100,50.0,255,13,13.0,13.0,0.050980392156862744,0.030031779480640196,0.08525726215717999
cell_type,Dm3v | Tm27,1,100-200,150.0,221,3,4.0,4.0,0.013574660633484163,0.004627072352362524,0.03914418705870732
cell_type,Dm3v | Tm27,3,300-400,350.0,212,4,4.0,4.0,0.018867924528301886,0.007361105154346095,0.04750134953464806
cell_type,Dm3v | Tm27,4,400-500,450.0,232,0,0.0,0.0,0.0,0.0,0.01628889898983046
cell_type,Dm3v | Tm27,6,600-700,650.0,267,1,1.0,1.0,0.003745318352059925,0.0006614298649481216,0.020906896418754234
cell_type,Dm3v | Tm27,7,700-800,750.0,327,1,1.0,1.0,0.0030581039755351682,0.0005400206747298974,0.01711676734709082
cell_type,Dm3v | Tm27,9,900-1000,950.0,351,0,0.0,0.0,0.0,0.0,0.010826239088088881
cell_type,Dm3v | Tm27,11,1100-1200,1150.0,343,0,0.0,0.0,0.0,0.0,0.011075949367088606
cell_type,Dm3v | Tm27,12,1200-1300,1250.0,355,1,1.0,1.0,0.0028169014084507044,0.0004974126546710604,0.015781636374204076
cell_type,Dm3v | Tm27,14,1400-1500,1450.0,400,0,0.0,0.0,0.0,0.0,0.009512640599680667
cell_type,Dm3v | Tm27,15,1500-1600,1550.0,353,1,1.0,1.0,0.0028328611898017,0.000500231844119613,0.015870056821775842
cell_type,Dm3v | Tm27,19,1900-2000,1950.0,385,1,1.0,1.0,0.0025974025974025974,0.0004586407760462704,0.014564443173819174
cell_type,Dm3v | Tm4,0,0-100,50.0,2537,278,326.0,326.0,0.10957824201813166,0.09800836696918928,0.12232870559763269
cell_type,Dm3v | Tm4,1,100-200,150.0,1850,119,139.0,139.0,0.06432432432432432,0.054022852355869413,0.07643144319991053
cell_type,Dm3v | Tm4,2,200-300,250.0,1258,71,82.0,82.0,0.05643879173290938,0.044984872339376994,0.07059350136458079
cell_type,Dm3v | Tm4,3,300-400,350.0,1204,55,61.0,61.0,0.04568106312292359,0.035262581267276424,0.05898951271590812
cell_type,Dm3v | Tm4,4,400-500,450.0,1089,43,47.0,47.0,0.03948576675849403,0.02944517641952564,0.05276399277754738
cell_type,Dm3v | Tm4,5,500-600,550.0,1089,36,37.0,37.0,0.03305785123966942,0.023972710098561556,0.0454258193864068
cell_type,Dm3v | Tm4,6,600-700,650.0,1070,25,27.0,27.0,0.02336448598130841,0.015875081607551432,0.03426415680526476
cell_type,Dm3v | Tm4,7,700-800,750.0,1065,13,15.0,15.0,0.012206572769953052,0.007147243201464746,0.020772328791242124
cell_type,Dm3v | Tm4,8,800-900,850.0,1002,15,18.0,18.0,0.014970059880239521,0.009092670563720269,0.024552388459489746
cell_type,Dm3v | Tm4,9,900-1000,950.0,918,4,4.0,4.0,0.004357298474945534,0.0016957062791514528,0.011149884546864643
cell_type,Dm3v | Tm4,10,1000-1100,1050.0,871,8,8.0,8.0,0.009184845005740528,0.004661250476340682,0.018018969577209585
cell_type,Dm3v | Tm4,11,1100-1200,1150.0,803,4,4.0,4.0,0.0049813200498132005,0.00193876094034833,0.012737725745514175
cell_type,Dm3v | Tm4,13,1300-1400,1350.0,730,1,1.0,1.0,0.0013698630136986301,0.0002418491785087908,0.007718451791073745
cell_type,Dm3v | Tm4,14,1400-1500,1450.0,734,0,0.0,0.0,0.0,0.0,0.005206537554944042
cell_type,Dm3v | Tm4,15,1500-1600,1550.0,676,1,1.0,1.0,0.0014792899408284023,0.00026117202447332923,0.008331417778798492
cell_type,Dm3v | Tm4,16,1600-1700,1650.0,662,2,2.0,2.0,0.0030211480362537764,0.0008288817580350246,0.010948093426453299
cell_type,Dm3v | Tm4,18,1800-1900,1850.0,561,1,1.0,1.0,0.0017825311942959,0.00031472176014703517,0.0100272927090422
cell_type,Dm3v | Tm4,19,1900-2000,1950.0,552,0,0.0,0.0,0.0,0.0,0.006911321498786704
cell_type,Dm9 | Lawf2,3,300-400,350.0,156,2,2.0,2.0,0.01282051282051282,0.003522843269481466,0.04553572471282101
cell_type,Dm9 | Lawf2,4,400-500,450.0,178,2,2.0,2.0,0.011235955056179775,0.0030866670600996488,0.04003657866585085
cell_type,Dm9 | Lawf2,5,500-600,550.0,174,1,1.0,1.0,0.005747126436781609,0.0010152042313482327,0.031832003621032764
cell_type,Dm9 | Lawf2,6,600-700,650.0,188,1,1.0,1.0,0.005319148936170213,0.0009395541295989206,0.02951056722051492
cell_type,Dm9 | Lawf2,7,700-800,750.0,186,0,0.0,0.0,0.0,0.0,0.02023581765008302
cell_type,Dm9 | Lawf2,10,1000-1100,1050.0,167,0,0.0,0.0,0.0,0.0,0.022486326515321793
cell_type,Dm9 | Lawf2,12,1200-1300,1250.0,144,0,0.0,0.0,0.0,0.0,0.025984567266588023
cell_type,H2 | T5b,0,0-100,50.0,1270,1260,12727.0,12727.0,0.9921259842519685,0.9855662409269987,0.9957174602804355
cell_type,KCab | KCab,0,0-100,50.0,128584,59796,114445.0,114445.0,0.46503452995707084,0.4623093499995642,0.46776179912220484
cell_type,KCab | KCab,1,100-200,150.0,47115,10528,13664.0,13664.0,0.22345325267961372,0.2197144498235777,0.22723714925817898
cell_type,KCab | KCab,2,200-300,250.0,36169,5637,6870.0,6870.0,0.15585169620393155,0.15215014736641788,0.15962634298262898
cell_type,KCab | KCab,3,300-400,350.0,33494,4120,4812.0,4812.0,0.12300710575028363,0.11953276313894033,0.12656791697174477
cell_type,KCab | KCab,4,400-500,450.0,32718,3111,3561.0,3561.0,0.09508527416101228,0.09195413605345429,0.09831148762709063
cell_type,KCab | KCab,5,500-600,550.0,30169,2116,2397.0,2397.0,0.07013822135304451,0.0673108259880629,0.07307507654489573
cell_type,KCab | KCab,6,600-700,650.0,29763,1611,1794.0,1794.0,0.05412760810402177,0.05161401993029353,0.056756281606836954
cell_type,KCab | KCab,7,700-800,750.0,27336,1143,1223.0,1223.0,0.04181299385425812,0.03950382349236421,0.04425092657173271
cell_type,KCab | KCab,8,800-900,850.0,25820,793,844.0,844.0,0.030712625871417504,0.028676870020551647,0.03288800574913243
cell_type,KCab | KCab,9,900-1000,950.0,23911,585,630.0,630.0,0.02446572707122245,0.02258258092213906,0.026501649683845805
cell_type,KCab | KCab,10,1000-1100,1050.0,21819,405,434.0,434.0,0.018561803932352537,0.016853770949746594,0.020439337570089793
cell_type,KCab | KCab,11,1100-1200,1150.0,20990,327,344.0,344.0,0.015578847070033349,0.013989940161100802,0.01734503952170294
cell_type,KCab | KCab,12,1200-1300,1250.0,19060,203,209.0,209.0,0.010650577124868835,0.00928867741683209,0.01220969676185391
cell_type,KCab | KCab,13,1300-1400,1350.0,17956,153,161.0,161.0,0.0085208286923591,0.007277578229019911,0.009974333391403287
cell_type,KCab | KCab,14,1400-1500,1450.0,16833,124,132.0,132.0,0.007366482504604052,0.006182337169230366,0.008775432582550159
cell_type,KCab | KCab,15,1500-1600,1550.0,15294,111,118.0,118.0,0.007257748136524127,0.006030689027935781,0.008732282501328844
cell_type,KCab | KCab,16,1600-1700,1650.0,14306,73,74.0,74.0,0.0051027540891933456,0.004060649817371839,0.006410577201660993
cell_type,KCab | KCab,17,1700-1800,1750.0,13229,69,69.0,69.0,0.005215813742535339,0.004123764603378434,0.006595142513291052
cell_type,KCab | KCab,18,1800-1900,1850.0,12308,38,40.0,40.0,0.0030874228144296394,0.0022502932324756685,0.004234650498444327
cell_type,KCab | KCab,19,1900-2000,1950.0,11365,36,40.0,40.0,0.0031676198856137264,0.002289007471791553,0.00438199760228741
cell_type,KCab | KCab-p,0,0-100,50.0,2895,1325,2197.0,2197.0,0.45768566493955093,0.439605172975807,0.47587830842586726
cell_type,KCab | KCab-p,1,100-200,150.0,1613,334,423.0,423.0,0.20706757594544328,0.18799998554476963,0.22752717555746824
cell_type,KCab | KCab-p,2,200-300,250.0,1709,220,256.0,256.0,0.12873025160912815,0.11368070156848958,0.14544518607926493
cell_type,KCab | KCab-p,3,300-400,350.0,1871,197,244.0,244.0,0.10529128808123998,0.09218306313242262,0.12001705019981836
cell_type,KCab | KCab-p,4,400-500,450.0,2087,148,168.0,168.0,0.07091518926689028,0.060672821038844894,0.0827343122418398
cell_type,KCab | KCab-p,5,500-600,550.0,2181,121,136.0,136.0,0.055479138010087116,0.04663017345735975,0.0658913017836829
cell_type,KCab | KCab-p,6,600-700,650.0,2365,93,101.0,101.0,0.03932346723044398,0.03220785243138935,0.04793325957880164
cell_type,KCab | KCab-p,7,700-800,750.0,2396,66,74.0,74.0,0.027545909849749584,0.021710382317135433,0.034894020240100014
cell_type,KCab | KCab-p,8,800-900,850.0,2520,42,42.0,42.0,0.016666666666666666,0.01235387834818177,0.02245084156767983
cell_type,KCab | KCab-p,9,900-1000,950.0,2709,54,62.0,62.0,0.019933554817275746,0.015309880279983626,0.025916854078557615
cell_type,KCab | KCab-p,10,1000-1100,1050.0,2526,30,33.0,33.0,0.011876484560570071,0.008331702830437143,0.016903711118009274
cell_type,KCab | KCab-p,11,1100-1200,1150.0,2759,26,26.0,26.0,0.009423704240666908,0.006439081563659658,0.013772572987944024
cell_type,KCab | KCab-p,12,1200-1300,1250.0,2863,24,24.0,24.0,0.008382815228781,0.005639693714352157,0.012443481861166212
cell_type,KCab | KCab-p,13,1300-1400,1350.0,2949,14,14.0,14.0,0.004747371990505256,0.0028300325848504312,0.007953342994794613
cell_type,KCab | KCab-p,14,1400-1500,1450.0,3044,10,11.0,11.0,0.0032851511169513796,0.0017854139244027592,0.006037039840911029
cell_type,KCab | KCab-p,15,1500-1600,1550.0,3009,10,10.0,10.0,0.003323363243602526,0.0018061925712622613,0.006107134169844873
cell_type,KCab | KCab-p,16,1600-1700,1650.0,3042,5,5.0,5.0,0.001643655489809336,0.0007022589979576062,0.0038421664245594416
cell_type,KCab | KCab-p,17,1700-1800,1750.0,3042,8,8.0,8.0,0.0026298487836949377,0.0013331757469950307,0.005181148569804636
cell_type,KCab | KCab-p,18,1800-1900,1850.0,3020,8,8.0,8.0,0.0026490066225165563,0.001342891898128052,0.005218827472357492
cell_type,KCab | KCab-p,19,1900-2000,1950.0,3070,3,3.0,3.0,0.000977198697068404,0.0003323841336737611,0.0028693423313464273
cell_type,KCab | KCapbp-ap1,0,0-100,50.0,2087,35,38.0,38.0,0.016770483948251078,0.012082975811648775,0.023233711975699633
cell_type,KCab | KCapbp-ap1,1,100-200,150.0,938,9,9.0,9.0,0.009594882729211088,0.00505593829023313,0.0181343731166956
cell_type,KCab | KCapbp-ap1,2,200-300,250.0,694,5,5.0,5.0,0.007204610951008645,0.003081145587817773,0.016753728114179925
cell_type,KCab | KCapbp-ap1,3,300-400,350.0,695,1,1.0,1.0,0.0014388489208633094,0.00025403079986641326,0.008104944968032922
cell_type,KCab | KCapbp-ap1,4,400-500,450.0,781,6,6.0,6.0,0.0076824583866837385,0.0035255100593939047,0.0166589449949763
cell_type,KCab | KCapbp-ap1,5,500-600,550.0,896,4,4.0,4.0,0.004464285714285714,0.0017373738103971222,0.011422275621236176
cell_type,KCab | KCapbp-ap1,6,600-700,650.0,985,2,2.0,2.0,0.0020304568527918783,0.0005569895583928774,0.007373097525322047
cell_type,KCab | KCapbp-ap1,7,700-800,750.0,1115,0,0.0,0.0,0.0,0.0,0.0034335512730309633
cell_type,KCab | KCapbp-ap1,8,800-900,850.0,1270,2,2.0,2.0,0.0015748031496062992,0.000431965066838074,0.005723902350272498
cell_type,KCab | KCapbp-ap1,9,900-1000,950.0,1333,2,2.0,2.0,0.0015003750937734434,0.0004115448255821788,0.005454221170927804
cell_type,KCab | KCapbp-ap1,10,1000-1100,1050.0,1476,3,3.0,3.0,0.0020325203252032522,0.000691463279583335,0.005958978227129276
cell_type,KCab | KCapbp-ap1,11,1100-1200,1150.0,1520,5,5.0,5.0,0.003289473684210526,0.0014058392510685885,0.00767751954422877
cell_type,KCab | KCapbp-ap1,12,1200-1300,1250.0,1631,3,3.0,3.0,0.0018393623543838135,0.0006257306874746359,0.005394179742991532
cell_type,KCab | KCapbp-ap1,13,1300-1400,1350.0,1837,2,2.0,2.0,0.0010887316276537834,0.0002986140221414976,0.0039611767170508365
cell_type,KCab | KCapbp-ap1,14,1400-1500,1450.0,1913,0,0.0,0.0,0.0,0.0,0.0020041301273928946
cell_type,KCab | KCapbp-ap1,15,1500-1600,1550.0,2075,1,1.0,1.0,0.00048192771084337347,8.507495231810922e-05,0.002724951554751982
cell_type,KCab | KCapbp-ap1,16,1600-1700,1650.0,2103,1,1.0,1.0,0.00047551117451260106,8.394217122505566e-05,0.0026887389833524884
cell_type,KCab | KCapbp-ap1,17,1700-1800,1750.0,2313,0,0.0,0.0,0.0,0.0,0.001658119398408592
cell_type,KCab | KCapbp-ap1,18,1800-1900,1850.0,2494,3,3.0,3.0,0.0012028869286287089,0.00040916514931120334,0.0035308765250687893
cell_type,KCab | KCapbp-ap1,19,1900-2000,1950.0,2550,0,0.0,0.0,0.0,0.0,0.0015042436461212005
cell_type,KCab | KCapbp-ap2,0,0-100,50.0,4306,84,94.0,94.0,0.019507663725034836,0.01578475011087746,0.02408715608632478
cell_type,KCab | KCapbp-ap2,1,100-200,150.0,2162,35,35.0,35.0,0.016188714153561518,0.011663010744687277,0.022430710605941505
cell_type,KCab | KCapbp-ap2,2,200-300,250.0,1550,17,17.0,17.0,0.01096774193548387,0.006858874472605371,0.017494701850747016
cell_type,KCab | KCapbp-ap2,3,300-400,350.0,1597,11,11.0,11.0,0.0068879148403256105,0.0038503979330707754,0.012292111107174056
cell_type,KCab | KCapbp-ap2,4,400-500,450.0,1754,25,25.0,25.0,0.014253135689851768,0.009672719465377021,0.020956661475431296
cell_type,KCab | KCapbp-ap2,5,500-600,550.0,1872,21,21.0,21.0,0.011217948717948718,0.0073488404292079345,0.017089043878294363
cell_type,KCab | KCapbp-ap2,6,600-700,650.0,2130,10,10.0,10.0,0.004694835680751174,0.0025521291355806116,0.008620958876200582
cell_type,KCab | KCapbp-ap2,7,700-800,750.0,2342,10,10.0,10.0,0.004269854824935952,0.002320949007453002,0.007842397059902952
cell_type,KCab | KCapbp-ap2,8,800-900,850.0,2397,11,11.0,11.0,0.00458906967042136,0.0025643893174360443,0.008199169594572146
cell_type,KCab | KCapbp-ap2,9,900-1000,950.0,2570,13,15.0,15.0,0.005058365758754864,0.002958534348548346,0.00863565233333604
cell_type,KCab | KCapbp-ap2,10,1000-1100,1050.0,2763,15,15.0,15.0,0.0054288816503800215,0.0032927470193956122,0.008938383233958968
cell_type,KCab | KCapbp-ap2,11,1100-1200,1150.0,2820,7,7.0,7.0,0.0024822695035460994,0.0012029213139128653,0.0051152801036170705
cell_type,KCab | KCapbp-ap2,12,1200-1300,1250.0,3057,11,11.0,11.0,0.003598298985933922,0.0020104269442423424,0.006432218372653506
cell_type,KCab | KCapbp-ap2,13,1300-1400,1350.0,3054,7,7.0,7.0,0.0022920759659463,0.0011107168941582762,0.004723986904756619
cell_type,KCab | KCapbp-ap2,14,1400-1500,1450.0,3215,7,7.0,7.0,0.002177293934681182,0.0010550742754693628,0.004487789343541899
cell_type,KCab | KCapbp-ap2,15,1500-1600,1550.0,3167,7,7.0,7.0,0.0022102936532996525,0.0010710712518841204,0.00455569988673094
cell_type,KCab | KCapbp-ap2,16,1600-1700,1650.0,3243,5,5.0,5.0,0.001541782300339192,0.0006587217154521618,0.0036043750737475323
cell_type,KCab | KCapbp-ap2,17,1700-1800,1750.0,3264,3,3.0,3.0,0.0009191176470588235,0.00031262541657513655,0.0026990260661650303
cell_type,KCab | KCapbp-ap2,18,1800-1900,1850.0,3474,1,1.0,1.0,0.0002878526194588371,5.081355572851239e-05,0.0016288489107852012
cell_type,KCab | KCapbp-ap2,19,1900-2000,1950.0,3527,3,3.0,3.0,0.0008505812305075135,0.00028931036061780047,0.002498013771962942
cell_type,KCab | KCapbp-m,0,0-100,50.0,8959,261,277.0,277.0,0.029132715704877778,0.025846893289947156,0.03282217880433152
cell_type,KCab | KCapbp-m,1,100-200,150.0,4788,78,82.0,82.0,0.016290726817042606,0.013073264418477764,0.02028376474542448
cell_type,KCab | KCapbp-m,2,200-300,250.0,3549,52,54.0,54.0,0.014652014652014652,0.011191067140214232,0.01916255177710536
cell_type,KCab | KCapbp-m,3,300-400,350.0,3470,39,41.0,41.0,0.011239193083573486,0.008232658019071167,0.01532673513230338
cell_type,KCab | KCapbp-m,4,400-500,450.0,3745,41,43.0,43.0,0.010947930574098798,0.008080530429827686,0.014817636299862894
cell_type,KCab | KCapbp-m,5,500-600,550.0,3890,29,30.0,30.0,0.007455012853470437,0.005195718143704813,0.010686181109721415
cell_type,KCab | KCapbp-m,6,600-700,650.0,4441,41,46.0,46.0,0.00923215492006305,0.006812826153140378,0.012499808069865457
cell_type,KCab | KCapbp-m,7,700-800,750.0,4551,29,30.0,30.0,0.0063722258844210065,0.004440475495717003,0.0091366377018089
cell_type,KCab | KCapbp-m,8,800-900,850.0,4782,28,29.0,29.0,0.005855290673358427,0.004054247049736233,0.008449635235043102
cell_type,KCab | KCapbp-m,9,900-1000,950.0,5045,41,41.0,41.0,0.008126858275520317,0.0059964344829705534,0.011005802228119768
cell_type,KCab | KCapbp-m,10,1000-1100,1050.0,5067,21,21.0,21.0,0.0041444641799881585,0.00271238638820129,0.0063278486686381905
cell_type,KCab | KCapbp-m,11,1100-1200,1150.0,5196,22,22.0,22.0,0.004234026173979984,0.0027978036601232215,0.006402784296248371
cell_type,KCab | KCapbp-m,12,1200-1300,1250.0,5174,34,35.0,35.0,0.006571318129107074,0.004706388838513218,0.009168427262466
cell_type,KCab | KCapbp-m,13,1300-1400,1350.0,5468,17,19.0,19.0,0.003108997805413314,0.0019420531637335983,0.004973644103526477
cell_type,KCab | KCapbp-m,14,1400-1500,1450.0,5337,16,16.0,16.0,0.002997938916994566,0.001846217121582162,0.00486463534032197
cell_type,KCab | KCapbp-m,15,1500-1600,1550.0,5327,16,16.0,16.0,0.0030035667354984044,0.00184968442193129,0.004873756769793483
cell_type,KCab | KCapbp-m,16,1600-1700,1650.0,5256,13,13.0,13.0,0.0024733637747336376,0.0014460452792189969,0.004227433557101853
cell_type,KCab | KCapbp-m,17,1700-1800,1750.0,5160,15,15.0,15.0,0.0029069767441860465,0.0017624885532569433,0.0047910819513069455
cell_type,KCab | KCapbp-m,18,1800-1900,1850.0,5176,8,8.0,8.0,0.0015455950540958269,0.0007833829762519163,0.0030471588688886758
cell_type,KCab | KCapbp-m,19,1900-2000,1950.0,5261,9,9.0,9.0,0.0017107013875689032,0.0009002745339639221,0.003248302319706281
cell_type,KCab | KCg-m,0,0-100,50.0,69421,1432,1558.0,1558.0,0.020627763933103817,0.019596656261670082,0.021711923403854142
cell_type,KCab | KCg-m,1,100-200,150.0,22669,183,202.0,202.0,0.008072698398694253,0.006988267599860022,0.009323829777470927
cell_type,KCab | KCg-m,2,200-300,250.0,15356,115,126.0,126.0,0.007488929408700182,0.00624310348312602,0.008981116016637572
cell_type,KCab | KCg-m,3,300-400,350.0,15620,88,92.0,92.0,0.005633802816901409,0.004575436522444488,0.006935279254397489
cell_type,KCab | KCg-m,4,400-500,450.0,17037,86,91.0,91.0,0.005047837060515349,0.0040895266999954666,0.006229306379234612
cell_type,KCab | KCg-m,5,500-600,550.0,17788,60,66.0,66.0,0.0033730604902181245,0.0026216006767777094,0.004338982875180173
cell_type,KCab | KCg-m,6,600-700,650.0,19456,66,70.0,70.0,0.0033922697368421054,0.0026674978813130373,0.004313113923872469
cell_type,KCab | KCg-m,7,700-800,750.0,20271,55,58.0,58.0,0.0027132356568496867,0.0020852568563849523,0.003529662472997133
cell_type,KCab | KCg-m,8,800-900,850.0,21155,49,54.0,54.0,0.002316237296147483,0.0017525884463826867,0.0030606051076538447
cell_type,KCab | KCg-m,9,900-1000,950.0,21642,46,47.0,47.0,0.00212549671934202,0.0015939952404012765,0.0028337189492840076
cell_type,KCab | KCg-m,10,1000-1100,1050.0,21333,34,35.0,35.0,0.001593774902732855,0.0011407888086177815,0.0022262324847305277
cell_type,KCab | KCg-m,11,1100-1200,1150.0,22091,35,35.0,35.0,0.0015843556199357203,0.0011394666660342933,0.002202562271616022
cell_type,KCab | KCg-m,12,1200-1300,1250.0,21952,33,34.0,34.0,0.0015032798833819242,0.0010706552573327172,0.0021103478338901673
cell_type,KCab | KCg-m,13,1300-1400,1350.0,21718,28,30.0,30.0,0.0012892531540657519,0.000892173976999449,0.0018627305611130104
cell_type,KCab | KCg-m,14,1400-1500,1450.0,21656,22,22.0,22.0,0.0010158847432582194,0.0006709946465656102,0.0015377749688132943
cell_type,KCab | KCg-m,15,1500-1600,1550.0,21760,19,19.0,19.0,0.0008731617647058824,0.0005590803133588495,0.0013634479226488964
cell_type,KCab | KCg-m,16,1600-1700,1650.0,21579,21,23.0,23.0,0.0009731683581259558,0.0006366231921935144,0.001487360333682893
cell_type,KCab | KCg-m,17,1700-1800,1750.0,20817,18,18.0,18.0,0.0008646779074794639,0.0005470369416397991,0.0013665072255661984
cell_type,KCab | KCg-m,18,1800-1900,1850.0,20800,15,15.0,15.0,0.0007211538461538462,0.0004370905220926019,0.0011896090390115356
cell_type,KCab | KCg-m,19,1900-2000,1950.0,20629,19,20.0,20.0,0.0009210334965340056,0.0005897362669249394,0.0014381763595161998
cell_type,KCab | MBON07,0,0-100,50.0,3281,3265,21507.0,21507.0,0.9951234379762267,0.9920927448034252,0.9969960441354385
cell_type,KCab | MBON14,0,0-100,50.0,3228,3178,20378.0,20378.0,0.9845105328376704,0.9796382851440826,0.9882309322086491
cell_type,KCab | MBON18,0,0-100,50.0,1625,1611,10112.0,10112.0,0.9913846153846154,0.9855902511095056,0.9948611322539842
cell_type,KCab | PAM04,0,0-100,50.0,11430,6928,11468.0,11468.0,0.6061242344706912,0.5971323762784283,0.6150447803475653
cell_type,KCab | PAM04,1,100-200,150.0,3685,1294,1699.0,1699.0,0.35115332428765267,0.33590366161315843,0.36671300807523377
cell_type,KCab | PAM04,2,200-300,250.0,2677,643,795.0,795.0,0.2401942472917445,0.22439065612134557,0.2567424328310192
cell_type,KCab | PAM04,3,300-400,350.0,2594,508,616.0,616.0,0.19583654587509639,0.18101920503451796,0.2115534599039448
cell_type,KCab | PAM04,4,400-500,450.0,2389,386,447.0,447.0,0.16157388028463793,0.14735974818003822,0.1768746683396345
cell_type,KCab | PAM04,5,500-600,550.0,2116,274,322.0,322.0,0.12948960302457466,0.11585276333263089,0.1444693286576385
cell_type,KCab | PAM04,6,600-700,650.0,2014,225,261.0,261.0,0.11171797418073486,0.09869217809491548,0.12622220567039094
cell_type,KCab | PAM04,7,700-800,750.0,1642,156,181.0,181.0,0.09500609013398295,0.08175345605479169,0.11014933702079956
cell_type,KCab | PAM04,8,800-900,850.0,1499,132,151.0,151.0,0.08805870580386925,0.07474562076521077,0.1034778194163759
cell_type,KCab | PAM04,9,900-1000,950.0,1235,92,102.0,102.0,0.07449392712550608,0.06113227734715677,0.09049453273090326
cell_type,KCab | PAM04,10,1000-1100,1050.0,1116,75,82.0,82.0,0.06720430107526881,0.05394945537467001,0.08342854522827241
cell_type,KCab | PAM04,11,1100-1200,1150.0,1094,60,66.0,66.0,0.054844606946983544,0.04284447360939632,0.06996014228418977
cell_type,KCab | PAM04,12,1200-1300,1250.0,964,41,43.0,43.0,0.04253112033195021,0.031504277815718254,0.05718957456673773
cell_type,KCab | PAM04,13,1300-1400,1350.0,870,30,31.0,31.0,0.034482758620689655,0.02425920344543328,0.04879934629630482
cell_type,KCab | PAM04,14,1400-1500,1450.0,766,19,22.0,22.0,0.024804177545691905,0.015935861490100664,0.03841505953053527
cell_type,KCab | PAM04,15,1500-1600,1550.0,729,15,18.0,18.0,0.0205761316872428,0.012508280987482035,0.033670320227296165
cell_type,KCab | PAM04,16,1600-1700,1650.0,634,14,16.0,16.0,0.022082018927444796,0.013198444728428054,0.0367224133654937
cell_type,KCab | PAM04,17,1700-1800,1750.0,623,13,15.0,15.0,0.02086677367576244,0.012234398485443025,0.03537188673876673
cell_type,KCab | PAM10,0,0-100,50.0,9148,5736,9740.0,9740.0,0.6270222999562746,0.6170608657463366,0.6368770957673329
cell_type,KCab | PAM10,1,100-200,150.0,2423,887,1208.0,1208.0,0.3660751134956665,0.3471195916249826,0.38545463159584903
cell_type,KCab | PAM10,2,200-300,250.0,1919,493,625.0,625.0,0.2569046378322043,0.2378547094818368,0.27692591519364346
cell_type,KCab | PAM10,3,300-400,350.0,1566,322,381.0,381.0,0.20561941251596424,0.1863339830240252,0.22634561471373382
cell_type,KCab | PAM10,4,400-500,450.0,1493,242,293.0,293.0,0.1620897521768252,0.14426684231535028,0.18164713548964925
cell_type,KCab | PAM10,6,600-700,650.0,958,144,170.0,170.0,0.15031315240083507,0.12908103028028994,0.17433857644081668
cell_type,KCab | PAM10,8,800-900,850.0,554,52,64.0,64.0,0.09386281588447654,0.07229700373021923,0.12102239016224055
cell_type,KCab | PAM10,9,900-1000,950.0,435,38,43.0,43.0,0.08735632183908046,0.06430476646676749,0.11763240630810161
cell_type,KCab | PAM10,11,1100-1200,1150.0,267,19,25.0,25.0,0.07116104868913857,0.04602643201075326,0.10846091409855932
cell_type,KCab | PAM10,12,1200-1300,1250.0,201,11,14.0,14.0,0.05472636815920398,0.030829484437093754,0.09532457801896986
cell_type,KCab | PAM10,13,1300-1400,1350.0,172,8,11.0,11.0,0.046511627906976744,0.023753540562369307,0.08908437719998044
cell_type,KCab | PAM10,17,1700-1800,1750.0,78,1,1.0,1.0,0.01282051282051282,0.0022666733888537863,0.06911023028849367
cell_type,KCab | PAM11,0,0-100,50.0,5842,3393,5522.0,5522.0,0.5807942485450188,0.5680920102843529,0.5933902987812912
cell_type,KCab | PAM11,1,100-200,150.0,1992,614,794.0,794.0,0.30823293172690763,0.28833993997207463,0.32886415077340336
cell_type,KCab | PAM11,2,200-300,250.0,1508,320,380.0,380.0,0.21220159151193635,0.1923095965575842,0.23355618197371172
cell_type,KCab | PAM11,3,300-400,350.0,1387,233,266.0,266.0,0.16798846431146358,0.14923596529119712,0.18857504064937872
cell_type,KCab | PAM11,4,400-500,450.0,1369,166,205.0,205.0,0.1212563915266618,0.10501623719800476,0.13961620983739978
cell_type,KCab | PAM11,5,500-600,550.0,1172,123,136.0,136.0,0.10494880546075085,0.08867360236786745,0.12380535738317386
cell_type,KCab | PAM11,6,600-700,650.0,974,100,111.0,111.0,0.1026694045174538,0.0851417138570154,0.12331904297722031
cell_type,KCab | PAM11,7,700-800,750.0,904,59,70.0,70.0,0.06526548672566372,0.05093304738628296,0.08327714963487137
cell_type,KCab | PAM11,8,800-900,850.0,820,54,59.0,59.0,0.06585365853658537,0.05082072623123879,0.0849354676778816
cell_type,KCab | PAM11,9,900-1000,950.0,684,29,30.0,30.0,0.04239766081871345,0.029679752135774392,0.06022699383597259
cell_type,KCab | PAM11,10,1000-1100,1050.0,615,27,31.0,31.0,0.04390243902439024,0.030345178485567652,0.06312235827989866
cell_type,KCab | PAM11,11,1100-1200,1150.0,518,18,19.0,19.0,0.03474903474903475,0.022091414016244294,0.05425665788910016
cell_type,KCab | PAM11,12,1200-1300,1250.0,385,11,11.0,11.0,0.02857142857142857,0.016027155729873743,0.050430754123392985
cell_type,KCab | PAM11,14,1400-1500,1450.0,310,10,11.0,11.0,0.03225806451612903,0.017614391024539926,0.058352593594452586
cell_type,KCab | PAM11,15,1500-1600,1550.0,267,13,16.0,16.0,0.04868913857677903,0.028671642188779618,0.08150936397866292
cell_type,KCab | PAM11,16,1600-1700,1650.0,205,3,4.0,4.0,0.014634146341463415,0.004989101745671687,0.04213560903991893
cell_type,KCab | PAM11,17,1700-1800,1750.0,217,3,3.0,3.0,0.013824884792626729,0.0047125629776650635,0.03985150466176519
cell_type,KCab | PAM11,18,1800-1900,1850.0,199,1,2.0,2.0,0.005025125628140704,0.0008875866694877336,0.02791123960677907
cell_type,KCab | PAM11,19,1900-2000,1950.0,157,1,1.0,1.0,0.006369426751592357,0.0011252175133328532,0.035193744745187334
cell_type,KCab-p | KCg-m,0,0-100,50.0,264,9,9.0,9.0,0.03409090909090909,0.01803692222215706,0.06350978299465765
cell_type,KCab-p | KCg-m,7,700-800,750.0,277,0,0.0,0.0,0.0,0.0,0.01367888517940362
cell_type,KCab-p | KCg-m,8,800-900,850.0,297,0,0.0,0.0,0.0,0.0,0.012769510599597926
cell_type,KCab-p | KCg-m,9,900-1000,950.0,370,0,0.0,0.0,0.0,0.0,0.010276009946458605
cell_type,KCab-p | KCg-m,11,1100-1200,1150.0,499,1,1.0,1.0,0.002004008016032064,0.00035383515489426087,0.0112633421033119
cell_type,KCab-p | KCg-m,12,1200-1300,1250.0,610,1,1.0,1.0,0.001639344262295082,0.00028943570811677723,0.00922702586763827
cell_type,KCab-p | KCg-m,13,1300-1400,1350.0,671,1,1.0,1.0,0.0014903129657228018,0.00026311852329023635,0.008393135033099883
cell_type,KCab-p | KCg-m,14,1400-1500,1450.0,762,1,1.0,1.0,0.0013123359580052493,0.0002316911349624852,0.007395995843650324
cell_type,KCab-p | KCg-m,15,1500-1600,1550.0,922,1,1.0,1.0,0.0010845986984815619,0.00019147904019679255,0.006118023578825727
cell_type,KCab-p | KCg-m,16,1600-1700,1650.0,1024,0,0.0,0.0,0.0,0.0,0.003737540881785676
cell_type,KCab-p | KCg-m,17,1700-1800,1750.0,1139,0,0.0,0.0,0.0,0.0,0.0033614457156617324
cell_type,KCab-p | KCg-m,18,1800-1900,1850.0,1248,1,1.0,1.0,0.0008012820512820513,0.00014145632467782313,0.004524948754047792
cell_type,KCab-p | KCg-m,19,1900-2000,1950.0,1379,0,0.0,0.0,0.0,0.0,0.0027780477532640038
cell_type,KCapbp-ap1 | KCapbp-ap2,0,0-100,50.0,2840,1419,2421.0,2421.0,0.49964788732394366,0.48127142004029777,0.5180253059095581
cell_type,KCapbp-ap1 | KCapbp-ap2,1,100-200,150.0,1183,290,380.0,380.0,0.2451394759087067,0.22147681348492523,0.27045201678189384
cell_type,KCapbp-ap1 | KCapbp-ap2,2,200-300,250.0,917,174,212.0,212.0,0.18974918211559433,0.16568463765855126,0.21640235754236056
cell_type,KCapbp-ap1 | KCapbp-ap2,3,300-400,350.0,940,126,147.0,147.0,0.13404255319148936,0.11374526178541838,0.15731886592414646
cell_type,KCapbp-ap1 | KCapbp-ap2,4,400-500,450.0,1028,119,139.0,139.0,0.11575875486381323,0.09761551860307395,0.13676309144715082
cell_type,KCapbp-ap1 | KCapbp-ap2,5,500-600,550.0,1024,97,118.0,118.0,0.0947265625,0.07827461422611237,0.11420796285580376
cell_type,KCapbp-ap1 | KCapbp-ap2,6,600-700,650.0,1153,87,100.0,100.0,0.07545533391153512,0.06157952465120163,0.09215076997167497
cell_type,KCapbp-ap1 | KCapbp-ap2,7,700-800,750.0,1176,57,69.0,69.0,0.04846938775510204,0.03759738337993992,0.06228178684087616
cell_type,KCapbp-ap1 | KCapbp-ap2,8,800-900,850.0,1224,65,71.0,71.0,0.05310457516339869,0.041882090581342776,0.06712350101939792
cell_type,KCapbp-ap1 | KCapbp-ap2,9,900-1000,950.0,1216,50,54.0,54.0,0.04111842105263158,0.03132716532299393,0.053799952820869995
cell_type,KCapbp-ap1 | KCapbp-ap2,10,1000-1100,1050.0,1271,51,53.0,53.0,0.04012588512981904,0.03064963835829999,0.05237369567786575
cell_type,KCapbp-ap1 | KCapbp-ap2,11,1100-1200,1150.0,1215,29,31.0,31.0,0.023868312757201648,0.016669252556129995,0.03406875966793588
cell_type,KCapbp-ap1 | KCapbp-ap2,12,1200-1300,1250.0,1259,40,48.0,48.0,0.03177124702144559,0.023417719199038962,0.04297350516354143
cell_type,KCapbp-ap1 | KCapbp-ap2,13,1300-1400,1350.0,1312,25,26.0,26.0,0.019054878048780487,0.012939540219145073,0.027978454773565285
cell_type,KCapbp-ap1 | KCapbp-ap2,14,1400-1500,1450.0,1248,20,20.0,20.0,0.016025641025641024,0.010397718090199673,0.024623965164295138
cell_type,KCapbp-ap1 | KCapbp-ap2,15,1500-1600,1550.0,1239,17,18.0,18.0,0.013720742534301856,0.008583950412377814,0.021863694725988966
cell_type,KCapbp-ap1 | KCapbp-ap2,16,1600-1700,1650.0,1275,12,12.0,12.0,0.009411764705882352,0.00539199147780639,0.016378961234398155
cell_type,KCapbp-ap1 | KCapbp-ap2,17,1700-1800,1750.0,1166,8,8.0,8.0,0.00686106346483705,0.003480597448389495,0.013480331279055315
cell_type,KCapbp-ap1 | KCapbp-ap2,18,1800-1900,1850.0,1213,9,10.0,10.0,0.00741962077493817,0.003908306859988321,0.014041112357763605
cell_type,KCapbp-ap1 | KCapbp-ap2,19,1900-2000,1950.0,1158,8,8.0,8.0,0.0069084628670120895,0.00350467070136679,0.013573044539678118
cell_type,KCapbp-ap1 | KCg-m,0,0-100,50.0,7585,364,428.0,428.0,0.04798945286750165,0.04340374666807638,0.053032789838364874
cell_type,KCapbp-ap1 | KCg-m,1,100-200,150.0,2735,78,88.0,88.0,0.028519195612431443,0.022911653553428984,0.03544937031885337
cell_type,KCapbp-ap1 | KCg-m,2,200-300,250.0,2157,43,46.0,46.0,0.019935095039406582,0.014833483396513348,0.02674365025363482
cell_type,KCapbp-ap1 | KCg-m,3,300-400,350.0,2274,41,46.0,46.0,0.01802990325417766,0.013318253246744313,0.02436724692148512
cell_type,KCapbp-ap1 | KCg-m,4,400-500,450.0,2554,41,41.0,41.0,0.01605324980422866,0.011855506242969441,0.021704664175714813
cell_type,KCapbp-ap1 | KCg-m,5,500-600,550.0,2710,26,26.0,26.0,0.00959409594095941,0.006555652482160182,0.014020935333429348
cell_type,KCapbp-ap1 | KCg-m,6,600-700,650.0,2971,29,34.0,34.0,0.009761023224503534,0.006804841939200346,0.013983357338367915
cell_type,KCapbp-ap1 | KCg-m,7,700-800,750.0,3136,32,36.0,36.0,0.01020408163265306,0.007237337031196818,0.014369358032656083
cell_type,KCapbp-ap1 | KCg-m,8,800-900,850.0,3187,26,29.0,29.0,0.00815814245371823,0.005573427874104891,0.011927158804970622
cell_type,KCapbp-ap1 | KCg-m,9,900-1000,950.0,3420,23,24.0,24.0,0.006725146198830409,0.00448552962985511,0.010071685867497335
cell_type,KCapbp-ap1 | KCg-m,10,1000-1100,1050.0,3458,23,25.0,25.0,0.006651243493348756,0.004436194175642987,0.00996122943842416
cell_type,KCapbp-ap1 | KCg-m,11,1100-1200,1150.0,3685,22,22.0,22.0,0.005970149253731343,0.003945945149152089,0.009023329541309005
cell_type,KCapbp-ap1 | KCg-m,12,1200-1300,1250.0,3897,15,15.0,15.0,0.003849114703618168,0.0023340306554898043,0.006341430557803245
cell_type,KCapbp-ap1 | KCg-m,13,1300-1400,1350.0,3868,18,18.0,18.0,0.004653567735263702,0.0029456625749716015,0.0073444278047588105
cell_type,KCapbp-ap1 | KCg-m,14,1400-1500,1450.0,4097,22,23.0,23.0,0.005369782767878936,0.003548846639939792,0.008117441567827122
cell_type,KCapbp-ap1 | KCg-m,15,1500-1600,1550.0,4094,10,10.0,10.0,0.002442598925256473,0.0013273235088267917,0.004490763749597253
cell_type,KCapbp-ap1 | KCg-m,16,1600-1700,1650.0,4427,15,15.0,15.0,0.00338829907386492,0.002054459673949783,0.005583276687467425
cell_type,KCapbp-ap1 | KCg-m,17,1700-1800,1750.0,4296,13,14.0,14.0,0.003026070763500931,0.0017693340415990343,0.005170828591368654
cell_type,KCapbp-ap1 | KCg-m,18,1800-1900,1850.0,4548,12,13.0,13.0,0.002638522427440633,0.0015100076027966655,0.0046065497044699135
cell_type,KCapbp-ap1 | KCg-m,19,1900-2000,1950.0,4687,12,12.0,12.0,0.002560273095796885,0.0014652081843975196,0.004470102016654674
cell_type,KCapbp-ap1 | MBON12,0,0-100,50.0,468,460,2137.0,2137.0,0.9829059829059829,0.9666351872498127,0.9913134124497474
cell_type,KCapbp-ap1 | PPL103,0,0-100,50.0,520,513,2621.0,2621.0,0.9865384615384616,0.9724765051108542,0.9934643441840474
cell_type,KCapbp-ap2 | KCapbp-ap2,0,0-100,50.0,8786,5679,11086.0,11086.0,0.6463692237650808,0.636310091871533,0.6563004143291702
cell_type,KCapbp-ap2 | KCapbp-ap2,1,100-200,150.0,2559,1052,1560.0,1560.0,0.4110980851895272,0.39218112440732544,0.4302815670052067
cell_type,KCapbp-ap2 | KCapbp-ap2,2,200-300,250.0,1627,519,721.0,721.0,0.3189920098340504,0.2967931445587989,0.3420436376277728
cell_type,KCapbp-ap2 | KCapbp-ap2,3,300-400,350.0,1286,348,453.0,453.0,0.27060653188180406,0.24703424172920374,0.2955452502022087
cell_type,KCapbp-ap2 | KCapbp-ap2,4,400-500,450.0,1095,269,350.0,350.0,0.245662100456621,0.22108265747775813,0.2720198970669552
cell_type,KCapbp-ap2 | KCapbp-ap2,5,500-600,550.0,925,171,209.0,209.0,0.18486486486486486,0.16116948246824245,0.21116698480454124
cell_type,KCapbp-ap2 | KCapbp-ap2,6,600-700,650.0,857,136,152.0,152.0,0.15869311551925322,0.13575971911564313,0.18467275069064873
cell_type,KCapbp-ap2 | KCapbp-ap2,7,700-800,750.0,697,95,116.0,116.0,0.13629842180774748,0.11281158828683911,0.16377245010357605
cell_type,KCapbp-ap2 | KCapbp-ap2,8,800-900,850.0,619,76,89.0,89.0,0.12277867528271405,0.0992264333401818,0.15098421411817678
cell_type,KCapbp-ap2 | KCapbp-ap2,9,900-1000,950.0,538,40,44.0,44.0,0.07434944237918216,0.055072750575402014,0.0996617696238592
cell_type,KCapbp-ap2 | KCapbp-ap2,10,1000-1100,1050.0,456,34,37.0,37.0,0.07456140350877193,0.05384447011668648,0.10238671905802063
cell_type,KCapbp-ap2 | KCapbp-ap2,11,1100-1200,1150.0,381,29,32.0,32.0,0.07611548556430446,0.05351628243998474,0.107177363984934
cell_type,KCapbp-ap2 | KCapbp-ap2,13,1300-1400,1350.0,316,8,9.0,9.0,0.02531645569620253,0.012882738233011868,0.049152969442287406
cell_type,KCapbp-ap2 | KCapbp-ap2,14,1400-1500,1450.0,267,11,12.0,12.0,0.04119850187265917,0.02315756324138111,0.07225466294543806
cell_type,KCapbp-ap2 | KCapbp-ap2,15,1500-1600,1550.0,239,3,3.0,3.0,0.012552301255230125,0.004277852142842806,0.036248976868331555
cell_type,KCapbp-ap2 | KCapbp-m,0,0-100,50.0,5465,2603,4270.0,4270.0,0.4763037511436414,0.46308336901095004,0.4895574242422319
cell_type,KCapbp-ap2 | KCapbp-m,1,100-200,150.0,2342,567,745.0,745.0,0.2421007685738685,0.2251834964065803,0.2598627232529227
cell_type,KCapbp-ap2 | KCapbp-m,2,200-300,250.0,1843,336,408.0,408.0,0.18231144872490504,0.16535057173834192,0.20059396838897595
cell_type,KCapbp-ap2 | KCapbp-m,3,300-400,350.0,1754,281,362.0,362.0,0.16020524515393386,0.1437846445825387,0.1781110256530502
cell_type,KCapbp-ap2 | KCapbp-m,4,400-500,450.0,1708,175,196.0,196.0,0.10245901639344263,0.08895778533078233,0.11774451703177274
cell_type,KCapbp-ap2 | KCapbp-m,5,500-600,550.0,1822,138,152.0,152.0,0.07574094401756312,0.06446449610765839,0.08880268763927784
cell_type,KCapbp-ap2 | KCapbp-m,6,600-700,650.0,1750,121,137.0,137.0,0.06914285714285714,0.05817572934284996,0.08199747672091318
cell_type,KCapbp-ap2 | KCapbp-m,7,700-800,750.0,1697,104,126.0,126.0,0.061284619917501476,0.05083353231284997,0.07371751347530575
cell_type,KCapbp-ap2 | KCapbp-m,8,800-900,850.0,1651,77,83.0,83.0,0.04663840096910963,0.03747683745161348,0.05790485950355129
cell_type,KCapbp-ap2 | KCapbp-m,9,900-1000,950.0,1604,55,60.0,60.0,0.03428927680798005,0.026437846674017967,0.04436614297272336
cell_type,KCapbp-ap2 | KCapbp-m,10,1000-1100,1050.0,1511,45,48.0,48.0,0.029781601588352084,0.02233125804115127,0.039616869076561895
cell_type,KCapbp-ap2 | KCapbp-m,11,1100-1200,1150.0,1537,27,30.0,30.0,0.01756668835393624,0.01210057629492426,0.02543838942355063
cell_type,KCapbp-ap2 | KCapbp-m,12,1200-1300,1250.0,1370,27,29.0,29.0,0.01970802919708029,0.013579356146382603,0.028522731896372833
cell_type,KCapbp-ap2 | KCapbp-m,13,1300-1400,1350.0,1362,20,21.0,21.0,0.014684287812041116,0.00952563681985872,0.022572960850617864
cell_type,KCapbp-ap2 | KCapbp-m,15,1500-1600,1550.0,1331,23,25.0,25.0,0.01728024042073629,0.011541915689637798,0.025797046476360025
cell_type,KCapbp-ap2 | KCapbp-m,16,1600-1700,1650.0,1273,14,15.0,15.0,0.010997643362136685,0.006562200740099653,0.01837558324187587
cell_type,KCapbp-ap2 | KCapbp-m,17,1700-1800,1750.0,1156,7,7.0,7.0,0.006055363321799308,0.002936231316209464,0.012446558885487045
cell_type,KCapbp-ap2 | KCapbp-m,18,1800-1900,1850.0,1117,13,17.0,17.0,0.011638316920322292,0.006813917694961318,0.01981036177503694
cell_type,KCapbp-ap2 | KCapbp-m,19,1900-2000,1950.0,1089,8,10.0,10.0,0.0073461891643709825,0.00372700154350701,0.014428969093042695
cell_type,KCapbp-ap2 | KCg-m,0,0-100,50.0,8047,167,178.0,178.0,0.02075307568037778,0.017859341484133196,0.0241041719950042
cell_type,KCapbp-ap2 | KCg-m,1,100-200,150.0,3132,46,49.0,49.0,0.014687100893997445,0.011029366422444783,0.019533912028864744
cell_type,KCapbp-ap2 | KCg-m,2,200-300,250.0,2315,21,21.0,21.0,0.009071274298056155,0.005940805588373323,0.013828375713186902
cell_type,KCapbp-ap2 | KCg-m,3,300-400,350.0,2258,18,20.0,20.0,0.007971656333038087,0.005048373558963261,0.012566299369503526
cell_type,KCapbp-ap2 | KCg-m,4,400-500,450.0,2620,17,18.0,18.0,0.0064885496183206106,0.0040550934993573325,0.010367118573200705
cell_type,KCapbp-ap2 | KCg-m,5,500-600,550.0,2738,18,18.0,18.0,0.006574141709276844,0.004162508944759148,0.010368454477781381
cell_type,KCapbp-ap2 | KCg-m,6,600-700,650.0,3027,15,15.0,15.0,0.004955401387512388,0.0030053576432134133,0.008160385891519644
cell_type,KCapbp-ap2 | KCg-m,7,700-800,750.0,3178,10,11.0,11.0,0.0031466331025802393,0.0017100939895451648,0.005782925147548271
cell_type,KCapbp-ap2 | KCg-m,8,800-900,850.0,3424,9,9.0,9.0,0.002628504672897196,0.001383485832916625,0.004988337182475918
cell_type,KCapbp-ap2 | KCg-m,9,900-1000,950.0,3654,8,8.0,8.0,0.0021893814997263274,0.0011098040108553557,0.004314597089509406
cell_type,KCapbp-ap2 | KCg-m,10,1000-1100,1050.0,3641,10,10.0,10.0,0.0027464982147761604,0.0014925373282358902,0.005048652280662341
cell_type,KCapbp-ap2 | KCg-m,11,1100-1200,1150.0,3813,6,7.0,7.0,0.0015735641227380016,0.0007213620133692329,0.0034290853093595906
cell_type,KCapbp-ap2 | KCg-m,12,1200-1300,1250.0,3835,7,8.0,8.0,0.0018252933507170795,0.0008844491942985183,0.003763202847400728
cell_type,KCapbp-ap2 | KCg-m,13,1300-1400,1350.0,3902,7,7.0,7.0,0.0017939518195797027,0.0008692580097492087,0.0036986691688644865
cell_type,KCapbp-ap2 | KCg-m,14,1400-1500,1450.0,3853,5,5.0,5.0,0.0012976901116013497,0.0005544108607217306,0.0030344324041922336
cell_type,KCapbp-ap2 | KCg-m,15,1500-1600,1550.0,3891,6,6.0,6.0,0.0015420200462606013,0.0007068976028084596,0.0033604308348871834
cell_type,KCapbp-ap2 | KCg-m,16,1600-1700,1650.0,3922,4,4.0,4.0,0.0010198878123406426,0.0003966772790515644,0.002619644113029054
cell_type,KCapbp-ap2 | KCg-m,17,1700-1800,1750.0,3867,10,10.0,10.0,0.002585983966899405,0.00140527228476656,0.004754008425660857
cell_type,KCapbp-ap2 | KCg-m,18,1800-1900,1850.0,4022,0,0.0,0.0,0.0,0.0,0.0009542352585357555
cell_type,KCapbp-ap2 | KCg-m,19,1900-2000,1950.0,3940,2,2.0,2.0,0.0005076142131979696,0.0001392142513799027,0.0018491008979912079
cell_type,KCapbp-m | KCapbp-m,0,0-100,50.0,15403,9643,18696.0,18696.0,0.6260468739855872,0.6183750652005552,0.6336558247645886
cell_type,KCapbp-m | KCapbp-m,1,100-200,150.0,4026,1551,2198.0,2198.0,0.38524590163934425,0.37032929747699617,0.40038129323207783
cell_type,KCapbp-m | KCapbp-m,2,200-300,250.0,2401,815,1095.0,1095.0,0.3394418992086631,0.32077098239144924,0.358625781204124
cell_type,KCapbp-m | KCapbp-m,3,300-400,350.0,1780,500,663.0,663.0,0.2808988764044944,0.2605085746537705,0.30223287055078124
cell_type,KCapbp-m | KCapbp-m,4,400-500,450.0,1399,356,430.0,430.0,0.2544674767691208,0.23233695379063382,0.2779427527706771
cell_type,KCapbp-m | KCapbp-m,5,500-600,550.0,970,209,262.0,262.0,0.2154639175257732,0.1907390320593833,0.24243367282403921
cell_type,KCapbp-m | KCapbp-m,6,600-700,650.0,755,127,152.0,152.0,0.16821192052980133,0.14322432049218067,0.1965588437413037
cell_type,KCapbp-m | KCapbp-m,7,700-800,750.0,559,94,109.0,109.0,0.16815742397137745,0.13944067248494008,0.20140406962367446
cell_type,KCapbp-m | KCapbp-m,8,800-900,850.0,402,46,54.0,54.0,0.11442786069651742,0.08689225732632816,0.14926293228459397
cell_type,KCapbp-m | KCapbp-m,9,900-1000,950.0,293,31,34.0,34.0,0.10580204778156997,0.07554256005576393,0.14626462599902088
cell_type,KCapbp-m | KCapbp-m,12,1200-1300,1250.0,92,9,10.0,10.0,0.09782608695652174,0.05232316443197395,0.17556952517254015
cell_type,KCapbp-m | KCapbp-m,14,1400-1500,1450.0,64,2,2.0,2.0,0.03125,0.00861195771251659,0.10697493882294247
cell_type,KCapbp-m | KCg-m,0,0-100,50.0,7375,138,162.0,162.0,0.01871186440677966,0.015860445085474545,0.022064423771989472
cell_type,KCapbp-m | KCg-m,1,100-200,150.0,2913,20,23.0,23.0,0.006865774116031583,0.0044489442483701775,0.010581559979216264
cell_type,KCapbp-m | KCg-m,2,200-300,250.0,2085,13,16.0,16.0,0.006235011990407674,0.0036473906982827805,0.01063880505729773
cell_type,KCapbp-m | KCg-m,3,300-400,350.0,2062,5,5.0,5.0,0.0024248302618816685,0.0010361582741537576,0.005664065014989031
cell_type,KCapbp-m | KCg-m,4,400-500,450.0,2351,14,15.0,15.0,0.005954912803062527,0.0035505284384175235,0.00997123030747859
cell_type,KCapbp-m | KCg-m,5,500-600,550.0,2475,11,11.0,11.0,0.0044444444444444444,0.002483515205790611,0.007941354217088206
cell_type,KCapbp-m | KCg-m,6,600-700,650.0,2716,7,8.0,8.0,0.002577319587628866,0.0012490031074423877,0.005310790668783403
cell_type,KCapbp-m | KCg-m,7,700-800,750.0,2917,5,5.0,5.0,0.0017140898183064792,0.000732361225916687,0.0040065469024802795
cell_type,KCapbp-m | KCg-m,8,800-900,850.0,3198,2,2.0,2.0,0.0006253908692933083,0.00017151789983969033,0.0022775726485497116
cell_type,KCapbp-m | KCg-m,9,900-1000,950.0,3495,9,9.0,9.0,0.002575107296137339,0.0013553688419129508,0.0048871543977787235
cell_type,KCapbp-m | KCg-m,10,1000-1100,1050.0,3420,4,4.0,4.0,0.0011695906432748538,0.0004549146684724359,0.0030036565458033647
cell_type,KCapbp-m | KCg-m,11,1100-1200,1150.0,3689,5,5.0,5.0,0.0013553808620222283,0.0005790637550961444,0.0031691609182827518
cell_type,KCapbp-m | KCg-m,12,1200-1300,1250.0,3679,5,5.0,5.0,0.001359064963305246,0.000580638092678964,0.0031777641150076224
cell_type,KCapbp-m | KCg-m,13,1300-1400,1350.0,4009,4,4.0,4.0,0.0009977550511349464,0.0003880674465224817,0.0025628588995361317
cell_type,KCapbp-m | KCg-m,14,1400-1500,1450.0,4024,2,2.0,2.0,0.0004970178926441351,0.00013630796282029073,0.0018105411883479181
cell_type,KCapbp-m | KCg-m,15,1500-1600,1550.0,3985,4,4.0,4.0,0.0010037641154328732,0.0003904050172363271,0.002578276416491199
cell_type,KCapbp-m | KCg-m,16,1600-1700,1650.0,4172,4,4.0,4.0,0.0009587727708533077,0.000372903166332273,0.0024628365801178794
cell_type,KCapbp-m | KCg-m,17,1700-1800,1750.0,4249,0,0.0,0.0,0.0,0.0,0.0009033019240594335
cell_type,KCapbp-m | KCg-m,18,1800-1900,1850.0,4274,1,1.0,1.0,0.0002339728591483388,4.130208642191466e-05,0.0013242463714733007
cell_type,KCapbp-m | KCg-m,19,1900-2000,1950.0,4202,4,4.0,4.0,0.0009519276534983341,0.00037024040617093,0.0024452721894532127
cell_type,KCapbp-m | MBON09,0,0-100,50.0,677,667,4474.0,4474.0,0.9852289512555391,0.9730248559500813,0.9919573073019877
cell_type,KCapbp-m | PPL103,0,0-100,50.0,638,623,2818.0,2818.0,0.9764890282131662,0.9615729195393725,0.9857012988970766
cell_type,KCg-d | KCg-d,0,0-100,50.0,7854,3835,6819.0,6819.0,0.48828622358034124,0.4772395836164763,0.49934431698034915
cell_type,KCg-d | KCg-d,1,100-200,150.0,2566,779,1091.0,1091.0,0.30358534684333593,0.2860987697988005,0.32165915582587606
cell_type,KCg-d | KCg-d,2,200-300,250.0,1673,415,530.0,530.0,0.24805738194859533,0.22795471048269528,0.2693144412368232
cell_type,KCg-d | KCg-d,3,300-400,350.0,1390,279,339.0,339.0,0.20071942446043164,0.18050031386799692,0.22258824368402325
cell_type,KCg-d | KCg-d,4,400-500,450.0,1327,230,276.0,276.0,0.1733232856066315,0.15390731053212506,0.1946252270741535
cell_type,KCg-d | KCg-d,5,500-600,550.0,1131,182,220.0,220.0,0.16091954022988506,0.14065722769272665,0.18347752380034515
cell_type,KCg-d | KCg-d,6,600-700,650.0,977,115,142.0,142.0,0.11770726714431934,0.0989809813870251,0.13942815623519647
cell_type,KCg-d | KCg-d,7,700-800,750.0,785,98,113.0,113.0,0.12484076433121019,0.10352895636839983,0.14980656751877858
cell_type,KCg-d | KCg-d,8,800-900,850.0,673,64,71.0,71.0,0.0950965824665676,0.07517535966668261,0.11961408589931093
cell_type,KCg-d | KCg-d,9,900-1000,950.0,553,56,69.0,69.0,0.10126582278481013,0.07880863650769027,0.1292246713486193
cell_type,KCg-d | KCg-d,10,1000-1100,1050.0,478,36,42.0,42.0,0.07531380753138076,0.05489427294512944,0.10250517118754818
cell_type,KCg-d | KCg-d,11,1100-1200,1150.0,363,23,24.0,24.0,0.06336088154269973,0.042588036066356146,0.09327877947473845
cell_type,KCg-d | KCg-d,12,1200-1300,1250.0,304,18,19.0,19.0,0.05921052631578947,0.037777882252827175,0.09164452199663096
cell_type,KCg-d | KCg-d,13,1300-1400,1350.0,231,18,20.0,20.0,0.07792207792207792,0.049854888523933695,0.11979818827336286
cell_type,KCg-d | KCg-d,15,1500-1600,1550.0,145,5,5.0,5.0,0.034482758620689655,0.014817001068388777,0.07817850556416554
cell_type,KCg-d | KCg-d,16,1600-1700,1650.0,139,6,7.0,7.0,0.04316546762589928,0.01993069977488089,0.09097256650048986
cell_type,KCg-d | KCg-d,19,1900-2000,1950.0,89,5,5.0,5.0,0.056179775280898875,0.024232521079919085,0.1248558186298662
cell_type,KCg-d | KCg-m,0,0-100,50.0,6435,2297,3315.0,3315.0,0.35695415695415694,0.3453366711055872,0.3687423334159715
cell_type,KCg-d | KCg-m,1,100-200,150.0,3301,600,740.0,740.0,0.18176310209027569,0.16897941587365684,0.195286635485658
cell_type,KCg-d | KCg-m,2,200-300,250.0,3021,388,433.0,433.0,0.12843429328037073,0.11697358504122025,0.1408387909853459
cell_type,KCg-d | KCg-m,3,300-400,350.0,3323,330,381.0,381.0,0.09930785434848029,0.08959706321565153,0.10994402704845962
cell_type,KCg-d | KCg-m,4,400-500,450.0,3835,331,360.0,360.0,0.08631029986962191,0.07783109377425683,0.0956174798787952
cell_type,KCg-d | KCg-m,5,500-600,550.0,4173,299,319.0,319.0,0.07165109034267912,0.06421348076415309,0.07987663747255472
cell_type,KCg-d | KCg-m,6,600-700,650.0,4509,241,258.0,258.0,0.0534486582390774,0.04725525589478806,0.06040232286888937
cell_type,KCg-d | KCg-m,7,700-800,750.0,4773,222,245.0,245.0,0.046511627906976744,0.04089314446641624,0.052859514194067724
cell_type,KCg-d | KCg-m,8,800-900,850.0,5138,196,212.0,212.0,0.03814713896457766,0.03324505495100914,0.04373934690221014
cell_type,KCg-d | KCg-m,9,900-1000,950.0,5283,172,182.0,182.0,0.03255725913306833,0.028100840092056732,0.03769299795294919
cell_type,KCg-d | KCg-m,10,1000-1100,1050.0,5382,143,156.0,156.0,0.026570048309178744,0.022599336362836717,0.03121613418497888
cell_type,KCg-d | KCg-m,11,1100-1200,1150.0,5690,140,142.0,142.0,0.02460456942003515,0.020888611592942093,0.028962020008751914
cell_type,KCg-d | KCg-m,12,1200-1300,1250.0,5935,128,135.0,135.0,0.02156697556866049,0.018168933063010838,0.02558397659533062
cell_type,KCg-d | KCg-m,13,1300-1400,1350.0,5884,113,115.0,115.0,0.01920462270564242,0.01599865379937749,0.023037994197402857
cell_type,KCg-d | KCg-m,14,1400-1500,1450.0,6002,107,118.0,118.0,0.017827390869710098,0.014775003913650272,0.021496615371147384
cell_type,KCg-d | KCg-m,15,1500-1600,1550.0,6077,80,82.0,82.0,0.013164390324173112,0.010590670953828292,0.016353231021845608
cell_type,KCg-d | KCg-m,16,1600-1700,1650.0,6220,76,82.0,82.0,0.012218649517684888,0.009773761547961834,0.01526569318366244
cell_type,KCg-d | KCg-m,17,1700-1800,1750.0,6137,75,78.0,78.0,0.012220954863940035,0.00976116093948949,0.015291040374415107
cell_type,KCg-d | KCg-m,18,1800-1900,1850.0,6378,60,62.0,62.0,0.00940733772342427,0.007315865038459074,0.01208944267083913
cell_type,KCg-d | KCg-m,19,1900-2000,1950.0,6189,63,66.0,66.0,0.010179350460494426,0.007964749683948471,0.013001651265173175
cell_type,KCg-m | KCg-m,0,0-100,50.0,142851,44040,66963.0,66963.0,0.3082932566100342,0.30590370365175723,0.31069312018315853
cell_type,KCg-m | KCg-m,1,100-200,150.0,57929,9742,11797.0,11797.0,0.16817138220925615,0.16514761015028107,0.17123916221891683
cell_type,KCg-m | KCg-m,2,200-300,250.0,45265,5954,6967.0,6967.0,0.13153650723517066,0.1284540725225238,0.13468147897345265
cell_type,KCg-m | KCg-m,3,300-400,350.0,44349,4924,5598.0,5598.0,0.1110284335610724,0.10813807130085495,0.11398617699082614
cell_type,KCg-m | KCg-m,4,400-500,450.0,46489,4095,4590.0,4590.0,0.08808535352448967,0.0855428907634268,0.09069588746603724
cell_type,KCg-m | KCg-m,5,500-600,550.0,46149,3541,3904.0,3904.0,0.07672972328761186,0.07433639504203464,0.0791935145876251
cell_type,KCg-m | KCg-m,6,600-700,650.0,47537,3044,3320.0,3320.0,0.06403433115257588,0.06186858712991396,0.06627053272950391
cell_type,KCg-m | KCg-m,7,700-800,750.0,46331,2622,2864.0,2864.0,0.05659277805357104,0.054525284500169156,0.05873379697686775
cell_type,KCg-m | KCg-m,8,800-900,850.0,44624,2156,2361.0,2361.0,0.048314808174973106,0.04636382814320219,0.05034355104584646
cell_type,KCg-m | KCg-m,9,900-1000,950.0,43470,1808,1933.0,1933.0,0.04159190246146768,0.03975515698323673,0.043509663119525935
cell_type,KCg-m | KCg-m,10,1000-1100,1050.0,41118,1493,1598.0,1598.0,0.0363101318157498,0.034544914501559776,0.038161984889833245
cell_type,KCg-m | KCg-m,11,1100-1200,1150.0,38967,1265,1353.0,1353.0,0.032463366438268276,0.030749239998531616,0.03426966890796734
cell_type,KCg-m | KCg-m,12,1200-1300,1250.0,36401,1070,1129.0,1129.0,0.029394796846240488,0.027708612613784864,0.031180301766218915
cell_type,KCg-m | KCg-m,13,1300-1400,1350.0,34592,855,906.0,906.0,0.024716697502312673,0.02313254226138442,0.026406405795309194
cell_type,KCg-m | KCg-m,14,1400-1500,1450.0,32555,756,792.0,792.0,0.023222239287359853,0.021641571461422305,0.024915416610290914
cell_type,KCg-m | KCg-m,15,1500-1600,1550.0,30021,607,643.0,643.0,0.020219179907398153,0.01868731436803954,0.02187381885039516
cell_type,KCg-m | KCg-m,16,1600-1700,1650.0,28614,539,563.0,563.0,0.018836932969874886,0.01732508070790746,0.02047796590620197
cell_type,KCg-m | KCg-m,17,1700-1800,1750.0,26125,421,446.0,446.0,0.01611483253588517,0.014657522968580559,0.017714428798312924
cell_type,KCg-m | KCg-m,18,1800-1900,1850.0,24673,404,419.0,419.0,0.016374174198516597,0.01486421858724832,0.018034707991751164
cell_type,KCg-m | KCg-m,19,1900-2000,1950.0,23039,315,329.0,329.0,0.013672468423108642,0.012251940450279686,0.01525515311929118
cell_type,KCg-m | MBON05,0,0-100,50.0,2181,2176,19531.0,19531.0,0.9977074736359468,0.9946443133741075,0.999020398978495
cell_type,KCg-m | PAM01,0,0-100,50.0,6282,2903,3865.0,3865.0,0.462113976440624,0.44981190703989427,0.47446235402325454
cell_type,KCg-m | PAM01,1,100-200,150.0,2560,743,900.0,900.0,0.290234375,0.2729770601725522,0.3081203055929459
cell_type,KCg-m | PAM01,2,200-300,250.0,2052,484,570.0,570.0,0.23586744639376217,0.21800253615551293,0.2547194867863323
cell_type,KCg-m | PAM01,3,300-400,350.0,2221,388,431.0,431.0,0.17469608284556506,0.15946967224436903,0.1910458880543956
cell_type,KCg-m | PAM01,4,400-500,450.0,2422,385,425.0,425.0,0.15895953757225434,0.1449391391723099,0.1740600897963087
cell_type,KCg-m | PAM01,5,500-600,550.0,2496,305,332.0,332.0,0.12219551282051282,0.1099241216909693,0.13562807649630784
cell_type,KCg-m | PAM01,6,600-700,650.0,2776,323,355.0,355.0,0.11635446685878963,0.10495285068069186,0.1288164403465379
cell_type,KCg-m | PAM01,7,700-800,750.0,2700,270,303.0,303.0,0.1,0.08924602158605555,0.11189061304520395
cell_type,KCg-m | PAM01,8,800-900,850.0,2846,245,265.0,265.0,0.08608573436401967,0.07633032449710127,0.09695706101934289
cell_type,KCg-m | PAM01,9,900-1000,950.0,2833,223,230.0,230.0,0.07871514295799506,0.06935943722726017,0.08921184147931265
cell_type,KCg-m | PAM01,10,1000-1100,1050.0,2679,177,194.0,194.0,0.06606942889137737,0.05727051998140007,0.07611104082338242
cell_type,KCg-m | PAM01,11,1100-1200,1150.0,2725,163,184.0,184.0,0.05981651376146789,0.05151681839661708,0.0693555693594183
cell_type,KCg-m | PAM01,12,1200-1300,1250.0,2621,148,159.0,159.0,0.05646699732926364,0.04826190420908319,0.06597036032070787
cell_type,KCg-m | PAM01,13,1300-1400,1350.0,2442,117,121.0,121.0,0.04791154791154791,0.040127408694517,0.057115846960305444
cell_type,KCg-m | PAM01,14,1400-1500,1450.0,2406,115,126.0,126.0,0.04779717373233583,0.03996978971124811,0.057066297639887326
cell_type,KCg-m | PAM01,15,1500-1600,1550.0,2292,81,91.0,91.0,0.03534031413612566,0.028525119144654158,0.04371052638071659
cell_type,KCg-m | PAM01,16,1600-1700,1650.0,2125,72,76.0,76.0,0.03388235294117647,0.026991846519306296,0.04245512407728484
cell_type,KCg-m | PAM01,17,1700-1800,1750.0,2014,72,77.0,77.0,0.03574975173783516,0.028484427973988036,0.04478277000626969
cell_type,KCg-m | PAM01,18,1800-1900,1850.0,1951,41,43.0,43.0,0.021014864172219375,0.015528401721522589,0.02838390298899718
cell_type,KCg-m | PAM01,19,1900-2000,1950.0,1822,45,49.0,49.0,0.02469813391877058,0.01850916351676313,0.03288718981421586
cell_type,KCg-m | PAM07,0,0-100,50.0,3968,1951,2627.0,2627.0,0.4916834677419355,0.47614367059918805,0.5072393525304352
cell_type,KCg-m | PAM07,1,100-200,150.0,1773,592,743.0,743.0,0.3338973491257755,0.3123250362885087,0.35618790262512323
cell_type,KCg-m | PAM07,2,200-300,250.0,1515,407,484.0,484.0,0.26864686468646864,0.24693207715775534,0.2915319733396764
cell_type,KCg-m | PAM07,3,300-400,350.0,1436,320,378.0,378.0,0.22284122562674094,0.2020723007589829,0.24508910921833685
cell_type,KCg-m | PAM07,4,400-500,450.0,1555,294,325.0,325.0,0.18906752411575561,0.17038049387462048,0.2092870746583209
cell_type,KCg-m | PAM07,5,500-600,550.0,1481,229,267.0,267.0,0.15462525320729237,0.1371071519770144,0.17393046981375437
cell_type,KCg-m | PAM07,6,600-700,650.0,1463,189,212.0,212.0,0.1291866028708134,0.11296561599027824,0.14734988092499882
cell_type,KCg-m | PAM07,7,700-800,750.0,1300,164,180.0,180.0,0.12615384615384614,0.1091993574439305,0.1453113131774088
cell_type,KCg-m | PAM07,8,800-900,850.0,1307,124,134.0,134.0,0.09487375669472073,0.08015281760936897,0.11196925114401816
cell_type,KCg-m | PAM07,9,900-1000,950.0,1289,139,150.0,150.0,0.1078355314197052,0.0920529266989082,0.12594872176289873
cell_type,KCg-m | PAM07,10,1000-1100,1050.0,1160,98,104.0,104.0,0.08448275862068966,0.06981738982063622,0.10189120007682063
cell_type,KCg-m | PAM07,11,1100-1200,1150.0,1062,67,69.0,69.0,0.06308851224105462,0.04998255278099079,0.07934398129311557
cell_type,KCg-m | PAM07,12,1200-1300,1250.0,956,74,79.0,79.0,0.07740585774058577,0.06210652476444774,0.0960879106507291
cell_type,KCg-m | PAM07,13,1300-1400,1350.0,879,37,41.0,41.0,0.04209328782707622,0.03069086033771983,0.05748078902723986
cell_type,KCg-m | PAM07,14,1400-1500,1450.0,824,44,44.0,44.0,0.05339805825242718,0.040015511754443386,0.07092551851028359
cell_type,KCg-m | PAM07,16,1600-1700,1650.0,736,23,26.0,26.0,0.03125,0.02091220537175751,0.04645572852111903
cell_type,KCg-m | PAM07,17,1700-1800,1750.0,704,25,27.0,27.0,0.03551136363636364,0.02416723967912178,0.05189723576284151
cell_type,KCg-m | PAM07,18,1800-1900,1850.0,695,25,27.0,27.0,0.03597122302158273,0.0244816964325165,0.052562371922887645
cell_type,KCg-m | PAM07,19,1900-2000,1950.0,557,15,16.0,16.0,0.026929982046678635,0.016386504565581893,0.04395424048614037
cell_type,KCg-m | PAM08,0,0-100,50.0,10628,5265,7484.0,7484.0,0.4953895370718856,0.485887269887094,0.5048951360509327
cell_type,KCg-m | PAM08,1,100-200,150.0,4352,1327,1620.0,1620.0,0.3049172794117647,0.2914163352136145,0.31876232693057366
cell_type,KCg-m | PAM08,2,200-300,250.0,3409,764,897.0,897.0,0.22411264300381342,0.21042933156603263,0.23841704911568437
cell_type,KCg-m | PAM08,3,300-400,350.0,3607,696,827.0,827.0,0.19295813695591904,0.1804090891469592,0.20616051279847086
cell_type,KCg-m | PAM08,4,400-500,450.0,3651,554,622.0,622.0,0.15173924952067927,0.14046805486341973,0.1637425571641986
cell_type,KCg-m | PAM08,5,500-600,550.0,3585,488,535.0,535.0,0.13612273361227337,0.1252860624546032,0.14773841430135057
cell_type,KCg-m | PAM08,6,600-700,650.0,3682,399,439.0,439.0,0.10836501901140684,0.09872971021097529,0.11881669764333946
cell_type,KCg-m | PAM08,7,700-800,750.0,3524,309,343.0,343.0,0.0876844494892168,0.07878933937634287,0.09747753156253373
cell_type,KCg-m | PAM08,8,800-900,850.0,3498,267,290.0,290.0,0.07632933104631218,0.06798731491707706,0.0856008999239369
cell_type,KCg-m | PAM08,9,900-1000,950.0,3156,218,241.0,241.0,0.06907477820025348,0.06074137347988737,0.07845598375472845
cell_type,KCg-m | PAM08,10,1000-1100,1050.0,3030,180,199.0,199.0,0.0594059405940594,0.0515338181146615,0.06839386696949054
cell_type,KCg-m | PAM08,11,1100-1200,1150.0,2859,150,167.0,167.0,0.05246589716684155,0.04487680779212358,0.06125606382745888
cell_type,KCg-m | PAM08,12,1200-1300,1250.0,2654,125,134.0,134.0,0.04709871891484552,0.03967262032541588,0.05583404944753072
cell_type,KCg-m | PAM08,13,1300-1400,1350.0,2461,114,122.0,122.0,0.04632263307598537,0.03870192085160359,0.05535751079706704
cell_type,KCg-m | PAM08,14,1400-1500,1450.0,2327,81,93.0,93.0,0.034808766652342074,0.028094749783368254,0.043056202730951044
cell_type,KCg-m | PAM08,15,1500-1600,1550.0,2146,69,69.0,69.0,0.03215284249767009,0.02548510264178098,0.040492595436068105
cell_type,KCg-m | PAM08,16,1600-1700,1650.0,1925,74,76.0,76.0,0.03844155844155844,0.030731548072497977,0.04799010538001984
cell_type,KCg-m | PAM08,17,1700-1800,1750.0,1811,51,56.0,56.0,0.02816123688569851,0.021483444771496517,0.036836576105256584
cell_type,KCg-m | PAM08,18,1800-1900,1850.0,1787,42,45.0,45.0,0.023503077783995522,0.01743459097752004,0.03161586663972539
cell_type,KCg-m | PAM08,19,1900-2000,1950.0,1671,35,36.0,36.0,0.020945541591861162,0.01509855693962182,0.02899014971777193
cell_type,KCg-m | PAM12,0,0-100,50.0,2528,904,1114.0,1114.0,0.3575949367088608,0.3391400328225757,0.376481987133175
cell_type,KCg-m | PAM12,1,100-200,150.0,1191,308,350.0,350.0,0.2586062132661629,0.2345420257867733,0.2842226372447114
cell_type,KCg-m | PAM12,2,200-300,250.0,1083,196,220.0,220.0,0.1809787626962142,0.1591892347203815,0.2050235447683682
cell_type,KCg-m | PAM12,3,300-400,350.0,1266,182,204.0,204.0,0.14375987361769352,0.12551016037687335,0.16416502430757857
cell_type,KCg-m | PAM12,4,400-500,450.0,1374,141,152.0,152.0,0.10262008733624454,0.08766614968015345,0.11978991783878344
cell_type,KCg-m | PAM12,5,500-600,550.0,1496,161,169.0,169.0,0.10762032085561497,0.09290922363584347,0.12434145136877037
cell_type,KCg-m | PAM12,6,600-700,650.0,1550,131,139.0,139.0,0.08451612903225807,0.07167442957915336,0.09941225004121464
cell_type,KCg-m | PAM12,7,700-800,750.0,1560,120,129.0,129.0,0.07692307692307693,0.06471445790307483,0.09121028537015692
cell_type,KCg-m | PAM12,8,800-900,850.0,1691,106,108.0,108.0,0.06268480189237138,0.052093289968226486,0.07525878824368432
cell_type,KCg-m | PAM12,9,900-1000,950.0,1620,90,91.0,91.0,0.05555555555555555,0.045416186532564184,0.06779781168006936
cell_type,KCg-m | PAM12,10,1000-1100,1050.0,1686,88,92.0,92.0,0.05219454329774614,0.042558944002407395,0.0638661789203565
cell_type,KCg-m | PAM12,11,1100-1200,1150.0,1702,76,77.0,77.0,0.04465334900117509,0.0358237672550852,0.055533835936207594
cell_type,KCg-m | PAM12,12,1200-1300,1250.0,1670,72,77.0,77.0,0.04311377245508982,0.03437548379484451,0.053949241794482475
cell_type,KCg-m | PAM12,13,1300-1400,1350.0,1597,68,69.0,69.0,0.042579837194740136,0.03372591592855128,0.053629135314494876
cell_type,KCg-m | PAM12,14,1400-1500,1450.0,1554,58,58.0,58.0,0.03732303732303732,0.028982196910690993,0.04794577830835567
cell_type,KCg-m | PAM12,15,1500-1600,1550.0,1433,35,36.0,36.0,0.024424284717376135,0.01761350200279472,0.033778105812569195
cell_type,KCg-m | PAM12,16,1600-1700,1650.0,1422,44,48.0,48.0,0.030942334739803096,0.023129511508557275,0.041282692483807656
cell_type,KCg-m | PAM12,17,1700-1800,1750.0,1406,42,44.0,44.0,0.029871977240398292,0.022174915276967876,0.04013109129852258
cell_type,KCg-m | PAM12,18,1800-1900,1850.0,1304,29,30.0,30.0,0.02223926380368098,0.01552835155852231,0.03175688543042192
cell_type,KCg-m | PAM12,19,1900-2000,1950.0,1274,38,40.0,40.0,0.029827315541601257,0.021807154346502575,0.040674455267709395
cell_type,L1 | L1,0,0-100,50.0,178,14,19.0,19.0,0.07865168539325842,0.04742645453333765,0.1276797917821369
cell_type,L1 | L1,1,100-200,150.0,221,2,4.0,4.0,0.00904977375565611,0.002485240773447507,0.032390867562376476
cell_type,L1 | L1,3,300-400,350.0,152,3,4.0,4.0,0.019736842105263157,0.006734529912818171,0.056416772435207
cell_type,L1 | L1,4,400-500,450.0,206,2,3.0,3.0,0.009708737864077669,0.002666480623550089,0.03470265876539852
cell_type,L1 | L1,6,600-700,650.0,289,0,0.0,0.0,0.0,0.0,0.013118354769267754
cell_type,L1 | L1,8,800-900,850.0,309,0,0.0,0.0,0.0,0.0,0.01227969681781451
cell_type,L1 | L1,10,1000-1100,1050.0,328,1,1.0,1.0,0.003048780487804878,0.0005383736493467933,0.01706520588980683
cell_type,L1 | L1,11,1100-1200,1150.0,328,1,1.0,1.0,0.003048780487804878,0.0005383736493467933,0.01706520588980683
cell_type,L1 | L1,12,1200-1300,1250.0,300,1,1.0,1.0,0.0033333333333333335,0.0005886425761407379,0.018637164554943353
cell_type,L1 | L1,13,1300-1400,1350.0,305,0,0.0,0.0,0.0,0.0,0.012438738822749264
cell_type,L1 | L1,14,1400-1500,1450.0,256,0,0.0,0.0,0.0,0.0,0.014784391721725852
cell_type,L1 | L1,17,1700-1800,1750.0,185,0,0.0,0.0,0.0,0.0,0.02034297527663396
cell_type,L1 | Sm32,3,300-400,350.0,238,2,2.0,2.0,0.008403361344537815,0.002307489575779127,0.03011703953749171
cell_type,L1 | Sm32,5,500-600,550.0,265,4,4.0,4.0,0.01509433962264151,0.005885045418703938,0.03816170925021635
cell_type,L1 | Sm32,7,700-800,750.0,332,1,1.0,1.0,0.0030120481927710845,0.0005318848031911176,0.016862029470680853
cell_type,L1 | Sm32,10,1000-1100,1050.0,374,0,0.0,0.0,0.0,0.0,0.010167223513768732
cell_type,L1 | Sm32,11,1100-1200,1150.0,363,0,0.0,0.0,0.0,0.0,0.010472094767878016
cell_type,L1 | Sm32,13,1300-1400,1350.0,298,0,0.0,0.0,0.0,0.0,0.012727205262627815
cell_type,L1 | Sm32,15,1500-1600,1550.0,285,0,0.0,0.0,0.0,0.0,0.013300023265346819
cell_type,L1 | Sm32,18,1800-1900,1850.0,221,0,0.0,0.0,0.0,0.0,0.01708580618533225
cell_type,L2 | TmY9q,2,200-300,250.0,86,0,0.0,0.0,0.0,0.0,0.042759701519118086
cell_type,L2 | TmY9q,6,600-700,650.0,256,0,0.0,0.0,0.0,0.0,0.014784391721725852
cell_type,L2 | TmY9q,8,800-900,850.0,339,0,0.0,0.0,0.0,0.0,0.011205174634583436
cell_type,L2 | TmY9q,9,900-1000,950.0,354,2,2.0,2.0,0.005649717514124294,0.0015506936189153154,0.020362912848303695
cell_type,L2 | TmY9q,11,1100-1200,1150.0,430,0,0.0,0.0,0.0,0.0,0.00885484471751902
cell_type,L2 | TmY9q,13,1300-1400,1350.0,360,0,0.0,0.0,0.0,0.0,0.010558440816003448
cell_type,L2 | TmY9q,14,1400-1500,1450.0,345,0,0.0,0.0,0.0,0.0,0.011012448056653792
cell_type,L2 | TmY9q,15,1500-1600,1550.0,313,0,0.0,0.0,0.0,0.0,0.012124670497813418
cell_type,L2 | TmY9q,19,1900-2000,1950.0,228,0,0.0,0.0,0.0,0.0,0.016569933954907145
cell_type,L2 | TmY9q__perp,0,0-100,50.0,51,13,23.0,23.0,0.2549019607843137,0.1554562324126639,0.38868544106148706
cell_type,L2 | TmY9q__perp,3,300-400,350.0,154,4,4.0,4.0,0.025974025974025976,0.010145959753091315,0.06487608766660033
cell_type,L2 | TmY9q__perp,4,400-500,450.0,204,1,2.0,2.0,0.004901960784313725,0.000865818894013333,0.027240200305223006
cell_type,L2 | TmY9q__perp,5,500-600,550.0,257,1,1.0,1.0,0.0038910505836575876,0.0006871788263164199,0.021708021939205638
cell_type,L2 | TmY9q__perp,6,600-700,650.0,334,1,1.0,1.0,0.0029940119760479044,0.0005286986847552414,0.016762244763298517
cell_type,L2 | TmY9q__perp,7,700-800,750.0,349,0,0.0,0.0,0.0,0.0,0.010887605089649293
cell_type,L2 | TmY9q__perp,8,800-900,850.0,393,0,0.0,0.0,0.0,0.0,0.009680436728407503
cell_type,L2 | TmY9q__perp,9,900-1000,950.0,407,0,0.0,0.0,0.0,0.0,0.009350562357852756
cell_type,L2 | TmY9q__perp,11,1100-1200,1150.0,438,0,0.0,0.0,0.0,0.0,0.008694518578603734
cell_type,L2 | TmY9q__perp,14,1400-1500,1450.0,386,0,0.0,0.0,0.0,0.0,0.00985425875535089
cell_type,L2 | TmY9q__perp,16,1600-1700,1650.0,296,0,0.0,0.0,0.0,0.0,0.012812098121141296
cell_type,L2 | TmY9q__perp,18,1800-1900,1850.0,264,0,0.0,0.0,0.0,0.0,0.014342805598532862
cell_type,L5 | R1-6,0,0-100,50.0,76,6,8.0,8.0,0.07894736842105263,0.03668350552145426,0.1617293519363121
cell_type,L5 | R1-6,5,500-600,550.0,158,1,1.0,1.0,0.006329113924050633,0.0011180903011854017,0.03497646140863457
cell_type,L5 | R1-6,11,1100-1200,1150.0,300,1,1.0,1.0,0.0033333333333333335,0.0005886425761407379,0.018637164554943353
cell_type,L5 | R1-6,13,1300-1400,1350.0,317,0,0.0,0.0,0.0,0.0,0.011973509669569032
cell_type,L5 | R1-6,17,1700-1800,1750.0,351,1,1.0,1.0,0.002849002849002849,0.000503083172408339,0.01595947364167434
cell_type,L5 | R1-6,18,1800-1900,1850.0,335,1,1.0,1.0,0.0029850746268656717,0.0005271198970087636,0.016712793974251433
cell_type,L5 | R1-6,19,1900-2000,1950.0,328,0,0.0,0.0,0.0,0.0,0.01157660763448585
cell_type,L5 | TmY4,0,0-100,50.0,448,6,7.0,7.0,0.013392857142857142,0.006152050153465909,0.028908023996413162
cell_type,L5 | TmY4,5,500-600,550.0,208,1,1.0,1.0,0.004807692307692308,0.0008491586222405118,0.026726161805852935
cell_type,L5 | TmY4,6,600-700,650.0,222,0,0.0,0.0,0.0,0.0,0.017010152248301463
cell_type,L5 | TmY4,7,700-800,750.0,188,0,0.0,0.0,0.0,1.734723475976807e-18,0.020024853837749476
cell_type,L5 | TmY4,10,1000-1100,1050.0,191,0,0.0,0.0,0.0,0.0,0.019716528708448297
cell_type,L5 | TmY4,11,1100-1200,1150.0,199,1,1.0,1.0,0.005025125628140704,0.0008875866694877336,0.02791123960677907
cell_type,L5 | TmY4,12,1200-1300,1250.0,173,0,0.0,0.0,0.0,0.0,0.021723395400177335
cell_type,LC11 | Tm2,1,100-200,150.0,99,9,11.0,11.0,0.09090909090909091,0.04856521249187529,0.16381576952318477
cell_type,LC11 | Tm2,3,300-400,350.0,202,1,1.0,1.0,0.0049504950495049506,0.0008743966113930832,0.027504706543654292
cell_type,LC11 | Tm2,4,400-500,450.0,235,4,5.0,5.0,0.01702127659574468,0.006638536699542036,0.04294076606848497
cell_type,LC11 | Tm2,6,600-700,650.0,355,0,0.0,0.0,0.0,0.0,0.010705559221673296
cell_type,LC11 | Tm2,8,800-900,850.0,470,0,0.0,0.0,0.0,0.0,0.008107350642071106
cell_type,LC11 | Tm2,9,900-1000,950.0,505,0,0.0,0.0,0.0,0.0,0.0075496971945689965
cell_type,LC11 | Tm2,10,1000-1100,1050.0,527,1,1.0,1.0,0.0018975332068311196,0.00033503115346266137,0.010669381462278079
cell_type,LC11 | Tm2,11,1100-1200,1150.0,577,0,0.0,0.0,0.0,0.0,0.006613851349490119
cell_type,LC11 | Tm2,12,1200-1300,1250.0,588,0,0.0,0.0,0.0,0.0,0.006490925950457014
cell_type,LC11 | Tm2,13,1300-1400,1350.0,520,1,2.0,2.0,0.0019230769230769232,0.00033954226057722817,0.010811920318950629
cell_type,LC11 | Tm2,14,1400-1500,1450.0,514,1,1.0,1.0,0.0019455252918287938,0.0003435067423331554,0.01093716286783335
cell_type,LC11 | Tm2,15,1500-1600,1550.0,442,0,0.0,0.0,0.0,0.0,0.00861651312932665
cell_type,LC11 | Tm2,16,1600-1700,1650.0,438,0,0.0,0.0,0.0,0.0,0.008694518578603734
cell_type,LC11 | Tm2,17,1700-1800,1750.0,373,0,0.0,0.0,0.0,0.0,0.010194203612340039
cell_type,LC11 | Tm2,18,1800-1900,1850.0,391,0,0.0,0.0,0.0,0.0,0.009729471261386846
cell_type,LC11 | Tm2,19,1900-2000,1950.0,331,0,0.0,0.0,0.0,0.0,0.011472887478736215
cell_type,LC12 | LC12,0,0-100,50.0,16775,7361,11712.0,11712.0,0.43880774962742175,0.43131298963124176,0.4463305301693148
cell_type,LC12 | LC12,1,100-200,150.0,6500,1779,2313.0,2313.0,0.2736923076923077,0.26298931236852185,0.2846626476669132
cell_type,LC12 | LC12,2,200-300,250.0,3351,727,900.0,900.0,0.21695016413011042,0.20332306842544812,0.23122549565578893
cell_type,LC12 | LC12,3,300-400,350.0,2270,397,470.0,470.0,0.1748898678414097,0.15981547272836436,0.19106279425382125
cell_type,LC12 | LC12,4,400-500,450.0,1784,262,312.0,312.0,0.1468609865470852,0.1311942894900027,0.16404528878136096
cell_type,LC12 | LC12,5,500-600,550.0,1278,152,181.0,181.0,0.1189358372456964,0.10231966252169633,0.13783606342759408
cell_type,LC12 | LC12,6,600-700,650.0,1002,104,121.0,121.0,0.10379241516966067,0.08639643093725012,0.12421486213314982
cell_type,LC12 | LC12,8,800-900,850.0,605,50,60.0,60.0,0.08264462809917356,0.06324847444303641,0.10730754538215292
cell_type,LC12 | LC12,9,900-1000,950.0,433,42,48.0,48.0,0.09699769053117784,0.07256275141169702,0.12852066188960032
cell_type,LC12 | LC12,10,1000-1100,1050.0,322,15,18.0,18.0,0.046583850931677016,0.02843048349039601,0.07542856949731333
cell_type,LC12 | LC12,11,1100-1200,1150.0,263,19,23.0,23.0,0.07224334600760456,0.046733888016331354,0.11006924912570343
cell_type,LC12 | LC12,12,1200-1300,1250.0,146,6,7.0,7.0,0.0410958904109589,0.018968259650858584,0.08675404977456133
cell_type,LC12 | LC12,13,1300-1400,1350.0,134,8,10.0,10.0,0.05970149253731343,0.030558667693594804,0.1133862662015428
cell_type,LC12 | LC12,15,1500-1600,1550.0,64,2,2.0,2.0,0.03125,0.00861195771251659,0.10697493882294247
cell_type,LC12 | PVLP097,0,0-100,50.0,2632,2630,36924.0,36924.0,0.9992401215805471,0.9972334173586858,0.9997915935524401
cell_type,LC12 | cL21,0,0-100,50.0,746,746,9385.0,9385.0,1.0,0.9948767846435834,1.0
cell_type,LC17 | PVLP135,0,0-100,50.0,552,552,14225.0,14225.0,1.0,0.9930886785012132,1.0
cell_type,LC18 | PVLP108,0,0-100,50.0,485,472,2121.0,2121.0,0.9731958762886598,0.9546845096866755,0.9842699491809822
cell_type,LC18 | PVLP108,1,100-200,150.0,68,63,226.0,226.0,0.9264705882352942,0.839146060418006,0.9681856248451285
cell_type,LPLC2 | PVLP111,0,0-100,50.0,1004,980,5615.0,5615.0,0.9760956175298805,0.964677141963625,0.9838846161539206
cell_type,LPi12 | T4b,0,0-100,50.0,1408,1400,18630.0,18630.0,0.9943181818181818,0.9888281025585537,0.9971181962330389
cell_type,LPi13 | T4d,0,0-100,50.0,1438,1434,17098.0,17098.0,0.9972183588317107,0.9928693937923118,0.9989177761714346
cell_type,LPi13 | T5d,0,0-100,50.0,1304,1300,14636.0,14636.0,0.9969325153374233,0.9921391849233215,0.99880650758256
cell_type,LPi15 | T4b,0,0-100,50.0,1485,1485,34054.0,34054.0,1.0,0.9974197389433503,1.0
cell_type,LPi15 | T5b,0,0-100,50.0,1501,1501,36217.0,36217.0,1.0,0.9974471731775622,0.9999999999999999
cell_type,LT11 | Tm25,0,0-100,50.0,701,701,20248.0,20248.0,1.0,0.9945496974071905,0.9999999999999999
cell_type,LT1a | T2a,0,0-100,50.0,1729,1725,33834.0,33834.0,0.9976865240023135,0.9940663765745206,0.9990999924692512
cell_type,LT1b | T2a,0,0-100,50.0,1733,1729,32330.0,32330.0,0.9976918638199653,0.9940800364767985,0.9991020706307234
cell_type,LT1d | T3,0,0-100,50.0,1623,1623,34187.0,34187.0,1.0,0.9976386146014463,1.0
cell_type,LT33 | T5d,0,0-100,50.0,1423,1399,9691.0,9691.0,0.983134223471539,0.9750264421343169,0.9886404428233408
cell_type,LT42 | Y3,0,0-100,50.0,525,523,2810.0,2810.0,0.9961904761904762,0.9862174289466865,0.9989546906445104
cell_type,LT62 | T2a,0,0-100,50.0,1474,1469,14520.0,14520.0,0.9966078697421981,0.9920836459468811,0.9985502623150055
cell_type,LT79 | Tm5f,0,0-100,50.0,800,800,17265.0,17265.0,1.0,0.9952209490028883,1.0
cell_type,LT83 | T2a,0,0-100,50.0,1685,1675,14589.0,14589.0,0.9940652818991098,0.9891096468017653,0.9967732210764302
cell_type,LTe26 | Tm25,0,0-100,50.0,677,676,12803.0,12803.0,0.9985228951255539,0.9916808169139868,0.9997392138244405
cell_type,Lawf1 | R7,3,300-400,350.0,160,1,1.0,1.0,0.00625,0.00110410335439148,0.03454984533751582
cell_type,Lawf1 | R7,10,1000-1100,1050.0,249,1,2.0,2.0,0.004016064257028112,0.0007092678323149942,0.022394525214398834
cell_type,Lawf1 | R7,14,1400-1500,1450.0,272,0,0.0,0.0,0.0,0.0,0.013926833371036128
cell_type,Lawf1 | R7,16,1600-1700,1650.0,290,1,1.0,1.0,0.0034482758620689655,0.0006089492549414596,0.019271149410461944
cell_type,Lawf2 | OA-AL2b2,3,300-400,350.0,78,78,1125.0,1125.0,1.0,0.9530605462258804,1.0
cell_type,Lawf2 | OA-AL2b2,4,400-500,450.0,74,73,896.0,896.0,0.9864864864864865,0.9273446957024043,0.9976105981250607
cell_type,Lawf2 | Tm3,0,0-100,50.0,5622,1414,2672.0,2672.0,0.25151191746709356,0.24034239039339927,0.2630208041906786
cell_type,Lawf2 | Tm3,1,100-200,150.0,2977,411,618.0,618.0,0.13805844810211623,0.12613223515289132,0.15091757520939028
cell_type,Lawf2 | Tm3,2,200-300,250.0,1936,153,206.0,206.0,0.07902892561983471,0.06782795174614555,0.09189725468308042
cell_type,Lawf2 | Tm3,3,300-400,350.0,1694,80,105.0,105.0,0.047225501770956316,0.038108098922145756,0.05839183369818819
cell_type,Lawf2 | Tm3,4,400-500,450.0,1491,35,40.0,40.0,0.023474178403755867,0.016926417823676695,0.03247119059182365
cell_type,Lawf2 | Tm3,5,500-600,550.0,1303,36,44.0,44.0,0.02762854950115119,0.020022619319125447,0.03801165201108013
cell_type,Lawf2 | Tm3,6,600-700,650.0,1138,10,10.0,10.0,0.008787346221441126,0.0047799897743944116,0.016099964152665174
cell_type,Lawf2 | Tm3,8,800-900,850.0,838,3,3.0,3.0,0.003579952267303103,0.0012182156701410493,0.010472344644293401
cell_type,Lawf2 | Tm3,9,900-1000,950.0,756,0,0.0,0.0,0.0,0.0,0.005055790575298851
cell_type,Lawf2 | Tm3,10,1000-1100,1050.0,636,1,1.0,1.0,0.0015723270440251573,0.0002776011307758248,0.008852158484729011
cell_type,Lawf2 | Tm3,11,1100-1200,1150.0,584,0,0.0,0.0,0.0,0.0,0.006535093807583538
cell_type,Lawf2 | Tm3,12,1200-1300,1250.0,515,0,0.0,0.0,0.0,0.0,0.007404186557130346
cell_type,Lawf2 | Tm3,16,1600-1700,1650.0,362,0,0.0,0.0,0.0,0.0,0.010500719437045978
cell_type,Lawf2 | Tm3,18,1800-1900,1850.0,306,0,0.0,0.0,0.0,0.0,0.012398593345761188
cell_type,Lawf2 | Tm3,19,1900-2000,1950.0,285,0,0.0,0.0,0.0,0.0,0.013300023265346819
cell_type,Lawf2 | Tm9,0,0-100,50.0,941,12,12.0,12.0,0.012752391073326248,0.0073096611930060845,0.02215728861106689
cell_type,Lawf2 | Tm9,1,100-200,150.0,534,3,4.0,4.0,0.0056179775280898875,0.001912385961150868,0.016385938303837187
cell_type,Lawf2 | Tm9,2,200-300,250.0,388,0,0.0,0.0,0.0,0.0,0.00980396160081012
cell_type,Lawf2 | Tm9,3,300-400,350.0,378,1,1.0,1.0,0.0026455026455026454,0.0004671369026153513,0.014831353361410358
cell_type,Lawf2 | Tm9,4,400-500,450.0,340,1,1.0,1.0,0.0029411764705882353,0.0005193653137751005,0.01646985297743806
cell_type,Lawf2 | Tm9,9,900-1000,950.0,347,0,0.0,0.0,0.0,0.0,0.010949670734599319
cell_type,Lawf2 | Tm9,14,1400-1500,1450.0,275,0,0.0,0.0,0.0,0.0,0.013776997406412816
cell_type,Li15 | Tm2,1,100-200,150.0,159,5,9.0,9.0,0.031446540880503145,0.013505186979646953,0.07149520604031848
cell_type,Li15 | Tm2,7,700-800,750.0,401,0,0.0,0.0,0.0,0.0,0.009489143408187298
cell_type,Li15 | Tm2,9,900-1000,950.0,427,1,1.0,1.0,0.00234192037470726,0.00041351550344839554,0.013145063798086089
cell_type,Li15 | Tm2,10,1000-1100,1050.0,460,1,2.0,2.0,0.002173913043478261,0.00038384228628702676,0.012210112201624365
cell_type,Li15 | Tm2,11,1100-1200,1150.0,430,0,0.0,0.0,0.0,0.0,0.00885484471751902
cell_type,Li15 | Tm2,12,1200-1300,1250.0,428,0,0.0,0.0,0.0,0.0,0.008895854405874745
cell_type,Li15 | Tm2,13,1300-1400,1350.0,379,1,2.0,2.0,0.002638522427440633,0.00046590394921568277,0.014792625949311543
cell_type,Li15 | Tm2,14,1400-1500,1450.0,384,0,0.0,0.0,0.0,0.0,0.009905074649031977
cell_type,Li15 | Tm2,16,1600-1700,1650.0,346,0,0.0,0.0,0.0,0.0,0.010980969673132068
cell_type,Li15 | Tm2,17,1700-1800,1750.0,268,0,0.0,0.0,0.0,0.0,0.014131759083230822
cell_type,Li22 | T3,0,0-100,50.0,234,10,10.0,10.0,0.042735042735042736,0.023375585411978244,0.07686591985875656
cell_type,Li22 | T3,2,200-300,250.0,129,1,1.0,1.0,0.007751937984496124,0.0013696853368445096,0.04260449142706077
cell_type,Li22 | T3,3,300-400,350.0,152,2,2.0,2.0,0.013157894736842105,0.0036157414374440727,0.04670201710712938
cell_type,Li22 | T3,4,400-500,450.0,186,1,1.0,1.0,0.005376344086021506,0.000949663586606142,0.029821252798422227
cell_type,Li22 | T3,8,800-900,850.0,196,1,1.0,1.0,0.00510204081632653,0.0009011807600492975,0.028329970311599444
cell_type,Li22 | T3,11,1100-1200,1150.0,236,0,0.0,0.0,0.0,0.0,0.016017238043775556
cell_type,Li22 | T3,12,1200-1300,1250.0,244,0,0.0,0.0,0.0,0.0,0.015500222722900431
cell_type,Li22 | T3,16,1600-1700,1650.0,202,0,0.0,0.0,0.0,0.0,0.018662894186597848
cell_type,Li22 | T3,19,1900-2000,1950.0,190,0,0.0,0.0,0.0,0.0,0.019818243349208835
cell_type,Li29 | Y3,0,0-100,50.0,528,527,5717.0,5717.0,0.9981060606060606,0.9893506750072285,0.9996656035238227
cell_type,Li30 | TmY5a,0,0-100,50.0,1126,1116,10197.0,10197.0,0.9911190053285968,0.9837292851572081,0.9951689958053622
cell_type,Li30 | Y3,0,0-100,50.0,598,594,14941.0,14941.0,0.9933110367892977,0.982928540718383,0.9973958502841664
cell_type,Li31 | Tm4,0,0-100,50.0,1182,1181,10428.0,10428.0,0.9991539763113367,0.9952232340595458,0.9998506442729397
cell_type,Li33 | Tm5f,0,0-100,50.0,742,720,2965.0,2965.0,0.9703504043126685,0.955515800785065,0.9803397481679565
cell_type,MeMe_e08 | T4c,1,100-200,150.0,374,5,5.0,5.0,0.013368983957219251,0.005723502963055701,0.030909837569061453
cell_type,MeMe_e08 | T4c,2,200-300,250.0,253,1,1.0,1.0,0.003952569169960474,0.0006980486272232939,0.022045930541260313
cell_type,MeMe_e08 | T4c,5,500-600,550.0,270,0,0.0,0.0,0.0,8.673617379884035e-19,0.014028547890459302
cell_type,MeMe_e08 | T4c,6,600-700,650.0,276,2,2.0,2.0,0.007246376811594203,0.0019894307873807495,0.02603213569880286
cell_type,MeMe_e08 | T4c,8,800-900,850.0,271,0,0.0,0.0,0.0,0.0,0.013977505588673621
cell_type,MeMe_e08 | T4c,9,900-1000,950.0,262,0,0.0,0.0,0.0,0.0,0.014450710498281682
cell_type,MeMe_e08 | T4c,13,1300-1400,1350.0,196,1,1.0,1.0,0.00510204081632653,0.0009011807600492975,0.028329970311599444
cell_type,MeMe_e08 | T4c,14,1400-1500,1450.0,176,0,0.0,0.0,0.0,1.734723475976807e-18,0.021361019919751596
cell_type,MeMe_e08 | T4c,15,1500-1600,1550.0,147,0,0.0,0.0,0.0,0.0,0.025467775467775466
cell_type,MeMe_e08 | T4d,6,600-700,650.0,270,2,2.0,2.0,0.007407407407407408,0.002033691697358236,0.02660184066879797
cell_type,MeMe_e08 | T4d,7,700-800,750.0,270,2,2.0,2.0,0.007407407407407408,0.002033691697358236,0.02660184066879797
cell_type,MeMe_e08 | T4d,8,800-900,850.0,260,1,1.0,1.0,0.0038461538461538464,0.0006792460665055958,0.021461310995004035
cell_type,MeMe_e08 | T4d,9,900-1000,950.0,271,1,1.0,1.0,0.0036900369003690036,0.000651662605302231,0.02060276176131476
cell_type,MeMe_e08 | T4d,12,1200-1300,1250.0,218,0,0.0,0.0,0.0,0.0,0.017316860318353274
cell_type,MeMe_e08 | T4d,13,1300-1400,1350.0,207,0,0.0,0.0,0.0,0.0,0.018220313258863523
cell_type,MeMe_e08 | T4d,18,1800-1900,1850.0,107,0,0.0,0.0,0.0,0.0,0.03465846757895952
cell_type,MeTu1 | Mi2,0,0-100,50.0,312,9,13.0,13.0,0.028846153846153848,0.015248681015203727,0.05390497068868835
cell_type,MeTu1 | Mi2,3,300-400,350.0,198,2,2.0,2.0,0.010101010101010102,0.0027743880346107024,0.03607587870921218
cell_type,MeTu1 | Mi2,9,900-1000,950.0,165,0,0.0,0.0,0.0,0.0,0.02275268654170536
cell_type,MeTu1 | Mi2,10,1000-1100,1050.0,150,0,0.0,0.0,0.0,0.0,0.02497113914571871
cell_type,MeTu1 | Mi2,12,1200-1300,1250.0,162,0,0.0,0.0,0.0,0.0,0.023164272414159054
cell_type,MeTu1 | Mi2,15,1500-1600,1550.0,161,0,0.0,0.0,0.0,0.0,0.023304796847397745
cell_type,MeTu1 | Mi2,16,1600-1700,1650.0,166,0,0.0,0.0,0.0,0.0,0.022618722386034986
cell_type,MeTu1 | Mi2,18,1800-1900,1850.0,150,0,0.0,0.0,0.0,0.0,0.02497113914571871
cell_type,Mi13 | T4d,0,0-100,50.0,753,30,38.0,38.0,0.0398406374501992,0.028047526567437343,0.056305130580372724
cell_type,Mi13 | T4d,2,200-300,250.0,499,2,2.0,2.0,0.004008016032064128,0.001099808535305627,0.01449476438785745
cell_type,Mi13 | T4d,3,300-400,350.0,501,2,2.0,2.0,0.003992015968063872,0.0010954153390655332,0.014437377521110805
cell_type,Mi13 | T4d,4,400-500,450.0,414,0,0.0,0.0,0.0,0.0,0.009193914631764763
cell_type,Mi13 | T4d,6,600-700,650.0,386,0,0.0,0.0,0.0,0.0,0.00985425875535089
cell_type,Mi13 | T4d,8,800-900,850.0,345,0,0.0,0.0,0.0,0.0,0.011012448056653792
cell_type,Mi13 | T4d,9,900-1000,950.0,304,0,0.0,0.0,0.0,0.0,0.012479145118788362
cell_type,Mi13 | T4d,10,1000-1100,1050.0,310,0,0.0,0.0,0.0,0.0,0.012240569765129924
cell_type,Mi13 | T4d,12,1200-1300,1250.0,317,0,0.0,0.0,0.0,0.0,0.011973509669569032
cell_type,Mi13 | T4d,13,1300-1400,1350.0,291,1,1.0,1.0,0.003436426116838488,0.0006068557561889048,0.019205816539715065
cell_type,Mi13 | T4d,14,1400-1500,1450.0,279,0,0.0,0.0,0.0,0.0,0.013582160474272523
cell_type,Mi13 | T4d,15,1500-1600,1550.0,267,0,0.0,0.0,0.0,0.0,0.014183936293390674
cell_type,Mi13 | T4d,18,1800-1900,1850.0,241,0,0.0,0.0,0.0,0.0,0.01569014415850901
cell_type,Mi13 | T4d,19,1900-2000,1950.0,262,0,0.0,0.0,0.0,0.0,0.014450710498281682
cell_type,Mi13 | cM05,0,0-100,50.0,268,268,4343.0,4343.0,1.0,0.9858682409167692,1.0
cell_type,Mi13 | cM05,1,100-200,150.0,98,98,1322.0,1322.0,1.0,0.9622786759045421,1.0
cell_type,Mi15 | Sm39,0,0-100,50.0,777,773,8192.0,8192.0,0.9948519948519948,0.9868385175123783,0.9979963068617327
cell_type,Mi4 | Sm06,2,200-300,250.0,135,2,2.0,2.0,0.014814814814814815,0.004072118099076125,0.05240663178568465
cell_type,Mi4 | Sm06,7,700-800,750.0,148,1,1.0,1.0,0.006756756756756757,0.0011937001683413329,0.03727797030931433
cell_type,Mi4 | Sm06,10,1000-1100,1050.0,168,1,1.0,1.0,0.005952380952380952,0.0010514882493867714,0.03294260863984144
cell_type,Mi4 | Sm06,14,1400-1500,1450.0,160,0,0.0,0.0,0.0,0.0,0.02344703665003271
cell_type,Mi4 | Sm06,15,1500-1600,1550.0,157,0,0.0,0.0,0.0,0.0,0.02388436822314625
cell_type,Mi4 | Sm06,17,1700-1800,1750.0,151,0,0.0,0.0,0.0,0.0,0.02480987021575597
cell_type,Mi4 | Sm06,18,1800-1900,1850.0,152,0,0.0,0.0,0.0,0.0,0.024650670937670042
cell_type,Mi4 | Sm20,1,100-200,150.0,286,6,6.0,6.0,0.02097902097902098,0.00964936184322316,0.04500669857046487
cell_type,Mi4 | Sm20,6,600-700,650.0,216,1,1.0,1.0,0.004629629629629629,0.0008176902813987127,0.025754168729816635
cell_type,Mi4 | Sm20,9,900-1000,950.0,239,1,2.0,2.0,0.0041841004184100415,0.0007389596759692588,0.023316226914796075
cell_type,Mi4 | Sm20,14,1400-1500,1450.0,224,0,0.0,0.0,0.0,0.0,0.01686083665142801
cell_type,Mi4 | Sm20,16,1600-1700,1650.0,219,1,1.0,1.0,0.0045662100456621,0.0008064827143618118,0.02540765324588977
cell_type,Mi4 | Sm20,19,1900-2000,1950.0,201,0,0.0,0.0,0.0,0.0,0.018754003093121707
cell_type,ORN_VM5d | VM5d_adPN,0,0-100,50.0,578,577,5127.0,5127.0,0.9982698961937716,0.9902656173616328,0.9996945367421647
cell_type,Pm08 | T4d,12,1200-1300,1250.0,217,0,0.0,0.0,0.0,0.0,0.017395273354295564
cell_type,Pm08 | T4d,13,1300-1400,1350.0,255,0,0.0,0.0,0.0,0.0,0.014841509247354365
cell_type,Pm08 | T4d,15,1500-1600,1550.0,297,0,0.0,0.0,0.0,0.0,0.012769510599597926
cell_type,Pm08 | T4d,17,1700-1800,1750.0,303,0,0.0,0.0,0.0,0.0,0.012519814783914566
cell_type,Pm08 | T4d,18,1800-1900,1850.0,314,0,0.0,0.0,0.0,0.0,0.01208652360169342
cell_type,Pm12 | Tm2,0,0-100,50.0,2907,2903,43418.0,43418.0,0.998624011007912,0.9964671108268541,0.999464787356819
cell_type,R7 | Tm3,4,400-500,450.0,231,2,2.0,2.0,0.008658008658008658,0.0023775084651898957,0.03101350913986816
cell_type,R7 | Tm3,5,500-600,550.0,306,1,3.0,3.0,0.0032679738562091504,0.0005770958987967156,0.018276408601567345
cell_type,R7 | Tm3,6,600-700,650.0,372,1,1.0,1.0,0.002688172043010753,0.00047467387372550005,0.015068044122366474
cell_type,R7 | Tm3,7,700-800,750.0,388,5,5.0,5.0,0.01288659793814433,0.005516524964274582,0.029807953090122904
cell_type,R7 | Tm3,8,800-900,850.0,435,0,0.0,0.0,0.0,0.0,0.00875395586927037
cell_type,R7 | Tm3,9,900-1000,950.0,460,2,2.0,2.0,0.004347826086956522,0.0011931166278073436,0.015712654652733256
cell_type,R7 | Tm3,11,1100-1200,1150.0,545,3,3.0,3.0,0.005504587155963303,0.0018737516545614232,0.016057833706315014
cell_type,R7 | Tm3,12,1200-1300,1250.0,415,2,2.0,2.0,0.004819277108433735,0.0013225883304342437,0.017399525232306423
cell_type,R7 | Tm3,13,1300-1400,1350.0,419,0,0.0,0.0,0.0,0.0,0.009085198807307512
cell_type,R7 | Tm3,14,1400-1500,1450.0,415,1,1.0,1.0,0.0024096385542168677,0.0004254761412582379,0.013521562548308417
cell_type,R7 | Tm3,15,1500-1600,1550.0,420,1,1.0,1.0,0.002380952380952381,0.0004204094577228085,0.013362097969580222
cell_type,R7 | Tm3,16,1600-1700,1650.0,373,0,0.0,0.0,0.0,0.0,0.010194203612340039
cell_type,R7 | Tm3,17,1700-1800,1750.0,363,0,0.0,0.0,0.0,0.0,0.010472094767878016
cell_type,R7 | Tm3,18,1800-1900,1850.0,379,0,0.0,0.0,0.0,0.0,0.010034437218943815
cell_type,R7 | Tm3,19,1900-2000,1950.0,337,0,0.0,0.0,0.0,0.0,0.01127092467586116
cell_type,R7 | Tm4,1,100-200,150.0,96,3,3.0,3.0,0.03125,0.010683876777878007,0.08788826148913696
cell_type,R7 | Tm4,2,200-300,250.0,99,0,0.0,0.0,0.0,0.0,0.03735453357396229
cell_type,R7 | Tm4,3,300-400,350.0,153,1,1.0,1.0,0.006535947712418301,0.0011546587784428824,0.036090561877301516
cell_type,R7 | Tm4,4,400-500,450.0,211,3,3.0,3.0,0.014218009478672985,0.004846891069657241,0.04096174189528064
cell_type,R7 | Tm4,5,500-600,550.0,224,0,0.0,0.0,0.0,0.0,0.01686083665142801
cell_type,R7 | Tm4,6,600-700,650.0,300,0,0.0,0.0,0.0,0.0,0.012643429997735661
cell_type,R7 | Tm4,8,800-900,850.0,400,0,0.0,0.0,0.0,0.0,0.009512640599680667
cell_type,R7 | Tm4,9,900-1000,950.0,409,1,2.0,2.0,0.0024449877750611247,0.0004317197322849381,0.013718017115939658
cell_type,R7 | Tm4,11,1100-1200,1150.0,423,0,0.0,0.0,0.0,0.0,0.00900005997541008
cell_type,R7 | Tm4,13,1300-1400,1350.0,388,0,0.0,0.0,0.0,0.0,0.00980396160081012
cell_type,R7 | Tm4,14,1400-1500,1450.0,331,0,0.0,0.0,0.0,0.0,0.011472887478736215
cell_type,R7 | Tm4,15,1500-1600,1550.0,343,0,0.0,0.0,0.0,0.0,0.011075949367088606
cell_type,R7 | Tm4,16,1600-1700,1650.0,379,0,0.0,0.0,0.0,0.0,0.010034437218943815
cell_type,R7 | Tm4,18,1800-1900,1850.0,300,1,1.0,1.0,0.0033333333333333335,0.0005886425761407379,0.018637164554943353
cell_type,R8 | Tm3,1,100-200,150.0,76,3,3.0,3.0,0.039473684210526314,0.013514390129808602,0.10974967271462335
cell_type,R8 | Tm3,2,200-300,250.0,124,2,2.0,2.0,0.016129032258064516,0.00443427154444424,0.05690413473332449
cell_type,R8 | Tm3,4,400-500,450.0,276,3,3.0,3.0,0.010869565217391304,0.003703321451570882,0.03146514528103785
cell_type,R8 | Tm3,5,500-600,550.0,299,1,1.0,1.0,0.0033444816053511705,0.0005906120949380513,0.01869867973286896
cell_type,R8 | Tm3,6,600-700,650.0,399,1,1.0,1.0,0.002506265664160401,0.00044254312931190764,0.014058441873230035
cell_type,R8 | Tm3,7,700-800,750.0,437,1,1.0,1.0,0.002288329519450801,0.0004040502284517527,0.012846967824291
cell_type,R8 | Tm3,8,800-900,850.0,471,2,3.0,3.0,0.004246284501061571,0.001165233387887002,0.015348905221704068
cell_type,R8 | Tm3,9,900-1000,950.0,429,0,0.0,0.0,0.0,0.0,0.008875302189068703
cell_type,R8 | Tm3,13,1300-1400,1350.0,401,0,0.0,0.0,0.0,0.0,0.009489143408187298
cell_type,R8 | Tm3,14,1400-1500,1450.0,451,0,0.0,0.0,0.0,0.0,0.008446017250840732
cell_type,R8 | Tm3,16,1600-1700,1650.0,314,0,0.0,0.0,0.0,0.0,0.01208652360169342
cell_type,R8 | Tm3,18,1800-1900,1850.0,355,0,0.0,0.0,0.0,0.0,0.010705559221673296
cell_type,R8 | Tm3,19,1900-2000,1950.0,358,0,0.0,0.0,0.0,0.0,0.010616800279459297
cell_type,Sm40 | Tm5d,0,0-100,50.0,644,633,9044.0,9044.0,0.9829192546583851,0.969675034068978,0.9904362029988486
cell_type,T1 | Tm21,1,100-200,150.0,930,15,17.0,17.0,0.016129032258064516,0.009798323739836318,0.026440798612391295
cell_type,T1 | Tm21,3,300-400,350.0,834,4,5.0,5.0,0.004796163069544364,0.0018666373778583852,0.01226682173899616
cell_type,T1 | Tm21,4,400-500,450.0,749,0,0.0,0.0,0.0,0.0,0.005102799845279537
cell_type,T1 | Tm21,5,500-600,550.0,673,3,3.0,3.0,0.004457652303120356,0.0015171101488831162,0.013023367268580582
cell_type,T1 | Tm21,6,600-700,650.0,635,1,1.0,1.0,0.0015748031496062992,0.00027803838302085937,0.008866012348803742
cell_type,T1 | Tm21,7,700-800,750.0,584,0,0.0,0.0,0.0,0.0,0.006535093807583538
cell_type,T1 | Tm21,10,1000-1100,1050.0,441,1,1.0,1.0,0.0022675736961451248,0.00040038434613417877,0.012731481018975558
cell_type,T1 | Tm21,12,1200-1300,1250.0,354,0,0.0,0.0,0.0,0.0,0.010735476255415802
cell_type,T1 | Tm21,14,1400-1500,1450.0,319,0,0.0,0.0,0.0,0.0,0.011899333914836253
cell_type,T1 | Tm21,18,1800-1900,1850.0,259,0,0.0,0.0,0.0,0.0,0.014615646838247825
cell_type,T1 | TmY5a,3,300-400,350.0,189,2,3.0,3.0,0.010582010582010581,0.0029067212455334626,0.037756704073484845
cell_type,T1 | TmY5a,4,400-500,450.0,249,0,0.0,0.0,0.0,0.0,0.01519370230215281
cell_type,T1 | TmY5a,6,600-700,650.0,285,3,3.0,3.0,0.010526315789473684,0.0035861670897648426,0.03048648726473257
cell_type,T1 | TmY5a,8,800-900,850.0,310,1,1.0,1.0,0.0032258064516129032,0.000569646528673166,0.018043564721843014
cell_type,T1 | TmY5a,9,900-1000,950.0,263,1,1.0,1.0,0.0038022813688212928,0.0006714943673873097,0.021220144717373084
cell_type,T1 | TmY5a,11,1100-1200,1150.0,249,0,0.0,0.0,0.0,0.0,0.01519370230215281
cell_type,T1 | TmY5a,12,1200-1300,1250.0,269,0,0.0,0.0,0.0,0.0,0.014079964345612983
cell_type,T1 | TmY5a,13,1300-1400,1350.0,207,0,0.0,0.0,0.0,0.0,0.018220313258863523
cell_type,T1 | TmY5a,15,1500-1600,1550.0,173,0,0.0,0.0,0.0,0.0,0.021723395400177335
cell_type,T2 | T2a,0,0-100,50.0,8037,1452,2057.0,2057.0,0.18066442702500934,0.1724060633324623,0.18922792284132325
cell_type,T2 | T2a,2,200-300,250.0,1280,29,40.0,40.0,0.02265625,0.015820341956206158,0.032348840285590645
cell_type,T2 | T2a,3,300-400,350.0,1038,16,21.0,21.0,0.015414258188824663,0.009509923467993654,0.02489223517109313
cell_type,T2 | T2a,4,400-500,450.0,998,8,9.0,9.0,0.008016032064128256,0.004067292437718946,0.0157378344406219
cell_type,T2 | T2a,5,500-600,550.0,862,8,10.0,10.0,0.009280742459396751,0.004709993180685658,0.01820597666876486
cell_type,T2 | T2a,6,600-700,650.0,875,8,11.0,11.0,0.009142857142857144,0.004639909400727072,0.01793708285817374
cell_type,T2 | T2a,7,700-800,750.0,921,5,5.0,5.0,0.0054288816503800215,0.002321022440215894,0.012645432355935144
cell_type,T2 | T2a,8,800-900,850.0,823,0,0.0,0.0,0.0,0.0,0.004646113596606653
cell_type,T2 | T2a,9,900-1000,950.0,934,2,2.0,2.0,0.0021413276231263384,0.0005874135180338066,0.007773913170822818
cell_type,T2 | T2a,10,1000-1100,1050.0,915,4,5.0,5.0,0.004371584699453552,0.0017012701411146004,0.011186261289765322
cell_type,T2 | T2a,11,1100-1200,1150.0,876,1,1.0,1.0,0.001141552511415525,0.00020153529438197417,0.006437841611642927
cell_type,T2 | T2a,12,1200-1300,1250.0,898,4,7.0,7.0,0.004454342984409799,0.001733501424181002,0.01139696405889274
cell_type,T2 | T2a,13,1300-1400,1350.0,903,1,1.0,1.0,0.0011074197120708748,0.00019550849728209967,0.006246189810338547
cell_type,T2 | T2a,14,1400-1500,1450.0,812,4,4.0,4.0,0.0049261083743842365,0.00191725404605338,0.012597328196381916
cell_type,T2 | T2a,15,1500-1600,1550.0,854,2,2.0,2.0,0.00234192037470726,0.0006424606967622539,0.008498620826912981
cell_type,T2 | T2a,16,1600-1700,1650.0,859,5,6.0,6.0,0.005820721769499418,0.002488714512945107,0.013553163857314279
cell_type,T2 | T2a,18,1800-1900,1850.0,856,2,2.0,2.0,0.002336448598130841,0.000640959071930119,0.008478860206411382
cell_type,T2 | T2a,19,1900-2000,1950.0,843,0,0.0,0.0,0.0,0.0,0.004536385553095171
cell_type,T2 | T3,0,0-100,50.0,9157,3447,7609.0,7609.0,0.3764333296931309,0.3665635913614158,0.38640670342023387
cell_type,T2 | T3,1,100-200,150.0,2367,178,234.0,234.0,0.07520067596113224,0.06525123326599458,0.0865267682673006
cell_type,T2 | T3,2,200-300,250.0,1200,41,46.0,46.0,0.034166666666666665,0.02528427905424529,0.04602211208558573
cell_type,T2 | T3,4,400-500,450.0,901,7,7.0,7.0,0.00776914539400666,0.003768331210814801,0.01594959510910683
cell_type,T2 | T3,5,500-600,550.0,864,6,7.0,7.0,0.006944444444444444,0.0031864304523333935,0.015067591940693164
cell_type,T2 | T3,6,600-700,650.0,859,2,2.0,2.0,0.002328288707799767,0.0006387197502677883,0.008449390975965159
cell_type,T2 | T3,7,700-800,750.0,894,5,6.0,6.0,0.005592841163310962,0.002391187872797875,0.013025339942353484
cell_type,T2 | T3,8,800-900,850.0,844,4,6.0,6.0,0.004739336492890996,0.0018445028366384985,0.012122256992084225
cell_type,T2 | T3,10,1000-1100,1050.0,818,3,3.0,3.0,0.003667481662591687,0.0012480192249034044,0.010727037769047742
cell_type,T2 | T3,11,1100-1200,1150.0,813,3,4.0,4.0,0.0036900369003690036,0.0012556993726837396,0.010792658595372734
cell_type,T2 | T3,12,1200-1300,1250.0,873,4,4.0,4.0,0.004581901489117984,0.001783182525602004,0.011721651186667122
cell_type,T2 | T3,13,1300-1400,1350.0,827,1,1.0,1.0,0.0012091898428053204,0.00021347810625426972,0.006817464976037228
cell_type,T2 | T3,14,1400-1500,1450.0,771,0,0.0,0.0,0.0,0.0,0.004957916559978194
cell_type,T2 | T3,15,1500-1600,1550.0,776,0,0.0,0.0,0.0,0.0,0.00492612858816457
cell_type,T2 | T3,16,1600-1700,1650.0,769,0,0.0,0.0,0.0,0.0,0.004970746916315064
cell_type,T2 | T3,18,1800-1900,1850.0,765,0,0.0,0.0,0.0,0.0,0.004996607883860603
cell_type,T2 | T3,19,1900-2000,1950.0,755,2,3.0,3.0,0.0026490066225165563,0.0007267387878649896,0.009606906600052593
cell_type,T2 | T5a,0,0-100,50.0,3793,990,1244.0,1244.0,0.2610071183759557,0.24727700548656906,0.2752208516797663
cell_type,T2 | T5a,1,100-200,150.0,2444,329,383.0,383.0,0.1346153846153846,0.12165542431215176,0.1487222014296446
cell_type,T2 | T5a,2,200-300,250.0,1730,143,158.0,158.0,0.08265895953757225,0.07058900967283693,0.09657827942669792
cell_type,T2 | T5a,3,300-400,350.0,1387,84,91.0,91.0,0.06056236481614996,0.04918168247270097,0.07437056100347919
cell_type,T2 | T5a,4,400-500,450.0,1311,32,34.0,34.0,0.02440884820747521,0.017342274543417212,0.03425451095530751
cell_type,T2 | T5a,5,500-600,550.0,1200,28,29.0,29.0,0.023333333333333334,0.01619211396774316,0.033516751384642066
cell_type,T2 | T5a,6,600-700,650.0,1169,11,13.0,13.0,0.009409751924721984,0.005262234510520708,0.016771090364722463
cell_type,T2 | T5a,7,700-800,750.0,1143,4,5.0,5.0,0.003499562554680665,0.0013617055093417818,0.008963696010798402
cell_type,T2 | T5a,8,800-900,850.0,1093,4,4.0,4.0,0.0036596523330283625,0.0014240367072027305,0.009372052719018887
cell_type,T2 | T5a,9,900-1000,950.0,1100,2,2.0,2.0,0.0018181818181818182,0.000498742279403744,0.006605175529093416
cell_type,T2 | T5a,10,1000-1100,1050.0,1058,1,1.0,1.0,0.000945179584120983,0.0001668626019644976,0.005334522915423407
cell_type,T2 | T5a,11,1100-1200,1150.0,1079,0,0.0,0.0,0.0,0.0,0.0035477026372093567
cell_type,T2 | T5a,12,1200-1300,1250.0,1028,1,1.0,1.0,0.0009727626459143969,0.0001717327186142024,0.0054896013466144145
cell_type,T2 | T5a,13,1300-1400,1350.0,1038,1,1.0,1.0,0.0009633911368015414,0.00017007806382464928,0.005436916319966513
cell_type,T2 | T5a,14,1400-1500,1450.0,1014,0,0.0,0.0,0.0,0.0,0.003774261142401725
cell_type,T2 | T5a,15,1500-1600,1550.0,1054,0,0.0,0.0,0.0,0.0,0.0036315455924592114
cell_type,T2 | T5a,16,1600-1700,1650.0,1024,0,0.0,0.0,0.0,0.0,0.003737540881785676
cell_type,T2 | T5a,17,1700-1800,1750.0,1043,1,1.0,1.0,0.0009587727708533077,0.00016926263612468536,0.005410951218578833
cell_type,T2 | T5a,18,1800-1900,1850.0,1024,0,0.0,0.0,0.0,0.0,0.003737540881785676
cell_type,T2 | T5a,19,1900-2000,1950.0,1045,0,0.0,0.0,0.0,0.0,0.0036627075051180267
cell_type,T2 | T5b,0,0-100,50.0,4795,2597,4500.0,4500.0,0.5416058394160584,0.5274747673073893,0.5556702983684606
cell_type,T2 | T5b,1,100-200,150.0,2262,783,1079.0,1079.0,0.34615384615384615,0.3268238835495834,0.3660054828103599
cell_type,T2 | T5b,2,200-300,250.0,1274,296,389.0,389.0,0.23233908948194662,0.20997379332554295,0.2563137340174392
cell_type,T2 | T5b,4,400-500,450.0,1180,135,163.0,163.0,0.11440677966101695,0.09748264396441132,0.13383343751135363
cell_type,T2 | T5b,5,500-600,550.0,1059,79,105.0,105.0,0.07459867799811143,0.06026542383273878,0.0920071255292734
cell_type,T2 | T5b,6,600-700,650.0,1046,60,69.0,69.0,0.05736137667304015,0.044821947726660025,0.07314022866261623
cell_type,T2 | T5b,7,700-800,750.0,1035,31,37.0,37.0,0.02995169082125604,0.021179714882952824,0.04220011126186078
cell_type,T2 | T5b,8,800-900,850.0,1016,17,20.0,20.0,0.01673228346456693,0.010472622082512487,0.026632748006332686
cell_type,T2 | T5b,9,900-1000,950.0,1070,14,17.0,17.0,0.013084112149532711,0.007809656484247948,0.021842389031589773
cell_type,T2 | T5b,10,1000-1100,1050.0,1026,6,8.0,8.0,0.005847953216374269,0.0026828070825576384,0.012699752720814065
cell_type,T2 | T5b,11,1100-1200,1150.0,984,2,2.0,2.0,0.0020325203252032522,0.0005575557845747523,0.007380558990101675
cell_type,T2 | T5b,12,1200-1300,1250.0,985,3,4.0,4.0,0.003045685279187817,0.0010363179982607416,0.008916337715252928
cell_type,T2 | T5b,13,1300-1400,1350.0,1049,1,1.0,1.0,0.0009532888465204957,0.0001682943849571762,0.0053801185956849264
cell_type,T2 | T5b,14,1400-1500,1450.0,1017,3,4.0,4.0,0.0029498525073746312,0.0010036940204684172,0.00863697893016369
cell_type,T2 | T5b,15,1500-1600,1550.0,972,4,4.0,4.0,0.00411522633744856,0.0016014338783867845,0.010533322418126913
cell_type,T2 | T5b,16,1600-1700,1650.0,1031,0,0.0,0.0,0.0,0.0,0.0037122589582792185
cell_type,T2 | T5b,17,1700-1800,1750.0,1006,1,2.0,2.0,0.0009940357852882703,0.00017548876631888347,0.005609180829388006
cell_type,T2 | T5b,18,1800-1900,1850.0,1026,1,1.0,1.0,0.0009746588693957114,0.00017206752057595358,0.005500261117148528
cell_type,T2 | T5b,19,1900-2000,1950.0,1010,0,0.0,0.0,0.0,0.0,0.0037891520726709184
cell_type,T2 | T5c,0,0-100,50.0,3839,1100,1503.0,1503.0,0.28653295128939826,0.2724491011325181,0.30104359760375043
cell_type,T2 | T5c,1,100-200,150.0,2385,338,417.0,417.0,0.14171907756813418,0.12829745394668704,0.15629303543527953
cell_type,T2 | T5c,2,200-300,250.0,1697,120,144.0,144.0,0.07071302298173247,0.05946126063905027,0.08390400041759372
cell_type,T2 | T5c,3,300-400,350.0,1494,76,87.0,87.0,0.050870147255689425,0.04083458723856957,0.06320952530310373
cell_type,T2 | T5c,4,400-500,450.0,1484,35,40.0,40.0,0.02358490566037736,0.017006483902683965,0.032623530475190676
cell_type,T2 | T5c,5,500-600,550.0,1332,26,28.0,28.0,0.01951951951951952,0.01335491753110315,0.028447643491101883
cell_type,T2 | T5c,6,600-700,650.0,1247,10,14.0,14.0,0.00801924619085806,0.00436163037628759,0.0146988166059682
cell_type,T2 | T5c,7,700-800,750.0,1192,10,10.0,10.0,0.008389261744966443,0.004563152963078996,0.015373935694816834
cell_type,T2 | T5c,8,800-900,850.0,1163,1,3.0,3.0,0.0008598452278589854,0.00015179601973555092,0.004854539030368936
cell_type,T2 | T5c,9,900-1000,950.0,1137,3,3.0,3.0,0.002638522427440633,0.0008977163741823919,0.007728897522085066
cell_type,T2 | T5c,10,1000-1100,1050.0,1117,0,0.0,0.0,0.0,0.0,0.0034274245352777766
cell_type,T2 | T5c,11,1100-1200,1150.0,1105,1,1.0,1.0,0.0009049773755656109,0.0001597644847865366,0.005108436131063373
cell_type,T2 | T5c,12,1200-1300,1250.0,1081,0,0.0,0.0,0.0,0.0,0.003541162138325079
cell_type,T2 | T5c,13,1300-1400,1350.0,1053,0,0.0,0.0,0.0,0.0,0.003634981817521187
cell_type,T2 | T5c,14,1400-1500,1450.0,1062,0,0.0,0.0,0.0,0.0,0.00360428791670357
cell_type,T2 | T5c,15,1500-1600,1550.0,1043,0,0.0,0.0,0.0,0.0,0.0036697051397269645
cell_type,T2 | T5c,17,1700-1800,1750.0,1087,0,0.0,0.0,0.0,0.0,0.0035216845415503035
cell_type,T2 | T5c,18,1800-1900,1850.0,1092,0,0.0,0.0,0.0,0.0,0.003505616140142882
cell_type,T2 | T5d,0,0-100,50.0,4442,1826,2578.0,2578.0,0.4110760918505178,0.39668934638539816,0.42561651354447433
cell_type,T2 | T5d,1,100-200,150.0,2294,616,790.0,790.0,0.26852659110723626,0.25078816041737256,0.28703899007028516
cell_type,T2 | T5d,2,200-300,250.0,1402,219,267.0,267.0,0.15620542082738945,0.13814346694204852,0.17614627949880227
cell_type,T2 | T5d,3,300-400,350.0,1239,125,139.0,139.0,0.10088781275221953,0.085331489952093,0.11891143207433416
cell_type,T2 | T5d,4,400-500,450.0,1164,77,86.0,86.0,0.0661512027491409,0.05325195010187243,0.08190473553083667
cell_type,T2 | T5d,5,500-600,550.0,1076,47,55.0,55.0,0.04368029739776952,0.033005596628548114,0.05760176652545522
cell_type,T2 | T5d,6,600-700,650.0,1049,28,34.0,34.0,0.02669208770257388,0.018530876317515314,0.038307303328881645
cell_type,T2 | T5d,7,700-800,750.0,1128,22,24.0,24.0,0.01950354609929078,0.012914558662928032,0.02935425351008275
cell_type,T2 | T5d,8,800-900,850.0,1029,7,8.0,8.0,0.006802721088435374,0.003299039768431774,0.013975245078344342
cell_type,T2 | T5d,9,900-1000,950.0,999,10,10.0,10.0,0.01001001001001001,0.005446150271008,0.01832789340647805
cell_type,T2 | T5d,10,1000-1100,1050.0,984,4,5.0,5.0,0.0040650406504065045,0.001581890580718311,0.010405456378551274
cell_type,T2 | T5d,11,1100-1200,1150.0,1018,3,3.0,3.0,0.0029469548133595285,0.001002707586110998,0.008628530758462172
cell_type,T2 | T5d,12,1200-1300,1250.0,999,0,0.0,0.0,0.0,0.0,0.0038307146412753512
cell_type,T2 | T5d,13,1300-1400,1350.0,1048,2,3.0,3.0,0.0019083969465648854,0.0005234964171246296,0.006931618497516511
cell_type,T2 | T5d,14,1400-1500,1450.0,1021,2,2.0,2.0,0.0019588638589618022,0.0005373443427231835,0.007114179561068388
cell_type,T2 | T5d,15,1500-1600,1550.0,1046,2,2.0,2.0,0.0019120458891013384,0.0005244976655143728,0.006944819610539462
cell_type,T2 | T5d,16,1600-1700,1650.0,1010,1,1.0,1.0,0.0009900990099009901,0.00017479367625317576,0.005587053144788691
cell_type,T2 | T5d,17,1700-1800,1750.0,1031,1,1.0,1.0,0.0009699321047526673,0.00017123295147736858,0.005473688938017603
cell_type,T2 | T5d,18,1800-1900,1850.0,1021,0,0.0,0.0,0.0,0.0,0.003748481716589178
cell_type,T2 | T5d,19,1900-2000,1950.0,979,0,0.0,0.0,0.0,0.0,0.003908666462632432
cell_type,T2 | Tm3,0,0-100,50.0,9450,5639,26821.0,26821.0,0.5967195767195768,0.5867914639118691,0.6065690848834483
cell_type,T2 | Tm3,1,100-200,150.0,2114,338,501.0,501.0,0.1598864711447493,0.1448818963993885,0.17612492488507395
cell_type,T2 | Tm3,2,200-300,250.0,1069,99,133.0,133.0,0.09260991580916744,0.07666086981433351,0.11147650293482164
cell_type,T2 | Tm3,3,300-400,350.0,863,51,68.0,68.0,0.05909617612977984,0.045231208035619114,0.07686906956988575
cell_type,T2 | Tm3,4,400-500,450.0,841,29,36.0,36.0,0.034482758620689655,0.024114681266310046,0.049084365750314135
cell_type,T2 | Tm3,5,500-600,550.0,710,19,24.0,24.0,0.02676056338028169,0.017197575264962607,0.041417109001126676
cell_type,T2 | Tm3,6,600-700,650.0,749,14,17.0,17.0,0.018691588785046728,0.01116619254891684,0.031129025993735418
cell_type,T2 | Tm3,7,700-800,750.0,679,12,13.0,13.0,0.017673048600883652,0.01013801780914846,0.030635127822283486
cell_type,T2 | Tm3,8,800-900,850.0,739,7,9.0,9.0,0.009472259810554804,0.00459573021033845,0.019422310782519246
cell_type,T2 | Tm3,9,900-1000,950.0,700,7,7.0,7.0,0.01,0.004852211433992374,0.020496673883385857
cell_type,T2 | Tm3,10,1000-1100,1050.0,734,4,5.0,5.0,0.005449591280653951,0.0021211855006181765,0.013927787612310127
cell_type,T2 | Tm3,11,1100-1200,1150.0,694,2,2.0,2.0,0.002881844380403458,0.0007906451976906056,0.010446288799938655
cell_type,T2 | Tm3,12,1200-1300,1250.0,712,0,0.0,0.0,0.0,0.0,0.005366550365332219
cell_type,T2 | Tm3,13,1300-1400,1350.0,655,2,2.0,2.0,0.0030534351145038168,0.0008377442675081047,0.011064357846262488
cell_type,T2 | Tm3,14,1400-1500,1450.0,638,1,1.0,1.0,0.001567398119122257,0.00027673073917279176,0.008824580238488986
cell_type,T2 | Tm3,15,1500-1600,1550.0,654,1,1.0,1.0,0.0015290519877675841,0.00026995928843956407,0.008609989927298693
cell_type,T2 | Tm3,16,1600-1700,1650.0,661,1,2.0,2.0,0.0015128593040847202,0.0002670998808147317,0.008519353915096957
cell_type,T2 | Tm3,19,1900-2000,1950.0,685,0,0.0,0.0,0.0,0.0,0.005576898956160603
cell_type,T2 | Tm4,0,0-100,50.0,7997,1557,2127.0,2127.0,0.1946980117544079,0.1861667880354757,0.20352241666019033
cell_type,T2 | Tm4,1,100-200,150.0,1936,136,165.0,165.0,0.07024793388429752,0.059694247547711,0.08250375459844361
cell_type,T2 | Tm4,2,200-300,250.0,1041,41,47.0,47.0,0.0393852065321806,0.029163496613498457,0.0529940285080128
cell_type,T2 | Tm4,3,300-400,350.0,794,30,37.0,37.0,0.037783375314861464,0.026592314093934456,0.05342557416859787
cell_type,T2 | Tm4,4,400-500,450.0,674,18,21.0,21.0,0.026706231454005934,0.016958461301866644,0.0418186925346639
cell_type,T2 | Tm4,5,500-600,550.0,662,13,19.0,19.0,0.019637462235649546,0.011511443868681057,0.03330642272301283
cell_type,T2 | Tm4,6,600-700,650.0,666,8,8.0,8.0,0.012012012012012012,0.006098898228801764,0.02352243314267471
cell_type,T2 | Tm4,7,700-800,750.0,613,5,5.0,5.0,0.008156606851549755,0.0034888510378187406,0.018950621267551065
cell_type,T2 | Tm4,8,800-900,850.0,616,2,2.0,2.0,0.003246753246753247,0.0008908102112371663,0.011760163844069867
cell_type,T2 | Tm4,9,900-1000,950.0,654,2,2.0,2.0,0.0030581039755351682,0.0008390258348313561,0.01108116893545985
cell_type,T2 | Tm4,10,1000-1100,1050.0,645,2,2.0,2.0,0.0031007751937984496,0.0008507388508736859,0.01123479943767008
cell_type,T2 | Tm4,11,1100-1200,1150.0,579,0,0.0,0.0,0.0,0.0,0.006591156156321031
cell_type,T2 | Tm4,12,1200-1300,1250.0,611,5,5.0,5.0,0.008183306055646482,0.003500287273288609,0.01901217772582661
cell_type,T2 | Tm4,14,1400-1500,1450.0,616,2,2.0,2.0,0.003246753246753247,0.0008908102112371663,0.011760163844069867
cell_type,T2 | Tm4,15,1500-1600,1550.0,582,0,0.0,0.0,0.0,0.0,0.006557403912593438
cell_type,T2 | Tm4,16,1600-1700,1650.0,594,1,1.0,1.0,0.0016835016835016834,0.00029723357878378657,0.009473916505118037
cell_type,T2 | Tm4,17,1700-1800,1750.0,604,0,0.0,0.0,0.0,0.0,0.006320067596558051
cell_type,T2 | Tm4,18,1800-1900,1850.0,573,0,0.0,0.0,0.0,0.0,0.0066597138625230905
cell_type,T2 | Tm4,19,1900-2000,1950.0,604,0,0.0,0.0,0.0,0.0,0.006320067596558051
cell_type,T2 | TmY5a,0,0-100,50.0,7983,5186,12159.0,12159.0,0.6496304647375674,0.6390950373968934,0.660021950224346
cell_type,T2 | TmY5a,1,100-200,150.0,1776,632,904.0,904.0,0.35585585585585583,0.3339217681030741,0.37841218341261124
cell_type,T2 | TmY5a,2,200-300,250.0,1005,213,274.0,274.0,0.21194029850746268,0.18779418923675906,0.23828023116779207
cell_type,T2 | TmY5a,4,400-500,450.0,687,73,98.0,98.0,0.10625909752547306,0.08536422413599128,0.13153296329452824
cell_type,T2 | TmY5a,5,500-600,550.0,666,36,41.0,41.0,0.05405405405405406,0.03929718541642618,0.07392600048304618
cell_type,T2 | TmY5a,6,600-700,650.0,677,31,36.0,36.0,0.04579025110782865,0.032443802690952275,0.06426239152514732
cell_type,T2 | TmY5a,7,700-800,750.0,596,19,23.0,23.0,0.031879194630872486,0.020502048510573426,0.0492523666550303
cell_type,T2 | TmY5a,8,800-900,850.0,605,9,9.0,9.0,0.01487603305785124,0.007845610991584453,0.028028416013140583
cell_type,T2 | TmY5a,9,900-1000,950.0,589,2,2.0,2.0,0.003395585738539898,0.0009316670079683948,0.012295474946982132
cell_type,T2 | TmY5a,10,1000-1100,1050.0,611,2,2.0,2.0,0.0032733224222585926,0.0008981037169375804,0.011855750283832699
cell_type,T2 | TmY5a,11,1100-1200,1150.0,618,4,6.0,6.0,0.006472491909385114,0.0025197793360328038,0.016523012268774596
cell_type,T2 | TmY5a,13,1300-1400,1350.0,572,3,3.0,3.0,0.005244755244755245,0.0017852274211594896,0.015305583662999764
cell_type,T2 | TmY5a,15,1500-1600,1550.0,525,1,2.0,2.0,0.0019047619047619048,0.0003363077631967108,0.010709721898615066
cell_type,T2 | TmY5a,16,1600-1700,1650.0,522,1,1.0,1.0,0.0019157088122605363,0.0003382410242372246,0.010770807784377385
cell_type,T2 | TmY5a,17,1700-1800,1750.0,511,1,1.0,1.0,0.0019569471624266144,0.00034552390392660406,0.011000878562385366
cell_type,T2 | TmY5a,18,1800-1900,1850.0,514,0,0.0,0.0,0.0,0.0,0.007418484725831218
cell_type,T2 | TmY5a,19,1900-2000,1950.0,560,2,3.0,3.0,0.0035714285714285713,0.0009799410102749005,0.012927511011711416
cell_type,T2 | cL21,0,0-100,50.0,905,900,6129.0,6129.0,0.994475138121547,0.9871321594307515,0.9976379039114195
cell_type,T2 | cL21,1,100-200,150.0,389,381,2330.0,2330.0,0.9794344473007712,0.9599489032760153,0.9895432075391326
cell_type,T2 | cL21,2,200-300,250.0,208,206,1173.0,1173.0,0.9903846153846154,0.9656244659608073,0.9973591973045761
cell_type,T2 | cL21,10,1000-1100,1050.0,71,67,306.0,306.0,0.9436619718309859,0.8639019960075405,0.9778758387795299
cell_type,T2 | cL21,16,1600-1700,1650.0,34,31,122.0,122.0,0.9117647058823529,0.7703918204763959,0.9695346096956899
cell_type,T2a | T3,0,0-100,50.0,10994,2946,4743.0,4743.0,0.2679643441877388,0.2597673504045199,0.27632344035573253
cell_type,T2a | T3,1,100-200,150.0,1621,76,94.0,94.0,0.04688463911165947,0.03762154983044988,0.05829032244066873
cell_type,T2a | T3,2,200-300,250.0,784,17,18.0,18.0,0.021683673469387755,0.013581485929558323,0.034450504257301576
cell_type,T2a | T3,3,300-400,350.0,665,12,16.0,16.0,0.01804511278195489,0.01035205625300909,0.03127454113567009
cell_type,T2a | T3,4,400-500,450.0,614,5,5.0,5.0,0.008143322475570033,0.003483160898034872,0.01891999227261599
cell_type,T2a | T3,5,500-600,550.0,549,5,5.0,5.0,0.009107468123861567,0.003896204320840658,0.02114098535518951
cell_type,T2a | T3,6,600-700,650.0,565,4,4.0,4.0,0.007079646017699115,0.0027564354889255014,0.018060607427766946
cell_type,T2a | T3,7,700-800,750.0,565,0,0.0,0.0,0.0,0.0,0.006753373874203292
cell_type,T2a | T3,9,900-1000,950.0,566,2,6.0,6.0,0.0035335689045936395,0.0009695471995315608,0.012791469897149342
cell_type,T2a | T3,10,1000-1100,1050.0,609,2,2.0,2.0,0.003284072249589491,0.000901054669815775,0.011894421355310457
cell_type,T2a | T3,11,1100-1200,1150.0,611,1,1.0,1.0,0.0016366612111292963,0.00028896190407137583,0.009212021763917257
cell_type,T2a | T3,12,1200-1300,1250.0,552,1,1.0,1.0,0.0018115942028985507,0.0003198542424976405,0.010189614642163024
cell_type,T2a | T3,13,1300-1400,1350.0,569,3,3.0,3.0,0.005272407732864675,0.0017946482030104594,0.01538566831031539
cell_type,T2a | T3,14,1400-1500,1450.0,595,0,0.0,0.0,0.0,0.0,0.006415051993715867
cell_type,T2a | T3,15,1500-1600,1550.0,556,0,0.0,0.0,0.0,0.0,0.006861940949011292
cell_type,T2a | T3,16,1600-1700,1650.0,597,1,1.0,1.0,0.0016750418760469012,0.00029573963339936827,0.009426623132427765
cell_type,T2a | T3,19,1900-2000,1950.0,631,0,0.0,0.0,0.0,0.0,0.0060512732624957155
cell_type,T2a | T4a,0,0-100,50.0,502,24,31.0,31.0,0.04780876494023904,0.032334792614799324,0.07015104484894426
cell_type,T2a | T4a,2,200-300,250.0,555,8,10.0,10.0,0.014414414414414415,0.00732161909697659,0.02818325384018485
cell_type,T2a | T4a,3,300-400,350.0,599,3,3.0,3.0,0.005008347245409015,0.0017046903889589545,0.014620659421007709
cell_type,T2a | T4a,4,400-500,450.0,605,4,4.0,4.0,0.006611570247933884,0.002573984840332371,0.016875408893604334
cell_type,T2a | T4a,7,700-800,750.0,705,2,2.0,2.0,0.0028368794326241137,0.0007783034156402142,0.010284252732305956
cell_type,T2a | T4a,9,900-1000,950.0,710,1,1.0,1.0,0.0014084507042253522,0.00024866301756225687,0.007934665048496095
cell_type,T2a | T4a,10,1000-1100,1050.0,710,1,1.0,1.0,0.0014084507042253522,0.00024866301756225687,0.007934665048496095
cell_type,T2a | T4a,11,1100-1200,1150.0,731,1,1.0,1.0,0.0013679890560875513,0.00024151827553161318,0.00770795001804349
cell_type,T2a | T4a,13,1300-1400,1350.0,696,1,1.0,1.0,0.0014367816091954023,0.0002536657482585785,0.008093365922908153
cell_type,T2a | T4a,14,1400-1500,1450.0,710,2,2.0,2.0,0.0028169014084507044,0.0007728199907388279,0.010212250086432353
cell_type,T2a | T4a,15,1500-1600,1550.0,683,0,0.0,0.0,0.0,4.336808689942018e-19,0.005593138214109337
cell_type,T2a | T4a,16,1600-1700,1650.0,701,0,0.0,0.0,0.0,0.0,0.0054503025928095035
cell_type,T2a | T4a,17,1700-1800,1750.0,713,1,1.0,1.0,0.001402524544179523,0.00024761656820834364,0.007901464065504878
cell_type,T2a | T4a,18,1800-1900,1850.0,662,0,0.0,0.0,0.0,0.0,0.005769540383178221
cell_type,T2a | T4c,0,0-100,50.0,777,31,40.0,40.0,0.039897039897039896,0.028247396502949197,0.05607393063945714
cell_type,T2a | T4c,1,100-200,150.0,773,10,12.0,12.0,0.0129366106080207,0.0070417636175238545,0.023648662847794176
cell_type,T2a | T4c,2,200-300,250.0,641,4,5.0,5.0,0.0062402496099844,0.002429269144109886,0.015934310376814323
cell_type,T2a | T4c,3,300-400,350.0,630,3,3.0,3.0,0.004761904761904762,0.001620741726267097,0.013906165942778295
cell_type,T2a | T4c,4,400-500,450.0,664,7,7.0,7.0,0.010542168674698794,0.00511575272136797,0.02159956420408261
cell_type,T2a | T4c,5,500-600,550.0,696,1,1.0,1.0,0.0014367816091954023,0.0002536657482585785,0.008093365922908153
cell_type,T2a | T4c,7,700-800,750.0,676,0,0.0,0.0,0.0,0.0,0.005650728051946217
cell_type,T2a | T4c,9,900-1000,950.0,768,4,4.0,4.0,0.005208333333333333,0.002027194905873839,0.013314813091622019
cell_type,T2a | T4c,10,1000-1100,1050.0,749,1,1.0,1.0,0.0013351134846461949,0.0002357131400983095,0.007523688040707851
cell_type,T2a | T4c,11,1100-1200,1150.0,740,1,1.0,1.0,0.0013513513513513514,0.0002385804004176842,0.007614704492495001
cell_type,T2a | T4c,12,1200-1300,1250.0,746,2,2.0,2.0,0.002680965147453083,0.0007355100903081325,0.009722165237387743
cell_type,T2a | T4c,13,1300-1400,1350.0,765,0,0.0,0.0,0.0,0.0,0.004996607883860603
cell_type,T2a | T4c,14,1400-1500,1450.0,760,0,0.0,0.0,0.0,0.0,0.005029314978393426
cell_type,T2a | T4c,15,1500-1600,1550.0,723,0,0.0,0.0,0.0,0.0,0.005285333145488645
cell_type,T2a | T4c,16,1600-1700,1650.0,716,0,0.0,0.0,0.0,0.0,0.005336729636075492
cell_type,T2a | T4c,17,1700-1800,1750.0,738,0,0.0,0.0,0.0,0.0,0.005178463973980429
cell_type,T2a | T4c,18,1800-1900,1850.0,747,1,1.0,1.0,0.0013386880856760374,0.0002363443372764831,0.00754372538715008
cell_type,T2a | T4c,19,1900-2000,1950.0,722,1,1.0,1.0,0.0013850415512465374,0.000244529406611843,0.0078035075204532355
cell_type,T2a | T4d,0,0-100,50.0,469,26,44.0,44.0,0.05543710021321962,0.038109150445196104,0.07998874957036936
cell_type,T2a | T4d,1,100-200,150.0,507,4,8.0,8.0,0.007889546351084813,0.00307219492128071,0.02010837612070178
cell_type,T2a | T4d,2,200-300,250.0,486,5,5.0,5.0,0.0102880658436214,0.00440216398081005,0.023855133888541998
cell_type,T2a | T4d,3,300-400,350.0,530,6,7.0,7.0,0.011320754716981131,0.0051983757047180165,0.024476344287129755
cell_type,T2a | T4d,4,400-500,450.0,614,4,4.0,4.0,0.006514657980456026,0.002536213203992184,0.016629864314905863
cell_type,T2a | T4d,5,500-600,550.0,513,0,0.0,0.0,0.0,0.0,0.007432838223548568
cell_type,T2a | T4d,6,600-700,650.0,665,1,1.0,1.0,0.0015037593984962407,0.0002654929663241873,0.008468413537099047
cell_type,T2a | T4d,7,700-800,750.0,671,1,1.0,1.0,0.0014903129657228018,0.00026311852329023635,0.008393135033099883
cell_type,T2a | T4d,8,800-900,850.0,659,2,2.0,2.0,0.0030349013657056147,0.0008326569109938795,0.01099762048861411
cell_type,T2a | T4d,9,900-1000,950.0,704,2,2.0,2.0,0.002840909090909091,0.0007794094515227671,0.01029877527229115
cell_type,T2a | T4d,11,1100-1200,1150.0,749,0,0.0,0.0,0.0,0.0,0.005102799845279537
cell_type,T2a | T4d,12,1200-1300,1250.0,751,1,1.0,1.0,0.0013315579227696406,0.00023508530537600823,0.007503756857006138
cell_type,T2a | T4d,13,1300-1400,1350.0,755,2,2.0,2.0,0.0026490066225165563,0.0007267387878649896,0.009606906600052593
cell_type,T2a | T4d,14,1400-1500,1450.0,734,1,1.0,1.0,0.0013623978201634877,0.00024053097736927067,0.007676615467070837
cell_type,T2a | T4d,16,1600-1700,1650.0,732,0,0.0,0.0,0.0,0.0,0.005220688800415742
cell_type,T2a | T4d,18,1800-1900,1850.0,680,1,2.0,2.0,0.0014705882352941176,0.0002596354391547753,0.008282693661619437
cell_type,T2a | T4d,19,1900-2000,1950.0,673,0,0.0,0.0,0.0,0.0,0.005675774065896658
cell_type,T2a | Tm21,0,0-100,50.0,9071,1651,2351.0,2351.0,0.18200859883144085,0.1742032344222988,0.1900831901473598
cell_type,T2a | Tm21,1,100-200,150.0,1802,94,117.0,117.0,0.05216426193118757,0.04281700251235974,0.06341689973022897
cell_type,T2a | Tm21,2,200-300,250.0,882,22,26.0,26.0,0.024943310657596373,0.016528886788447605,0.037478059825935835
cell_type,T2a | Tm21,3,300-400,350.0,686,11,12.0,12.0,0.016034985422740525,0.008976757479126712,0.028483436281295967
cell_type,T2a | Tm21,4,400-500,450.0,569,9,11.0,11.0,0.015817223198594025,0.008343289125596903,0.029785226680517737
cell_type,T2a | Tm21,5,500-600,550.0,531,9,10.0,10.0,0.01694915254237288,0.008942030941948634,0.03189548057548008
cell_type,T2a | Tm21,6,600-700,650.0,550,2,2.0,2.0,0.0036363636363636364,0.0009977682574326173,0.01316079260184556
cell_type,T2a | Tm21,7,700-800,750.0,502,1,1.0,1.0,0.00199203187250996,0.00035172008135195103,0.011196559063740107
cell_type,T2a | Tm21,8,800-900,850.0,468,1,1.0,1.0,0.002136752136752137,0.000377279146070047,0.012003146827392234
cell_type,T2a | Tm21,9,900-1000,950.0,483,6,6.0,6.0,0.012422360248447204,0.005705299342779371,0.026834237130685508
cell_type,T2a | Tm21,10,1000-1100,1050.0,495,2,2.0,2.0,0.00404040404040404,0.001108701496904587,0.01461091771688993
cell_type,T2a | Tm21,11,1100-1200,1150.0,483,1,1.0,1.0,0.002070393374741201,0.0003655594028833713,0.011633415212268659
cell_type,T2a | Tm21,12,1200-1300,1250.0,490,0,0.0,0.0,0.0,0.0,0.007779012541673281
cell_type,T2a | Tm21,15,1500-1600,1550.0,472,0,0.0,0.0,0.0,0.0,0.008073274804052441
cell_type,T2a | Tm21,16,1600-1700,1650.0,507,1,1.0,1.0,0.0019723865877712033,0.0003482505955857834,0.01108699665131032
cell_type,T2a | Tm21,17,1700-1800,1750.0,504,0,0.0,0.0,0.0,0.0,0.007564563438678517
cell_type,T3 | T4a,1,100-200,150.0,1011,12,13.0,13.0,0.011869436201780416,0.006802609512628183,0.020631819663314153
cell_type,T3 | T4a,2,200-300,250.0,712,9,10.0,10.0,0.012640449438202247,0.006664110375946606,0.023847667648689008
cell_type,T3 | T4a,3,300-400,350.0,665,7,11.0,11.0,0.010526315789473684,0.005108046147456701,0.02156732811156068
cell_type,T3 | T4a,4,400-500,450.0,643,3,3.0,3.0,0.004665629860031105,0.001587948339220202,0.013626904879867747
cell_type,T3 | T4a,5,500-600,550.0,556,4,4.0,4.0,0.007194244604316547,0.0028011092016804054,0.018350587992668855
cell_type,T3 | T4a,6,600-700,650.0,635,0,0.0,0.0,0.0,0.0,0.0060133842254480605
cell_type,T3 | T4a,7,700-800,750.0,679,2,2.0,2.0,0.0029455081001472753,0.0008081196338824408,0.010675656398509257
cell_type,T3 | T4a,8,800-900,850.0,677,1,1.0,1.0,0.0014771048744460858,0.00026078617555954937,0.008319183086013187
cell_type,T3 | T4a,9,900-1000,950.0,669,0,0.0,0.0,0.0,0.0,0.005709516177358831
cell_type,T3 | T4a,10,1000-1100,1050.0,668,0,0.0,0.0,0.0,0.0,0.0057180144843665525
cell_type,T3 | T4a,11,1100-1200,1150.0,657,0,0.0,0.0,0.0,0.0,0.0058131933582873715
cell_type,T3 | T4a,13,1300-1400,1350.0,666,0,0.0,0.0,0.0,0.0,0.005735087220620516
cell_type,T3 | T4a,14,1400-1500,1450.0,631,0,0.0,0.0,0.0,0.0,0.0060512732624957155
cell_type,T3 | T4a,15,1500-1600,1550.0,658,0,0.0,0.0,0.0,0.0,0.005804409997800079
cell_type,T3 | T4a,16,1600-1700,1650.0,592,0,0.0,0.0,0.0,0.0,0.006447351108079731
cell_type,T3 | T4a,17,1700-1800,1750.0,611,0,0.0,0.0,0.0,0.0,0.006248113335206986
cell_type,T3 | T4a,18,1800-1900,1850.0,607,0,0.0,0.0,0.0,0.0,0.00628902812120196
cell_type,T3 | T4a,19,1900-2000,1950.0,598,0,0.0,0.0,0.0,0.0,0.006383074882161684
cell_type,T3 | T4c,0,0-100,50.0,1521,53,79.0,79.0,0.034845496383957925,0.02673825959497623,0.04529650126149568
cell_type,T3 | T4c,1,100-200,150.0,1158,12,12.0,12.0,0.010362694300518135,0.005937662799897047,0.018025672649616898
cell_type,T3 | T4c,2,200-300,250.0,773,5,5.0,5.0,0.00646830530401035,0.0027659042822888507,0.01505188508429502
cell_type,T3 | T4c,3,300-400,350.0,695,3,6.0,6.0,0.004316546762589928,0.001469051718895011,0.012613681764629726
cell_type,T3 | T4c,4,400-500,450.0,648,3,3.0,3.0,0.004629629629629629,0.0015756861273282224,0.013522460416249235
cell_type,T3 | T4c,5,500-600,550.0,629,2,2.0,2.0,0.003179650238473768,0.0008723900311572485,0.011518704359603407
cell_type,T3 | T4c,6,600-700,650.0,695,0,0.0,0.0,0.0,0.0,0.0054970969100866345
cell_type,T3 | T4c,7,700-800,750.0,675,0,0.0,0.0,0.0,0.0,0.005659052126445992
cell_type,T3 | T4c,8,800-900,850.0,671,0,0.0,0.0,0.0,0.0,0.005692595121581124
cell_type,T3 | T4c,9,900-1000,950.0,762,0,0.0,0.0,0.0,0.0,0.005016180891714421
cell_type,T3 | T4c,10,1000-1100,1050.0,697,1,1.0,1.0,0.0014347202295552368,0.00025330174433041506,0.00808181991511446
cell_type,T3 | T4c,11,1100-1200,1150.0,709,0,0.0,0.0,0.0,0.0,0.0053891355386666544
cell_type,T3 | T4c,12,1200-1300,1250.0,686,0,0.0,0.0,0.0,0.0,0.005568814638027048
cell_type,T3 | T4c,13,1300-1400,1350.0,703,1,1.0,1.0,0.001422475106685633,0.00025113947162032097,0.008013229801495467
cell_type,T3 | T4c,14,1400-1500,1450.0,702,0,0.0,0.0,0.0,0.0,0.005442580885003094
cell_type,T3 | T4c,15,1500-1600,1550.0,616,0,0.0,0.0,0.0,0.0,0.00619771244782538
cell_type,T3 | T4c,16,1600-1700,1650.0,663,0,0.0,0.0,0.0,0.0,0.005760888342898823
cell_type,T3 | T4c,17,1700-1800,1750.0,652,0,0.0,0.0,0.0,0.0,0.00585751193580889
cell_type,T3 | T4c,19,1900-2000,1950.0,661,0,0.0,0.0,0.0,0.0,0.005778218450830995
cell_type,T3 | T4d,0,0-100,50.0,1068,48,78.0,78.0,0.0449438202247191,0.03406463549029638,0.05908494929909787
cell_type,T3 | T4d,1,100-200,150.0,945,10,11.0,11.0,0.010582010582010581,0.0057578917968377,0.019369168399511194
cell_type,T3 | T4d,2,200-300,250.0,687,4,4.0,4.0,0.005822416302765648,0.0022664480463988074,0.014874384237007402
cell_type,T3 | T4d,3,300-400,350.0,614,2,2.0,2.0,0.003257328990228013,0.0008937133518407735,0.01179821286355165
cell_type,T3 | T4d,4,400-500,450.0,607,1,1.0,1.0,0.0016474464579901153,0.00029086648896268445,0.009272332874014556
cell_type,T3 | T4d,5,500-600,550.0,622,5,5.0,5.0,0.008038585209003215,0.003438299359201617,0.018678479071634557
cell_type,T3 | T4d,6,600-700,650.0,670,4,4.0,4.0,0.005970149253731343,0.002324013884067654,0.015249255560858278
cell_type,T3 | T4d,7,700-800,750.0,616,0,0.0,0.0,0.0,0.0,0.00619771244782538
cell_type,T3 | T4d,8,800-900,850.0,630,1,1.0,1.0,0.0015873015873015873,0.0002802454698681593,0.008935937248337779
cell_type,T3 | T4d,9,900-1000,950.0,663,0,0.0,0.0,0.0,0.0,0.005760888342898823
cell_type,T3 | T4d,10,1000-1100,1050.0,613,1,1.0,1.0,0.0016313213703099511,0.00028801893447604355,0.009182159471130841
cell_type,T3 | T4d,11,1100-1200,1150.0,692,0,0.0,0.0,0.0,0.0,0.0055207966870621135
cell_type,T3 | T4d,12,1200-1300,1250.0,657,1,1.0,1.0,0.0015220700152207,0.0002687263656785963,0.008570910848443514
cell_type,T3 | T4d,14,1400-1500,1450.0,689,0,0.0,0.0,0.0,0.0,0.005544701703823789
cell_type,T3 | T4d,15,1500-1600,1550.0,651,0,0.0,0.0,0.0,0.0,0.0058664568652938365
cell_type,T3 | T4d,16,1600-1700,1650.0,686,0,0.0,0.0,0.0,0.0,0.005568814638027048
cell_type,T3 | T4d,17,1700-1800,1750.0,625,0,0.0,0.0,0.0,0.0,0.006109010599807647
cell_type,T3 | T4d,18,1800-1900,1850.0,635,0,0.0,0.0,0.0,0.0,0.0060133842254480605
cell_type,T3 | T4d,19,1900-2000,1950.0,574,1,1.0,1.0,0.0017421602787456446,0.0003075923801418648,0.00980175246453529
cell_type,T4a | T4b,0,0-100,50.0,17692,4259,5589.0,5589.0,0.24073027356997512,0.23448712946457131,0.24708598769081727
cell_type,T4a | T4b,1,100-200,150.0,2254,88,94.0,94.0,0.03904170363797693,0.031797979987444325,0.047854020400891165
cell_type,T4a | T4b,2,200-300,250.0,1043,28,30.0,30.0,0.026845637583892617,0.018637844301758646,0.03852610485731183
cell_type,T4a | T4b,3,300-400,350.0,782,16,18.0,18.0,0.020460358056265986,0.012632585294986736,0.03297660617566078
cell_type,T4a | T4b,4,400-500,450.0,705,5,6.0,6.0,0.0070921985815602835,0.0030330122695526214,0.01649405837641398
cell_type,T4a | T4b,5,500-600,550.0,646,7,7.0,7.0,0.010835913312693499,0.005258558507522779,0.022196747523977822
cell_type,T4a | T4b,6,600-700,650.0,672,7,7.0,7.0,0.010416666666666666,0.005054743479998257,0.02134434174944012
cell_type,T4a | T4b,7,700-800,750.0,601,1,1.0,1.0,0.0016638935108153079,0.0002937709114766065,0.009364294935846063
cell_type,T4a | T4b,8,800-900,850.0,570,3,3.0,3.0,0.005263157894736842,0.0017914969141853984,0.015358880472187423
cell_type,T4a | T4b,9,900-1000,950.0,643,0,0.0,0.0,0.0,0.0,0.005939011962124884
cell_type,T4a | T4b,10,1000-1100,1050.0,634,1,1.0,1.0,0.0015772870662460567,0.00027847701487952996,0.008879909644127972
cell_type,T4a | T4b,11,1100-1200,1150.0,651,0,0.0,0.0,0.0,0.0,0.0058664568652938365
cell_type,T4a | T4b,12,1200-1300,1250.0,655,0,0.0,0.0,0.0,0.0,0.005830840068386694
cell_type,T4a | T4b,13,1300-1400,1350.0,711,2,2.0,2.0,0.0028129395218002813,0.0007717325645579523,0.010197970373827279
cell_type,T4a | T4b,14,1400-1500,1450.0,661,0,0.0,0.0,0.0,0.0,0.005778218450830995
cell_type,T4a | T4b,15,1500-1600,1550.0,691,1,1.0,1.0,0.001447178002894356,0.0002555015740814551,0.008151594374117384
cell_type,T4a | T4b,16,1600-1700,1650.0,754,0,0.0,0.0,0.0,4.336808689942018e-19,0.00506913318033742
cell_type,T4a | T4b,17,1700-1800,1750.0,752,0,0.0,0.0,0.0,4.336808689942018e-19,0.005082546395964444
cell_type,T4a | T4b,18,1800-1900,1850.0,707,0,0.0,0.0,0.0,0.0,0.005404298229028801
cell_type,T4a | T4c,0,0-100,50.0,18374,4055,5329.0,5329.0,0.22069228257320125,0.21475444870887495,0.2267468862465858
cell_type,T4a | T4c,1,100-200,150.0,2963,102,105.0,105.0,0.03442456969287884,0.028439288218512833,0.04161554719973127
cell_type,T4a | T4c,2,200-300,250.0,1427,23,24.0,24.0,0.0161177295024527,0.010763757984754246,0.02407000698266074
cell_type,T4a | T4c,3,300-400,350.0,1151,15,16.0,16.0,0.013032145960034752,0.00791330019726293,0.021390805231568177
cell_type,T4a | T4c,4,400-500,450.0,961,5,5.0,5.0,0.005202913631633715,0.0022243273541713744,0.012121654411125643
cell_type,T4a | T4c,5,500-600,550.0,864,3,3.0,3.0,0.003472222222222222,0.0011815350439384397,0.010158783281433378
cell_type,T4a | T4c,6,600-700,650.0,830,3,3.0,3.0,0.0036144578313253013,0.0012299646295284815,0.010572756654705837
cell_type,T4a | T4c,7,700-800,750.0,737,2,2.0,2.0,0.0027137042062415195,0.0007444957081989582,0.009840223076491319
cell_type,T4a | T4c,8,800-900,850.0,812,4,4.0,4.0,0.0049261083743842365,0.00191725404605338,0.012597328196381916
cell_type,T4a | T4c,9,900-1000,950.0,762,1,2.0,2.0,0.0013123359580052493,0.0002316911349624852,0.007395995843650324
cell_type,T4a | T4c,10,1000-1100,1050.0,663,1,1.0,1.0,0.0015082956259426848,0.00026629399941535594,0.00849380734999056
cell_type,T4a | T4c,11,1100-1200,1150.0,662,1,1.0,1.0,0.0015105740181268882,0.0002666963313296073,0.008506561452503666
cell_type,T4a | T4c,12,1200-1300,1250.0,740,0,0.0,0.0,0.0,0.0,0.005164540407527624
cell_type,T4a | T4c,13,1300-1400,1350.0,746,1,1.0,1.0,0.0013404825737265416,0.0002366612052391373,0.007553784136817105
cell_type,T4a | T4c,14,1400-1500,1450.0,695,2,2.0,2.0,0.0028776978417266188,0.0007895070666343335,0.010431347559077701
cell_type,T4a | T4c,15,1500-1600,1550.0,651,1,1.0,1.0,0.0015360983102918587,0.0002712035767022409,0.008649427000218958
cell_type,T4a | T4c,16,1600-1700,1650.0,694,1,1.0,1.0,0.001440922190201729,0.00025439690368359805,0.008116557192489517
cell_type,T4a | T4c,17,1700-1800,1750.0,751,0,0.0,0.0,0.0,0.0,0.005089279658142847
cell_type,T4a | T4c,18,1800-1900,1850.0,681,1,1.0,1.0,0.0014684287812041115,0.00025925411379485765,0.008270601549178885
cell_type,T4a | T4c,19,1900-2000,1950.0,697,1,1.0,1.0,0.0014347202295552368,0.00025330174433041506,0.00808181991511446
cell_type,T4a | T4d,0,0-100,50.0,17326,3438,4379.0,4379.0,0.1984301050444419,0.19255867424610745,0.20443523711197448
cell_type,T4a | T4d,1,100-200,150.0,2928,87,93.0,93.0,0.02971311475409836,0.024152272647212304,0.036506393223413175
cell_type,T4a | T4d,2,200-300,250.0,1416,20,21.0,21.0,0.014124293785310734,0.009161653660873653,0.021716156934336407
cell_type,T4a | T4d,3,300-400,350.0,1099,8,8.0,8.0,0.007279344858962694,0.0036930477446993635,0.01429829389493411
cell_type,T4a | T4d,4,400-500,450.0,993,7,7.0,7.0,0.007049345417925478,0.0034187848802317332,0.014479344571829662
cell_type,T4a | T4d,5,500-600,550.0,850,6,6.0,6.0,0.007058823529411765,0.0032389761714119066,0.015314348004875588
cell_type,T4a | T4d,6,600-700,650.0,812,4,4.0,4.0,0.0049261083743842365,0.00191725404605338,0.012597328196381916
cell_type,T4a | T4d,7,700-800,750.0,751,0,0.0,0.0,0.0,0.0,0.005089279658142847
cell_type,T4a | T4d,8,800-900,850.0,747,0,0.0,0.0,0.0,0.0,0.005116392059257239
cell_type,T4a | T4d,9,900-1000,950.0,758,2,6.0,6.0,0.002638522427440633,0.0007238613260497333,0.009569091959777662
cell_type,T4a | T4d,10,1000-1100,1050.0,645,1,1.0,1.0,0.0015503875968992248,0.00027372688420792407,0.00872939498713941
cell_type,T4a | T4d,11,1100-1200,1150.0,675,1,1.0,1.0,0.0014814814814814814,0.0002615590168525677,0.00834368851070025
cell_type,T4a | T4d,12,1200-1300,1250.0,642,1,1.0,1.0,0.001557632398753894,0.00027500622810206366,0.008769936061152762
cell_type,T4a | T4d,13,1300-1400,1350.0,656,0,0.0,0.0,0.0,0.0,0.005822003341407998
cell_type,T4a | T4d,15,1500-1600,1550.0,640,1,1.0,1.0,0.0015625,0.00027586578856828893,0.008797173294336576
cell_type,T4a | T4d,16,1600-1700,1650.0,635,0,0.0,0.0,0.0,0.0,0.0060133842254480605
cell_type,T4a | T4d,17,1700-1800,1750.0,674,0,0.0,0.0,0.0,0.0,0.005667400761475837
cell_type,T4a | T4d,18,1800-1900,1850.0,624,0,0.0,0.0,0.0,0.0,0.006118740777928701
cell_type,T4a | T4d,19,1900-2000,1950.0,642,0,0.0,0.0,0.0,0.0,0.005948207733908747
cell_type,T4a | T5a,0,0-100,50.0,8541,3117,4596.0,4596.0,0.36494555672637863,0.3547984954990118,0.3752140538266538
cell_type,T4a | T5a,1,100-200,150.0,3164,481,579.0,579.0,0.15202275600505688,0.13993443690629143,0.16495504999229588
cell_type,T4a | T5a,2,200-300,250.0,1402,147,176.0,176.0,0.10485021398002853,0.08987888038116842,0.12198111864005842
cell_type,T4a | T5a,3,300-400,350.0,871,74,83.0,83.0,0.08495981630309989,0.06821623218959191,0.10534844511884883
cell_type,T4a | T5a,4,400-500,450.0,797,64,70.0,70.0,0.08030112923462986,0.06338500976877282,0.10124380072259026
cell_type,T4a | T5a,5,500-600,550.0,714,46,52.0,52.0,0.06442577030812324,0.04864597071018154,0.084867606658419
cell_type,T4a | T5a,6,600-700,650.0,752,34,37.0,37.0,0.04521276595744681,0.032532605649031834,0.06251588070048901
cell_type,T4a | T5a,7,700-800,750.0,640,23,24.0,24.0,0.0359375,0.02406439872478899,0.05334843076619139
cell_type,T4a | T5a,8,800-900,850.0,633,13,15.0,15.0,0.020537124802527645,0.012040505697542721,0.03481824222344737
cell_type,T4a | T5a,9,900-1000,950.0,645,16,21.0,21.0,0.024806201550387597,0.01532567720873033,0.039913690920563474
cell_type,T4a | T5a,10,1000-1100,1050.0,653,12,14.0,14.0,0.018376722817764167,0.010542843754024941,0.031844240133475483
cell_type,T4a | T5a,11,1100-1200,1150.0,615,3,3.0,3.0,0.004878048780487805,0.0016603043916519587,0.014242957444656396
cell_type,T4a | T5a,12,1200-1300,1250.0,635,3,6.0,6.0,0.004724409448818898,0.0016079698569968137,0.013797413887580871
cell_type,T4a | T5a,13,1300-1400,1350.0,662,4,5.0,5.0,0.006042296072507553,0.002352127781585842,0.015432282204212581
cell_type,T4a | T5a,14,1400-1500,1450.0,617,5,5.0,5.0,0.008103727714748784,0.003466201300679565,0.01882869646390322
cell_type,T4a | T5a,15,1500-1600,1550.0,556,3,3.0,3.0,0.00539568345323741,0.0018366474305198995,0.015742610702494872
cell_type,T4a | T5a,16,1600-1700,1650.0,609,0,0.0,0.0,0.0,0.0,0.006268503965788222
cell_type,T4a | T5a,17,1700-1800,1750.0,650,3,3.0,3.0,0.004615384615384616,0.0015708341053754498,0.013481129550653776
cell_type,T4a | T5a,19,1900-2000,1950.0,653,1,3.0,3.0,0.0015313935681470138,0.00027037278062322194,0.00862309559896784
cell_type,T4a | Tm21,4,400-500,450.0,170,2,2.0,2.0,0.011764705882352941,0.003232190436117468,0.04187553981947152
cell_type,T4a | Tm21,5,500-600,550.0,181,2,2.0,2.0,0.011049723756906077,0.003035418046948204,0.03938793254079827
cell_type,T4a | Tm21,8,800-900,850.0,243,0,0.0,0.0,0.0,0.0,0.015563016930695634
cell_type,T4a | Tm21,14,1400-1500,1450.0,394,1,1.0,1.0,0.0025380710659898475,0.0004481609216457627,0.014235069791281191
cell_type,T4a | Tm21,16,1600-1700,1650.0,401,0,0.0,0.0,0.0,0.0,0.009489143408187298
cell_type,T4a | Tm21,17,1700-1800,1750.0,438,1,1.0,1.0,0.00228310502283105,0.0004031274789038867,0.012817900147286133
cell_type,T4a | Tm21,19,1900-2000,1950.0,478,1,1.0,1.0,0.0020920502092050207,0.0003693842351612476,0.011754101989357349
cell_type,T4a | Tm25,0,0-100,50.0,105,7,8.0,8.0,0.06666666666666667,0.032665468928650555,0.13125714889394666
cell_type,T4a | Tm25,2,200-300,250.0,113,5,7.0,7.0,0.04424778761061947,0.019045587730049336,0.09941906869369016
cell_type,T4a | Tm25,8,800-900,850.0,205,0,0.0,0.0,0.0,0.0,0.018394802568070728
cell_type,T4a | Tm25,10,1000-1100,1050.0,252,1,1.0,1.0,0.003968253968253968,0.0007008200216010608,0.022132057821564396
cell_type,T4a | Tm25,11,1100-1200,1150.0,272,0,0.0,0.0,0.0,0.0,0.013926833371036128
cell_type,T4a | Tm25,12,1200-1300,1250.0,270,0,0.0,0.0,0.0,8.673617379884035e-19,0.014028547890459302
cell_type,T4a | Tm25,13,1300-1400,1350.0,274,0,0.0,0.0,0.0,0.0,0.013826583204242992
cell_type,T4a | Tm25,16,1600-1700,1650.0,274,0,0.0,0.0,0.0,0.0,0.013826583204242992
cell_type,T4a | Tm25,17,1700-1800,1750.0,298,0,0.0,0.0,0.0,0.0,0.012727205262627815
cell_type,T4b | T4c,0,0-100,50.0,17606,3815,4936.0,4936.0,0.2166874929001477,0.21066395280860054,0.22283464265860695
cell_type,T4b | T4c,1,100-200,150.0,2971,127,135.0,135.0,0.04274654998317065,0.03604386146049205,0.05063019876510113
cell_type,T4b | T4c,2,200-300,250.0,1487,25,25.0,25.0,0.016812373907195696,0.011413357305364445,0.024701545847324615
cell_type,T4b | T4c,3,300-400,350.0,1144,15,16.0,16.0,0.013111888111888112,0.007961815895128387,0.021520997761390076
cell_type,T4b | T4c,4,400-500,450.0,1000,15,16.0,16.0,0.015,0.00911089683719635,0.02460119479160246
cell_type,T4b | T4c,6,600-700,650.0,833,7,7.0,7.0,0.008403361344537815,0.004076387201083512,0.017243776614864453
cell_type,T4b | T4c,7,700-800,750.0,802,6,7.0,7.0,0.007481296758104738,0.003433078095855308,0.016225375873262192
cell_type,T4b | T4c,8,800-900,850.0,757,2,2.0,2.0,0.002642007926023778,0.0007248179448482708,0.009581663719666393
cell_type,T4b | T4c,9,900-1000,950.0,804,5,5.0,5.0,0.006218905472636816,0.0026591445807758593,0.014474907441303714
cell_type,T4b | T4c,10,1000-1100,1050.0,722,1,1.0,1.0,0.0013850415512465374,0.000244529406611843,0.0078035075204532355
cell_type,T4b | T4c,11,1100-1200,1150.0,762,6,6.0,6.0,0.007874015748031496,0.003613534870287912,0.01707168254281683
cell_type,T4b | T4c,12,1200-1300,1250.0,749,4,4.0,4.0,0.0053404539385847796,0.002078666210911276,0.013650538976474754
cell_type,T4b | T4c,13,1300-1400,1350.0,708,1,1.0,1.0,0.0014124293785310734,0.0002493655781112768,0.007956954479609429
cell_type,T4b | T4c,14,1400-1500,1450.0,707,3,3.0,3.0,0.004243281471004243,0.0014440995585355129,0.012400897695423737
cell_type,T4b | T4c,15,1500-1600,1550.0,778,1,1.0,1.0,0.0012853470437017994,0.0002269255216556165,0.007244664631643977
cell_type,T4b | T4c,17,1700-1800,1750.0,725,1,1.0,1.0,0.001379310344827586,0.0002435173882667104,0.007771392847372965
cell_type,T4b | T4c,18,1800-1900,1850.0,743,2,3.0,3.0,0.0026917900403768506,0.0007384810986873665,0.009761201832740126
cell_type,T4b | T4c,19,1900-2000,1950.0,777,0,0.0,0.0,0.0,0.0,0.00491981984566396
cell_type,T4b | T4d,0,0-100,50.0,16599,3276,4115.0,4115.0,0.1973612868245075,0.1913767191582209,0.2034859048398301
cell_type,T4b | T4d,1,100-200,150.0,2896,88,95.0,95.0,0.03038674033149171,0.02473040967548025,0.03728732260341387
cell_type,T4b | T4d,2,200-300,250.0,1421,29,31.0,31.0,0.02040816326530612,0.01424650787054772,0.029155930688236634
cell_type,T4b | T4d,3,300-400,350.0,1122,21,22.0,22.0,0.01871657754010695,0.012273866977934108,0.028443761505504407
cell_type,T4b | T4d,4,400-500,450.0,956,17,19.0,19.0,0.01778242677824268,0.011131605508882408,0.028293232922792153
cell_type,T4b | T4d,5,500-600,550.0,821,7,7.0,7.0,0.008526187576126675,0.004136054904555261,0.017494279937916316
cell_type,T4b | T4d,6,600-700,650.0,796,5,5.0,5.0,0.00628140703517588,0.0026858985413286,0.01461952793311334
cell_type,T4b | T4d,7,700-800,750.0,781,4,4.0,4.0,0.005121638924455826,0.001993421925464615,0.013094463324246918
cell_type,T4b | T4d,8,800-900,850.0,777,4,5.0,5.0,0.005148005148005148,0.0020036931382671607,0.013161482487621622
cell_type,T4b | T4d,9,900-1000,950.0,766,8,12.0,12.0,0.010443864229765013,0.005301308563925061,0.020472305124916903
cell_type,T4b | T4d,10,1000-1100,1050.0,682,4,4.0,4.0,0.005865102639296188,0.0022830809663555926,0.014982713351166122
cell_type,T4b | T4d,11,1100-1200,1150.0,747,1,1.0,1.0,0.0013386880856760374,0.0002363443372764831,0.00754372538715008
cell_type,T4b | T4d,12,1200-1300,1250.0,690,0,0.0,0.0,0.0,0.0,0.005536710396148054
cell_type,T4b | T4d,14,1400-1500,1450.0,674,0,0.0,0.0,0.0,0.0,0.005667400761475837
cell_type,T4b | T4d,15,1500-1600,1550.0,662,1,1.0,1.0,0.0015105740181268882,0.0002666963313296073,0.008506561452503666
cell_type,T4b | T4d,16,1600-1700,1650.0,638,0,0.0,0.0,0.0,0.0,0.005985277364383985
cell_type,T4b | T4d,17,1700-1800,1750.0,659,1,1.0,1.0,0.0015174506828528073,0.0002679106546730125,0.008545054614857446
cell_type,T4b | T4d,18,1800-1900,1850.0,673,1,2.0,2.0,0.0014858841010401188,0.00026233645239985386,0.008368338730685817
cell_type,T4b | T4d,19,1900-2000,1950.0,627,2,2.0,2.0,0.003189792663476874,0.0008751741631072927,0.011555204556368404
cell_type,T4b | T5b,0,0-100,50.0,10274,3692,5350.0,5350.0,0.35935370839011094,0.35012981775644014,0.3686827391523956
cell_type,T4b | T5b,1,100-200,150.0,3298,631,748.0,748.0,0.19132807762280168,0.17826546278553576,0.2051089546910628
cell_type,T4b | T5b,2,200-300,250.0,1622,231,259.0,259.0,0.14241676942046855,0.12625293994375256,0.16027042124961335
cell_type,T4b | T5b,5,500-600,550.0,838,62,71.0,71.0,0.07398568019093078,0.05814149236798322,0.09371795482493289
cell_type,T4b | T5b,6,600-700,650.0,851,53,60.0,60.0,0.06227967097532315,0.04792746845312057,0.08056604426315342
cell_type,T4b | T5b,7,700-800,750.0,849,37,44.0,44.0,0.043580683156654886,0.03178094333708535,0.05949227785662753
cell_type,T4b | T5b,8,800-900,850.0,774,20,23.0,23.0,0.025839793281653745,0.016788427899872393,0.039574718529940565
cell_type,T4b | T5b,9,900-1000,950.0,807,25,29.0,29.0,0.030978934324659233,0.021069991823423367,0.04533212666679716
cell_type,T4b | T5b,10,1000-1100,1050.0,718,15,15.0,15.0,0.020891364902506964,0.012700514959952777,0.034181792737470046
cell_type,T4b | T5b,12,1200-1300,1250.0,749,19,20.0,20.0,0.025367156208277702,0.016298865459812427,0.039279359760472955
cell_type,T4b | T5b,13,1300-1400,1350.0,732,19,20.0,20.0,0.025956284153005466,0.01667879309930169,0.040183444643168975
cell_type,T4b | T5b,14,1400-1500,1450.0,697,11,12.0,12.0,0.015781922525107604,0.008834729693466974,0.028037510767144957
cell_type,T4b | T5b,15,1500-1600,1550.0,692,4,4.0,4.0,0.005780346820809248,0.0022500557253693357,0.014767610364154488
cell_type,T4b | T5b,16,1600-1700,1650.0,690,11,12.0,12.0,0.015942028985507246,0.00892458572214386,0.028319649849779183
cell_type,T4b | T5b,17,1700-1800,1750.0,738,6,6.0,6.0,0.008130081300813009,0.0037312116358997286,0.017623212273463133
cell_type,T4b | T5b,18,1800-1900,1850.0,691,4,6.0,6.0,0.005788712011577424,0.0022533151926072007,0.014788842329337366
cell_type,T4b | T5b,19,1900-2000,1950.0,703,1,1.0,1.0,0.001422475106685633,0.00025113947162032097,0.008013229801495467
cell_type,T4c | T4c,0,0-100,50.0,9854,5157,12233.0,12233.0,0.5233407753196672,0.5134720265210156,0.5331913323221616
cell_type,T4c | T4c,1,100-200,150.0,2125,258,315.0,315.0,0.12141176470588236,0.10820395097085542,0.13598594084636575
cell_type,T4c | T4c,2,200-300,250.0,1000,79,101.0,101.0,0.079,0.06384696504253543,0.0973752835672054
cell_type,T4c | T4c,3,300-400,350.0,732,40,54.0,54.0,0.0546448087431694,0.04038372525024826,0.07355601395449361
cell_type,T4c | T4c,4,400-500,450.0,638,24,27.0,27.0,0.03761755485893417,0.025407030290339708,0.05536305379271132
cell_type,T4c | T4c,5,500-600,550.0,525,13,13.0,13.0,0.024761904761904763,0.014526948441371467,0.04190129018433423
cell_type,T4c | T4c,6,600-700,650.0,494,16,18.0,18.0,0.032388663967611336,0.020032885735058088,0.05196109789346953
cell_type,T4c | T4c,7,700-800,750.0,496,8,9.0,9.0,0.016129032258064516,0.008194890184644782,0.031500885437072176
cell_type,T4c | T4c,9,900-1000,950.0,442,8,8.0,8.0,0.01809954751131222,0.009199114415329626,0.03530458375908928
cell_type,T4c | T4c,10,1000-1100,1050.0,431,5,6.0,6.0,0.01160092807424594,0.004965049822769496,0.026866311298153617
cell_type,T4c | T4c,11,1100-1200,1150.0,485,2,2.0,2.0,0.004123711340206186,0.0011315760754954263,0.014909611908505935
cell_type,T4c | T4c,12,1200-1300,1250.0,431,1,1.0,1.0,0.002320185614849188,0.0004096766714551982,0.013024180622787119
cell_type,T4c | T4c,13,1300-1400,1350.0,441,1,1.0,1.0,0.0022675736961451248,0.00040038434613417877,0.012731481018975558
cell_type,T4c | T4c,15,1500-1600,1550.0,459,1,2.0,2.0,0.002178649237472767,0.0003846787692768725,0.012236485793286218
cell_type,T4c | T4c,16,1600-1700,1650.0,442,2,2.0,2.0,0.004524886877828055,0.0012417395042319118,0.0163465698863678
cell_type,T4c | T4c,17,1700-1800,1750.0,448,1,1.0,1.0,0.002232142857142857,0.0003941266139500105,0.012534297860467572
cell_type,T4c | T4c,18,1800-1900,1850.0,421,0,0.0,0.0,0.0,0.0,0.009042428990004743
cell_type,T4c | T4c,19,1900-2000,1950.0,436,1,1.0,1.0,0.0022935779816513763,0.0004049772119965678,0.012876167636512531
cell_type,T4c | T4d,0,0-100,50.0,19599,3457,4233.0,4233.0,0.17638655033420073,0.17111389739771432,0.18178604135402254
cell_type,T4c | T4d,1,100-200,150.0,3158,103,108.0,108.0,0.03261557948068398,0.0269659272897221,0.03940096471397601
cell_type,T4c | T4d,2,200-300,250.0,1460,26,30.0,30.0,0.01780821917808219,0.012181359000327487,0.025965937811021498
cell_type,T4c | T4d,3,300-400,350.0,1096,8,8.0,8.0,0.0072992700729927005,0.0037031687476182344,0.014337247254104197
cell_type,T4c | T4d,4,400-500,450.0,924,9,9.0,9.0,0.00974025974025974,0.005132666044994992,0.018407558924439443
cell_type,T4c | T4d,5,500-600,550.0,893,9,9.0,9.0,0.010078387458006719,0.005311138878063264,0.019042771556064677
cell_type,T4c | T4d,6,600-700,650.0,869,8,8.0,8.0,0.009205983889528193,0.0046719948021340125,0.018060193947806405
cell_type,T4c | T4d,7,700-800,750.0,849,4,4.0,4.0,0.004711425206124852,0.001833631259062234,0.012051244900824902
cell_type,T4c | T4d,8,800-900,850.0,802,5,5.0,5.0,0.006234413965087282,0.002665782978578144,0.014510793658815607
cell_type,T4c | T4d,9,900-1000,950.0,774,2,2.0,2.0,0.002583979328165375,0.000708891737305776,0.0093723381686288
cell_type,T4c | T4d,12,1200-1300,1250.0,797,1,1.0,1.0,0.0012547051442910915,0.00022151491485995203,0.007072811453800216
cell_type,T4c | T4d,13,1300-1400,1350.0,772,1,1.0,1.0,0.0012953367875647669,0.00022868947391010367,0.007300682500987865
cell_type,T4c | T4d,14,1400-1500,1450.0,790,5,5.0,5.0,0.006329113924050633,0.0027063199901849067,0.014729904062573225
cell_type,T4c | T4d,15,1500-1600,1550.0,799,3,3.0,3.0,0.0037546933667083854,0.001277715477941109,0.010980742479394434
cell_type,T4c | T4d,16,1600-1700,1650.0,813,0,0.0,0.0,0.0,0.0,0.004702992599789237
cell_type,T4c | T4d,17,1700-1800,1750.0,796,0,0.0,0.0,0.0,0.0,0.004802950984294891
cell_type,T4c | T4d,18,1800-1900,1850.0,797,0,0.0,0.0,0.0,0.0,0.004796953604807743
cell_type,T4c | T4d,19,1900-2000,1950.0,861,0,0.0,0.0,0.0,0.0,0.004441969488979253
cell_type,T4c | T5c,0,0-100,50.0,9194,3198,4669.0,4669.0,0.34783554492060037,0.33816517538880314,0.3576330214403312
cell_type,T4c | T5c,1,100-200,150.0,3840,682,873.0,873.0,0.17760416666666667,0.16584003647183246,0.19001271250720977
cell_type,T4c | T5c,2,200-300,250.0,2010,273,331.0,331.0,0.13582089552238805,0.12153614313717488,0.15149506249488673
cell_type,T4c | T5c,3,300-400,350.0,1322,159,181.0,181.0,0.12027231467473525,0.10382879637661767,0.13891633999563072
cell_type,T4c | T5c,4,400-500,450.0,1189,106,120.0,120.0,0.08915054667788057,0.07424817709677808,0.10669923452937577
cell_type,T4c | T5c,5,500-600,550.0,1106,78,91.0,91.0,0.0705244122965642,0.056874720693113875,0.08714727307608706
cell_type,T4c | T5c,6,600-700,650.0,1015,56,62.0,62.0,0.05517241379310345,0.04272994767084879,0.07096937516795167
cell_type,T4c | T5c,7,700-800,750.0,996,46,51.0,51.0,0.04618473895582329,0.03480222789894043,0.06105455581559996
cell_type,T4c | T5c,8,800-900,850.0,1016,31,35.0,35.0,0.03051181102362205,0.02157729592299068,0.04298331819590778
cell_type,T4c | T5c,9,900-1000,950.0,935,26,27.0,27.0,0.027807486631016044,0.019046021819170634,0.04043323431945808
cell_type,T4c | T5c,10,1000-1100,1050.0,997,20,21.0,21.0,0.020060180541624874,0.01302275903766356,0.030781974898255973
cell_type,T4c | T5c,11,1100-1200,1150.0,946,15,16.0,16.0,0.015856236786469344,0.009632207015011773,0.025996470440260766
cell_type,T4c | T5c,12,1200-1300,1250.0,947,10,10.0,10.0,0.010559662090813094,0.005745710735665554,0.019328497208118144
cell_type,T4c | T5c,13,1300-1400,1350.0,961,13,14.0,14.0,0.013527575442247659,0.007922339124594634,0.02300667554475627
cell_type,T4c | T5c,14,1400-1500,1450.0,964,5,6.0,6.0,0.005186721991701245,0.002217398998800145,0.012084114802631826
cell_type,T4c | T5c,15,1500-1600,1550.0,926,6,6.0,6.0,0.0064794816414686825,0.0029728478570181906,0.014064032403017498
cell_type,T4c | T5c,16,1600-1700,1650.0,987,5,5.0,5.0,0.005065856129685917,0.0021656820702990387,0.011803856552221454
cell_type,T4c | T5c,17,1700-1800,1750.0,967,2,2.0,2.0,0.002068252326783868,0.0005673608657174502,0.00750975490682464
cell_type,T4c | T5c,18,1800-1900,1850.0,939,1,1.0,1.0,0.0010649627263045794,0.00018801197719220397,0.006007726522254575
cell_type,T4c | T5c,19,1900-2000,1950.0,921,2,3.0,3.0,0.002171552660152009,0.0005957077293776494,0.007883149623059783
cell_type,T4c | Tm21,1,100-200,150.0,156,4,4.0,4.0,0.02564102564102564,0.010015304054574611,0.06406803845450937
cell_type,T4c | Tm21,3,300-400,350.0,163,2,2.0,2.0,0.012269938650306749,0.0033712637819556593,0.04362900473620768
cell_type,T4c | Tm21,5,500-600,550.0,189,0,0.0,0.0,0.0,0.0,0.019921012893483563
cell_type,T4c | Tm21,8,800-900,850.0,261,0,0.0,0.0,0.0,0.0,0.014505274095912424
cell_type,T4c | Tm21,9,900-1000,950.0,312,0,0.0,0.0,0.0,0.0,0.012163058951069143
cell_type,T4c | Tm21,11,1100-1200,1150.0,347,1,1.0,1.0,0.002881844380403458,0.0005088844691584701,0.01614136453210022
cell_type,T4c | Tm21,12,1200-1300,1250.0,346,1,1.0,1.0,0.002890173410404624,0.0005103557592828819,0.01618748692151894
cell_type,T4c | Tm21,14,1400-1500,1450.0,423,0,0.0,0.0,0.0,0.0,0.00900005997541008
cell_type,T4c | Tm21,15,1500-1600,1550.0,440,0,0.0,0.0,0.0,0.0,0.008655340103316136
cell_type,T4c | Tm21,16,1600-1700,1650.0,410,0,0.0,0.0,0.0,0.0,0.009282778725000097
cell_type,T4c | Tm21,17,1700-1800,1750.0,422,0,0.0,0.0,0.0,0.0,0.009021194735319423
cell_type,T4c | Tm21,18,1800-1900,1850.0,478,0,0.0,0.0,0.0,0.0,0.007972744569999766
cell_type,T4c | Tm21,19,1900-2000,1950.0,495,1,1.0,1.0,0.00202020202020202,0.00035669514308938645,0.01135363535059839
cell_type,T4c | Tm25,3,300-400,350.0,134,1,1.0,1.0,0.007462686567164179,0.0013185304171489005,0.04106054817741181
cell_type,T4c | Tm25,5,500-600,550.0,171,3,3.0,3.0,0.017543859649122806,0.005984028044531006,0.050304635522949497
cell_type,T4c | Tm25,6,600-700,650.0,166,0,0.0,0.0,0.0,0.0,0.022618722386034986
cell_type,T4c | Tm25,7,700-800,750.0,203,0,0.0,0.0,0.0,0.0,0.018572666233484945
cell_type,T4c | Tm25,8,800-900,850.0,242,0,0.0,0.0,0.0,0.0,0.01562632198944361
cell_type,T4c | Tm25,9,900-1000,950.0,255,1,1.0,1.0,0.00392156862745098,0.0006925710794052804,0.021875671428754146
cell_type,T4c | Tm25,10,1000-1100,1050.0,222,1,1.0,1.0,0.0045045045045045045,0.0007955782235107185,0.025070338418950188
cell_type,T4c | Tm25,11,1100-1200,1150.0,263,1,1.0,1.0,0.0038022813688212928,0.0006714943673873097,0.021220144717373084
cell_type,T4c | Tm25,13,1300-1400,1350.0,331,0,0.0,0.0,0.0,0.0,0.011472887478736215
cell_type,T4c | Tm25,14,1400-1500,1450.0,289,1,1.0,1.0,0.0034602076124567475,0.0006110572477792536,0.019336928284330937
cell_type,T4c | Tm25,16,1600-1700,1650.0,318,0,0.0,0.0,0.0,0.0,0.011936306555771534
cell_type,T4c | Tm25,18,1800-1900,1850.0,300,0,0.0,0.0,0.0,0.0,0.012643429997735661
cell_type,T4d | T5d,0,0-100,50.0,7984,2269,3105.0,3105.0,0.2841933867735471,0.27440549403942305,0.29418885565323993
cell_type,T4d | T5d,1,100-200,150.0,3352,552,673.0,673.0,0.16467780429594273,0.15250706143182147,0.17761626739275715
cell_type,T4d | T5d,2,200-300,250.0,1739,231,271.0,271.0,0.13283496262219666,0.11768939034954819,0.1495991572729093
cell_type,T4d | T5d,3,300-400,350.0,1163,105,114.0,114.0,0.09028374892519346,0.07513341123832952,0.10813190943587338
cell_type,T4d | T5d,4,400-500,450.0,967,97,106.0,106.0,0.10031023784901758,0.08292838518428261,0.12085521864975168
cell_type,T4d | T5d,6,600-700,650.0,876,56,58.0,58.0,0.0639269406392694,0.04955512106090813,0.08210675989584588
cell_type,T4d | T5d,7,700-800,750.0,762,52,61.0,61.0,0.06824146981627296,0.05241718724529485,0.08839731016513569
cell_type,T4d | T5d,8,800-900,850.0,802,25,28.0,28.0,0.03117206982543641,0.021201894754082178,0.045612228517786645
cell_type,T4d | T5d,9,900-1000,950.0,806,29,31.0,31.0,0.03598014888337469,0.02516664578791744,0.05119594166128251
cell_type,T4d | T5d,10,1000-1100,1050.0,732,19,20.0,20.0,0.025956284153005466,0.01667879309930169,0.040183444643168975
cell_type,T4d | T5d,11,1100-1200,1150.0,794,28,30.0,30.0,0.03526448362720403,0.024509197769912665,0.05049516399813755
cell_type,T4d | T5d,12,1200-1300,1250.0,773,14,14.0,14.0,0.018111254851228976,0.01081854751657265,0.0301699886277327
cell_type,T4d | T5d,13,1300-1400,1350.0,772,9,10.0,10.0,0.011658031088082901,0.006145180544465081,0.02200695772705838
cell_type,T4d | T5d,14,1400-1500,1450.0,751,11,11.0,11.0,0.014647137150466045,0.00819798999303834,0.026036477211736804
cell_type,T4d | T5d,15,1500-1600,1550.0,778,4,4.0,4.0,0.005141388174807198,0.0020011154247660456,0.013144663464461644
cell_type,T4d | T5d,16,1600-1700,1650.0,754,6,7.0,7.0,0.007957559681697613,0.0036519269505815802,0.017251649733517047
cell_type,T4d | T5d,17,1700-1800,1750.0,805,4,5.0,5.0,0.004968944099378882,0.0019339400358171603,0.012706256511937058
cell_type,T4d | T5d,18,1800-1900,1850.0,787,5,5.0,5.0,0.0063532401524777635,0.002716647610588428,0.014785719487955701
cell_type,T4d | T5d,19,1900-2000,1950.0,809,4,4.0,4.0,0.004944375772558714,0.001924369796578486,0.012643782227136833
cell_type,T4d | Tm21,1,100-200,150.0,151,3,3.0,3.0,0.019867549668874173,0.00677927946976414,0.056779867426160466
cell_type,T4d | Tm21,6,600-700,650.0,180,0,0.0,0.0,0.0,0.0,0.02089624981505818
cell_type,T4d | Tm21,8,800-900,850.0,245,0,0.0,0.0,0.0,0.0,0.01543793320730939
cell_type,T4d | Tm21,9,900-1000,950.0,247,1,1.0,1.0,0.004048582995951417,0.0007150137688097524,0.022572989496996237
cell_type,T4d | Tm21,12,1200-1300,1250.0,314,0,0.0,0.0,0.0,0.0,0.01208652360169342
cell_type,T4d | Tm21,14,1400-1500,1450.0,361,0,0.0,0.0,0.0,0.0,0.010529501021813301
cell_type,T4d | Tm21,15,1500-1600,1550.0,343,1,1.0,1.0,0.0029154518950437317,0.0005148211219316006,0.016327449240101093
cell_type,T4d | Tm21,16,1600-1700,1650.0,373,0,0.0,0.0,0.0,0.0,0.010194203612340039
cell_type,T4d | Tm21,17,1700-1800,1750.0,392,0,0.0,0.0,0.0,0.0,0.009704892057833234
cell_type,T4d | Tm21,18,1800-1900,1850.0,395,0,0.0,0.0,0.0,0.0,0.009631893964922415
cell_type,T4d | Tm21,19,1900-2000,1950.0,442,1,1.0,1.0,0.0022624434389140274,0.0003994782457703199,0.012702933014192858
cell_type,T5a | T5b,0,0-100,50.0,18837,3708,4752.0,4752.0,0.19684663162924032,0.1912304502904344,0.20258643737980642
cell_type,T5a | T5b,1,100-200,150.0,2491,71,77.0,77.0,0.028502609393817744,0.022658624063167356,0.03579863430546013
cell_type,T5a | T5b,2,200-300,250.0,1088,14,14.0,14.0,0.012867647058823529,0.007680199646490163,0.021483004979528847
cell_type,T5a | T5b,3,300-400,350.0,849,11,12.0,12.0,0.012956419316843345,0.007249740203779272,0.023050845508737566
cell_type,T5a | T5b,4,400-500,450.0,736,2,2.0,2.0,0.002717391304347826,0.0007455076811992414,0.009853517839939336
cell_type,T5a | T5b,5,500-600,550.0,707,4,4.0,4.0,0.005657708628005658,0.002202271259698803,0.014456292335903932
cell_type,T5a | T5b,6,600-700,650.0,753,2,2.0,2.0,0.0026560424966799467,0.0007286698388036215,0.009632282836102199
cell_type,T5a | T5b,7,700-800,750.0,726,3,3.0,3.0,0.004132231404958678,0.0014062801054523554,0.012078289697091099
cell_type,T5a | T5b,8,800-900,850.0,808,2,2.0,2.0,0.0024752475247524753,0.0006790505874258498,0.008979976493719044
cell_type,T5a | T5b,9,900-1000,950.0,844,0,0.0,0.0,0.0,0.0,0.004531035042394711
cell_type,T5a | T5b,10,1000-1100,1050.0,829,1,1.0,1.0,0.0012062726176115801,0.00021296300387339904,0.0068010958519762596
cell_type,T5a | T5b,11,1100-1200,1150.0,897,0,0.0,0.0,0.0,0.0,0.004264456703598057
cell_type,T5a | T5b,12,1200-1300,1250.0,856,0,0.0,0.0,0.0,0.0,0.004467799650540285
cell_type,T5a | T5b,13,1300-1400,1350.0,901,1,4.0,4.0,0.0011098779134295228,0.00019594253794365897,0.006259994059135873
cell_type,T5a | T5b,14,1400-1500,1450.0,879,0,0.0,0.0,0.0,0.0,0.004351403468074
cell_type,T5a | T5b,15,1500-1600,1550.0,907,1,1.0,1.0,0.0011025358324145535,0.00019464615928625013,0.006218763153595375
cell_type,T5a | T5b,16,1600-1700,1650.0,841,1,1.0,1.0,0.0011890606420927466,0.0002099238461404293,0.006704508397726349
cell_type,T5a | T5b,17,1700-1800,1750.0,804,0,0.0,0.0,0.0,0.0,0.004755387689863953
cell_type,T5a | T5b,18,1800-1900,1850.0,858,0,0.0,0.0,0.0,0.0,0.0044574316208454085
cell_type,T5a | T5b,19,1900-2000,1950.0,846,0,0.0,0.0,0.0,0.0,0.0045203717963441655
cell_type,T5a | T5c,0,0-100,50.0,18900,3920,5009.0,5009.0,0.2074074074074074,0.20168669027804098,0.21324704467242533
cell_type,T5a | T5c,1,100-200,150.0,2927,71,76.0,76.0,0.02425691834642979,0.019275825433474378,0.030485171544322037
cell_type,T5a | T5c,2,200-300,250.0,1444,13,13.0,13.0,0.009002770083102494,0.005268734093385011,0.015342360379933067
cell_type,T5a | T5c,3,300-400,350.0,1211,12,12.0,12.0,0.00990916597853014,0.00567739460317344,0.017240490329314875
cell_type,T5a | T5c,4,400-500,450.0,1039,7,7.0,7.0,0.006737247353224254,0.0032672515595619416,0.013841386991105771
cell_type,T5a | T5c,5,500-600,550.0,984,2,3.0,3.0,0.0020325203252032522,0.0005575557845747523,0.007380558990101675
cell_type,T5a | T5c,6,600-700,650.0,848,1,1.0,1.0,0.0011792452830188679,0.00020819073161636083,0.006649422233047491
cell_type,T5a | T5c,7,700-800,750.0,896,3,3.0,3.0,0.0033482142857142855,0.001139313658244383,0.009797722371207913
cell_type,T5a | T5c,8,800-900,850.0,852,3,3.0,3.0,0.0035211267605633804,0.0011981862146575473,0.010301137959348483
cell_type,T5a | T5c,9,900-1000,950.0,861,4,4.0,4.0,0.004645760743321719,0.0018080550527347135,0.011884163267938112
cell_type,T5a | T5c,10,1000-1100,1050.0,867,3,3.0,3.0,0.0034602076124567475,0.0011774443137354974,0.010123807257158682
cell_type,T5a | T5c,11,1100-1200,1150.0,836,0,0.0,0.0,0.0,0.0,0.004574195895988006
cell_type,T5a | T5c,12,1200-1300,1250.0,887,2,2.0,2.0,0.002254791431792559,0.0006185501238100536,0.008183912626021117
cell_type,T5a | T5c,13,1300-1400,1350.0,838,1,1.0,1.0,0.0011933174224343676,0.00021067547434014833,0.006728397149298314
cell_type,T5a | T5c,14,1400-1500,1450.0,860,1,1.0,1.0,0.0011627906976744186,0.00020528532713560543,0.006557065548302669
cell_type,T5a | T5c,15,1500-1600,1550.0,888,0,0.0,0.0,0.0,0.0,0.0043074913751500275
cell_type,T5a | T5c,16,1600-1700,1650.0,862,0,0.0,0.0,0.0,0.0,0.0044368392555867026
cell_type,T5a | T5c,17,1700-1800,1750.0,857,0,0.0,0.0,0.0,0.0,0.004462609613661793
cell_type,T5a | T5c,18,1800-1900,1850.0,915,1,4.0,4.0,0.001092896174863388,0.00019294410505195933,0.006164626122504128
cell_type,T5a | T5c,19,1900-2000,1950.0,880,0,0.0,0.0,0.0,0.0,0.0043464801837795365
cell_type,T5a | T5d,0,0-100,50.0,18071,3305,4235.0,4235.0,0.18288971279951302,0.17732093096915022,0.18859329092920382
cell_type,T5a | T5d,1,100-200,150.0,2866,70,74.0,74.0,0.024424284717376135,0.019377469097579578,0.030744321596373705
cell_type,T5a | T5d,2,200-300,250.0,1485,11,11.0,11.0,0.007407407407407408,0.004141140218596618,0.013215709563139735
cell_type,T5a | T5d,4,400-500,450.0,1012,2,2.0,2.0,0.001976284584980237,0.0005421245733273762,0.007177189146449407
cell_type,T5a | T5d,5,500-600,550.0,899,4,5.0,5.0,0.004449388209121246,0.001731571697165213,0.011384350298453954
cell_type,T5a | T5d,6,600-700,650.0,902,5,5.0,5.0,0.005543237250554324,0.0023699597752084092,0.01291041595494132
cell_type,T5a | T5d,7,700-800,750.0,878,1,1.0,1.0,0.0011389521640091116,0.00020107615163368446,0.0064232427736699085
cell_type,T5a | T5d,8,800-900,850.0,838,3,3.0,3.0,0.003579952267303103,0.0012182156701410493,0.010472344644293401
cell_type,T5a | T5d,9,900-1000,950.0,818,0,0.0,0.0,0.0,0.0,0.004674380075187238
cell_type,T5a | T5d,10,1000-1100,1050.0,800,1,1.0,1.0,0.00125,0.00022068410557866134,0.007046419264040427
cell_type,T5a | T5d,11,1100-1200,1150.0,839,1,1.0,1.0,0.0011918951132300357,0.0002104243342775868,0.006720415339511652
cell_type,T5a | T5d,12,1200-1300,1250.0,756,0,0.0,0.0,0.0,0.0,0.005055790575298851
cell_type,T5a | T5d,13,1300-1400,1350.0,810,0,0.0,0.0,0.0,0.0,0.004720328869893109
cell_type,T5a | T5d,14,1400-1500,1450.0,734,0,0.0,0.0,0.0,0.0,0.005206537554944042
cell_type,T5a | T5d,15,1500-1600,1550.0,804,1,1.0,1.0,0.0012437810945273632,0.00021958600590548522,0.007011534550401592
cell_type,T5a | T5d,17,1700-1800,1750.0,776,1,1.0,1.0,0.001288659793814433,0.00022751047441177353,0.007263241493680206
cell_type,T5a | T5d,18,1800-1900,1850.0,813,0,0.0,0.0,0.0,0.0,0.004702992599789237
cell_type,T5a | T5d,19,1900-2000,1950.0,840,0,0.0,0.0,0.0,0.0,0.004552513173088408
cell_type,T5b | T5c,0,0-100,50.0,18402,3750,4815.0,4815.0,0.20378219758721877,0.19802430694850756,0.2096637392204869
cell_type,T5b | T5c,1,100-200,150.0,3065,70,82.0,82.0,0.022838499184339316,0.018116672987809855,0.02875495440410246
cell_type,T5b | T5c,2,200-300,250.0,1596,21,22.0,22.0,0.013157894736842105,0.008621997446822285,0.020031839283013962
cell_type,T5b | T5c,3,300-400,350.0,1188,7,7.0,7.0,0.005892255892255892,0.0028570622156226097,0.012112712291325291
cell_type,T5b | T5c,4,400-500,450.0,1108,3,3.0,3.0,0.002707581227436823,0.0009212232307368611,0.00793039735982208
cell_type,T5b | T5c,5,500-600,550.0,1013,5,5.0,5.0,0.004935834155972359,0.0021100497637112463,0.011502296544700997
cell_type,T5b | T5c,6,600-700,650.0,981,1,1.0,1.0,0.0010193679918450561,0.00017996152056452136,0.005751550714499472
cell_type,T5b | T5c,7,700-800,750.0,914,1,1.0,1.0,0.0010940919037199124,0.00019315523218257566,0.006171341648324911
cell_type,T5b | T5c,8,800-900,850.0,902,0,0.0,0.0,0.0,0.0,0.004240918058963067
cell_type,T5b | T5c,9,900-1000,950.0,903,1,1.0,1.0,0.0011074197120708748,0.00019550849728209967,0.006246189810338547
cell_type,T5b | T5c,10,1000-1100,1050.0,898,2,2.0,2.0,0.0022271714922048997,0.0006109705904890714,0.008084126198126578
cell_type,T5b | T5c,11,1100-1200,1150.0,881,1,1.0,1.0,0.0011350737797956867,0.0002003913467664327,0.006401468240305423
cell_type,T5b | T5c,12,1200-1300,1250.0,851,0,0.0,0.0,0.0,0.0,0.004493931975233774
cell_type,T5b | T5c,13,1300-1400,1350.0,855,1,1.0,1.0,0.0011695906432748538,0.0002064859996789921,0.006595233898379044
cell_type,T5b | T5c,14,1400-1500,1450.0,883,0,0.0,0.0,0.0,0.0,0.004331776948668172
cell_type,T5b | T5c,15,1500-1600,1550.0,836,1,1.0,1.0,0.0011961722488038277,0.00021117955717245328,0.006744417784040462
cell_type,T5b | T5c,16,1600-1700,1650.0,852,0,0.0,0.0,0.0,0.0,0.004488681083041534
cell_type,T5b | T5c,17,1700-1800,1750.0,837,0,0.0,0.0,0.0,0.0,0.0045687558750661245
cell_type,T5b | T5c,18,1800-1900,1850.0,872,0,0.0,0.0,0.0,0.0,0.004386181245558557
cell_type,T5b | T5c,19,1900-2000,1950.0,866,3,3.0,3.0,0.003464203233256351,0.0011788047395001897,0.010135439141224757
cell_type,T5b | T5d,0,0-100,50.0,17399,3122,3917.0,3917.0,0.1794355997471119,0.1738048504158606,0.18520787541392572
cell_type,T5b | T5d,1,100-200,150.0,2928,66,70.0,70.0,0.022540983606557378,0.017757242035291127,0.02857595686604107
cell_type,T5b | T5d,2,200-300,250.0,1437,22,24.0,24.0,0.015309672929714684,0.010131721117862095,0.02307220636452043
cell_type,T5b | T5d,4,400-500,450.0,1075,5,5.0,5.0,0.004651162790697674,0.001988256548221474,0.010841801172949084
cell_type,T5b | T5d,5,500-600,550.0,906,1,1.0,1.0,0.0011037527593818985,0.00019486102983185243,0.006225597212569902
cell_type,T5b | T5d,6,600-700,650.0,902,2,2.0,2.0,0.0022172949002217295,0.0006082602471622557,0.008048440880275476
cell_type,T5b | T5d,7,700-800,750.0,864,2,2.0,2.0,0.0023148148148148147,0.0006350221174442282,0.008400728185376008
cell_type,T5b | T5d,8,800-900,850.0,851,0,0.0,0.0,0.0,0.0,0.004493931975233774
cell_type,T5b | T5d,9,900-1000,950.0,887,1,1.0,1.0,0.0011273957158962795,0.0001990356357980715,0.0063583590794913806
cell_type,T5b | T5d,10,1000-1100,1050.0,808,2,2.0,2.0,0.0024752475247524753,0.0006790505874258498,0.008979976493719044
cell_type,T5b | T5d,11,1100-1200,1150.0,895,1,1.0,1.0,0.0011173184357541898,0.00019725630061516973,0.006301775341890027
cell_type,T5b | T5d,12,1200-1300,1250.0,828,0,0.0,0.0,0.0,0.0,0.004618186924049001
cell_type,T5b | T5d,13,1300-1400,1350.0,850,1,1.0,1.0,0.001176470588235294,0.00020770079983614513,0.006633849201944043
cell_type,T5b | T5d,14,1400-1500,1450.0,824,1,1.0,1.0,0.0012135922330097086,0.0002142554489608598,0.006842166939090188
cell_type,T5b | T5d,15,1500-1600,1550.0,772,1,3.0,3.0,0.0012953367875647669,0.00022868947391010367,0.007300682500987865
cell_type,T5b | T5d,17,1700-1800,1750.0,804,0,0.0,0.0,0.0,0.0,0.004755387689863953
cell_type,T5b | T5d,18,1800-1900,1850.0,878,0,0.0,0.0,0.0,0.0,0.004356337918283737
cell_type,T5b | T5d,19,1900-2000,1950.0,813,1,1.0,1.0,0.0012300123001230013,0.00021715479492457864,0.006934292927620404
cell_type,T5c | T5c,0,0-100,50.0,9548,4880,10822.0,10822.0,0.5111018014243821,0.5010725418591523,0.5211221310508342
cell_type,T5c | T5c,1,100-200,150.0,2064,255,319.0,319.0,0.12354651162790697,0.11004535369441769,0.13844640698976624
cell_type,T5c | T5c,2,200-300,250.0,1011,57,69.0,69.0,0.05637982195845697,0.04376895351573806,0.07234926631285392
cell_type,T5c | T5c,3,300-400,350.0,805,39,43.0,43.0,0.0484472049689441,0.035640195764112856,0.06554352178948478
cell_type,T5c | T5c,4,400-500,450.0,644,29,33.0,33.0,0.04503105590062112,0.03153385035616059,0.06392405169890966
cell_type,T5c | T5c,5,500-600,550.0,628,13,15.0,15.0,0.020700636942675158,0.012136677732036485,0.03509288106877688
cell_type,T5c | T5c,6,600-700,650.0,585,19,20.0,20.0,0.03247863247863248,0.020889351253023575,0.050168128381567464
cell_type,T5c | T5c,7,700-800,750.0,543,8,9.0,9.0,0.014732965009208104,0.007483821875691618,0.028800177000765467
cell_type,T5c | T5c,8,800-900,850.0,491,8,9.0,9.0,0.016293279022403257,0.008278569037090395,0.03181830236579893
cell_type,T5c | T5c,10,1000-1100,1050.0,502,6,6.0,6.0,0.01195219123505976,0.005488919112071654,0.025828394450118565
cell_type,T5c | T5c,11,1100-1200,1150.0,489,4,4.0,4.0,0.0081799591002045,0.0031854408743546524,0.02084175163536855
cell_type,T5c | T5c,13,1300-1400,1350.0,484,2,2.0,2.0,0.004132231404958678,0.001133915554679274,0.014940154389335342
cell_type,T5c | T5c,14,1400-1500,1450.0,486,1,1.0,1.0,0.00205761316872428,0.0003633022892514633,0.011562185460257765
cell_type,T5c | T5c,15,1500-1600,1550.0,517,2,2.0,2.0,0.0038684719535783366,0.0010614941473066249,0.01399413888968581
cell_type,T5c | T5c,17,1700-1800,1750.0,492,2,2.0,2.0,0.0040650406504065045,0.0011154661729251367,0.01469926175631678
cell_type,T5c | T5d,0,0-100,50.0,20173,3597,4509.0,4509.0,0.17830763892331333,0.17308688945934042,0.18365088658584594
cell_type,T5c | T5d,1,100-200,150.0,3047,82,97.0,97.0,0.026911716442402363,0.02173421470880121,0.033280637586381855
cell_type,T5c | T5d,2,200-300,250.0,1327,15,15.0,15.0,0.011303692539562924,0.006861982401770053,0.01856673879239761
cell_type,T5c | T5d,3,300-400,350.0,1081,10,10.0,10.0,0.009250693802035153,0.00503241065413638,0.016944622674968997
cell_type,T5c | T5d,4,400-500,450.0,993,6,7.0,7.0,0.006042296072507553,0.0027720558542836757,0.013119736783583765
cell_type,T5c | T5d,5,500-600,550.0,882,3,3.0,3.0,0.003401360544217687,0.0011574083225496263,0.009952478591770043
cell_type,T5c | T5d,6,600-700,650.0,881,6,6.0,6.0,0.00681044267877412,0.00312487269714552,0.014778444687570572
cell_type,T5c | T5d,7,700-800,750.0,838,4,5.0,5.0,0.00477326968973747,0.0018577201169209879,0.012208584042911457
cell_type,T5c | T5d,8,800-900,850.0,830,2,2.0,2.0,0.0024096385542168677,0.0006610448737344099,0.008743139326238342
cell_type,T5c | T5d,9,900-1000,950.0,861,2,2.0,2.0,0.0023228803716608595,0.0006372355417704578,0.00842985836305558
cell_type,T5c | T5d,10,1000-1100,1050.0,847,2,2.0,2.0,0.0023612750885478157,0.0006477722498553582,0.008568514306890339
cell_type,T5c | T5d,11,1100-1200,1150.0,864,2,2.0,2.0,0.0023148148148148147,0.0006350221174442282,0.008400728185376008
cell_type,T5c | T5d,12,1200-1300,1250.0,851,2,2.0,2.0,0.0023501762632197414,0.0006447263729374353,0.008528435064222385
cell_type,T5c | T5d,13,1300-1400,1350.0,849,0,0.0,0.0,0.0,0.0,0.004504470701241591
cell_type,T5c | T5d,14,1400-1500,1450.0,885,2,2.0,2.0,0.0022598870056497176,0.0006199484711659768,0.008202320873563164
cell_type,T5c | T5d,15,1500-1600,1550.0,920,0,0.0,0.0,0.0,0.0,0.004158288607051251
cell_type,T5c | T5d,16,1600-1700,1650.0,926,0,0.0,0.0,0.0,0.0,0.004131456368482545
cell_type,T5c | T5d,17,1700-1800,1750.0,1011,0,0.0,0.0,0.0,0.0,0.003785418335235765
cell_type,T5c | T5d,19,1900-2000,1950.0,946,0,0.0,0.0,0.0,0.0,0.004044463834812035
cell_type,Tm21 | Tm3,0,0-100,50.0,5473,877,1108.0,1108.0,0.1602411839941531,0.15076129681559058,0.1701977026194122
cell_type,Tm21 | Tm3,1,100-200,150.0,2347,135,153.0,153.0,0.05752023860247124,0.04880338693771229,0.0676832364060298
cell_type,Tm21 | Tm3,2,200-300,250.0,1458,53,61.0,61.0,0.03635116598079561,0.02789799378862963,0.04724120049890465
cell_type,Tm21 | Tm3,3,300-400,350.0,1054,15,16.0,16.0,0.014231499051233396,0.008643118111677324,0.02334806090794149
cell_type,Tm21 | Tm3,4,400-500,450.0,1015,17,18.0,18.0,0.016748768472906402,0.010482965148933845,0.0266588241144806
cell_type,Tm21 | Tm3,5,500-600,550.0,951,7,8.0,8.0,0.007360672975814932,0.0035699600454740955,0.01511544285276578
cell_type,Tm21 | Tm3,6,600-700,650.0,810,5,5.0,5.0,0.006172839506172839,0.002639426289850284,0.014368305927328094
cell_type,Tm21 | Tm3,7,700-800,750.0,743,7,9.0,9.0,0.009421265141318977,0.00457094928279876,0.019318453771342836
cell_type,Tm21 | Tm3,8,800-900,850.0,696,3,3.0,3.0,0.004310344827586207,0.0014669394851624176,0.012595671254182027
cell_type,Tm21 | Tm3,9,900-1000,950.0,699,1,1.0,1.0,0.001430615164520744,0.00025257686152399235,0.008058826447557316
cell_type,Tm21 | Tm3,10,1000-1100,1050.0,601,1,1.0,1.0,0.0016638935108153079,0.0002937709114766065,0.009364294935846063
cell_type,Tm21 | Tm3,12,1200-1300,1250.0,582,2,2.0,2.0,0.003436426116838488,0.0009428786497239303,0.012442309428418693
cell_type,Tm21 | Tm3,14,1400-1500,1450.0,507,0,0.0,0.0,0.0,0.0,0.007520139315200641
cell_type,Tm21 | Tm3,15,1500-1600,1550.0,503,0,0.0,0.0,0.0,0.0,0.007579488345076647
cell_type,Tm21 | Tm3,17,1700-1800,1750.0,485,1,1.0,1.0,0.002061855670103093,0.00036405155710921705,0.011585831595224791
cell_type,Tm21 | Tm3,18,1800-1900,1850.0,448,0,0.0,0.0,0.0,0.0,0.008502094539325286
cell_type,Tm21 | Tm3,19,1900-2000,1950.0,477,0,0.0,0.0,0.0,0.0,0.007989325382828772
cell_type,Tm3 | pDm8,7,700-800,750.0,330,1,1.0,1.0,0.0030303030303030303,0.0005351095557256189,0.01696300931262392
cell_type,Tm3 | pDm8,11,1100-1200,1150.0,341,1,1.0,1.0,0.002932551319648094,0.0005178416958864212,0.016422109864482164
cell_type,Tm3 | pDm8,12,1200-1300,1250.0,386,0,0.0,0.0,0.0,0.0,0.00985425875535089
cell_type,Tm3 | pDm8,13,1300-1400,1350.0,359,1,1.0,1.0,0.002785515320334262,0.0004918685429961683,0.01560771871491472
cell_type,Tm3 | pDm8,15,1500-1600,1550.0,373,0,0.0,0.0,0.0,0.0,0.010194203612340039
cell_type,Tm3 | pDm8,16,1600-1700,1650.0,364,0,0.0,0.0,0.0,0.0,0.010443625734555309
cell_type,Tm3 | pDm8,18,1800-1900,1850.0,379,0,0.0,0.0,0.0,0.0,0.010034437218943815
cell_type,Tm3 | pDm8,19,1900-2000,1950.0,335,0,0.0,0.0,0.0,0.0,0.011337450891508009
cell_type,APL | KCab,8,800-900,850.0,2,0,0.0,0.0,0.0,0.0,0.6576280471103807
cell_type,C2 | MeMe_e07,1,100-200,150.0,316,2,2.0,2.0,0.006329113924050633,0.0017373543361146118,0.022779781646196633
cell_type,C2 | MeMe_e07,5,500-600,550.0,209,1,1.0,1.0,0.004784688995215311,0.0008450932561194485,0.026600669226402765
cell_type,C2 | MeMe_e07,8,800-900,850.0,201,3,3.0,3.0,0.014925373134328358,0.005088637553631408,0.042956290820292634
cell_type,C2 | MeMe_e07,17,1700-1800,1750.0,167,0,0.0,0.0,0.0,0.0,0.022486326515321793
cell_type,C2 | Pm01,1,100-200,150.0,308,6,6.0,6.0,0.01948051948051948,0.008957808041503312,0.041842341778148724
cell_type,C2 | Pm01,8,800-900,850.0,308,0,0.0,0.0,0.0,0.0,0.012319074812340625
cell_type,C2 | Pm01,9,900-1000,950.0,318,0,0.0,0.0,0.0,0.0,0.011936306555771534
cell_type,C2 | Pm01,14,1400-1500,1450.0,338,0,0.0,0.0,0.0,0.0,0.011237953484888905
cell_type,C2 | Pm01,16,1600-1700,1650.0,330,0,0.0,0.0,0.0,0.0,0.011507253739498012
cell_type,C2 | Pm01,17,1700-1800,1750.0,305,0,0.0,0.0,0.0,0.0,0.012438738822749264
cell_type,C2 | Pm01,19,1900-2000,1950.0,272,0,0.0,0.0,0.0,0.0,0.013926833371036128
cell_type,C2 | T4a,17,1700-1800,1750.0,507,0,0.0,0.0,0.0,0.0,0.007520139315200641
cell_type,C2 | T4b,4,400-500,450.0,1038,13,13.0,13.0,0.012524084778420038,0.007333513825850554,0.021309611962177104
cell_type,C2 | T4b,10,1000-1100,1050.0,655,2,2.0,2.0,0.0030534351145038168,0.0008377442675081047,0.011064357846262488
cell_type,C2 | T4c,4,400-500,450.0,1153,5,5.0,5.0,0.004336513443191674,0.0018536514979618076,0.010111340079104577
cell_type,C2 | T4c,14,1400-1500,1450.0,651,2,2.0,2.0,0.0030721966205837174,0.0008428941715209037,0.011131910117027655
cell_type,C2 | T4c,15,1500-1600,1550.0,610,0,0.0,0.0,0.0,0.0,0.006258292041464768
cell_type,C2 | T4d,13,1300-1400,1350.0,622,1,1.0,1.0,0.001607717041800643,0.000283850629615859,0.009050140591165885
cell_type,C2 | T4d,15,1500-1600,1550.0,594,0,0.0,0.0,0.0,0.0,0.006425782347698788
cell_type,C2 | Tm5f,3,300-400,350.0,236,1,1.0,1.0,0.00423728813559322,0.000748358156783412,0.02360771685272286
cell_type,C2 | Tm5f,6,600-700,650.0,294,1,1.0,1.0,0.003401360544217687,0.0006006607448315292,0.019012449042384225
cell_type,C2 | Tm5f,9,900-1000,950.0,244,1,1.0,1.0,0.004098360655737705,0.0007238093800681408,0.02284608364838229
cell_type,C2 | Tm5f,18,1800-1900,1850.0,241,0,0.0,0.0,0.0,0.0,0.01569014415850901
cell_type,C2 | Tm5f,19,1900-2000,1950.0,224,0,0.0,0.0,0.0,0.0,0.01686083665142801
cell_type,C2 | Tm7,5,500-600,550.0,186,3,4.0,4.0,0.016129032258064516,0.005500129644394957,0.0463409842105241
cell_type,C2 | Tm7,12,1200-1300,1250.0,211,0,0.0,0.0,0.0,0.0,0.017881080759033628
cell_type,C2 | Tm7,13,1300-1400,1350.0,206,0,0.0,0.0,0.0,0.0,0.018307142149125814
cell_type,C2 | Tm7,14,1400-1500,1450.0,210,0,0.0,0.0,0.0,0.0,0.017964699104383804
cell_type,C2 | Tm7,17,1700-1800,1750.0,214,0,0.0,0.0,0.0,0.0,0.017634831914565444
cell_type,C2 | TmY11,0,0-100,50.0,281,14,16.0,16.0,0.0498220640569395,0.029906503727118193,0.0818805386150116
cell_type,C2 | TmY11,5,500-600,550.0,230,0,0.0,0.0,0.0,0.0,0.01642821465470643
cell_type,C2 | TmY11,6,600-700,650.0,236,0,0.0,0.0,0.0,0.0,0.016017238043775556
cell_type,C2 | TmY11,7,700-800,750.0,238,0,0.0,0.0,0.0,0.0,0.015884777474181447
cell_type,C2 | TmY11,14,1400-1500,1450.0,182,0,0.0,0.0,0.0,0.0,0.020671367444102935
cell_type,C2 | TmY11,16,1600-1700,1650.0,204,0,0.0,0.0,0.0,0.0,0.01848330651804066
cell_type,C2 | TmY11,17,1700-1800,1750.0,245,0,0.0,0.0,0.0,0.0,0.01543793320730939
cell_type,C3 | TmY4,9,900-1000,950.0,257,0,0.0,0.0,0.0,0.0,0.014727712144075176
cell_type,C3 | TmY4,16,1600-1700,1650.0,177,0,0.0,0.0,0.0,0.0,0.02124289986374816
cell_type,C3 | yDm8,3,300-400,350.0,147,3,3.0,3.0,0.02040816326530612,0.006964387193831138,0.05828021376505553
cell_type,C3 | yDm8,6,600-700,650.0,187,1,1.0,1.0,0.0053475935828877,0.0009445818095611402,0.02966509658340978
cell_type,C3 | yDm8,7,700-800,750.0,212,0,0.0,0.0,0.0,0.0,0.01779823722581745
cell_type,C3 | yDm8,9,900-1000,950.0,258,0,0.0,0.0,0.0,0.0,0.01467146549669724
cell_type,C3 | yDm8,11,1100-1200,1150.0,308,0,0.0,0.0,0.0,0.0,0.012319074812340625
cell_type,C3 | yDm8,13,1300-1400,1350.0,296,0,0.0,0.0,0.0,0.0,0.012812098121141296
cell_type,C3 | yDm8,16,1600-1700,1650.0,293,0,0.0,0.0,0.0,0.0,0.012941582311913155
cell_type,C3 | yDm8,18,1800-1900,1850.0,216,0,0.0,0.0,0.0,0.0,0.017474399749637923
cell_type,CB2049 | LC15,0,0-100,50.0,470,466,3884.0,3884.0,0.9914893617021276,0.9783237726722759,0.9966855975476457
cell_type,CT1 | T4a,0,0-100,50.0,1451,1449,23726.0,23726.0,0.9986216402481047,0.9949880668670117,0.9996219305375167
cell_type,CT1 | Tm1,1,100-200,150.0,117,115,745.0,745.0,0.9829059829059829,0.9398087235860804,0.9952997158917152
cell_type,Dm10 | Dm3q,2,200-300,250.0,225,2,2.0,2.0,0.008888888888888889,0.002440997100615027,0.03182549989993032
cell_type,Dm10 | Dm3q,5,500-600,550.0,325,4,5.0,5.0,0.012307692307692308,0.004796269801764844,0.031213772723268484
cell_type,Dm10 | Dm3q,6,600-700,650.0,402,0,0.0,0.0,0.0,0.0,0.009465762011582845
cell_type,Dm10 | Dm3v,0,0-100,50.0,212,16,22.0,22.0,0.07547169811320754,0.046986246898842655,0.1190688601796816
cell_type,Dm10 | Dm3v,3,300-400,350.0,188,3,3.0,3.0,0.015957446808510637,0.005441459875889183,0.04585919649895339
cell_type,Dm10 | Dm3v,4,400-500,450.0,197,2,2.0,2.0,0.01015228426395939,0.0027884936672214478,0.03625521042595447
cell_type,Dm10 | Dm3v,13,1300-1400,1350.0,370,0,0.0,0.0,0.0,0.0,0.010276009946458605
cell_type,Dm10 | Dm3v,19,1900-2000,1950.0,336,0,0.0,0.0,0.0,0.0,0.011304089905414755
cell_type,Dm10 | L2,3,300-400,350.0,69,1,1.0,1.0,0.014492753623188406,0.002562858644330382,0.07763307335057362
cell_type,Dm10 | L2,6,600-700,650.0,151,0,0.0,0.0,0.0,0.0,0.02480987021575597
cell_type,Dm10 | L2,12,1200-1300,1250.0,328,0,0.0,0.0,0.0,0.0,0.01157660763448585
cell_type,Dm10 | aMe17c,2,200-300,250.0,92,92,1838.0,1838.0,1.0,0.9599171967079014,1.0
cell_type,Dm15 | TmY9q,0,0-100,50.0,83,5,5.0,5.0,0.060240963855421686,0.026003017602439858,0.13338603096414572
cell_type,Dm15 | TmY9q,2,200-300,250.0,131,3,4.0,4.0,0.022900763358778626,0.007818301484185438,0.06516807660684877
cell_type,Dm15 | TmY9q,6,600-700,650.0,235,0,0.0,0.0,0.0,0.0,0.016084300222406814
cell_type,Dm15 | TmY9q,13,1300-1400,1350.0,235,0,0.0,0.0,0.0,0.0,0.016084300222406814
cell_type,Dm15 | TmY9q,14,1400-1500,1450.0,209,0,0.0,0.0,0.0,0.0,0.018049103182836437
cell_type,Dm19 | T2a,3,300-400,350.0,281,4,4.0,4.0,0.014234875444839857,0.005549130789786352,0.03602344849638533
cell_type,Dm19 | T2a,4,400-500,450.0,283,1,1.0,1.0,0.0035335689045936395,0.0006240181886234854,0.019741228693279277
cell_type,Dm19 | T2a,6,600-700,650.0,380,0,0.0,0.0,0.0,0.0,0.010008295088390629
cell_type,Dm19 | T2a,9,900-1000,950.0,366,0,0.0,0.0,0.0,0.0,0.01038714952563476
cell_type,Dm19 | Tm9,1,100-200,150.0,315,5,6.0,6.0,0.015873015873015872,0.006798467779105522,0.03661368421109902
cell_type,Dm19 | Tm9,3,300-400,350.0,287,2,2.0,2.0,0.006968641114982578,0.0019130975407349454,0.025048657586454564
cell_type,Dm19 | Tm9,5,500-600,550.0,346,1,2.0,2.0,0.002890173410404624,0.0005103557592828819,0.01618748692151894
cell_type,Dm19 | Tm9,14,1400-1500,1450.0,238,0,0.0,0.0,0.0,0.0,0.015884777474181447
cell_type,Dm2 | Dm3v,4,400-500,450.0,408,2,2.0,2.0,0.004901960784313725,0.0013452972127875242,0.01769503285586023
cell_type,Dm2 | Dm3v,5,500-600,550.0,381,2,2.0,2.0,0.005249343832020997,0.0014407116023125548,0.018935463946276786
cell_type,Dm2 | Dm3v,7,700-800,750.0,419,1,1.0,1.0,0.002386634844868735,0.0004214131177151083,0.013393689275237711
cell_type,Dm2 | Dm3v,8,800-900,850.0,441,0,0.0,0.0,0.0,0.0,0.008635882974973563
cell_type,Dm2 | Dm3v,9,900-1000,950.0,456,0,0.0,0.0,0.0,0.0,0.008354181091923828
cell_type,Dm2 | Dm3v,12,1200-1300,1250.0,457,0,0.0,0.0,0.0,0.0,0.008336052995215708
cell_type,Dm2 | TmY4,2,200-300,250.0,255,0,0.0,0.0,0.0,0.0,0.014841509247354365
cell_type,Dm2 | TmY4,6,600-700,650.0,226,2,2.0,2.0,0.008849557522123894,0.0024301812332489566,0.031687228321853333
cell_type,Dm2 | TmY4,10,1000-1100,1050.0,172,0,0.0,0.0,0.0,0.0,0.021846934968744597
cell_type,Dm2 | TmY4,13,1300-1400,1350.0,191,0,0.0,0.0,0.0,0.0,0.019716528708448297
cell_type,Dm2 | TmY4,17,1700-1800,1750.0,158,0,0.0,0.0,0.0,0.0,0.023736789552253557
cell_type,Dm20 | R7,1,100-200,150.0,80,5,6.0,6.0,0.0625,0.026988977697985535,0.1381032915335177
cell_type,Dm20 | R7,4,400-500,450.0,153,2,3.0,3.0,0.013071895424836602,0.0035920605743917436,0.04640487901306465
cell_type,Dm20 | R7,5,500-600,550.0,156,2,2.0,2.0,0.01282051282051282,0.003522843269481466,0.04553572471282101
cell_type,Dm20 | R7,6,600-700,650.0,200,3,3.0,3.0,0.015,0.005114145184492384,0.04316648055627889
cell_type,Dm20 | R7,7,700-800,750.0,248,0,0.0,0.0,0.0,0.0,0.015254032693566115
cell_type,Dm20 | R7,8,800-900,850.0,298,0,0.0,0.0,0.0,0.0,0.012727205262627815
cell_type,Dm20 | R7,9,900-1000,950.0,319,1,1.0,1.0,0.003134796238244514,0.0005535687644057461,0.017540753652531847
cell_type,Dm20 | R7,14,1400-1500,1450.0,475,1,1.0,1.0,0.002105263157894737,0.0003717177955287615,0.011827723522852931
cell_type,Dm20 | R7,16,1600-1700,1650.0,500,0,0.0,0.0,0.0,0.0,0.007624618530903363
cell_type,Dm20 | R8,7,700-800,750.0,265,4,4.0,4.0,0.01509433962264151,0.005885045418703938,0.03816170925021635
cell_type,Dm20 | R8,9,900-1000,950.0,346,0,0.0,0.0,0.0,0.0,0.010980969673132068
cell_type,Dm20 | R8,11,1100-1200,1150.0,435,0,0.0,0.0,0.0,0.0,0.00875395586927037
cell_type,Dm20 | R8,13,1300-1400,1350.0,407,0,0.0,0.0,0.0,0.0,0.009350562357852756
cell_type,Dm20 | R8,14,1400-1500,1450.0,453,0,0.0,0.0,0.0,0.0,0.008409041558386975
cell_type,Dm3p | L2,0,0-100,50.0,169,27,35.0,35.0,0.15976331360946747,0.11218201354565867,0.22246890382608514
cell_type,Dm3p | L2,1,100-200,150.0,268,16,17.0,17.0,0.05970149253731343,0.03707869565693263,0.09476867428203183
cell_type,Dm3p | L2,2,200-300,250.0,292,2,2.0,2.0,0.00684931506849315,0.0018803038555145375,0.024625772369059693
cell_type,Dm3p | L2,3,300-400,350.0,372,3,3.0,3.0,0.008064516129032258,0.002746328438849619,0.023439170984311627
cell_type,Dm3p | L2,8,800-900,850.0,561,0,0.0,0.0,0.0,4.336808689942018e-19,0.006801198778560218
cell_type,Dm3p | L2,9,900-1000,950.0,522,0,0.0,0.0,0.0,0.0,0.007305622073263127
cell_type,Dm3p | L2,18,1800-1900,1850.0,716,0,0.0,0.0,0.0,0.0,0.005336729636075492
cell_type,Dm3p | Mi4,3,300-400,350.0,908,167,373.0,373.0,0.183920704845815,0.16007059831600734,0.21043410337779567
cell_type,Dm3p | Mi4,13,1300-1400,1350.0,606,4,8.0,8.0,0.006600660066006601,0.0025697325250129714,0.016847768675298715
cell_type,Dm3p | Mi4,14,1400-1500,1450.0,626,3,4.0,4.0,0.004792332268370607,0.0016311062368940896,0.013994409765859616
cell_type,Dm3p | R8,2,200-300,250.0,125,4,5.0,5.0,0.032,0.012512936695839402,0.07939526686574319
cell_type,Dm3p | R8,4,400-500,450.0,230,1,1.0,1.0,0.004347826086956522,0.0007678910476641276,0.02421312174047964
cell_type,Dm3p | R8,5,500-600,550.0,243,2,2.0,2.0,0.00823045267489712,0.0022599490782453727,0.02950779185359107
cell_type,Dm3p | R8,7,700-800,750.0,317,2,2.0,2.0,0.006309148264984227,0.0017318683052554174,0.022708852598767003
cell_type,Dm3p | R8,15,1500-1600,1550.0,418,0,0.0,0.0,0.0,0.0,0.009106735798460844
cell_type,Dm3p | T1,2,200-300,250.0,297,1,1.0,1.0,0.003367003367003367,0.0005945909373711849,0.018822936425865813
cell_type,Dm3p | T1,8,800-900,850.0,396,0,0.0,0.0,0.0,0.0,0.0096078046906575
cell_type,Dm3p | T1,13,1300-1400,1350.0,430,0,0.0,0.0,0.0,0.0,0.00885484471751902
cell_type,Dm3p | T1,14,1400-1500,1450.0,491,0,0.0,0.0,0.0,0.0,0.007763292334355074
cell_type,Dm3p | T1,19,1900-2000,1950.0,528,1,1.0,1.0,0.001893939393939394,0.0003343964761773014,0.010649324992771346
cell_type,Dm3p | Tm20,2,200-300,250.0,1208,71,75.0,75.0,0.058774834437086095,0.04685720741846946,0.07348987424632897
cell_type,Dm3p | Tm21,11,1100-1200,1150.0,720,19,20.0,20.0,0.02638888888888889,0.01695782012063445,0.04084709189326473
cell_type,Dm3p | Tm27,0,0-100,50.0,327,9,9.0,9.0,0.027522935779816515,0.01454599980138543,0.05147230019474565
cell_type,Dm3p | Tm27,1,100-200,150.0,310,2,2.0,2.0,0.0064516129032258064,0.001771014542147913,0.023214838193754528
cell_type,Dm3p | Tm27,5,500-600,550.0,335,1,1.0,1.0,0.0029850746268656717,0.0005271198970087636,0.016712793974251433
cell_type,Dm3p | Tm27,8,800-900,850.0,407,1,2.0,2.0,0.002457002457002457,0.00043384184977681827,0.013784776712705653
cell_type,Dm3p | Tm27,14,1400-1500,1450.0,407,0,0.0,0.0,0.0,0.0,0.009350562357852756
cell_type,Dm3p | Tm27,18,1800-1900,1850.0,401,0,0.0,0.0,0.0,0.0,0.009489143408187298
cell_type,Dm3p | Tm3,0,0-100,50.0,178,17,18.0,18.0,0.09550561797752809,0.06048512903324697,0.1476168674296086
cell_type,Dm3p | Tm3,2,200-300,250.0,182,4,4.0,4.0,0.02197802197802198,0.008579092710784313,0.055139687153358055
cell_type,Dm3p | Tm3,9,900-1000,950.0,404,0,0.0,0.0,0.0,0.0,0.009419343195985891
cell_type,Dm3p | Tm3,10,1000-1100,1050.0,377,1,1.0,1.0,0.002652519893899204,0.0004683763990283264,0.014870284083439975
cell_type,Dm3p | Tm3,17,1700-1800,1750.0,542,0,0.0,0.0,0.0,0.0,0.007037939211668733
cell_type,Dm3p | Tm4,12,1200-1300,1250.0,842,1,3.0,3.0,0.0011876484560570072,0.0002096744938087044,0.006696583131732532
cell_type,Dm3p | Tm4,16,1600-1700,1650.0,743,0,0.0,0.0,0.0,0.0,0.005143794882341851
cell_type,Dm3p | TmY3,1,100-200,150.0,313,2,2.0,2.0,0.006389776357827476,0.0017540229665585928,0.022995252381123023
cell_type,Dm3p | TmY3,6,600-700,650.0,386,0,0.0,0.0,0.0,0.0,0.00985425875535089
cell_type,Dm3p | TmY3,14,1400-1500,1450.0,363,0,0.0,0.0,0.0,0.0,0.010472094767878016
cell_type,Dm3p | TmY3,16,1600-1700,1650.0,415,0,0.0,0.0,0.0,0.0,0.009171963816392641
cell_type,Dm3q | L2,0,0-100,50.0,226,22,39.0,39.0,0.09734513274336283,0.0651656807549867,0.14298462797937644
cell_type,Dm3q | L2,12,1200-1300,1250.0,587,0,0.0,0.0,0.0,0.0,0.0065019118491318134
cell_type,Dm3q | L2,13,1300-1400,1350.0,601,0,0.0,0.0,0.0,0.0,0.0063514149820382716
cell_type,Dm3q | L2,14,1400-1500,1450.0,664,0,0.0,0.0,0.0,0.0,0.0057522622130756745
cell_type,Dm3q | Mi14,4,400-500,450.0,95,0,0.0,0.0,0.0,0.0,0.038866226366226365
cell_type,Dm3q | Mi14,9,900-1000,950.0,241,1,1.0,1.0,0.004149377593360996,0.0007328240816957699,0.02312586659831939
cell_type,Dm3q | Mi14,13,1300-1400,1350.0,296,0,0.0,0.0,0.0,0.0,0.012812098121141296
cell_type,Dm3q | Mi4,4,400-500,450.0,891,126,263.0,263.0,0.1414141414141414,0.12007091981812991,0.16583621726624345
cell_type,Dm3q | Mi4,7,700-800,750.0,796,33,44.0,44.0,0.0414572864321608,0.029669904345091955,0.057649384874173454
cell_type,Dm3q | Mi4,15,1500-1600,1550.0,676,0,0.0,0.0,0.0,0.0,0.005650728051946217
cell_type,Dm3q | Mi4,18,1800-1900,1850.0,543,0,0.0,0.0,0.0,0.0,0.007025069051074387
cell_type,Dm3q | Mi9,13,1300-1400,1350.0,691,1,1.0,1.0,0.001447178002894356,0.0002555015740814551,0.008151594374117384
cell_type,Dm3q | R8,4,400-500,450.0,251,4,5.0,5.0,0.01593625498007968,0.0062141981784762275,0.040252312783627286
cell_type,Dm3q | R8,5,500-600,550.0,270,1,1.0,1.0,0.003703703703703704,0.0006540772764983358,0.020677962851809416
cell_type,Dm3q | R8,9,900-1000,950.0,368,1,1.0,1.0,0.002717391304347826,0.0004798351063678881,0.015230080083325787
cell_type,Dm3q | R8,12,1200-1300,1250.0,343,2,2.0,2.0,0.0058309037900874635,0.0016004697401066168,0.02100812161687017
cell_type,Dm3q | R8,13,1300-1400,1350.0,388,0,0.0,0.0,0.0,0.0,0.00980396160081012
cell_type,Dm3q | T1,2,200-300,250.0,349,2,2.0,2.0,0.0057306590257879654,0.001572929801802847,0.02065120703466995
cell_type,Dm3q | T1,4,400-500,450.0,331,2,2.0,2.0,0.006042296072507553,0.001658547735000064,0.02176028672284508
cell_type,Dm3q | T1,6,600-700,650.0,380,0,0.0,0.0,0.0,0.0,0.010008295088390629
cell_type,Dm3q | T2a,17,1700-1800,1750.0,527,11,12.0,12.0,0.020872865275142316,0.011694167076479816,0.03698626791580414
cell_type,Dm3q | T2a,19,1900-2000,1950.0,523,7,7.0,7.0,0.01338432122370937,0.0064980812745961125,0.027367126028699597
cell_type,Dm3q | Tm1,10,1000-1100,1050.0,831,26,33.0,33.0,0.031287605294825514,0.02143942513513663,0.04544943138566924
cell_type,Dm3q | Tm1,12,1200-1300,1250.0,760,14,17.0,17.0,0.018421052631578946,0.011004122037050864,0.03068200765266491
cell_type,Dm3q | Tm1,15,1500-1600,1550.0,683,14,21.0,21.0,0.020497803806734993,0.012248589465415812,0.034110862262609974
cell_type,Dm3q | Tm20,14,1400-1500,1450.0,526,2,2.0,2.0,0.0038022813688212928,0.0010433208928847847,0.013756574019104004
cell_type,Dm3q | Tm20,17,1700-1800,1750.0,436,4,5.0,5.0,0.009174311926605505,0.0035732728648456558,0.02334914647884535
cell_type,Dm3q | Tm20,18,1800-1900,1850.0,412,1,1.0,1.0,0.0024271844660194173,0.00042857519842569997,0.013619081409282618
cell_type,Dm3q | Tm21,11,1100-1200,1150.0,746,3,3.0,3.0,0.004021447721179625,0.001368552778003654,0.011756352535331856
cell_type,Dm3q | Tm21,16,1600-1700,1650.0,579,1,1.0,1.0,0.0017271157167530224,0.0003049355747911835,0.009717684636257582
cell_type,Dm3q | Tm27,0,0-100,50.0,330,14,14.0,14.0,0.04242424242424243,0.025436583190641404,0.069942782352778
cell_type,Dm3q | Tm27,4,400-500,450.0,304,5,5.0,5.0,0.01644736842105263,0.007045165412712931,0.037918218353483704
cell_type,Dm3q | Tm27,7,700-800,750.0,386,1,2.0,2.0,0.0025906735751295338,0.0004574522068165306,0.014527095363273478
cell_type,Dm3q | Tm27,10,1000-1100,1050.0,408,1,1.0,1.0,0.0024509803921568627,0.0004327781896081885,0.013751315889280392
cell_type,Dm3q | Tm27,12,1200-1300,1250.0,428,0,0.0,0.0,0.0,0.0,0.008895854405874745
cell_type,Dm3q | Tm27,13,1300-1400,1350.0,412,1,1.0,1.0,0.0024271844660194173,0.00042857519842569997,0.013619081409282618
cell_type,Dm3q | Tm27,14,1400-1500,1450.0,445,1,1.0,1.0,0.0022471910112359553,0.00039678438563760937,0.012618052028812391
cell_type,Dm3q | Tm27,17,1700-1800,1750.0,420,0,0.0,0.0,0.0,0.0,0.00906376344370161
cell_type,Dm3q | Tm27,18,1800-1900,1850.0,444,0,0.0,0.0,0.0,0.0,0.00857803294736353
cell_type,Dm3q | TmY3,1,100-200,150.0,298,4,5.0,5.0,0.013422818791946308,0.0052318367881192766,0.03399933611846484
cell_type,Dm3q | TmY3,13,1300-1400,1350.0,442,0,0.0,0.0,0.0,0.0,0.00861651312932665
cell_type,Dm3q | TmY3,19,1900-2000,1950.0,431,0,0.0,0.0,0.0,0.0,0.008834481337572118
cell_type,Dm3v | L2,4,400-500,450.0,356,0,0.0,0.0,0.0,0.0,0.01067580846683652
cell_type,Dm3v | Mi15,3,300-400,350.0,190,3,3.0,3.0,0.015789473684210527,0.005384028565230823,0.04538732288873984
cell_type,Dm3v | Mi15,5,500-600,550.0,228,2,2.0,2.0,0.008771929824561403,0.002408834518876697,0.031414258489453124
cell_type,Dm3v | Mi15,8,800-900,850.0,363,3,3.0,3.0,0.008264462809917356,0.0028145138928983883,0.024013414019312222
cell_type,Dm3v | Mi15,14,1400-1500,1450.0,408,0,0.0,0.0,0.0,0.0,0.009327858089129412
cell_type,Dm3v | Mi15,16,1600-1700,1650.0,344,0,0.0,0.0,0.0,0.0,0.011044107432808497
cell_type,Dm3v | Mi15,17,1700-1800,1750.0,328,0,0.0,0.0,0.0,0.0,0.01157660763448585
cell_type,Dm3v | R8,8,800-900,850.0,339,0,0.0,0.0,0.0,0.0,0.011205174634583436
cell_type,Dm3v | R8,11,1100-1200,1150.0,348,1,1.0,1.0,0.0028735632183908046,0.0005074216377308604,0.016095504224361623
cell_type,Dm3v | R8,14,1400-1500,1450.0,354,0,0.0,0.0,0.0,0.0,0.010735476255415802
cell_type,Dm3v | R8,15,1500-1600,1550.0,322,0,0.0,0.0,0.0,0.0,0.011789777609734299
cell_type,Dm3v | R8,18,1800-1900,1850.0,373,0,0.0,0.0,0.0,0.0,0.010194203612340039
cell_type,Dm3v | Tm27,2,200-300,250.0,209,7,8.0,8.0,0.03349282296650718,0.01631665827157977,0.06750906000905711
cell_type,Dm3v | Tm27,8,800-900,850.0,327,0,0.0,0.0,0.0,0.0,0.011611599025031918
cell_type,Dm3v | Tm27,10,1000-1100,1050.0,351,0,0.0,0.0,0.0,0.0,0.010826239088088881
cell_type,Dm3v | Tm27,13,1300-1400,1350.0,357,1,1.0,1.0,0.0028011204481792717,0.0004946250637268427,0.01569419573742247
cell_type,Dm3v | Tm27,16,1600-1700,1650.0,380,0,0.0,0.0,0.0,0.0,0.010008295088390629
cell_type,Dm3v | Tm27,17,1700-1800,1750.0,372,0,0.0,0.0,0.0,0.0,0.010221327282557334
cell_type,Dm3v | Tm4,12,1200-1300,1250.0,796,4,4.0,4.0,0.005025125628140704,0.0019558250478871816,0.012849106328525347
cell_type,Dm3v | Tm4,17,1700-1800,1750.0,585,1,1.0,1.0,0.0017094017094017094,0.00030180736947088213,0.009618687378182816
cell_type,Dm9 | Lawf2,0,0-100,50.0,331,9,9.0,9.0,0.027190332326283987,0.014369423112182575,0.050860225772543816
cell_type,Dm9 | Lawf2,2,200-300,250.0,166,2,2.0,2.0,0.012048192771084338,0.003310221981407086,0.042859856491711396
cell_type,Dm9 | Lawf2,9,900-1000,950.0,166,1,1.0,1.0,0.006024096385542169,0.0010641662329914856,0.03333023419658525
cell_type,Dm9 | Lawf2,11,1100-1200,1150.0,172,0,0.0,0.0,0.0,0.0,0.021846934968744597
cell_type,Dm9 | Lawf2,16,1600-1700,1650.0,119,0,0.0,0.0,0.0,0.0,0.0312727935813275
cell_type,Dm9 | Lawf2,17,1700-1800,1750.0,85,0,0.0,0.0,0.0,0.0,0.04324100421424198
cell_type,KCab | PAM04,18,1800-1900,1850.0,554,10,10.0,10.0,0.018050541516245487,0.009833581866290691,0.03290543221942826
cell_type,KCab | PAM10,7,700-800,750.0,676,83,90.0,90.0,0.1227810650887574,0.10015055560993077,0.14967469780204049
cell_type,KCab | PAM10,10,1000-1100,1050.0,348,26,29.0,29.0,0.07471264367816093,0.051492767932925385,0.10721956170632137
cell_type,KCab-p | KCg-m,6,600-700,650.0,212,1,1.0,1.0,0.0047169811320754715,0.0008331274072520493,0.026231164184359577
cell_type,KCab-p | KCg-m,10,1000-1100,1050.0,467,1,1.0,1.0,0.0021413276231263384,0.0003780872382359952,0.01202863298359657
cell_type,KCapbp-ap2 | KCapbp-ap2,12,1200-1300,1250.0,353,16,18.0,18.0,0.0453257790368272,0.028089183709192812,0.07235202045534406
cell_type,KCapbp-ap2 | KCapbp-m,14,1400-1500,1450.0,1335,33,37.0,37.0,0.024719101123595506,0.017654668126457627,0.034511024962254284
cell_type,KCapbp-ap2 | MBON12,0,0-100,50.0,557,547,2586.0,2586.0,0.9820466786355476,0.9672700649585589,0.9902195363834244
cell_type,KCapbp-m | KCapbp-m,16,1600-1700,1650.0,33,1,1.0,1.0,0.030303030303030304,0.005369272089651725,0.15319061673168066
cell_type,KCapbp-m | KCapbp-m,18,1800-1900,1850.0,28,1,1.0,1.0,0.03571428571428571,0.00633235649754188,0.17712576118498663
cell_type,KCg-d | KCg-d,14,1400-1500,1450.0,203,12,12.0,12.0,0.059113300492610835,0.03413485824824487,0.10046862577044381
cell_type,KCg-d | KCg-d,18,1800-1900,1850.0,95,2,2.0,2.0,0.021052631578947368,0.0057923854515239195,0.07354263138349293
cell_type,KCg-m | PAM07,15,1500-1600,1550.0,791,28,32.0,32.0,0.035398230088495575,0.024602576773476794,0.05068487672669229
cell_type,L1 | Sm32,1,100-200,150.0,202,6,7.0,7.0,0.0297029702970297,0.013682588324236515,0.06327755967305848
cell_type,L1 | Sm32,8,800-900,850.0,367,0,0.0,0.0,0.0,0.0,0.010359139859174374
cell_type,L1 | Sm32,9,900-1000,950.0,382,1,1.0,1.0,0.002617801047120419,0.0004622438330808354,0.01467764777010555
cell_type,L1 | Sm32,14,1400-1500,1450.0,276,1,1.0,1.0,0.0036231884057971015,0.000639851831292353,0.02023481440846614
cell_type,L1 | Sm32,16,1600-1700,1650.0,257,0,0.0,0.0,0.0,0.0,0.014727712144075176
cell_type,L1 | Sm32,17,1700-1800,1750.0,257,0,0.0,0.0,0.0,0.0,0.014727712144075176
cell_type,L1 | Sm32,19,1900-2000,1950.0,291,0,0.0,0.0,0.0,0.0,0.013029368989993271
cell_type,L2 | TmY9q,0,0-100,50.0,45,11,12.0,12.0,0.24444444444444444,0.14235335025509283,0.3867366058479013
cell_type,L2 | TmY9q,17,1700-1800,1750.0,293,0,0.0,0.0,0.0,0.0,0.012941582311913155
cell_type,L2 | TmY9q,18,1800-1900,1850.0,237,0,0.0,0.0,0.0,0.0,0.01595073276377503
cell_type,L2 | TmY9q__perp,1,100-200,150.0,77,4,5.0,5.0,0.05194805194805195,0.02038438860493938,0.12609465188906374
cell_type,L2 | TmY9q__perp,2,200-300,250.0,118,3,4.0,4.0,0.025423728813559324,0.00868335709742743,0.07209036878929763
cell_type,L2 | TmY9q__perp,10,1000-1100,1050.0,412,0,0.0,0.0,0.0,0.0,0.009238132981404456
cell_type,L2 | TmY9q__perp,12,1200-1300,1250.0,418,1,1.0,1.0,0.0023923444976076554,0.000422421581329469,0.013425430313789455
cell_type,L2 | TmY9q__perp,13,1300-1400,1350.0,394,0,0.0,0.0,0.0,8.673617379884035e-19,0.009656104339013316
cell_type,L2 | TmY9q__perp,19,1900-2000,1950.0,235,0,0.0,0.0,0.0,0.0,0.016084300222406814
cell_type,L5 | R1-6,6,600-700,650.0,178,1,1.0,1.0,0.0056179775280898875,0.0009923747839823364,0.031132287559507824
cell_type,L5 | R1-6,9,900-1000,950.0,282,1,1.0,1.0,0.0035460992907801418,0.000626231989879154,0.019810261508617914
cell_type,L5 | R1-6,12,1200-1300,1250.0,343,0,0.0,0.0,0.0,0.0,0.011075949367088606
cell_type,L5 | R1-6,14,1400-1500,1450.0,310,0,0.0,0.0,0.0,0.0,0.012240569765129924
cell_type,L5 | R1-6,15,1500-1600,1550.0,311,0,0.0,0.0,0.0,8.673617379884035e-19,0.012201691263162173
cell_type,L5 | TmY4,1,100-200,150.0,375,5,5.0,5.0,0.013333333333333334,0.0057082051191382245,0.030828437108114535
cell_type,L5 | TmY4,2,200-300,250.0,239,3,3.0,3.0,0.012552301255230125,0.004277852142842806,0.036248976868331555
cell_type,L5 | TmY4,4,400-500,450.0,226,1,1.0,1.0,0.004424778761061947,0.0007814894820824467,0.024634275114056806
cell_type,L5 | TmY4,9,900-1000,950.0,211,1,1.0,1.0,0.004739336492890996,0.0008370781945605844,0.026353186633107796
cell_type,L5 | TmY4,17,1700-1800,1750.0,149,0,0.0,0.0,0.0,0.0,0.025134518351024853
cell_type,LC11 | Tm2,2,200-300,250.0,109,1,1.0,1.0,0.009174311926605505,0.0016212895577145392,0.050146852687698494
cell_type,LC11 | Tm2,5,500-600,550.0,293,2,2.0,2.0,0.006825938566552901,0.001873879570930402,0.024542902982458342
cell_type,LC12 | LC12,7,700-800,750.0,770,65,77.0,77.0,0.08441558441558442,0.0667823120800593,0.10617504766901598
cell_type,LC12 | LC12,16,1600-1700,1650.0,47,2,2.0,2.0,0.0425531914893617,0.01174802937056972,0.1424878719385944
cell_type,LC17 | PVLP018,0,0-100,50.0,497,495,4023.0,4023.0,0.9959758551307847,0.9854473907153992,0.9988957628884546
cell_type,LC17 | PVLP018,1,100-200,150.0,37,37,195.0,195.0,1.0,0.9059390425448564,1.0
cell_type,LPi12 | T5b,0,0-100,50.0,1403,1401,15027.0,15027.0,0.9985744832501782,0.9948171030242898,0.9996089929910681
cell_type,LT62 | T2a,1,100-200,150.0,160,157,1112.0,1112.0,0.98125,0.9463289621260206,0.9936032650983228
cell_type,LT62 | T2a,2,200-300,250.0,45,39,185.0,185.0,0.8666666666666667,0.738224177587027,0.9374293636565033
cell_type,Lawf1 | R7,1,100-200,150.0,85,3,3.0,3.0,0.03529411764705882,0.012074823021218324,0.09870211030731246
cell_type,Lawf1 | R7,9,900-1000,950.0,229,0,0.0,0.0,0.0,0.0,0.016498769979247693
cell_type,Lawf1 | R7,11,1100-1200,1150.0,266,0,0.0,0.0,0.0,0.0,0.014236500228282073
cell_type,Lawf1 | R7,13,1300-1400,1350.0,308,0,0.0,0.0,0.0,0.0,0.012319074812340625
cell_type,Lawf1 | R7,17,1700-1800,1750.0,324,1,1.0,1.0,0.0030864197530864196,0.0005450227751171051,0.017273338287054383
cell_type,Lawf1 | R7,18,1800-1900,1850.0,304,0,0.0,0.0,0.0,0.0,0.012479145118788362
cell_type,Lawf1 | R7,19,1900-2000,1950.0,278,1,1.0,1.0,0.0035971223021582736,0.0006352465320899024,0.020091289224164675
cell_type,Lawf2 | OA-AL2b2,0,0-100,50.0,376,374,5855.0,5855.0,0.9946808510638298,0.9808154910335499,0.9985401140397226
cell_type,Lawf2 | OA-AL2b2,1,100-200,150.0,190,190,2620.0,2620.0,1.0,0.980181756650791,0.9999999999999999
cell_type,Lawf2 | Tm3,7,700-800,750.0,1016,5,5.0,5.0,0.004921259842519685,0.002103814029322512,0.011468489748048405
cell_type,Lawf2 | Tm3,13,1300-1400,1350.0,485,1,1.0,1.0,0.002061855670103093,0.00036405155710921705,0.011585831595224791
cell_type,Lawf2 | Tm3,14,1400-1500,1450.0,456,0,0.0,0.0,0.0,0.0,0.008354181091923828
cell_type,Lawf2 | Tm3,15,1500-1600,1550.0,365,0,0.0,0.0,0.0,0.0,0.010415311071202379
cell_type,Lawf2 | Tm9,5,500-600,550.0,343,2,2.0,2.0,0.0058309037900874635,0.0016004697401066168,0.02100812161687017
cell_type,Lawf2 | Tm9,6,600-700,650.0,295,0,0.0,0.0,0.0,0.0,0.012854970660041976
cell_type,Lawf2 | Tm9,10,1000-1100,1050.0,262,1,1.0,1.0,0.003816793893129771,0.0006740585333486933,0.021299928984030075
cell_type,Lawf2 | Tm9,11,1100-1200,1150.0,270,0,0.0,0.0,0.0,8.673617379884035e-19,0.014028547890459302
cell_type,Lawf2 | Tm9,12,1200-1300,1250.0,254,0,0.0,0.0,0.0,0.0,0.014899069816507498
cell_type,Lawf2 | Tm9,13,1300-1400,1350.0,262,0,0.0,0.0,0.0,0.0,0.014450710498281682
cell_type,Lawf2 | Tm9,15,1500-1600,1550.0,244,0,0.0,0.0,0.0,0.0,0.015500222722900431
cell_type,Lawf2 | Tm9,16,1600-1700,1650.0,275,0,0.0,0.0,0.0,0.0,0.013776997406412816
cell_type,Li15 | Tm2,4,400-500,450.0,270,1,1.0,1.0,0.003703703703703704,0.0006540772764983358,0.020677962851809416
cell_type,Li15 | Tm2,5,500-600,550.0,310,1,3.0,3.0,0.0032258064516129032,0.000569646528673166,0.018043564721843014
cell_type,Li15 | Tm2,6,600-700,650.0,319,1,1.0,1.0,0.003134796238244514,0.0005535687644057461,0.017540753652531847
cell_type,Li15 | Tm2,8,800-900,850.0,404,0,0.0,0.0,0.0,0.0,0.009419343195985891
cell_type,Li15 | Tm2,15,1500-1600,1550.0,352,0,0.0,0.0,0.0,8.673617379884035e-19,0.010795814767019931
cell_type,Li15 | Tm2,18,1800-1900,1850.0,267,0,0.0,0.0,0.0,0.0,0.014183936293390674
cell_type,Li22 | T3,1,100-200,150.0,120,3,3.0,3.0,0.025,0.00853802009878548,0.07093123740434756
cell_type,Li22 | T3,6,600-700,650.0,188,0,0.0,0.0,0.0,1.734723475976807e-18,0.020024853837749476
cell_type,Li22 | T3,7,700-800,750.0,197,0,0.0,0.0,0.0,1.734723475976807e-18,0.01912751143189459
cell_type,Li22 | T3,9,900-1000,950.0,226,0,0.0,0.0,0.0,0.0,0.01671411963717621
cell_type,Li22 | T3,10,1000-1100,1050.0,230,0,0.0,0.0,0.0,0.0,0.01642821465470643
cell_type,Li22 | T3,13,1300-1400,1350.0,225,0,0.0,0.0,0.0,1.734723475976807e-18,0.016787157579740745
cell_type,Li22 | T3,17,1700-1800,1750.0,214,0,0.0,0.0,0.0,0.0,0.017634831914565444
cell_type,Li28 | TmY9q__perp,0,0-100,50.0,706,698,8639.0,8639.0,0.9886685552407932,0.9778005458011807,0.9942473026202137
cell_type,Li32 | TmY5a,0,0-100,50.0,1122,1105,9077.0,9077.0,0.9848484848484849,0.9758692111206235,0.9905189557405052
cell_type,MeMe_e08 | T4c,3,300-400,350.0,257,0,0.0,0.0,0.0,0.0,0.014727712144075176
cell_type,MeMe_e08 | T4c,4,400-500,450.0,297,0,0.0,0.0,0.0,0.0,0.012769510599597926
cell_type,MeMe_e08 | T4c,10,1000-1100,1050.0,255,1,1.0,1.0,0.00392156862745098,0.0006925710794052804,0.021875671428754146
cell_type,MeMe_e08 | T4c,11,1100-1200,1150.0,216,0,0.0,0.0,0.0,0.0,0.017474399749637923
cell_type,MeMe_e08 | T4c,16,1600-1700,1650.0,139,0,0.0,0.0,0.0,0.0,0.026894126080917603
cell_type,MeMe_e08 | T4c,17,1700-1800,1750.0,127,0,0.0,0.0,0.0,0.0,0.02936069262375269
cell_type,MeMe_e08 | T4d,0,0-100,50.0,274,9,10.0,10.0,0.032846715328467155,0.017375033826610653,0.061236664349616374
cell_type,MeMe_e08 | T4d,2,200-300,250.0,220,1,1.0,1.0,0.004545454545454545,0.0008028148215663295,0.02529421093235966
cell_type,MeMe_e08 | T4d,4,400-500,450.0,244,2,5.0,5.0,0.00819672131147541,0.002250675085449823,0.029388888248550606
cell_type,MeMe_e08 | T4d,10,1000-1100,1050.0,249,0,0.0,0.0,0.0,0.0,0.01519370230215281
cell_type,MeMe_e08 | T4d,11,1100-1200,1150.0,226,0,0.0,0.0,0.0,0.0,0.01671411963717621
cell_type,MeMe_e08 | T4d,14,1400-1500,1450.0,181,0,0.0,0.0,0.0,0.0,0.02078320031854301
cell_type,MeTu1 | Mi2,1,100-200,150.0,238,5,5.0,5.0,0.02100840336134454,0.00900598570518914,0.04822817086671577
cell_type,MeTu1 | Mi2,2,200-300,250.0,196,1,1.0,1.0,0.00510204081632653,0.0009011807600492975,0.028329970311599444
cell_type,MeTu1 | Mi2,13,1300-1400,1350.0,146,0,0.0,0.0,0.0,0.0,0.02563774012023363
cell_type,MeTu1 | Mi2,17,1700-1800,1750.0,140,0,0.0,0.0,0.0,0.0,0.02670715564899167
cell_type,MeTu1 | Mi2,19,1900-2000,1950.0,119,0,0.0,0.0,0.0,0.0,0.0312727935813275
cell_type,Mi13 | T4d,1,100-200,150.0,654,8,8.0,8.0,0.012232415902140673,0.006211033412044023,0.023950634685564888
cell_type,Mi13 | T4d,16,1600-1700,1650.0,252,0,0.0,0.0,0.0,0.0,0.015015540865910781
cell_type,Mi13 | T4d,17,1700-1800,1750.0,281,0,0.0,0.0,0.0,0.0,0.013486794063788433
cell_type,Mi4 | Sm06,1,100-200,150.0,235,1,1.0,1.0,0.00425531914893617,0.0007515443365310008,0.023706506522280863
cell_type,Mi4 | Sm06,4,400-500,450.0,147,0,0.0,0.0,0.0,0.0,0.025467775467775466
cell_type,Mi4 | Sm06,8,800-900,850.0,151,1,1.0,1.0,0.006622516556291391,0.0011699648169822205,0.036556330958829965
cell_type,Mi4 | Sm06,9,900-1000,950.0,163,0,0.0,0.0,0.0,0.0,0.023025432506041655
cell_type,Mi4 | Sm06,12,1200-1300,1250.0,165,0,0.0,0.0,0.0,0.0,0.02275268654170536
cell_type,Mi4 | Sm06,16,1600-1700,1650.0,174,0,0.0,0.0,0.0,0.0,0.021601245152990077
cell_type,Mi4 | Sm06,19,1900-2000,1950.0,183,0,0.0,0.0,0.0,0.0,0.020560731657189836
cell_type,Mi4 | Sm20,0,0-100,50.0,375,7,7.0,7.0,0.018666666666666668,0.009070795051264458,0.03802434972692253
cell_type,Mi4 | Sm20,2,200-300,250.0,215,1,1.0,1.0,0.004651162790697674,0.0008214956814042579,0.025871783841319024
cell_type,Mi4 | Sm20,7,700-800,750.0,234,1,1.0,1.0,0.004273504273504274,0.0007547577629937775,0.023806126455746764
cell_type,Mi4 | Sm20,10,1000-1100,1050.0,217,1,1.0,1.0,0.004608294930875576,0.0008139199742202268,0.025637618141786903
cell_type,Mi4 | Sm20,15,1500-1600,1550.0,221,0,0.0,0.0,0.0,0.0,0.01708580618533225
cell_type,Mi4 | Sm20,17,1700-1800,1750.0,188,0,0.0,0.0,0.0,1.734723475976807e-18,0.020024853837749476
cell_type,Pm08 | T4d,2,200-300,250.0,42,1,1.0,1.0,0.023809523809523808,0.00421529549910029,0.12321481165248252
cell_type,Pm08 | T4d,3,300-400,350.0,47,0,0.0,0.0,0.0,6.938893903907228e-18,0.0755601711983887
cell_type,Pm08 | T4d,4,400-500,450.0,57,0,0.0,0.0,0.0,0.0,0.06314100878346394
cell_type,Pm08 | T4d,10,1000-1100,1050.0,170,0,0.0,0.0,0.0,0.0,0.022098277972591136
cell_type,Pm08 | T4d,11,1100-1200,1150.0,223,0,0.0,0.0,0.0,0.0,0.01693516533122672
cell_type,Pm08 | T4d,14,1400-1500,1450.0,262,0,0.0,0.0,0.0,0.0,0.014450710498281682
cell_type,Pm08 | T4d,16,1600-1700,1650.0,268,0,0.0,0.0,0.0,0.0,0.014131759083230822
cell_type,R7 | Tm3,1,100-200,150.0,84,3,3.0,3.0,0.03571428571428571,0.012219447773066126,0.09981858432106694
cell_type,R7 | Tm3,2,200-300,250.0,110,2,2.0,2.0,0.01818181818181818,0.005000250085743785,0.06388142410014258
cell_type,R7 | Tm3,10,1000-1100,1050.0,458,2,2.0,2.0,0.004366812227074236,0.0011983303054388175,0.015780651232820183
cell_type,R7 | Tm4,0,0-100,50.0,109,10,15.0,15.0,0.09174311926605505,0.050596888811977485,0.16068689305570252
cell_type,R7 | Tm4,7,700-800,750.0,387,1,1.0,1.0,0.002583979328165375,0.0004562697820270113,0.014489938605207102
cell_type,R7 | Tm4,10,1000-1100,1050.0,425,1,1.0,1.0,0.002352941176470588,0.00041546202496947366,0.013206350784235602
cell_type,R8 | Tm3,10,1000-1100,1050.0,442,1,1.0,1.0,0.0022624434389140274,0.0003994782457703199,0.012702933014192858
cell_type,R8 | Tm3,11,1100-1200,1150.0,436,0,0.0,0.0,0.0,0.0,0.008734053350115132
cell_type,R8 | Tm3,15,1500-1600,1550.0,363,1,1.0,1.0,0.0027548209366391185,0.00048644665724605594,0.01543759249207616
cell_type,T1 | Tm21,0,0-100,50.0,1005,25,28.0,28.0,0.024875621890547265,0.016905206162416295,0.03646452006616111
cell_type,T1 | Tm21,8,800-900,850.0,481,1,1.0,1.0,0.002079002079002079,0.00036707979113978495,0.011681391297149667
cell_type,T1 | Tm21,9,900-1000,950.0,466,0,0.0,0.0,0.0,0.0,0.008176372632819229
cell_type,T1 | Tm21,13,1300-1400,1350.0,347,0,0.0,0.0,0.0,0.0,0.010949670734599319
cell_type,T1 | Tm21,16,1600-1700,1650.0,284,0,0.0,0.0,0.0,0.0,0.013346229315012146
cell_type,T1 | Tm21,17,1700-1800,1750.0,274,0,0.0,0.0,0.0,0.0,0.013826583204242992
cell_type,T1 | Tm21,19,1900-2000,1950.0,268,0,0.0,0.0,0.0,0.0,0.014131759083230822
cell_type,T1 | TmY5a,0,0-100,50.0,141,6,15.0,15.0,0.0425531914893617,0.01964589254224454,0.08972600061552229
cell_type,T1 | TmY5a,1,100-200,150.0,151,2,3.0,3.0,0.013245033112582781,0.003639736608919388,0.047002984726949
cell_type,T1 | TmY5a,2,200-300,250.0,174,3,10.0,10.0,0.017241379310344827,0.005880554387019371,0.04945857886414346
cell_type,T1 | TmY5a,5,500-600,550.0,276,2,2.0,2.0,0.007246376811594203,0.0019894307873807495,0.02603213569880286
cell_type,T1 | TmY5a,7,700-800,750.0,295,0,0.0,0.0,0.0,0.0,0.012854970660041976
cell_type,T1 | TmY5a,10,1000-1100,1050.0,223,0,0.0,0.0,0.0,0.0,0.01693516533122672
cell_type,T1 | TmY5a,18,1800-1900,1850.0,143,0,0.0,0.0,0.0,0.0,0.02616152370990237
cell_type,T2 | T2a,1,100-200,150.0,2227,72,85.0,85.0,0.032330489447687474,0.025751864956516633,0.04051980578873038
cell_type,T2 | T2a,17,1700-1800,1750.0,834,1,1.0,1.0,0.001199040767386091,0.00021168605802659958,0.00676051489260655
cell_type,T2 | T3,3,300-400,350.0,1001,21,29.0,29.0,0.02097902097902098,0.0137618322079816,0.03185889050095083
cell_type,T2 | T3,9,900-1000,950.0,911,4,4.0,4.0,0.0043907793633369925,0.0017087456693153247,0.011235134451571175
cell_type,T2 | T3,17,1700-1800,1750.0,806,0,0.0,0.0,0.0,0.0,0.0047436436952609
cell_type,T2 | T5b,3,300-400,350.0,1241,211,266.0,266.0,0.17002417405318293,0.15014935340016672,0.19193561548262128
cell_type,T2 | T5c,16,1600-1700,1650.0,1094,0,0.0,0.0,0.0,0.0,0.003499229761379055
cell_type,T2 | T5c,19,1900-2000,1950.0,1086,0,0.0,0.0,0.0,0.0,0.0035249159143860907
cell_type,T2 | Tm3,17,1700-1800,1750.0,656,2,4.0,4.0,0.003048780487804878,0.0008364666092667058,0.01104759768737661
cell_type,T2 | Tm3,18,1800-1900,1850.0,656,0,0.0,0.0,0.0,0.0,0.005822003341407998
cell_type,T2 | Tm4,13,1300-1400,1350.0,618,0,0.0,0.0,0.0,0.0,0.006177779035690117
cell_type,T2 | TmY5a,3,300-400,350.0,712,111,138.0,138.0,0.15589887640449437,0.1311068538566782,0.18438417097339593
cell_type,T2 | TmY5a,14,1400-1500,1450.0,513,2,2.0,2.0,0.003898635477582846,0.0010697759545932085,0.01410237737052613
cell_type,T2 | cL21,3,300-400,350.0,190,190,1038.0,1038.0,1.0,0.980181756650791,0.9999999999999999
cell_type,T2 | cL21,4,400-500,450.0,168,164,875.0,875.0,0.9761904761904762,0.9403869961924775,0.9907030309022423
cell_type,T2 | cL21,7,700-800,750.0,104,101,478.0,478.0,0.9711538461538461,0.9185982306978785,0.9901419957082579
cell_type,T2 | cL21,8,800-900,850.0,85,83,427.0,427.0,0.9764705882352941,0.9182114184971183,0.9935236245457805
cell_type,T2 | cL21,13,1300-1400,1350.0,61,57,238.0,238.0,0.9344262295081968,0.8431697859953278,0.9742067130423271
cell_type,T2 | cL21,15,1500-1600,1550.0,29,24,113.0,113.0,0.8275862068965517,0.6545119942718489,0.9240225472852006
cell_type,T2a | T3,8,800-900,850.0,561,6,8.0,8.0,0.0106951871657754,0.004910594954592328,0.023135497967742003
cell_type,T2a | T3,17,1700-1800,1750.0,627,1,3.0,3.0,0.001594896331738437,0.00028158662166731085,0.008978424132220827
cell_type,T2a | T3,18,1800-1900,1850.0,583,2,2.0,2.0,0.003430531732418525,0.0009412604940950992,0.012421118723738127
cell_type,T2a | T4a,1,100-200,150.0,559,6,6.0,6.0,0.01073345259391771,0.004928196479334715,0.023217555362746604
cell_type,T2a | T4a,5,500-600,550.0,605,2,2.0,2.0,0.003305785123966942,0.0009070151371574284,0.011972525288463947
cell_type,T2a | T4a,6,600-700,650.0,659,2,2.0,2.0,0.0030349013657056147,0.0008326569109938795,0.01099762048861411
cell_type,T2a | T4a,8,800-900,850.0,704,1,1.0,1.0,0.0014204545454545455,0.0002507826767764107,0.008001911146248401
cell_type,T2a | T4a,12,1200-1300,1250.0,679,1,1.0,1.0,0.0014727540500736377,0.0002600178879161603,0.008294821184571513
cell_type,T2a | T4a,19,1900-2000,1950.0,671,1,1.0,1.0,0.0014903129657228018,0.00026311852329023635,0.008393135033099883
cell_type,T2a | T4c,6,600-700,650.0,677,0,0.0,0.0,0.0,0.0,0.005642428429755172
cell_type,T2a | T4c,8,800-900,850.0,769,1,1.0,1.0,0.0013003901170351106,0.00022958177391420786,0.007329017556142559
cell_type,T2a | T4d,10,1000-1100,1050.0,714,0,0.0,0.0,0.0,0.0,0.005351598458490007
cell_type,T2a | T4d,15,1500-1600,1550.0,698,0,0.0,0.0,0.0,0.0,0.005473599741024186
cell_type,T2a | T4d,17,1700-1800,1750.0,670,1,1.0,1.0,0.0014925373134328358,0.00026351130996352633,0.008405588371623364
cell_type,T2a | Tm21,13,1300-1400,1350.0,518,1,1.0,1.0,0.0019305019305019305,0.00034085354747328406,0.010853347911360202
cell_type,T2a | Tm21,14,1400-1500,1450.0,513,1,1.0,1.0,0.001949317738791423,0.00034417650750642476,0.01095831926682753
cell_type,T2a | Tm21,18,1800-1900,1850.0,527,1,1.0,1.0,0.0018975332068311196,0.00033503115346266137,0.010669381462278079
cell_type,T3 | T4a,0,0-100,50.0,1135,34,36.0,36.0,0.029955947136563875,0.021514759926400832,0.04156828867315857
cell_type,T3 | T4a,12,1200-1300,1250.0,634,0,0.0,0.0,0.0,0.0,0.006022811933244867
cell_type,T3 | T4c,18,1800-1900,1850.0,675,0,0.0,0.0,0.0,0.0,0.005659052126445992
cell_type,T3 | T4d,13,1300-1400,1350.0,676,2,2.0,2.0,0.0029585798816568047,0.000811707623336288,0.010722743931261134
cell_type,T4a | T4b,19,1900-2000,1950.0,688,0,0.0,0.0,0.0,0.0,0.005552716113052468
cell_type,T4a | T4d,14,1400-1500,1450.0,662,0,0.0,0.0,0.0,0.0,0.005769540383178221
cell_type,T4a | T5a,18,1800-1900,1850.0,651,1,1.0,1.0,0.0015360983102918587,0.0002712035767022409,0.008649427000218958
cell_type,T4a | Tm21,1,100-200,150.0,180,7,8.0,8.0,0.03888888888888889,0.018963050547515514,0.07808571317081593
cell_type,T4a | Tm21,7,700-800,750.0,207,1,1.0,1.0,0.004830917874396135,0.0008532632907628131,0.026852844042894296
cell_type,T4a | Tm21,12,1200-1300,1250.0,336,0,0.0,0.0,0.0,0.0,0.011304089905414755
cell_type,T4a | Tm25,9,900-1000,950.0,204,0,0.0,0.0,0.0,0.0,0.01848330651804066
cell_type,T4a | Tm25,15,1500-1600,1550.0,278,0,0.0,0.0,0.0,0.0,0.013630351232749173
cell_type,T4a | Tm25,18,1800-1900,1850.0,267,1,2.0,2.0,0.003745318352059925,0.0006614298649481216,0.020906896418754234
cell_type,T4a | Tm25,19,1900-2000,1950.0,282,0,0.0,0.0,0.0,0.0,0.01343961130920062
cell_type,T4b | T4c,5,500-600,550.0,865,4,4.0,4.0,0.004624277456647399,0.0017996874711552037,0.011829494188654824
cell_type,T4b | T4c,16,1600-1700,1650.0,693,0,0.0,0.0,0.0,0.0,0.005512874087884535
cell_type,T4b | T4d,13,1300-1400,1350.0,695,0,0.0,0.0,0.0,0.0,0.0054970969100866345
cell_type,T4b | T5b,3,300-400,350.0,1125,102,120.0,120.0,0.09066666666666667,0.07525146808047765,0.10886789817958935
cell_type,T4b | T5b,4,400-500,450.0,1001,100,114.0,114.0,0.0999000999000999,0.08282562524348254,0.12003381051236196
cell_type,T4b | T5b,11,1100-1200,1150.0,707,10,10.0,10.0,0.014144271570014143,0.0077006354928576826,0.02583932615260595
cell_type,T4c | T4c,8,800-900,850.0,458,6,7.0,7.0,0.013100436681222707,0.006017423941513151,0.02828351386919943
cell_type,T4c | T4c,14,1400-1500,1450.0,473,1,1.0,1.0,0.0021141649048625794,0.00037328995184539304,0.01187731905542243
cell_type,T4c | T4d,10,1000-1100,1050.0,788,5,5.0,5.0,0.006345177664974619,0.0027131963234882962,0.014767067406025281
cell_type,T4c | T4d,11,1100-1200,1150.0,798,2,2.0,2.0,0.002506265664160401,0.0006875633285343399,0.009091924290965572
cell_type,T4c | Tm21,0,0-100,50.0,194,13,15.0,15.0,0.06701030927835051,0.039575590972231345,0.1112602291990572
cell_type,T4c | Tm25,0,0-100,50.0,114,5,8.0,8.0,0.043859649122807015,0.01887723116129667,0.0985821380258155
cell_type,T4c | Tm25,4,400-500,450.0,159,1,1.0,1.0,0.006289308176100629,0.0011110528093918985,0.034761844533793135
cell_type,T4c | Tm25,15,1500-1600,1550.0,306,0,0.0,0.0,0.0,0.0,0.012398593345761188
cell_type,T4c | Tm25,17,1700-1800,1750.0,358,0,0.0,0.0,0.0,0.0,0.010616800279459297
cell_type,T4d | T5d,5,500-600,550.0,849,47,53.0,53.0,0.05535924617196702,0.04188403656597699,0.07284019827434976
cell_type,T4d | Tm21,2,200-300,250.0,155,6,6.0,6.0,0.03870967741935484,0.017859441234565628,0.08187261888066868
cell_type,T4d | Tm21,3,300-400,350.0,129,1,1.0,1.0,0.007751937984496124,0.0013696853368445096,0.04260449142706077
cell_type,T4d | Tm21,10,1000-1100,1050.0,287,1,1.0,1.0,0.003484320557491289,0.00061531732199651,0.01946984243506713
cell_type,T5a | T5d,3,300-400,350.0,1140,10,10.0,10.0,0.008771929824561403,0.004771591934879464,0.016071853521204663
cell_type,T5a | T5d,16,1600-1700,1650.0,843,0,0.0,0.0,0.0,0.0,0.004536385553095171
cell_type,T5b | T5d,3,300-400,350.0,1222,7,7.0,7.0,0.0057283142389525366,0.0027774925995118077,0.011777079540967026
cell_type,T5b | T5d,16,1600-1700,1650.0,833,0,0.0,0.0,0.0,0.0,0.00459059396664793
cell_type,T5c | T5c,9,900-1000,950.0,528,5,5.0,5.0,0.00946969696969697,0.004051419993178203,0.02197437415304879
cell_type,T5c | T5c,12,1200-1300,1250.0,516,3,3.0,3.0,0.005813953488372093,0.001979162258952398,0.016952758541537598
cell_type,T5c | T5c,16,1600-1700,1650.0,500,3,3.0,3.0,0.006,0.002042559297638913,0.017490563810893606
cell_type,T5c | T5c,18,1800-1900,1850.0,467,1,1.0,1.0,0.0021413276231263384,0.0003780872382359952,0.01202863298359657
cell_type,T5c | T5c,19,1900-2000,1950.0,491,1,1.0,1.0,0.002036659877800407,0.00035960174160790375,0.011445387976313951
cell_type,T5c | T5d,18,1800-1900,1850.0,954,0,0.0,0.0,0.0,0.0,0.004010684021241091
cell_type,Tm21 | Tm3,11,1100-1200,1150.0,603,1,1.0,1.0,0.001658374792703151,0.00029279634716021605,0.00933343890104953
cell_type,Tm21 | Tm3,13,1300-1400,1350.0,498,0,0.0,0.0,0.0,0.0,0.007655005085269933
cell_type,Tm21 | Tm3,16,1600-1700,1650.0,480,0,0.0,0.0,0.0,0.0,0.00793978855890027
cell_type,Tm3 | pDm8,3,300-400,350.0,212,3,3.0,3.0,0.014150943396226415,0.004823973770644724,0.04077242655255525
cell_type,Tm3 | pDm8,6,600-700,650.0,288,2,2.0,2.0,0.006944444444444444,0.0019064476108571395,0.024962922622858687
cell_type,Tm3 | pDm8,8,800-900,850.0,306,1,1.0,1.0,0.0032679738562091504,0.0005770958987967156,0.018276408601567345
cell_type,Tm3 | pDm8,9,900-1000,950.0,324,1,1.0,1.0,0.0030864197530864196,0.0005450227751171051,0.017273338287054383
cell_type,Tm3 | pDm8,14,1400-1500,1450.0,352,0,0.0,0.0,0.0,8.673617379884035e-19,0.010795814767019931
cell_type,Tm3 | pDm8,17,1700-1800,1750.0,338,0,0.0,0.0,0.0,0.0,0.011237953484888905
cell_type,BM_InOm | CB0109,2,200-300,250.0,37,37,143.0,143.0,1.0,0.9059390425448564,1.0
cell_type,C2 | MeMe_e07,6,600-700,650.0,232,0,0.0,0.0,0.0,0.0,0.01628889898983046
cell_type,C2 | MeMe_e07,7,700-800,750.0,185,2,3.0,3.0,0.010810810810810811,0.0029696759631392747,0.03855507282102693
cell_type,C2 | MeMe_e07,9,900-1000,950.0,220,2,2.0,2.0,0.00909090909090909,0.00249655343526377,0.03253536199064455
cell_type,C2 | MeMe_e07,12,1200-1300,1250.0,188,0,0.0,0.0,0.0,1.734723475976807e-18,0.020024853837749476
cell_type,C2 | MeMe_e07,13,1300-1400,1350.0,200,0,0.0,0.0,0.0,0.0,0.018846005918320894
cell_type,C2 | MeMe_e07,14,1400-1500,1450.0,179,0,0.0,0.0,0.0,0.0,0.02101053589555112
cell_type,C2 | MeMe_e07,15,1500-1600,1550.0,196,0,0.0,0.0,0.0,0.0,0.019223224794036875
cell_type,C2 | Tm7,0,0-100,50.0,243,9,10.0,10.0,0.037037037037037035,0.01960531419525786,0.06887896074057141
cell_type,C2 | Tm7,2,200-300,250.0,167,1,1.0,1.0,0.005988023952095809,0.001057789254986563,0.033135287840990055
cell_type,C2 | Tm7,11,1100-1200,1150.0,232,0,0.0,0.0,0.0,0.0,0.01628889898983046
cell_type,C2 | TmY11,13,1300-1400,1350.0,203,0,0.0,0.0,0.0,0.0,0.018572666233484945
cell_type,C3 | TmY4,0,0-100,50.0,229,8,11.0,11.0,0.034934497816593885,0.017805976520917793,0.06740903660388463
cell_type,C3 | TmY4,5,500-600,550.0,265,5,5.0,5.0,0.018867924528301886,0.008085391391450859,0.043400688143859154
cell_type,C3 | TmY4,11,1100-1200,1150.0,228,0,0.0,0.0,0.0,0.0,0.016569933954907145
cell_type,C3 | TmY4,15,1500-1600,1550.0,166,0,0.0,0.0,0.0,0.0,0.022618722386034986
cell_type,C3 | yDm8,8,800-900,850.0,230,0,0.0,0.0,0.0,0.0,0.01642821465470643
cell_type,CB0744 | LC11,1,100-200,150.0,94,83,318.0,318.0,0.8829787234042553,0.8024962481102732,0.9333870571504749
cell_type,CT1 | Tm1,3,300-400,350.0,32,30,187.0,187.0,0.9375,0.7985253275199642,0.9826897968048427
cell_type,Dm10 | Dm3q,1,100-200,150.0,217,7,7.0,7.0,0.03225806451612903,0.015711791166409868,0.06507733551986664
cell_type,Dm10 | Dm3v,2,200-300,250.0,150,3,3.0,3.0,0.02,0.006824627715648315,0.05714766586424165
cell_type,Dm10 | Dm3v,5,500-600,550.0,233,1,1.0,1.0,0.004291845493562232,0.0007579987871743476,0.023906587163942346
cell_type,Dm10 | Dm3v,9,900-1000,950.0,350,1,2.0,2.0,0.002857142857142857,0.0005045210608510117,0.01600456096907424
cell_type,Dm10 | Dm3v,16,1600-1700,1650.0,376,0,0.0,0.0,0.0,8.673617379884035e-19,0.010113689495831947
cell_type,Dm10 | L2,4,400-500,450.0,124,1,1.0,1.0,0.008064516129032258,0.001424969780125518,0.04426907660227269
cell_type,Dm10 | L2,8,800-900,850.0,237,1,1.0,1.0,0.004219409282700422,0.0007451988786756104,0.023509747110721572
cell_type,Dm10 | L2,9,900-1000,950.0,313,0,0.0,0.0,0.0,0.0,0.012124670497813418
cell_type,Dm10 | L2,11,1100-1200,1150.0,330,0,0.0,0.0,0.0,0.0,0.011507253739498012
cell_type,Dm10 | aMe17c,0,0-100,50.0,461,461,10651.0,10651.0,1.0,0.9917356794228399,0.9999999999999999
cell_type,Dm10 | aMe17c,6,600-700,650.0,29,28,467.0,467.0,0.9655172413793104,0.8282410893529976,0.9938869433859677
cell_type,Dm10 | aMe17c,15,1500-1600,1550.0,4,4,28.0,28.0,1.0,0.5100999795960008,1.0
cell_type,Dm19 | T2a,1,100-200,150.0,301,5,5.0,5.0,0.016611295681063124,0.0071155849735820825,0.03829029138974891
cell_type,Dm19 | Tm9,19,1900-2000,1950.0,151,0,0.0,0.0,0.0,0.0,0.02480987021575597
cell_type,Dm2 | Dm3v,10,1000-1100,1050.0,445,1,1.0,1.0,0.0022471910112359553,0.00039678438563760937,0.012618052028812391
cell_type,Dm2 | Dm3v,16,1600-1700,1650.0,461,0,0.0,0.0,0.0,8.673617379884035e-19,0.008264320577160044
cell_type,Dm2 | TmY4,4,400-500,450.0,229,1,1.0,1.0,0.004366812227074236,0.0007712460958295819,0.024317054276612453
cell_type,Dm2 | TmY4,8,800-900,850.0,201,1,1.0,1.0,0.004975124378109453,0.0008787495223456909,0.02763889533104346
cell_type,Dm2 | TmY4,12,1200-1300,1250.0,202,1,1.0,1.0,0.0049504950495049506,0.0008743966113930832,0.027504706543654292
cell_type,Dm20 | R7,0,0-100,50.0,60,6,6.0,6.0,0.1,0.04664219945723587,0.20149694492511044
cell_type,Dm20 | R7,19,1900-2000,1950.0,452,2,2.0,2.0,0.004424778761061947,0.0012142483626587297,0.015988218459149547
cell_type,Dm20 | R8,17,1700-1800,1750.0,419,0,0.0,0.0,0.0,0.0,0.009085198807307512
cell_type,Dm20 | R8,19,1900-2000,1950.0,424,1,1.0,1.0,0.0023584905660377358,0.0004164421740179983,0.013237209083830699
cell_type,Dm3p | R8,6,600-700,650.0,296,2,2.0,2.0,0.006756756756756757,0.001854867437256628,0.024297607736301678
cell_type,Dm3p | T1,0,0-100,50.0,232,16,19.0,19.0,0.06896551724137931,0.04289288028032762,0.10908030850400899
cell_type,Dm3p | T1,9,900-1000,950.0,354,1,1.0,1.0,0.002824858757062147,0.0004988182660976004,0.015825723095219808
cell_type,Dm3p | Tm27,6,600-700,650.0,371,3,3.0,3.0,0.008086253369272238,0.002753741010478889,0.023501615918954773
cell_type,Dm3p | Tm3,4,400-500,450.0,212,1,1.0,1.0,0.0047169811320754715,0.0008331274072520493,0.026231164184359577
cell_type,Dm3p | Tm3,12,1200-1300,1250.0,489,0,0.0,0.0,0.0,0.0,0.0077947965431489534
cell_type,Dm3p | TmY3,13,1300-1400,1350.0,432,0,0.0,0.0,0.0,0.0,0.008814211401573416
cell_type,Dm3p | TmY3,15,1500-1600,1550.0,423,0,0.0,0.0,0.0,0.0,0.00900005997541008
cell_type,Dm3p | TmY3,19,1900-2000,1950.0,391,0,0.0,0.0,0.0,0.0,0.009729471261386846
cell_type,Dm3q | Mi14,1,100-200,150.0,84,5,5.0,5.0,0.05952380952380952,0.025690182263433017,0.13188436100535988
cell_type,Dm3q | Mi14,14,1400-1500,1450.0,319,0,0.0,0.0,0.0,0.0,0.011899333914836253
cell_type,Dm3q | Mi14,19,1900-2000,1950.0,293,1,1.0,1.0,0.0034129692832764505,0.0006027116470742576,0.019076470785576692
cell_type,Dm3q | Mi9,17,1700-1800,1750.0,581,1,1.0,1.0,0.0017211703958691911,0.0003038856592572862,0.009684459903028296
cell_type,Dm3q | R8,10,1000-1100,1050.0,379,1,1.0,1.0,0.002638522427440633,0.00046590394921568277,0.014792625949311543
cell_type,Dm3q | R8,18,1800-1900,1850.0,422,0,0.0,0.0,0.0,0.0,0.009021194735319423
cell_type,Dm3q | Tm27,5,500-600,550.0,294,2,2.0,2.0,0.006802721088435374,0.0018674990356095846,0.024460589451693736
cell_type,Dm3q | TmY3,2,200-300,250.0,264,1,1.0,1.0,0.003787878787878788,0.0006689496360342308,0.0211409559200855
cell_type,Dm3q | TmY3,4,400-500,450.0,327,1,1.0,1.0,0.0030581039755351682,0.0005400206747298974,0.01711676734709082
cell_type,Dm3q | TmY3,6,600-700,650.0,380,0,0.0,0.0,0.0,0.0,0.010008295088390629
cell_type,Dm3v | L2,0,0-100,50.0,125,9,16.0,16.0,0.072,0.03833870320042581,0.13118418381743177
cell_type,Dm3v | Mi15,0,0-100,50.0,159,5,6.0,6.0,0.031446540880503145,0.013505186979646953,0.07149520604031848
cell_type,Dm3v | Mi15,1,100-200,150.0,142,3,3.0,3.0,0.02112676056338028,0.007210489760583548,0.06027094214910476
cell_type,Dm3v | R8,7,700-800,750.0,326,0,0.0,0.0,0.0,0.0,0.01164680258645362
cell_type,Dm3v | Tm27,18,1800-1900,1850.0,343,0,0.0,0.0,0.0,0.0,0.011075949367088606
cell_type,Dm9 | Lawf2,14,1400-1500,1450.0,137,0,0.0,0.0,0.0,0.0,0.027276032081430486
cell_type,Dm9 | Lawf2,18,1800-1900,1850.0,98,0,0.0,0.0,0.0,0.0,0.037721324095458045
cell_type,KCab | PAM04,19,1900-2000,1950.0,519,4,4.0,4.0,0.007707129094412331,0.0030010674156545278,0.019647474704941843
cell_type,KCab | PAM10,5,500-600,550.0,1142,155,177.0,177.0,0.13572679509632224,0.11707916240691536,0.1568169851932416
cell_type,KCab | PAM11,13,1300-1400,1350.0,388,9,10.0,10.0,0.023195876288659795,0.012250328125346264,0.04349056309192112
cell_type,KCab-p | KCg-m,2,200-300,250.0,77,1,1.0,1.0,0.012987012987012988,0.0022961581721549496,0.06996366845176145
cell_type,KCab-p | KCg-m,5,500-600,550.0,169,1,1.0,1.0,0.005917159763313609,0.0010452618665798483,0.03275215727325685
cell_type,KCapbp-ap2 | KCapbp-ap2,16,1600-1700,1650.0,201,2,2.0,2.0,0.009950248756218905,0.002732914581682854,0.03554837203197374
cell_type,KCapbp-m | KCapbp-m,11,1100-1200,1150.0,146,11,13.0,13.0,0.07534246575342465,0.04258787980687761,0.12987157070619754
cell_type,KCapbp-m | KCapbp-m,17,1700-1800,1750.0,39,0,0.0,0.0,0.0,0.0,0.08966985360023902
cell_type,L1 | L1,7,700-800,750.0,342,1,1.0,1.0,0.0029239766081871343,0.0005163269912675048,0.01637464274747994
cell_type,L1 | L1,9,900-1000,950.0,304,0,0.0,0.0,0.0,0.0,0.012479145118788362
cell_type,L1 | L1,16,1600-1700,1650.0,200,0,0.0,0.0,0.0,0.0,0.018846005918320894
cell_type,L1 | L1,18,1800-1900,1850.0,175,0,0.0,0.0,0.0,0.0,0.021480460921843688
cell_type,L1 | Sm32,2,200-300,250.0,192,5,5.0,5.0,0.026041666666666668,0.01117344421564433,0.059504082928741736
cell_type,L1 | Sm32,12,1200-1300,1250.0,342,1,1.0,1.0,0.0029239766081871343,0.0005163269912675048,0.01637464274747994
cell_type,L2 | TmY9q,1,100-200,150.0,68,6,8.0,8.0,0.08823529411764706,0.041067556020174006,0.17943978234645483
cell_type,L2 | TmY9q,7,700-800,750.0,293,1,1.0,1.0,0.0034129692832764505,0.0006027116470742576,0.019076470785576692
cell_type,L2 | TmY9q,10,1000-1100,1050.0,393,2,2.0,2.0,0.005089058524173028,0.0013966853513397177,0.018363339807313
cell_type,L2 | TmY9q__perp,17,1700-1800,1750.0,281,0,0.0,0.0,0.0,0.0,0.013486794063788433
cell_type,L5 | R1-6,7,700-800,750.0,214,2,2.0,2.0,0.009345794392523364,0.002566652909129337,0.03343014476404236
cell_type,L5 | R1-6,8,800-900,850.0,223,1,1.0,1.0,0.004484304932735426,0.000792008628182005,0.02495988167765255
cell_type,L5 | R1-6,10,1000-1100,1050.0,267,1,1.0,1.0,0.003745318352059925,0.0006614298649481216,0.020906896418754234
cell_type,L5 | TmY4,8,800-900,850.0,211,0,0.0,0.0,0.0,0.0,0.017881080759033628
cell_type,L5 | TmY4,13,1300-1400,1350.0,169,0,0.0,0.0,0.0,0.0,0.022226130746301812
cell_type,L5 | TmY4,15,1500-1600,1550.0,163,0,0.0,0.0,0.0,0.0,0.023025432506041655
cell_type,L5 | TmY4,16,1600-1700,1650.0,139,0,0.0,0.0,0.0,0.0,0.026894126080917603
cell_type,L5 | TmY4,19,1900-2000,1950.0,120,0,0.0,0.0,0.0,0.0,0.031020271055929513
cell_type,LC11 | Tm2,7,700-800,750.0,404,1,4.0,4.0,0.0024752475247524753,0.0004370644338232135,0.013886143399806313
cell_type,LC12 | LC12,14,1400-1500,1450.0,103,1,1.0,1.0,0.009708737864077669,0.0017158473082714565,0.05295948514650271
cell_type,LC12 | LC12,18,1800-1900,1850.0,23,0,0.0,0.0,0.0,0.0,0.14312112541726274
cell_type,LC17 | cL21,0,0-100,50.0,552,552,12981.0,12981.0,1.0,0.9930886785012132,1.0
cell_type,LPi12 | T5b,4,400-500,450.0,6,6,12.0,12.0,1.0,0.6096569663469354,0.9999999999999999
cell_type,LPi13 | T5d,1,100-200,150.0,84,80,382.0,382.0,0.9523809523809523,0.8838651569729798,0.9813285553455571
cell_type,LPi15 | T5b,1,100-200,150.0,7,7,44.0,44.0,1.0,0.6456611570247934,1.0
cell_type,LT62 | T2a,4,400-500,450.0,13,8,20.0,20.0,0.6153846153846154,0.35522480972268555,0.8229055341876319
cell_type,LTe26 | Tm25,1,100-200,150.0,20,20,357.0,357.0,1.0,0.8388698745050668,0.9999999999999999
cell_type,Lawf1 | R7,0,0-100,50.0,62,10,23.0,23.0,0.16129032258064516,0.09003972354068435,0.2720656930956064
cell_type,Lawf1 | R7,4,400-500,450.0,166,1,1.0,1.0,0.006024096385542169,0.0010641662329914856,0.03333023419658525
cell_type,Lawf1 | R7,6,600-700,650.0,188,1,1.0,1.0,0.005319148936170213,0.0009395541295989206,0.02951056722051492
cell_type,Lawf1 | R7,12,1200-1300,1250.0,294,0,0.0,0.0,0.0,0.0,0.012898131087128192
cell_type,Lawf2 | Tm9,7,700-800,750.0,332,0,0.0,0.0,0.0,0.0,0.011438725875531798
cell_type,Lawf2 | Tm9,8,800-900,850.0,299,1,1.0,1.0,0.0033444816053511705,0.0005906120949380513,0.01869867973286896
cell_type,Lawf2 | Tm9,17,1700-1800,1750.0,260,0,0.0,0.0,0.0,0.0,0.014560251302296528
cell_type,Lawf2 | Tm9,18,1800-1900,1850.0,267,0,0.0,0.0,0.0,0.0,0.014183936293390674
cell_type,Lawf2 | Tm9,19,1900-2000,1950.0,261,0,0.0,0.0,0.0,0.0,0.014505274095912424
cell_type,Li15 | Tm2,2,200-300,250.0,152,0,0.0,0.0,0.0,0.0,0.024650670937670042
cell_type,Li15 | Tm2,19,1900-2000,1950.0,240,0,0.0,0.0,0.0,0.0,0.015754489799935698
cell_type,Li22 | T3,14,1400-1500,1450.0,217,0,0.0,0.0,0.0,0.0,0.017395273354295564
cell_type,Li28 | TmY9q,0,0-100,50.0,653,640,7085.0,7085.0,0.9800918836140888,0.9662386329941989,0.9883294089812181
cell_type,Li31 | Tm4,1,100-200,150.0,151,147,885.0,885.0,0.9735099337748344,0.9338728903908144,0.9896515371532046
cell_type,Li32 | Y3,0,0-100,50.0,596,595,25144.0,25144.0,0.9983221476510067,0.9905576649610282,0.9997037640562323
cell_type,MeMe_e08 | T4c,0,0-100,50.0,359,11,11.0,11.0,0.03064066852367688,0.01719363072320917,0.054026427836779536
cell_type,MeMe_e08 | T4c,19,1900-2000,1950.0,112,1,1.0,1.0,0.008928571428571428,0.0015778140883850739,0.048849666195036424
cell_type,MeMe_e08 | T4d,3,300-400,350.0,222,0,0.0,0.0,0.0,0.0,0.017010152248301463
cell_type,MeMe_e08 | T4d,5,500-600,550.0,242,0,0.0,0.0,0.0,0.0,0.01562632198944361
cell_type,MeMe_e08 | T4d,15,1500-1600,1550.0,133,0,0.0,0.0,0.0,0.0,0.028073334424619414
cell_type,MeMe_e08 | T4d,16,1600-1700,1650.0,152,0,0.0,0.0,0.0,0.0,0.024650670937670042
cell_type,MeTu1 | Mi2,4,400-500,450.0,186,0,0.0,0.0,0.0,0.0,0.02023581765008302
cell_type,MeTu1 | Mi2,5,500-600,550.0,168,2,2.0,2.0,0.011904761904761904,0.003270740864736929,0.04236198136317528
cell_type,MeTu1 | Mi2,6,600-700,650.0,157,0,0.0,0.0,0.0,0.0,0.02388436822314625
cell_type,MeTu1 | Mi2,14,1400-1500,1450.0,163,0,0.0,0.0,0.0,0.0,0.023025432506041655
cell_type,Mi13 | T4d,7,700-800,750.0,343,1,1.0,1.0,0.0029154518950437317,0.0005148211219316006,0.016327449240101093
cell_type,Mi15 | Sm39,1,100-200,150.0,52,50,279.0,279.0,0.9615384615384616,0.8701857125563401,0.9893885116779224
cell_type,Mi15 | Sm39,16,1600-1700,1650.0,5,4,14.0,14.0,0.8,0.3755282641185388,0.9637768390302125
cell_type,Mi4 | Sm06,5,500-600,550.0,143,0,0.0,0.0,0.0,0.0,0.02616152370990237
cell_type,Mi4 | Sm06,6,600-700,650.0,123,2,2.0,2.0,0.016260162601626018,0.0044704148332556995,0.0573515741671984
cell_type,Mi4 | Sm20,4,400-500,450.0,210,1,1.0,1.0,0.004761904761904762,0.0008410666306054131,0.026476349625165214
cell_type,Mi4 | Sm20,5,500-600,550.0,219,1,1.0,1.0,0.0045662100456621,0.0008064827143618118,0.02540765324588977
cell_type,Mi4 | Sm20,11,1100-1200,1150.0,211,1,1.0,1.0,0.004739336492890996,0.0008370781945605844,0.026353186633107796
cell_type,Mi4 | Sm20,12,1200-1300,1250.0,236,0,0.0,0.0,0.0,0.0,0.016017238043775556
cell_type,Pm08 | T4d,9,900-1000,950.0,143,1,1.0,1.0,0.006993006993006993,0.0012354740923871538,0.03854616816702707
cell_type,Pm12 | Tm2,18,1800-1900,1850.0,6,0,0.0,0.0,0.0,0.0,0.3903430336530645
cell_type,R7 | Tm3,3,300-400,350.0,157,0,0.0,0.0,0.0,0.0,0.02388436822314625
cell_type,R7 | Tm4,12,1200-1300,1250.0,407,0,0.0,0.0,0.0,0.0,0.009350562357852756
cell_type,R8 | Tm3,3,300-400,350.0,174,2,2.0,2.0,0.011494252873563218,0.0031577530395233144,0.0409354175122486
cell_type,R8 | Tm3,12,1200-1300,1250.0,459,0,0.0,0.0,0.0,0.0,0.008300031803537108
cell_type,T1 | Tm21,2,200-300,250.0,838,2,3.0,3.0,0.002386634844868735,0.000654731827531411,0.008660084641505045
cell_type,T1 | Tm21,11,1100-1200,1150.0,371,0,0.0,0.0,0.0,0.0,0.010248595673479145
cell_type,T1 | Tm21,15,1500-1600,1550.0,287,0,0.0,0.0,0.0,0.0,0.01320856438693777
cell_type,T2 | TmY5a,12,1200-1300,1250.0,529,0,0.0,0.0,0.0,0.0,0.007209647294805811
cell_type,T2a | Tm21,19,1900-2000,1950.0,491,0,0.0,0.0,0.0,0.0,0.007763292334355074
cell_type,T4a | Tm21,11,1100-1200,1150.0,311,0,0.0,0.0,0.0,8.673617379884035e-19,0.012201691263162173
cell_type,T4a | Tm21,13,1300-1400,1350.0,365,1,1.0,1.0,0.0027397260273972603,0.00048378029292117566,0.015353912635425297
cell_type,T4a | Tm21,15,1500-1600,1550.0,422,0,0.0,0.0,0.0,0.0,0.009021194735319423
cell_type,T4a | Tm21,18,1800-1900,1850.0,413,0,0.0,0.0,0.0,0.0,0.009215970766833252
cell_type,T4a | Tm25,6,600-700,650.0,155,0,0.0,0.0,0.0,0.0,0.024185100124904303
cell_type,T4a | Tm25,14,1400-1500,1450.0,268,0,0.0,0.0,0.0,0.0,0.014131759083230822
cell_type,T4c | Tm21,2,200-300,250.0,162,2,3.0,3.0,0.012345679012345678,0.003392114427184602,0.043891558668106324
cell_type,T4c | Tm21,7,700-800,750.0,222,1,1.0,1.0,0.0045045045045045045,0.0007955782235107185,0.025070338418950188
cell_type,T4c | Tm25,12,1200-1300,1250.0,296,0,0.0,0.0,0.0,0.0,0.012812098121141296
cell_type,T4c | Tm25,19,1900-2000,1950.0,289,0,0.0,0.0,0.0,0.0,0.013118354769267754
cell_type,T4d | Tm21,0,0-100,50.0,162,9,9.0,9.0,0.05555555555555555,0.029499705764149557,0.10220186971510292
cell_type,T4d | Tm21,5,500-600,550.0,169,0,0.0,0.0,0.0,0.0,0.022226130746301812
cell_type,T4d | Tm21,7,700-800,750.0,194,0,0.0,0.0,0.0,0.0,0.019417554245416534
cell_type,T4d | Tm21,13,1300-1400,1350.0,355,0,0.0,0.0,0.0,0.0,0.010705559221673296
cell_type,Tm3 | pDm8,2,200-300,250.0,221,3,3.0,3.0,0.013574660633484163,0.004627072352362524,0.03914418705870732
cell_type,Tm3 | pDm8,10,1000-1100,1050.0,346,1,1.0,1.0,0.002890173410404624,0.0005103557592828819,0.01618748692151894
cell_type,BM_InOm | CB0109,1,100-200,150.0,130,129,631.0,631.0,0.9923076923076923,0.9577135163674925,0.9986408607469474
cell_type,C2 | MeMe_e07,4,400-500,450.0,225,2,4.0,4.0,0.008888888888888889,0.002440997100615027,0.03182549989993032
cell_type,C2 | Tm5f,2,200-300,250.0,213,3,5.0,5.0,0.014084507042253521,0.004801272170445913,0.04058485300110788
cell_type,C2 | Tm5f,4,400-500,450.0,233,4,4.0,4.0,0.017167381974248927,0.006695688900436383,0.04330228442857339
cell_type,C2 | Tm5f,5,500-600,550.0,230,2,3.0,3.0,0.008695652173913044,0.0023878595588878726,0.031145951362693235
cell_type,C2 | Tm5f,13,1300-1400,1350.0,238,0,0.0,0.0,0.0,0.0,0.015884777474181447
cell_type,C2 | TmY11,12,1200-1300,1250.0,205,0,0.0,0.0,0.0,0.0,0.018394802568070728
cell_type,C2 | TmY11,18,1800-1900,1850.0,199,0,0.0,0.0,0.0,0.0,0.018938915883132457
cell_type,C3 | TmY4,6,600-700,650.0,261,3,5.0,5.0,0.011494252873563218,0.003916568259100505,0.03324375700702083
cell_type,C3 | TmY4,12,1200-1300,1250.0,204,0,0.0,0.0,0.0,0.0,0.01848330651804066
cell_type,C3 | TmY4,19,1900-2000,1950.0,165,0,0.0,0.0,0.0,0.0,0.02275268654170536
cell_type,C3 | yDm8,4,400-500,450.0,161,1,1.0,1.0,0.006211180124223602,0.0010972402944831212,0.034340416219406575
cell_type,CT1 | Tm1,2,200-300,250.0,46,46,287.0,287.0,1.0,0.9229238226702192,1.0
cell_type,CT1 | Tm1,5,500-600,550.0,11,9,46.0,46.0,0.8181818181818182,0.5230138624217553,0.9486333993289995
cell_type,Dm10 | aMe17c,4,400-500,450.0,55,54,986.0,986.0,0.9818181818181818,0.9039399953951678,0.9967833024077472
cell_type,Dm15 | TmY9q,4,400-500,450.0,193,1,1.0,1.0,0.0051813471502590676,0.0009151977360702616,0.028761455979404514
cell_type,Dm15 | TmY9q,15,1500-1600,1550.0,179,1,1.0,1.0,0.00558659217877095,0.0009868269560098213,0.03096213870607146
cell_type,Dm19 | T2a,18,1800-1900,1850.0,240,0,0.0,0.0,0.0,0.0,0.015754489799935698
cell_type,Dm19 | Tm9,4,400-500,450.0,324,1,1.0,1.0,0.0030864197530864196,0.0005450227751171051,0.017273338287054383
cell_type,Dm2 | TmY4,3,300-400,350.0,202,3,4.0,4.0,0.01485148514851485,0.005063383108685284,0.042748137983261145
cell_type,Dm2 | TmY4,18,1800-1900,1850.0,187,0,0.0,0.0,0.0,0.0,0.020129783024246284
cell_type,Dm3p | R8,0,0-100,50.0,76,7,8.0,8.0,0.09210526315789473,0.04533342778112863,0.17812902788108254
cell_type,Dm3p | Tm27,3,300-400,350.0,252,1,1.0,1.0,0.003968253968253968,0.0007008200216010608,0.022132057821564396
cell_type,Dm3p | Tm3,7,700-800,750.0,276,2,2.0,2.0,0.007246376811594203,0.0019894307873807495,0.02603213569880286
cell_type,Dm3q | Mi14,16,1600-1700,1650.0,323,0,0.0,0.0,0.0,0.0,0.011753705770624056
cell_type,Dm3q | TmY3,15,1500-1600,1550.0,400,0,0.0,0.0,0.0,0.0,0.009512640599680667
cell_type,Dm3v | L2,1,100-200,150.0,160,5,5.0,5.0,0.03125,0.013420318754525096,0.07106127810488057
cell_type,Dm3v | Tm27,5,500-600,550.0,254,0,0.0,0.0,0.0,0.0,0.014899069816507498
cell_type,Dm9 | Lawf2,13,1300-1400,1350.0,140,0,0.0,0.0,0.0,0.0,0.02670715564899167
cell_type,Dm9 | Lawf2,15,1500-1600,1550.0,123,0,0.0,0.0,0.0,0.0,0.03028659367273828
cell_type,Dm9 | Lawf2,19,1900-2000,1950.0,86,0,0.0,0.0,0.0,0.0,0.042759701519118086
cell_type,KCab | PAM10,14,1400-1500,1450.0,94,1,1.0,1.0,0.010638297872340425,0.001880347339052478,0.057824318161102874
cell_type,KCab | PAM10,15,1500-1600,1550.0,93,4,5.0,5.0,0.043010752688172046,0.016850881320861148,0.10542714795581334
cell_type,KCab-p | KCg-m,4,400-500,450.0,127,0,0.0,0.0,0.0,0.0,0.02936069262375269
cell_type,KCapbp-ap2 | KCapbp-ap2,17,1700-1800,1750.0,178,3,5.0,5.0,0.016853932584269662,0.005748030604952471,0.04837379850345837
cell_type,KCapbp-ap2 | KCapbp-ap2,19,1900-2000,1950.0,119,3,3.0,3.0,0.025210084033613446,0.00861007531151179,0.07150610682874037
cell_type,L1 | L1,5,500-600,550.0,232,0,0.0,0.0,0.0,0.0,0.01628889898983046
cell_type,L1 | L1,15,1500-1600,1550.0,204,0,0.0,0.0,0.0,0.0,0.01848330651804066
cell_type,L1 | Sm32,4,400-500,450.0,281,2,2.0,2.0,0.0071174377224199285,0.0019539921698455056,0.02557569450513455
cell_type,L1 | Sm32,6,600-700,650.0,320,2,2.0,2.0,0.00625,0.0017156161405087415,0.02249869110105627
cell_type,L2 | TmY9q,3,300-400,350.0,128,1,1.0,1.0,0.0078125,0.0013803963628788857,0.04292731834932121
cell_type,L2 | TmY9q,16,1600-1700,1650.0,307,0,0.0,0.0,0.0,0.0,0.012358706170602647
cell_type,L2 | TmY9q__perp,15,1500-1600,1550.0,374,0,0.0,0.0,0.0,0.0,0.010167223513768732
cell_type,L5 | R1-6,2,200-300,250.0,66,2,2.0,2.0,0.030303030303030304,0.008349735075946503,0.10392718870586834
cell_type,L5 | R1-6,4,400-500,450.0,133,2,3.0,3.0,0.015037593984962405,0.0041334978576213245,0.05317071372715991
cell_type,LC12 | LC12,17,1700-1800,1750.0,42,0,0.0,0.0,0.0,0.0,0.08380161250916197
cell_type,LPi12 | T4b,1,100-200,150.0,43,37,150.0,150.0,0.8604651162790697,0.7273612340557432,0.9344436573228605
cell_type,LPi12 | T5b,1,100-200,150.0,58,55,218.0,218.0,0.9482758620689655,0.8586037466498081,0.9822541871682043
cell_type,LPi13 | T5d,2,200-300,250.0,21,17,56.0,56.0,0.8095238095238095,0.599990134607267,0.9233255938482269
cell_type,Lawf1 | R7,5,500-600,550.0,170,1,1.0,1.0,0.0058823529411764705,0.001039108788732302,0.032563895325357764
cell_type,Lawf1 | R7,8,800-900,850.0,192,1,1.0,1.0,0.005208333333333333,0.0009199674643243817,0.02890822021388086
cell_type,Lawf1 | R7,15,1500-1600,1550.0,316,0,0.0,0.0,0.0,0.0,0.012010945417981901
cell_type,Lawf2 | OA-AL2b2,2,200-300,250.0,119,118,1456.0,1456.0,0.9915966386554622,0.9539309817174007,0.9985150951816306
cell_type,Lawf2 | Tm3,17,1700-1800,1750.0,269,0,0.0,0.0,0.0,0.0,0.014079964345612983
cell_type,Li15 | Tm2,3,300-400,350.0,182,1,2.0,2.0,0.005494505494505495,0.0009705495119654989,0.030462671037147296
cell_type,Li22 | T3,15,1500-1600,1550.0,227,1,1.0,1.0,0.004405286343612335,0.0007780449202214722,0.024527619223503057
cell_type,Li28 | TmY9q,9,900-1000,950.0,1,1,2.0,2.0,1.0,0.20654329147389294,1.0
cell_type,Li31 | Tm4,2,200-300,250.0,45,44,257.0,257.0,0.9777777777777777,0.8843305361128119,0.9960665024772425
cell_type,Li31 | Tm4,15,1500-1600,1550.0,3,1,1.0,1.0,0.3333333333333333,0.0614903152761605,0.7923450448735121
cell_type,Li33 | Tm5f,1,100-200,150.0,37,34,121.0,121.0,0.918918918918919,0.7869900750149847,0.9720399336036787
cell_type,MeMe_e08 | T4c,12,1200-1300,1250.0,194,0,0.0,0.0,0.0,0.0,0.019417554245416534
cell_type,MeMe_e08 | T4c,18,1800-1900,1850.0,127,0,0.0,0.0,0.0,0.0,0.02936069262375269
cell_type,MeMe_e08 | T4d,1,100-200,150.0,223,3,3.0,3.0,0.013452914798206279,0.004585479755120431,0.0387998604999298
cell_type,MeMe_e08 | T4d,17,1700-1800,1750.0,150,0,0.0,0.0,0.0,0.0,0.02497113914571871
cell_type,MeMe_e08 | T4d,19,1900-2000,1950.0,125,0,0.0,0.0,0.0,0.0,0.0298164567965626
cell_type,MeTu1 | Mi2,7,700-800,750.0,185,1,1.0,1.0,0.005405405405405406,0.0009548003385717804,0.0299790616918283
cell_type,MeTu1 | Mi2,11,1100-1200,1150.0,181,0,0.0,0.0,0.0,0.0,0.02078320031854301
cell_type,Mi15 | Sm39,6,600-700,650.0,6,2,12.0,12.0,0.3333333333333333,0.09676933255921683,0.7000116786584712
cell_type,Mi4 | Sm06,0,0-100,50.0,298,11,18.0,18.0,0.03691275167785235,0.020734139769960917,0.06487897651354674
cell_type,Mi4 | Sm06,13,1300-1400,1350.0,174,0,0.0,0.0,0.0,0.0,0.021601245152990077
cell_type,Mi4 | Sm20,3,300-400,350.0,186,2,2.0,2.0,0.010752688172043012,0.0029536830046733957,0.038352332115300314
cell_type,Mi4 | Sm20,13,1300-1400,1350.0,184,0,0.0,0.0,0.0,0.0,0.020451273839234757
cell_type,Pm08 | T4d,0,0-100,50.0,68,14,19.0,19.0,0.20588235294117646,0.1267944614096761,0.31642506599505876
cell_type,Pm08 | T4d,6,600-700,650.0,92,0,0.0,0.0,0.0,0.0,0.04008280329209862
cell_type,Pm08 | T4d,19,1900-2000,1950.0,291,0,0.0,0.0,0.0,0.0,0.013029368989993271
cell_type,R7 | Tm4,17,1700-1800,1750.0,332,0,0.0,0.0,0.0,0.0,0.011438725875531798
cell_type,R7 | Tm4,19,1900-2000,1950.0,288,0,0.0,0.0,0.0,0.0,0.01316330502573999
cell_type,R8 | Tm3,17,1700-1800,1750.0,351,0,0.0,0.0,0.0,0.0,0.010826239088088881
cell_type,T2 | cL21,5,500-600,550.0,132,127,637.0,637.0,0.9621212121212122,0.9143907904747873,0.9837140610581746
cell_type,T2 | cL21,6,600-700,650.0,116,115,584.0,584.0,0.9913793103448276,0.9527790060325537,0.9984766514353037
cell_type,T2 | cL21,11,1100-1200,1150.0,61,54,223.0,223.0,0.8852459016393442,0.7815546169010973,0.9432886935662569
cell_type,T2 | cL21,18,1800-1900,1850.0,21,19,85.0,85.0,0.9047619047619048,0.7108541613925933,0.9734817912030528
cell_type,T4a | Tm21,0,0-100,50.0,182,13,23.0,23.0,0.07142857142857142,0.04221484148110109,0.11836061632812998
cell_type,T4a | Tm21,3,300-400,350.0,148,2,3.0,3.0,0.013513513513513514,0.0037136718210305925,0.04792961960898595
cell_type,T4a | Tm21,9,900-1000,950.0,259,1,1.0,1.0,0.003861003861003861,0.0006818698910721083,0.021542922531436352
cell_type,T4a | Tm21,10,1000-1100,1050.0,317,0,0.0,0.0,0.0,0.0,0.011973509669569032
cell_type,T4a | Tm25,7,700-800,750.0,188,0,0.0,0.0,0.0,1.734723475976807e-18,0.020024853837749476
cell_type,T4c | Tm21,10,1000-1100,1050.0,327,0,0.0,0.0,0.0,0.0,0.011611599025031918
cell_type,T4d | Tm21,11,1100-1200,1150.0,272,0,0.0,0.0,0.0,0.0,0.013926833371036128
cell_type,Tm3 | pDm8,0,0-100,50.0,431,15,21.0,21.0,0.03480278422273782,0.021202275615256,0.05662284507236911
cell_type,Tm3 | pDm8,1,100-200,150.0,292,7,7.0,7.0,0.023972602739726026,0.011659678817938501,0.04864826975994912
cell_type,Tm3 | pDm8,4,400-500,450.0,242,1,2.0,2.0,0.004132231404958678,0.0007297943345591276,0.023031847307864284
cell_type,C2 | MeMe_e07,18,1800-1900,1850.0,189,0,0.0,0.0,0.0,0.0,0.019921012893483563
cell_type,C2 | MeMe_e07,19,1900-2000,1950.0,161,1,1.0,1.0,0.006211180124223602,0.0010972402944831212,0.034340416219406575
cell_type,C2 | Pm01,13,1300-1400,1350.0,353,0,0.0,0.0,0.0,0.0,0.010765560965986028
cell_type,C3 | TmY4,3,300-400,350.0,248,2,2.0,2.0,0.008064516129032258,0.0022143279641083334,0.028922704202142196
cell_type,CB1340 | LC12,1,100-200,150.0,70,64,277.0,277.0,0.9142857142857143,0.825341230221722,0.9601238734596715
cell_type,Dm10 | Dm3q,3,300-400,350.0,259,6,8.0,8.0,0.023166023166023165,0.010659301222663321,0.049611219121148305
cell_type,Dm10 | L2,1,100-200,150.0,61,6,9.0,9.0,0.09836065573770492,0.045863951367309724,0.1984483419752358
cell_type,Dm10 | L2,7,700-800,750.0,213,0,0.0,0.0,0.0,0.0,0.017716157785222023
cell_type,Dm10 | aMe17c,1,100-200,150.0,129,129,2607.0,2607.0,1.0,0.9710813480114663,0.9999999999999999
cell_type,Dm15 | TmY9q,5,500-600,550.0,192,2,2.0,2.0,0.010416666666666666,0.0028612294459291893,0.03717929309882126
cell_type,Dm15 | TmY9q,8,800-900,850.0,300,0,0.0,0.0,0.0,0.0,0.012643429997735661
cell_type,Dm19 | T2a,17,1700-1800,1750.0,232,0,0.0,0.0,0.0,0.0,0.01628889898983046
cell_type,Dm2 | TmY4,14,1400-1500,1450.0,150,0,0.0,0.0,0.0,0.0,0.02497113914571871
cell_type,Dm2 | TmY4,19,1900-2000,1950.0,132,0,0.0,0.0,0.0,0.0,0.028279996702041194
cell_type,Dm3p | R8,1,100-200,150.0,92,1,1.0,1.0,0.010869565217391304,0.0019212795763616508,0.05902928886156091
cell_type,Dm3p | R8,3,300-400,350.0,178,6,6.0,6.0,0.033707865168539325,0.01553822830688448,0.07157935094890738
cell_type,Dm3p | T1,1,100-200,150.0,304,6,13.0,13.0,0.019736842105263157,0.009076074708468267,0.042384156787210026
cell_type,Dm3p | T1,6,600-700,650.0,364,1,1.0,1.0,0.0027472527472527475,0.00048510981125034474,0.015395638858829386
cell_type,Dm3q | Mi14,6,600-700,650.0,165,0,0.0,0.0,0.0,0.0,0.02275268654170536
cell_type,Dm3q | T1,9,900-1000,950.0,388,0,0.0,0.0,0.0,0.0,0.00980396160081012
cell_type,Dm3v | R8,2,200-300,250.0,131,1,1.0,1.0,0.007633587786259542,0.0013487543306202367,0.04197318785932708
cell_type,Dm9 | Lawf2,8,800-900,850.0,173,0,0.0,0.0,0.0,0.0,0.021723395400177335
cell_type,H2 | T5b,1,100-200,150.0,48,43,176.0,176.0,0.8958333333333334,0.7783231187385907,0.9546789490988218
cell_type,KCab | MBON14,1,100-200,150.0,29,28,78.0,78.0,0.9655172413793104,0.8282410893529976,0.9938869433859677
cell_type,KCab | PAM10,16,1600-1700,1650.0,75,2,2.0,2.0,0.02666666666666667,0.00734353502360055,0.09211664843284882
cell_type,KCab-p | KCg-m,1,100-200,150.0,110,0,0.0,0.0,0.0,0.0,0.03374513358912735
cell_type,KCab-p | KCg-m,3,300-400,350.0,108,2,2.0,2.0,0.018518518518518517,0.005093117606642765,0.06502032855292575
cell_type,KCapbp-ap1 | PPL103,5,500-600,550.0,2,2,2.0,2.0,1.0,0.34237195288961925,1.0
cell_type,L2 | TmY9q,4,400-500,450.0,165,2,2.0,2.0,0.012121212121212121,0.0033303221439865346,0.043113208360344143
cell_type,L5 | R1-6,16,1600-1700,1650.0,335,1,1.0,1.0,0.0029850746268656717,0.0005271198970087636,0.016712793974251433
cell_type,L5 | TmY4,3,300-400,350.0,241,1,1.0,1.0,0.004149377593360996,0.0007328240816957699,0.02312586659831939
cell_type,L5 | TmY4,18,1800-1900,1850.0,150,1,1.0,1.0,0.006666666666666667,0.0011777710231334546,0.036793752933975674
cell_type,LC12 | PVLP097,2,200-300,250.0,3,3,8.0,8.0,1.0,0.43849391955098227,1.0
cell_type,LC17 | PVLP018,8,800-900,850.0,1,0,0.0,0.0,0.0,0.0,0.7934567085261071
cell_type,LT83 | T2a,3,300-400,350.0,10,8,18.0,18.0,0.8,0.49015684672072335,0.9433190520193067
cell_type,Lawf2 | OA-AL2b2,6,600-700,650.0,55,53,606.0,606.0,0.9636363636363636,0.8767630702509827,0.989970669144275
cell_type,Lawf2 | OA-AL2b2,9,900-1000,950.0,28,28,280.0,280.0,1.0,0.8793527963418923,1.0
cell_type,Li22 | T3,5,500-600,550.0,152,2,2.0,2.0,0.013157894736842105,0.0036157414374440727,0.04670201710712938
cell_type,Li22 | T3,18,1800-1900,1850.0,199,0,0.0,0.0,0.0,0.0,0.018938915883132457
cell_type,Li28 | TmY9q__perp,1,100-200,150.0,22,15,87.0,87.0,0.6818181818181818,0.47318222782839336,0.8363961264530752
cell_type,MeMe_e08 | T4c,7,700-800,750.0,264,2,3.0,3.0,0.007575757575757576,0.0020799668593143705,0.027197038654392235
cell_type,MeTu1 | Mi2,8,800-900,850.0,153,1,1.0,1.0,0.006535947712418301,0.0011546587784428824,0.036090561877301516
cell_type,Mi13 | T4d,11,1100-1200,1150.0,308,0,0.0,0.0,0.0,0.0,0.012319074812340625
cell_type,Mi15 | Sm39,4,400-500,450.0,14,10,36.0,36.0,0.7142857142857143,0.4535045882751561,0.882788120898909
cell_type,Mi4 | Sm06,3,300-400,350.0,130,1,1.0,1.0,0.007692307692307693,0.0013591392530527095,0.04228648363250753
cell_type,Mi4 | Sm06,11,1100-1200,1150.0,174,1,1.0,1.0,0.005747126436781609,0.0010152042313482327,0.031832003621032764
cell_type,Mi4 | Sm20,18,1800-1900,1850.0,204,0,0.0,0.0,0.0,0.0,0.01848330651804066
cell_type,Pm08 | T4d,1,100-200,150.0,47,4,4.0,4.0,0.0851063829787234,0.03359357946971307,0.1993180519502265
cell_type,Pm08 | T4d,5,500-600,550.0,83,0,0.0,0.0,0.0,0.0,0.04423686343872062
cell_type,R7 | Tm3,0,0-100,50.0,79,10,18.0,18.0,0.12658227848101267,0.07023187936799044,0.2175655557370775
cell_type,R8 | Tm3,0,0-100,50.0,126,8,14.0,14.0,0.06349206349206349,0.03252015021503829,0.12029373994035106
cell_type,T1 | TmY5a,14,1400-1500,1450.0,189,2,5.0,5.0,0.010582010582010581,0.0029067212455334626,0.037756704073484845
cell_type,T4a | Tm25,3,300-400,350.0,104,2,4.0,4.0,0.019230769230769232,0.0052896007240565805,0.06742445396355932
cell_type,T4a | Tm25,4,400-500,450.0,135,1,1.0,1.0,0.007407407407407408,0.0013087545613434844,0.040765090741505236
cell_type,T4c | Tm21,6,600-700,650.0,194,0,0.0,0.0,0.0,0.0,0.019417554245416534
cell_type,T4c | Tm21,13,1300-1400,1350.0,378,0,0.0,0.0,0.0,0.0,0.0100607162760684
cell_type,T4c | Tm25,2,200-300,250.0,136,4,5.0,5.0,0.029411764705882353,0.011495676995744355,0.07318298800808855
cell_type,Tm3 | pDm8,5,500-600,550.0,278,2,2.0,2.0,0.007194244604316547,0.001975102195198227,0.02584761808456175
cell_type,C2 | Pm01,6,600-700,650.0,284,0,0.0,0.0,0.0,0.0,0.013346229315012146
cell_type,C2 | Tm7,19,1900-2000,1950.0,203,0,0.0,0.0,0.0,0.0,0.018572666233484945
cell_type,C2 | TmY11,2,200-300,250.0,228,4,5.0,5.0,0.017543859649122806,0.006842969432663999,0.0442332826290885
cell_type,C3 | yDm8,0,0-100,50.0,97,6,7.0,7.0,0.061855670103092786,0.02865449519831168,0.12843940255816977
cell_type,C3 | yDm8,2,200-300,250.0,107,3,3.0,3.0,0.028037383177570093,0.009580293417619429,0.07920947504476293
cell_type,CB1088 | LC18,1,100-200,150.0,65,59,234.0,234.0,0.9076923076923077,0.812877830498267,0.9570054958625379
cell_type,Dm10 | L2,0,0-100,50.0,64,8,9.0,9.0,0.125,0.064721653926208,0.22774786330215924
cell_type,Dm10 | aMe17c,3,300-400,350.0,70,70,1186.0,1186.0,1.0,0.9479751251327163,0.9999999999999999
cell_type,Dm10 | aMe17c,8,800-900,850.0,22,21,337.0,337.0,0.9545454545454546,0.7820151050048196,0.9919307806988522
cell_type,Dm2 | TmY4,7,700-800,750.0,218,0,0.0,0.0,0.0,0.0,0.017316860318353274
cell_type,Dm2 | TmY4,16,1600-1700,1650.0,161,0,0.0,0.0,0.0,0.0,0.023304796847397745
cell_type,Dm3q | Mi14,0,0-100,50.0,86,6,7.0,7.0,0.06976744186046512,0.03236497351786072,0.14396314174277575
cell_type,Dm3q | Mi14,11,1100-1200,1150.0,244,0,0.0,0.0,0.0,0.0,0.015500222722900431
cell_type,Dm3q | R8,2,200-300,250.0,142,4,4.0,4.0,0.028169014084507043,0.011007563725265082,0.07018737653869253
cell_type,Dm3v | R8,1,100-200,150.0,101,2,2.0,2.0,0.019801980198019802,0.005447208292721675,0.06934752967388699
cell_type,Dm3v | R8,4,400-500,450.0,207,2,2.0,2.0,0.00966183574879227,0.0026535795413005388,0.03453832186715017
cell_type,KCapbp-ap2 | MBON12,1,100-200,150.0,21,21,98.0,98.0,1.0,0.8453561767357979,0.9999999999999999
cell_type,L5 | TmY4,14,1400-1500,1450.0,142,0,0.0,0.0,0.0,0.0,0.02634090684688045
cell_type,LC18 | PVLP108,2,200-300,250.0,9,8,22.0,22.0,0.8888888888888888,0.5649937852319399,0.9801096286728695
cell_type,LPLC2 | PVLP111,2,200-300,250.0,7,5,11.0,11.0,0.7142857142857143,0.35892909014821267,0.9177828342909844
cell_type,LT1d | T3,1,100-200,150.0,26,24,299.0,299.0,0.9230769230769231,0.7585805251948495,0.9786453608166245
cell_type,LT62 | T2a,3,300-400,350.0,23,15,52.0,52.0,0.6521739130434783,0.4488997690689164,0.8118894536301776
cell_type,LT62 | T2a,15,1500-1600,1550.0,2,0,0.0,0.0,0.0,0.0,0.6576280471103807
cell_type,Lawf2 | OA-AL2b2,7,700-800,750.0,35,35,420.0,420.0,1.0,0.9010957324106112,1.0
cell_type,Li31 | Tm4,3,300-400,350.0,24,23,123.0,123.0,0.9583333333333334,0.7975777375115778,0.992606734645195
cell_type,Li32 | TmY5a,15,1500-1600,1550.0,1,0,0.0,0.0,0.0,0.0,0.7934567085261071
cell_type,Mi13 | T4d,5,500-600,550.0,372,0,0.0,0.0,0.0,0.0,0.010221327282557334
cell_type,Mi13 | cM05,11,1100-1200,1150.0,9,9,84.0,84.0,1.0,0.7008472464490407,1.0
cell_type,Mi4 | Sm20,8,800-900,850.0,208,0,0.0,0.0,0.0,0.0,0.01813430412157008
cell_type,Pm12 | Tm2,1,100-200,150.0,58,53,240.0,240.0,0.9137931034482759,0.8135613862273433,0.9626151680662066
cell_type,T1 | TmY5a,19,1900-2000,1950.0,115,0,0.0,0.0,0.0,0.0,0.03232538101136302
cell_type,T2 | cL21,12,1200-1300,1250.0,44,38,175.0,175.0,0.8636363636363636,0.7329026247825904,0.9359713259213994
cell_type,T4a | Tm21,2,200-300,250.0,136,1,1.0,1.0,0.007352941176470588,0.0012991225992175122,0.040473854826670055
cell_type,T4a | Tm21,6,600-700,650.0,209,0,0.0,0.0,0.0,0.0,0.018049103182836437
cell_type,T4c | Tm21,4,400-500,450.0,181,1,1.0,1.0,0.0055248618784530384,0.0009759153318539288,0.03062736012129081
cell_type,T4c | Tm25,1,100-200,150.0,131,3,3.0,3.0,0.022900763358778626,0.007818301484185438,0.06516807660684877
cell_type,C2 | TmY11,19,1900-2000,1950.0,207,0,0.0,0.0,0.0,0.0,0.018220313258863523
cell_type,Dm10 | aMe17c,7,700-800,750.0,20,19,254.0,254.0,0.95,0.7638641064874331,0.9911187805671268
cell_type,Dm15 | TmY9q,12,1200-1300,1250.0,234,1,1.0,1.0,0.004273504273504274,0.0007547577629937775,0.023806126455746764
cell_type,Dm19 | Tm9,18,1800-1900,1850.0,167,0,0.0,0.0,0.0,0.0,0.022486326515321793
cell_type,Dm3v | R8,3,300-400,350.0,163,1,1.0,1.0,0.006134969325153374,0.0010837669947276023,0.03392908351737489
cell_type,Dm9 | Lawf2,1,100-200,150.0,223,2,2.0,2.0,0.008968609865470852,0.0024629202553169832,0.032105695025125405
cell_type,KCab | PAM10,19,1900-2000,1950.0,45,3,3.0,3.0,0.06666666666666667,0.022931616462147086,0.17856874388640825
cell_type,KCapbp-m | KCapbp-m,10,1000-1100,1050.0,201,16,17.0,17.0,0.07960199004975124,0.04958915140512128,0.12538311985227957
cell_type,KCg-d | KCg-d,17,1700-1800,1750.0,123,2,2.0,2.0,0.016260162601626018,0.0044704148332556995,0.0573515741671984
cell_type,L1 | L1,2,200-300,250.0,121,0,0.0,0.0,0.0,0.0,0.03077179401737882
cell_type,L1 | Sm32,0,0-100,50.0,198,9,11.0,11.0,0.045454545454545456,0.024095044408936207,0.08411654329151802
cell_type,L2 | TmY9q,12,1200-1300,1250.0,368,0,0.0,0.0,0.0,0.0,0.010331280846467956
cell_type,Lawf1 | R7,7,700-800,750.0,227,0,0.0,0.0,0.0,0.0,0.016641714491668746
cell_type,Mi15 | Sm39,3,300-400,350.0,12,8,26.0,26.0,0.6666666666666666,0.3906175873976139,0.8618821601026385
cell_type,Pm08 | T4d,8,800-900,850.0,145,0,0.0,0.0,0.0,0.0,0.02580998860533614
cell_type,T4d | Tm21,4,400-500,450.0,151,3,3.0,3.0,0.019867549668874173,0.00677927946976414,0.056779867426160466
cell_type,CB1340 | LC12,2,200-300,250.0,16,16,61.0,61.0,1.0,0.8063865817272802,1.0
cell_type,KCab | MBON14,2,200-300,250.0,15,13,37.0,37.0,0.8666666666666667,0.6211750079348376,0.9626395301086407
cell_type,KCapbp-ap1 | MBON12,4,400-500,450.0,8,8,21.0,21.0,1.0,0.6755843804891231,1.0
cell_type,KCapbp-ap2 | KCapbp-ap2,18,1800-1900,1850.0,119,1,2.0,2.0,0.008403361344537815,0.0014849048183694993,0.04606901828259955
cell_type,L1 | L1,19,1900-2000,1950.0,138,1,1.0,1.0,0.007246376811594203,0.001280277832255268,0.03990369076369965
cell_type,L5 | R1-6,1,100-200,150.0,73,1,1.0,1.0,0.0136986301369863,0.0024221890927605197,0.0735991326912731
cell_type,LC12 | cL21,1,100-200,150.0,14,14,146.0,146.0,1.0,0.7846829880728186,1.0
cell_type,LPi13 | T4d,1,100-200,150.0,73,67,323.0,323.0,0.9178082191780822,0.8320540661871378,0.9617867700265796
cell_type,LT1a | T2a,1,100-200,150.0,25,24,167.0,167.0,0.96,0.8045552759497747,0.9929039496133008
cell_type,LT1b | T2a,1,100-200,150.0,21,18,188.0,188.0,0.8571428571428571,0.6536350585077049,0.950190782017865
cell_type,LT1b | T2a,18,1800-1900,1850.0,1,0,0.0,0.0,0.0,0.0,0.7934567085261071
cell_type,Lawf2 | OA-AL2b2,8,800-900,850.0,34,33,336.0,336.0,0.9705882352941176,0.8508409778365519,0.9947892280744034
cell_type,Li28 | TmY9q__perp,4,400-500,450.0,2,0,0.0,0.0,0.0,0.0,0.6576280471103807
cell_type,Li31 | Tm4,4,400-500,450.0,20,17,70.0,70.0,0.85,0.6395767041130426,0.9476322080405041
cell_type,Li31 | Tm4,18,1800-1900,1850.0,2,1,1.0,1.0,0.5,0.09452865480086614,0.9054713451991339
cell_type,Pm08 | T4d,7,700-800,750.0,109,0,0.0,0.0,0.0,0.0,0.03404418228738337
cell_type,T1 | TmY5a,16,1600-1700,1650.0,156,0,0.0,0.0,0.0,0.0,0.024033793455520962
cell_type,T2 | cL21,14,1400-1500,1450.0,30,28,127.0,127.0,0.9333333333333333,0.7867618227892791,0.9815233646723066
cell_type,T4a | Tm25,1,100-200,150.0,109,5,5.0,5.0,0.045871559633027525,0.019750157151731958,0.10291382492579973
cell_type,CB0744 | LC11,2,200-300,250.0,20,17,45.0,45.0,0.85,0.6395767041130426,0.9476322080405041
cell_type,CB1340 | LC12,3,300-400,350.0,3,3,12.0,12.0,1.0,0.43849391955098227,1.0
cell_type,Dm10 | L2,2,200-300,250.0,49,2,2.0,2.0,0.04081632653061224,0.011265396927928273,0.13713283476831106
cell_type,Dm10 | aMe17c,5,500-600,550.0,31,31,437.0,437.0,1.0,0.889740999265246,0.9999999999999999
cell_type,H2 | T5b,11,1100-1200,1150.0,4,0,0.0,0.0,0.0,0.0,0.48990002040399916
cell_type,LC11 | Tm2,0,0-100,50.0,64,11,13.0,13.0,0.171875,0.0987764126731623,0.2821344149016591
cell_type,LPi12 | T4b,7,700-800,750.0,2,1,1.0,1.0,0.5,0.09452865480086614,0.9054713451991339
cell_type,LPi12 | T4b,10,1000-1100,1050.0,3,0,0.0,0.0,0.0,0.0,0.5615060804490177
cell_type,LT1d | T3,10,1000-1100,1050.0,2,0,0.0,0.0,0.0,0.0,0.6576280471103807
cell_type,LT42 | Y3,1,100-200,150.0,39,36,148.0,148.0,0.9230769230769231,0.7967862687194474,0.9734930859265043
cell_type,LT83 | T2a,4,400-500,450.0,5,2,5.0,5.0,0.4,0.1176182311592533,0.769280067791163
cell_type,Lawf2 | OA-AL2b2,14,1400-1500,1450.0,9,9,109.0,109.0,1.0,0.7008472464490407,1.0
cell_type,Lawf2 | OA-AL2b2,18,1800-1900,1850.0,6,6,39.0,39.0,1.0,0.6096569663469354,0.9999999999999999
cell_type,Lawf2 | OA-AL2b2,19,1900-2000,1950.0,8,8,40.0,40.0,1.0,0.6755843804891231,1.0
cell_type,Li28 | TmY9q__perp,16,1600-1700,1650.0,2,0,0.0,0.0,0.0,0.0,0.6576280471103807
cell_type,Pm12 | Tm2,11,1100-1200,1150.0,6,0,0.0,0.0,0.0,0.0,0.3903430336530645
cell_type,T1 | TmY5a,17,1700-1800,1750.0,157,0,0.0,0.0,0.0,0.0,0.02388436822314625
cell_type,APL | KCab,19,1900-2000,1950.0,4,0,0.0,0.0,0.0,0.0,0.48990002040399916
cell_type,Am1 | T4b,1,100-200,150.0,31,28,147.0,147.0,0.9032258064516129,0.7509971000182296,0.9665359639053559
cell_type,Dm10 | aMe17c,9,900-1000,950.0,10,9,116.0,116.0,0.9,0.5958436145024278,0.9821242504842788
cell_type,H2 | T5b,5,500-600,550.0,11,4,5.0,5.0,0.36363636363636365,0.15166223614131383,0.6462032231083628
cell_type,LPi13 | T5d,3,300-400,350.0,13,11,24.0,24.0,0.8461538461538461,0.5776482949136899,0.9567427368172621
cell_type,LT83 | T2a,2,200-300,250.0,11,10,31.0,31.0,0.9090909090909091,0.6226353745137962,0.9837682477371741
cell_type,Mi13 | cM05,10,1000-1100,1050.0,10,10,101.0,101.0,1.0,0.7224598312333834,1.0
cell_type,Mi15 | Sm39,2,200-300,250.0,17,13,61.0,61.0,0.7647058823529411,0.5273775411082839,0.9044511092832406
cell_type,Pm12 | Tm2,6,600-700,650.0,3,2,2.0,2.0,0.6666666666666666,0.2076549551264879,0.9385096847238394
cell_type,Sm40 | Tm5d,14,1400-1500,1450.0,1,0,0.0,0.0,0.0,0.0,0.7934567085261071
cell_type,T4a | Tm25,5,500-600,550.0,145,1,1.0,1.0,0.006896551724137931,0.001218418511928561,0.03802867369885121
cell_type,CB1088 | LC18,2,200-300,250.0,21,18,50.0,50.0,0.8571428571428571,0.6536350585077049,0.950190782017865
cell_type,CT1 | Tm9,5,500-600,550.0,1,0,0.0,0.0,0.0,0.0,0.7934567085261071
cell_type,KCapbp-m | PPL103,1,100-200,150.0,26,22,60.0,60.0,0.8461538461538461,0.6646841558168644,0.9385006600107053
cell_type,KCapbp-m | PPL103,2,200-300,250.0,6,6,16.0,16.0,1.0,0.6096569663469354,0.9999999999999999
cell_type,KCg-m | MBON05,1,100-200,150.0,5,2,9.0,9.0,0.4,0.1176182311592533,0.769280067791163
cell_type,LPLC2 | PVLP111,1,100-200,150.0,37,34,93.0,93.0,0.918918918918919,0.7869900750149847,0.9720399336036787
cell_type,LT1a | T2a,5,500-600,550.0,2,0,0.0,0.0,0.0,0.0,0.6576280471103807
cell_type,Li15 | Tm2,0,0-100,50.0,120,15,29.0,29.0,0.125,0.07723428880969682,0.19603091448225032
cell_type,Mi13 | cM05,5,500-600,550.0,36,36,477.0,477.0,1.0,0.9035781695514236,1.0
cell_type,Mi13 | cM05,8,800-900,850.0,16,16,184.0,184.0,1.0,0.8063865817272802,1.0
cell_type,CB0744 | LC11,3,300-400,350.0,11,5,11.0,11.0,0.45454545454545453,0.21270957543988045,0.7199122443100118
cell_type,CB1088 | LC18,4,400-500,450.0,3,2,2.0,2.0,0.6666666666666666,0.2076549551264879,0.9385096847238394
cell_type,Dm3q | R8,1,100-200,150.0,105,2,2.0,2.0,0.01904761904761905,0.005239072265250375,0.06680691015323666
cell_type,KCab | MBON18,19,1900-2000,1950.0,4,0,0.0,0.0,0.0,0.0,0.48990002040399916
cell_type,L2 | TmY9q,5,500-600,550.0,197,2,2.0,2.0,0.01015228426395939,0.0027884936672214478,0.03625521042595447
cell_type,LPi13 | T4d,2,200-300,250.0,13,11,28.0,28.0,0.8461538461538461,0.5776482949136899,0.9567427368172621
cell_type,LPi13 | T5d,19,1900-2000,1950.0,1,0,0.0,0.0,0.0,0.0,0.7934567085261071
cell_type,LT1b | T2a,7,700-800,750.0,2,1,2.0,2.0,0.5,0.09452865480086614,0.9054713451991339
cell_type,Lawf2 | OA-AL2b2,12,1200-1300,1250.0,10,8,45.0,45.0,0.8,0.49015684672072335,0.9433190520193067
cell_type,Li28 | TmY9q,1,100-200,150.0,25,21,98.0,98.0,0.84,0.6534598601976183,0.9359665239142201
cell_type,Li31 | Tm4,11,1100-1200,1150.0,4,4,12.0,12.0,1.0,0.5100999795960008,1.0
cell_type,Li32 | TmY5a,1,100-200,150.0,19,14,50.0,50.0,0.7368421052631579,0.5120803155892935,0.8819376166045982
cell_type,KCab | MBON18,15,1500-1600,1550.0,8,0,0.0,0.0,0.0,0.0,0.3244156195108769
cell_type,KCapbp-ap1 | MBON12,1,100-200,150.0,39,38,149.0,149.0,0.9743589743589743,0.8681871352137286,0.9954594139347627
cell_type,KCapbp-ap1 | MBON12,2,200-300,250.0,21,20,68.0,68.0,0.9523809523809523,0.7733018341376452,0.9915442305280766
cell_type,KCapbp-ap1 | MBON12,3,300-400,350.0,17,16,44.0,44.0,0.9411764705882353,0.730174547964372,0.9895398693548358
cell_type,LPi13 | T4d,5,500-600,550.0,4,1,2.0,2.0,0.25,0.045586062644636216,0.6993639475573634
cell_type,Pm12 | Tm2,7,700-800,750.0,7,2,2.0,2.0,0.2857142857142857,0.0822171657090155,0.6410709098517873
cell_type,KCab | PAM10,18,1800-1900,1850.0,53,2,3.0,3.0,0.03773584905660377,0.010410068833819265,0.12754523150959116
cell_type,KCapbp-ap2 | MBON12,3,300-400,350.0,6,6,16.0,16.0,1.0,0.6096569663469354,0.9999999999999999
cell_type,L5 | R1-6,3,300-400,350.0,99,5,6.0,6.0,0.050505050505050504,0.02176291355669111,0.11282853581788105
cell_type,LPi12 | T4b,2,200-300,250.0,15,10,24.0,24.0,0.6666666666666666,0.41713125151212976,0.8482389930530876
cell_type,LT42 | Y3,2,200-300,250.0,9,9,43.0,43.0,1.0,0.7008472464490407,1.0
cell_type,Lawf2 | OA-AL2b2,5,500-600,550.0,63,63,687.0,687.0,1.0,0.9425268096514744,0.9999999999999999
cell_type,Li28 | TmY9q__perp,8,800-900,850.0,1,1,4.0,4.0,1.0,0.20654329147389294,1.0
cell_type,Li31 | Tm4,5,500-600,550.0,14,13,46.0,46.0,0.9285714285714286,0.685307304460422,0.9872781138877084
cell_type,Mi13 | cM05,12,1200-1300,1250.0,7,7,83.0,83.0,1.0,0.6456611570247934,1.0
cell_type,Mi15 | Sm39,9,900-1000,950.0,4,3,10.0,10.0,0.75,0.3006360524426366,0.9544139373553637
cell_type,Am1 | T5b,6,600-700,650.0,1,0,0.0,0.0,0.0,0.0,0.7934567085261071
cell_type,Am1 | TmY5a,6,600-700,650.0,5,3,5.0,5.0,0.6,0.23071993220883708,0.8823817688407467
cell_type,H2 | T5b,2,200-300,250.0,23,20,63.0,63.0,0.8695652173913043,0.678721020269818,0.954624234856553
cell_type,KCab | MBON14,5,500-600,550.0,2,2,4.0,4.0,1.0,0.34237195288961925,1.0
cell_type,KCapbp-m | KCapbp-m,13,1300-1400,1350.0,65,5,5.0,5.0,0.07692307692307693,0.03330301045885137,0.16776146218559615
cell_type,LPi13 | T4d,6,600-700,650.0,2,1,3.0,3.0,0.5,0.09452865480086614,0.9054713451991339
cell_type,LT11 | Tm25,1,100-200,150.0,15,15,342.0,342.0,1.0,0.7961107336956521,1.0
cell_type,LT11 | Tm25,3,300-400,350.0,1,1,15.0,15.0,1.0,0.20654329147389294,1.0
cell_type,LT83 | T2a,1,100-200,150.0,46,44,212.0,212.0,0.9565217391304348,0.8546747708094659,0.9879948064111691
cell_type,Li30 | TmY5a,1,100-200,150.0,27,24,102.0,102.0,0.8888888888888888,0.7194181745602705,0.9614803521050127
cell_type,Li32 | TmY5a,16,1600-1700,1650.0,1,0,0.0,0.0,0.0,0.0,0.7934567085261071
cell_type,APL | KCab,4,400-500,450.0,1,0,0.0,0.0,0.0,0.0,0.7934567085261071
cell_type,APL | KCg-m,16,1600-1700,1650.0,6,0,0.0,0.0,0.0,0.0,0.3903430336530645
cell_type,LT62 | T2a,6,600-700,650.0,6,3,5.0,5.0,0.5,0.18761280689940868,0.8123871931005913
cell_type,Lawf1 | R7,2,200-300,250.0,103,2,2.0,2.0,0.019417475728155338,0.005341113332198465,0.06805351947000593
cell_type,Mi13 | cM05,2,200-300,250.0,45,45,636.0,636.0,1.0,0.9213457380593594,1.0
cell_type,Mi13 | cM05,7,700-800,750.0,18,18,235.0,235.0,1.0,0.8241154494176252,1.0
cell_type,Am1 | T5b,1,100-200,150.0,18,18,92.0,92.0,1.0,0.8241154494176252,1.0
cell_type,CB0744 | LC11,6,600-700,650.0,1,1,3.0,3.0,1.0,0.20654329147389294,1.0
cell_type,Dm10 | aMe17c,13,1300-1400,1350.0,7,6,76.0,76.0,0.8571428571428571,0.48686549668097007,0.9743210440510253
cell_type,Dm10 | aMe17c,18,1800-1900,1850.0,5,1,15.0,15.0,0.2,0.03622316096978745,0.6244717358814613
cell_type,LT83 | T2a,7,700-800,750.0,3,0,0.0,0.0,0.0,0.0,0.5615060804490177
cell_type,Li29 | Y3,2,200-300,250.0,11,11,62.0,62.0,1.0,0.7411599827511859,1.0
cell_type,Li30 | Y3,1,100-200,150.0,2,1,7.0,7.0,0.5,0.09452865480086614,0.9054713451991339
cell_type,T2 | cL21,17,1700-1800,1750.0,29,26,113.0,113.0,0.896551724137931,0.7361455275293085,0.9641857596186989
cell_type,CB0785 | LC18,1,100-200,150.0,24,24,111.0,111.0,1.0,0.8620194241710247,1.0
cell_type,Dm10 | aMe17c,11,1100-1200,1150.0,9,9,100.0,100.0,1.0,0.7008472464490407,1.0
cell_type,KCab | MBON18,13,1300-1400,1350.0,3,0,0.0,0.0,0.0,0.0,0.5615060804490177
cell_type,Lawf2 | OA-AL2b2,16,1600-1700,1650.0,5,5,37.0,37.0,1.0,0.5655085052479191,1.0
cell_type,Mi15 | Sm39,10,1000-1100,1050.0,3,2,5.0,5.0,0.6666666666666666,0.2076549551264879,0.9385096847238394
cell_type,Am1 | TmY5a,1,100-200,150.0,52,50,195.0,195.0,0.9615384615384616,0.8701857125563401,0.9893885116779224
cell_type,CT1 | Tm1,4,400-500,450.0,15,14,74.0,74.0,0.9333333333333333,0.7018292244757601,0.9881334113938051
cell_type,CT1 | Tm1,8,800-900,850.0,1,1,1.0,1.0,1.0,0.20654329147389294,1.0
cell_type,LPi12 | T4b,17,1700-1800,1750.0,2,0,0.0,0.0,0.0,0.0,0.6576280471103807
cell_type,Lawf2 | OA-AL2b2,10,1000-1100,1050.0,21,21,216.0,216.0,1.0,0.8453561767357979,0.9999999999999999
cell_type,Li29 | Y3,1,100-200,150.0,30,29,175.0,175.0,0.9666666666666667,0.8332924860304112,0.9940915620051425
cell_type,ORN_VM5d | VM5d_adPN,2,200-300,250.0,3,3,9.0,9.0,1.0,0.43849391955098227,1.0
cell_type,KCapbp-ap1 | PPL103,1,100-200,150.0,20,19,71.0,71.0,0.95,0.7638641064874331,0.9911187805671268
cell_type,LPi13 | T4d,3,300-400,350.0,8,5,11.0,11.0,0.625,0.30573785458380187,0.863158240538479
cell_type,Li29 | Y3,3,300-400,350.0,8,7,36.0,36.0,0.875,0.5291051942301386,0.9775830911367038
cell_type,Li29 | Y3,4,400-500,450.0,8,8,26.0,26.0,1.0,0.6755843804891231,1.0
cell_type,Li32 | TmY5a,2,200-300,250.0,9,4,7.0,7.0,0.4444444444444444,0.188775429471914,0.7333526542559703
cell_type,Pm12 | Tm2,9,900-1000,950.0,4,1,1.0,1.0,0.25,0.045586062644636216,0.6993639475573634
cell_type,APL | KCg-m,17,1700-1800,1750.0,1,0,0.0,0.0,0.0,0.0,0.7934567085261071
cell_type,KCapbp-m | KCapbp-m,15,1500-1600,1550.0,34,1,1.0,1.0,0.029411764705882353,0.005210771925596644,0.14915902216344817
cell_type,Mi13 | cM05,6,600-700,650.0,21,21,255.0,255.0,1.0,0.8453561767357979,0.9999999999999999
cell_type,KCapbp-m | KCapbp-m,19,1900-2000,1950.0,20,0,0.0,0.0,0.0,0.0,0.1611301254949332
cell_type,LPi12 | T4b,3,300-400,350.0,7,4,11.0,11.0,0.5714285714285714,0.2504542304090258,0.8417830777373732
cell_type,LPi15 | T4b,2,200-300,250.0,4,3,14.0,14.0,0.75,0.3006360524426366,0.9544139373553637
cell_type,Am1 | TmY5a,3,300-400,350.0,12,11,40.0,40.0,0.9166666666666666,0.6461140782014047,0.9851352905492264
cell_type,KCapbp-ap1 | MBON12,5,500-600,550.0,5,4,9.0,9.0,0.8,0.3755282641185388,0.9637768390302125
cell_type,LC17 | PVLP018,2,200-300,250.0,10,10,48.0,48.0,1.0,0.7224598312333834,1.0
cell_type,LT1b | T2a,2,200-300,250.0,1,1,6.0,6.0,1.0,0.20654329147389294,1.0
cell_type,LT42 | Y3,5,500-600,550.0,2,1,4.0,4.0,0.5,0.09452865480086614,0.9054713451991339
cell_type,Li29 | Y3,6,600-700,650.0,1,1,2.0,2.0,1.0,0.20654329147389294,1.0
cell_type,Pm12 | Tm2,4,400-500,450.0,9,7,15.0,15.0,0.7777777777777778,0.4525833436728054,0.9367762376877727
cell_type,CT1 | Tm1,15,1500-1600,1550.0,2,2,6.0,6.0,1.0,0.34237195288961925,1.0
cell_type,H2 | T5b,14,1400-1500,1450.0,1,0,0.0,0.0,0.0,0.0,0.7934567085261071
cell_type,LC12 | PVLP097,1,100-200,150.0,20,19,103.0,103.0,0.95,0.7638641064874331,0.9911187805671268
cell_type,LT33 | T5d,1,100-200,150.0,17,10,14.0,14.0,0.5882352941176471,0.36005074385515545,0.7838921396086862
cell_type,LTe26 | Tm25,4,400-500,450.0,2,2,13.0,13.0,1.0,0.34237195288961925,1.0
cell_type,Li28 | TmY9q__perp,5,500-600,550.0,1,1,2.0,2.0,1.0,0.20654329147389294,1.0
cell_type,Sm40 | Tm5d,1,100-200,150.0,8,8,18.0,18.0,1.0,0.6755843804891231,1.0
cell_type,CB1088 | LC18,3,300-400,350.0,10,10,23.0,23.0,1.0,0.7224598312333834,1.0
cell_type,KCab | MBON14,4,400-500,450.0,4,4,14.0,14.0,1.0,0.5100999795960008,1.0
cell_type,KCapbp-m | PPL103,3,300-400,350.0,2,0,0.0,0.0,0.0,0.0,0.6576280471103807
cell_type,LC17 | PVLP018,4,400-500,450.0,2,2,10.0,10.0,1.0,0.34237195288961925,1.0
cell_type,LPi12 | T4b,11,1100-1200,1150.0,2,0,0.0,0.0,0.0,0.0,0.6576280471103807
cell_type,Sm40 | Tm5d,17,1700-1800,1750.0,1,0,0.0,0.0,0.0,0.0,0.7934567085261071
cell_type,APL | KCab,5,500-600,550.0,1,0,0.0,0.0,0.0,0.0,0.7934567085261071
cell_type,KCapbp-ap2 | MBON12,4,400-500,450.0,4,4,5.0,5.0,1.0,0.5100999795960008,1.0
cell_type,Mi13 | cM05,3,300-400,350.0,45,45,644.0,644.0,1.0,0.9213457380593594,1.0
cell_type,T2 | cL21,9,900-1000,950.0,87,84,406.0,406.0,0.9655172413793104,0.903457576607831,0.9882043932385831
cell_type,CT1 | Tm1,14,1400-1500,1450.0,1,0,0.0,0.0,0.0,0.0,0.7934567085261071
cell_type,LPi12 | T5b,3,300-400,350.0,7,3,6.0,6.0,0.42857142857142855,0.15821692226262685,0.7495457695909742
cell_type,Li28 | TmY9q__perp,2,200-300,250.0,9,7,32.0,32.0,0.7777777777777778,0.4525833436728054,0.9367762376877727
cell_type,Mi15 | Sm39,12,1200-1300,1250.0,4,1,6.0,6.0,0.25,0.045586062644636216,0.6993639475573634
cell_type,KCab | MBON18,18,1800-1900,1850.0,3,0,0.0,0.0,0.0,0.0,0.5615060804490177
cell_type,LT1d | T3,3,300-400,350.0,5,4,15.0,15.0,0.8,0.3755282641185388,0.9637768390302125
cell_type,LT1d | T3,7,700-800,750.0,3,1,3.0,3.0,0.3333333333333333,0.0614903152761605,0.7923450448735121
cell_type,LT33 | T5d,7,700-800,750.0,3,1,1.0,1.0,0.3333333333333333,0.0614903152761605,0.7923450448735121
cell_type,Lawf2 | OA-AL2b2,15,1500-1600,1550.0,13,12,80.0,80.0,0.9230769230769231,0.6668546607175265,0.9862899336203037
cell_type,Pm12 | Tm2,15,1500-1600,1550.0,3,1,2.0,2.0,0.3333333333333333,0.0614903152761605,0.7923450448735121
cell_type,LPi13 | T5d,8,800-900,850.0,2,1,1.0,1.0,0.5,0.09452865480086614,0.9054713451991339
cell_type,LT42 | Y3,6,600-700,650.0,4,4,14.0,14.0,1.0,0.5100999795960008,1.0
cell_type,Li28 | TmY9q,5,500-600,550.0,5,2,5.0,5.0,0.4,0.1176182311592533,0.769280067791163
cell_type,Mi13 | cM05,9,900-1000,950.0,9,9,82.0,82.0,1.0,0.7008472464490407,1.0
cell_type,Pm12 | Tm2,17,1700-1800,1750.0,4,0,0.0,0.0,0.0,0.0,0.48990002040399916
cell_type,LC12 | LC12,19,1900-2000,1950.0,20,1,1.0,1.0,0.05,0.008881219432873136,0.23613589351256675
cell_type,LPi13 | T5d,10,1000-1100,1050.0,5,2,6.0,6.0,0.4,0.1176182311592533,0.769280067791163
cell_type,Li32 | TmY5a,10,1000-1100,1050.0,1,0,0.0,0.0,0.0,0.0,0.7934567085261071
cell_type,APL | KCab,14,1400-1500,1450.0,2,0,0.0,0.0,0.0,0.0,0.6576280471103807
cell_type,KCab | MBON18,1,100-200,150.0,11,10,22.0,22.0,0.9090909090909091,0.6226353745137962,0.9837682477371741
cell_type,Am1 | T4b,2,200-300,250.0,2,2,6.0,6.0,1.0,0.34237195288961925,1.0
cell_type,CT1 | T4c,1,100-200,150.0,7,6,14.0,14.0,0.8571428571428571,0.48686549668097007,0.9743210440510253
cell_type,LTe26 | Tm25,6,600-700,650.0,1,1,1.0,1.0,1.0,0.20654329147389294,1.0
cell_type,CB0744 | LC11,9,900-1000,950.0,1,0,0.0,0.0,0.0,0.0,0.7934567085261071
cell_type,LC17 | PVLP018,3,300-400,350.0,3,3,12.0,12.0,1.0,0.43849391955098227,1.0
cell_type,LPi12 | T5b,2,200-300,250.0,16,15,39.0,39.0,0.9375,0.7167073163197013,0.9888809426916687
cell_type,LT1b | T2a,3,300-400,350.0,2,1,4.0,4.0,0.5,0.09452865480086614,0.9054713451991339
cell_type,Lawf2 | OA-AL2b2,11,1100-1200,1150.0,19,19,164.0,164.0,1.0,0.8318156346315496,1.0
cell_type,Li28 | TmY9q,8,800-900,850.0,2,0,0.0,0.0,0.0,0.0,0.6576280471103807
cell_type,Li33 | Tm5f,2,200-300,250.0,11,11,29.0,29.0,1.0,0.7411599827511859,1.0
cell_type,BM_InOm | CB0109,4,400-500,450.0,5,5,14.0,14.0,1.0,0.5655085052479191,1.0
cell_type,Dm10 | aMe17c,19,1900-2000,1950.0,2,2,13.0,13.0,1.0,0.34237195288961925,1.0
cell_type,KCapbp-ap1 | PPL103,2,200-300,250.0,11,9,30.0,30.0,0.8181818181818182,0.5230138624217553,0.9486333993289995
cell_type,LPi13 | T4d,13,1300-1400,1350.0,2,1,1.0,1.0,0.5,0.09452865480086614,0.9054713451991339
cell_type,KCab | MBON18,2,200-300,250.0,3,1,4.0,4.0,0.3333333333333333,0.0614903152761605,0.7923450448735121
cell_type,Pm12 | Tm2,8,800-900,850.0,8,0,0.0,0.0,0.0,0.0,0.3244156195108769
cell_type,APL | KCab,15,1500-1600,1550.0,11,0,0.0,0.0,0.0,2.7755575615628914e-17,0.2588400172488141
cell_type,BM_InOm | CB0109,3,300-400,350.0,9,9,26.0,26.0,1.0,0.7008472464490407,1.0
cell_type,LC12 | PVLP097,5,500-600,550.0,1,1,2.0,2.0,1.0,0.20654329147389294,1.0
cell_type,LT1b | T2a,12,1200-1300,1250.0,1,0,0.0,0.0,0.0,0.0,0.7934567085261071
cell_type,Li33 | Tm5f,4,400-500,450.0,3,1,3.0,3.0,0.3333333333333333,0.0614903152761605,0.7923450448735121
cell_type,Am1 | TmY5a,8,800-900,850.0,3,2,2.0,2.0,0.6666666666666666,0.2076549551264879,0.9385096847238394
cell_type,CB2049 | LC15,2,200-300,250.0,11,10,24.0,24.0,0.9090909090909091,0.6226353745137962,0.9837682477371741
cell_type,CB2049 | LC15,6,600-700,650.0,1,0,0.0,0.0,0.0,0.0,0.7934567085261071
cell_type,CT1 | Tm1,12,1200-1300,1250.0,3,2,9.0,9.0,0.6666666666666666,0.2076549551264879,0.9385096847238394
cell_type,KCapbp-ap2 | MBON12,6,600-700,650.0,2,2,6.0,6.0,1.0,0.34237195288961925,1.0
cell_type,LC12 | PVLP097,4,400-500,450.0,1,1,1.0,1.0,1.0,0.20654329147389294,1.0
cell_type,Lawf2 | OA-AL2b2,17,1700-1800,1750.0,9,9,111.0,111.0,1.0,0.7008472464490407,1.0
cell_type,Mi13 | cM05,4,400-500,450.0,46,45,602.0,602.0,0.9782608695652174,0.8866444550566697,0.9961522448887572
cell_type,Mi13 | cM05,13,1300-1400,1350.0,7,7,90.0,90.0,1.0,0.6456611570247934,1.0
cell_type,APL | KCab,11,1100-1200,1150.0,1,0,0.0,0.0,0.0,0.0,0.7934567085261071
cell_type,Li28 | TmY9q,2,200-300,250.0,12,9,30.0,30.0,0.75,0.46768966087934005,0.9110599603710386
cell_type,Mi15 | Sm39,7,700-800,750.0,7,6,27.0,27.0,0.8571428571428571,0.48686549668097007,0.9743210440510253
cell_type,T2 | cL21,19,1900-2000,1950.0,12,11,48.0,48.0,0.9166666666666666,0.6461140782014047,0.9851352905492264
cell_type,LT1a | T2a,6,600-700,650.0,2,2,3.0,3.0,1.0,0.34237195288961925,1.0
cell_type,Lawf2 | OA-AL2b2,13,1300-1400,1350.0,8,8,67.0,67.0,1.0,0.6755843804891231,1.0
cell_type,Am1 | TmY5a,4,400-500,450.0,5,5,16.0,16.0,1.0,0.5655085052479191,1.0
cell_type,LTe26 | Tm25,2,200-300,250.0,10,10,95.0,95.0,1.0,0.7224598312333834,1.0
cell_type,Li31 | Tm4,12,1200-1300,1250.0,3,1,1.0,1.0,0.3333333333333333,0.0614903152761605,0.7923450448735121
cell_type,Mi15 | Sm39,14,1400-1500,1450.0,2,0,0.0,0.0,0.0,0.0,0.6576280471103807
cell_type,Li30 | TmY5a,6,600-700,650.0,1,0,0.0,0.0,0.0,0.0,0.7934567085261071
cell_type,CT1 | Tm1,6,600-700,650.0,4,3,8.0,8.0,0.75,0.3006360524426366,0.9544139373553637
cell_type,KCapbp-m | MBON09,1,100-200,150.0,4,4,14.0,14.0,1.0,0.5100999795960008,1.0
cell_type,LT33 | T5d,18,1800-1900,1850.0,1,0,0.0,0.0,0.0,0.0,0.7934567085261071
cell_type,LPi13 | T4d,11,1100-1200,1150.0,3,2,4.0,4.0,0.6666666666666666,0.2076549551264879,0.9385096847238394
cell_type,Dm10 | aMe17c,12,1200-1300,1250.0,6,6,55.0,55.0,1.0,0.6096569663469354,0.9999999999999999
cell_type,H2 | T5b,6,600-700,650.0,4,1,1.0,1.0,0.25,0.045586062644636216,0.6993639475573634
cell_type,Pm12 | Tm2,12,1200-1300,1250.0,3,0,0.0,0.0,0.0,0.0,0.5615060804490177
cell_type,LT1d | T3,2,200-300,250.0,4,3,17.0,17.0,0.75,0.3006360524426366,0.9544139373553637
cell_type,LT62 | T2a,12,1200-1300,1250.0,2,0,0.0,0.0,0.0,0.0,0.6576280471103807
cell_type,Li28 | TmY9q,3,300-400,350.0,4,4,16.0,16.0,1.0,0.5100999795960008,1.0
cell_type,Mi13 | cM05,17,1700-1800,1750.0,6,6,41.0,41.0,1.0,0.6096569663469354,0.9999999999999999
cell_type,CB0785 | LC18,2,200-300,250.0,3,2,10.0,10.0,0.6666666666666666,0.2076549551264879,0.9385096847238394
cell_type,APL | KCab,12,1200-1300,1250.0,3,0,0.0,0.0,0.0,0.0,0.5615060804490177
cell_type,LT33 | T5d,4,400-500,450.0,3,0,0.0,0.0,0.0,0.0,0.5615060804490177
cell_type,Mi13 | cM05,18,1800-1900,1850.0,6,6,40.0,40.0,1.0,0.6096569663469354,0.9999999999999999
cell_type,Mi15 | Sm39,8,800-900,850.0,3,2,11.0,11.0,0.6666666666666666,0.2076549551264879,0.9385096847238394
cell_type,LT42 | Y3,10,1000-1100,1050.0,3,3,9.0,9.0,1.0,0.43849391955098227,1.0
cell_type,Li30 | TmY5a,10,1000-1100,1050.0,1,0,0.0,0.0,0.0,0.0,0.7934567085261071
cell_type,Li32 | TmY5a,12,1200-1300,1250.0,1,0,0.0,0.0,0.0,0.0,0.7934567085261071
cell_type,Am1 | TmY5a,2,200-300,250.0,16,13,26.0,26.0,0.8125,0.5699064013154177,0.9340852122641324
cell_type,LT42 | Y3,3,300-400,350.0,11,10,33.0,33.0,0.9090909090909091,0.6226353745137962,0.9837682477371741
cell_type,Li31 | Tm4,10,1000-1100,1050.0,3,1,2.0,2.0,0.3333333333333333,0.0614903152761605,0.7923450448735121
cell_type,ORN_VM5d | VM5d_adPN,1,100-200,150.0,9,9,58.0,58.0,1.0,0.7008472464490407,1.0
cell_type,Pm12 | Tm2,5,500-600,550.0,8,1,1.0,1.0,0.125,0.02241690886329617,0.4708948057698615
cell_type,APL | KCab,9,900-1000,950.0,1,0,0.0,0.0,0.0,0.0,0.7934567085261071
cell_type,APL | KCab,16,1600-1700,1650.0,3,0,0.0,0.0,0.0,0.0,0.5615060804490177
cell_type,Am1 | T5b,2,200-300,250.0,6,5,24.0,24.0,0.8333333333333334,0.43649056343635395,0.9699474141282697
cell_type,LT1a | T2a,7,700-800,750.0,1,0,0.0,0.0,0.0,0.0,0.7934567085261071
cell_type,Li29 | Y3,7,700-800,750.0,1,1,5.0,5.0,1.0,0.20654329147389294,1.0
cell_type,APL | KCab,13,1300-1400,1350.0,4,0,0.0,0.0,0.0,0.0,0.48990002040399916
cell_type,LPi15 | T4b,1,100-200,150.0,8,7,29.0,29.0,0.875,0.5291051942301386,0.9775830911367038
cell_type,Li30 | TmY5a,9,900-1000,950.0,1,0,0.0,0.0,0.0,0.0,0.7934567085261071
cell_type,Li31 | Tm4,7,700-800,750.0,11,6,19.0,19.0,0.5454545454545454,0.28008775568998817,0.7872904245601196
cell_type,H2 | T5b,12,1200-1300,1250.0,3,1,1.0,1.0,0.3333333333333333,0.0614903152761605,0.7923450448735121
cell_type,LT1b | T2a,17,1700-1800,1750.0,1,0,0.0,0.0,0.0,0.0,0.7934567085261071
cell_type,Li28 | TmY9q,4,400-500,450.0,4,4,8.0,8.0,1.0,0.5100999795960008,1.0
cell_type,LPi12 | T4b,4,400-500,450.0,6,5,22.0,22.0,0.8333333333333334,0.43649056343635395,0.9699474141282697
cell_type,Am1 | T5b,3,300-400,350.0,3,3,3.0,3.0,1.0,0.43849391955098227,1.0
cell_type,KCab | MBON14,3,300-400,350.0,5,3,7.0,7.0,0.6,0.23071993220883708,0.8823817688407467
cell_type,KCab | MBON14,9,900-1000,950.0,1,0,0.0,0.0,0.0,0.0,0.7934567085261071
cell_type,LT42 | Y3,7,700-800,750.0,1,1,2.0,2.0,1.0,0.20654329147389294,1.0
cell_type,Pm12 | Tm2,10,1000-1100,1050.0,6,0,0.0,0.0,0.0,0.0,0.3903430336530645
cell_type,APL | KCab,18,1800-1900,1850.0,8,0,0.0,0.0,0.0,0.0,0.3244156195108769
cell_type,CT1 | Tm9,13,1300-1400,1350.0,1,0,0.0,0.0,0.0,0.0,0.7934567085261071
cell_type,KCapbp-ap1 | PPL103,4,400-500,450.0,3,2,6.0,6.0,0.6666666666666666,0.2076549551264879,0.9385096847238394
cell_type,LT11 | Tm25,2,200-300,250.0,2,2,26.0,26.0,1.0,0.34237195288961925,1.0
cell_type,LT83 | T2a,6,600-700,650.0,1,0,0.0,0.0,0.0,0.0,0.7934567085261071
cell_type,CT1 | T4c,6,600-700,650.0,3,1,1.0,1.0,0.3333333333333333,0.0614903152761605,0.7923450448735121
cell_type,KCab | MBON18,17,1700-1800,1750.0,4,0,0.0,0.0,0.0,0.0,0.48990002040399916
cell_type,Li32 | TmY5a,4,400-500,450.0,2,0,0.0,0.0,0.0,0.0,0.6576280471103807
cell_type,Pm12 | Tm2,19,1900-2000,1950.0,2,0,0.0,0.0,0.0,0.0,0.6576280471103807
cell_type,Am1 | TmY5a,13,1300-1400,1350.0,1,1,5.0,5.0,1.0,0.20654329147389294,1.0
cell_type,LT83 | T2a,5,500-600,550.0,1,0,0.0,0.0,0.0,0.0,0.7934567085261071
cell_type,CT1 | Tm1,11,1100-1200,1150.0,2,2,7.0,7.0,1.0,0.34237195288961925,1.0
cell_type,CT1 | Tm1,13,1300-1400,1350.0,5,2,4.0,4.0,0.4,0.1176182311592533,0.769280067791163
cell_type,Li31 | Tm4,6,600-700,650.0,8,8,26.0,26.0,1.0,0.6755843804891231,1.0
cell_type,Am1 | TmY5a,14,1400-1500,1450.0,1,0,0.0,0.0,0.0,0.0,0.7934567085261071
cell_type,CT1 | T4a,5,500-600,550.0,2,0,0.0,0.0,0.0,0.0,0.6576280471103807
cell_type,LT33 | T5d,13,1300-1400,1350.0,2,0,0.0,0.0,0.0,0.0,0.6576280471103807
cell_type,LT62 | T2a,7,700-800,750.0,4,1,1.0,1.0,0.25,0.045586062644636216,0.6993639475573634
cell_type,Pm12 | Tm2,3,300-400,350.0,9,8,18.0,18.0,0.8888888888888888,0.5649937852319399,0.9801096286728695
cell_type,Pm12 | Tm2,14,1400-1500,1450.0,4,0,0.0,0.0,0.0,0.0,0.48990002040399916
cell_type,CT1 | Tm1,10,1000-1100,1050.0,6,4,11.0,11.0,0.6666666666666666,0.29998832134152864,0.9032306674407831
cell_type,LPi12 | T5b,6,600-700,650.0,6,4,6.0,6.0,0.6666666666666666,0.29998832134152864,0.9032306674407831
cell_type,LT1a | T2a,17,1700-1800,1750.0,1,0,0.0,0.0,0.0,0.0,0.7934567085261071
cell_type,LT83 | T2a,16,1600-1700,1650.0,1,1,1.0,1.0,1.0,0.20654329147389294,1.0
cell_type,BM_InOm | CB0109,5,500-600,550.0,4,2,4.0,4.0,0.5,0.15003570882017148,0.8499642911798285
cell_type,LPi12 | T4b,6,600-700,650.0,2,2,4.0,4.0,1.0,0.34237195288961925,1.0
cell_type,LT33 | T5d,2,200-300,250.0,6,0,0.0,0.0,0.0,0.0,0.3903430336530645
cell_type,Li28 | TmY9q,6,600-700,650.0,1,1,2.0,2.0,1.0,0.20654329147389294,1.0
cell_type,Mi13 | cM05,15,1500-1600,1550.0,6,6,59.0,59.0,1.0,0.6096569663469354,0.9999999999999999
cell_type,AVLP479 | LC17,1,100-200,150.0,1,1,12.0,12.0,1.0,0.20654329147389294,1.0
cell_type,Am1 | T4b,4,400-500,450.0,1,0,0.0,0.0,0.0,0.0,0.7934567085261071
cell_type,Mi13 | cM05,16,1600-1700,1650.0,2,2,17.0,17.0,1.0,0.34237195288961925,1.0
cell_type,Dm10 | aMe17c,17,1700-1800,1750.0,2,1,21.0,21.0,0.5,0.09452865480086614,0.9054713451991339
cell_type,LT1a | T2a,19,1900-2000,1950.0,1,0,0.0,0.0,0.0,0.0,0.7934567085261071
cell_type,LPi12 | T4b,5,500-600,550.0,3,2,4.0,4.0,0.6666666666666666,0.2076549551264879,0.9385096847238394
cell_type,LT1b | T2a,16,1600-1700,1650.0,3,0,0.0,0.0,0.0,0.0,0.5615060804490177
cell_type,CB0744 | LC11,4,400-500,450.0,3,2,2.0,2.0,0.6666666666666666,0.2076549551264879,0.9385096847238394
cell_type,LPi13 | T5d,4,400-500,450.0,8,5,15.0,15.0,0.625,0.30573785458380187,0.863158240538479
cell_type,Li30 | TmY5a,12,1200-1300,1250.0,1,0,0.0,0.0,0.0,0.0,0.7934567085261071
cell_type,CB2049 | LC15,3,300-400,350.0,3,1,1.0,1.0,0.3333333333333333,0.0614903152761605,0.7923450448735121
cell_type,Li31 | Tm4,17,1700-1800,1750.0,2,0,0.0,0.0,0.0,0.0,0.6576280471103807
cell_type,APL | KCab,17,1700-1800,1750.0,5,0,0.0,0.0,0.0,0.0,0.43449149475208104
cell_type,CT1 | T4b,9,900-1000,950.0,1,0,0.0,0.0,0.0,0.0,0.7934567085261071
cell_type,CT1 | Tm9,2,200-300,250.0,5,3,12.0,12.0,0.6,0.23071993220883708,0.8823817688407467
cell_type,LPi15 | T4b,4,400-500,450.0,2,1,4.0,4.0,0.5,0.09452865480086614,0.9054713451991339
cell_type,LT62 | T2a,14,1400-1500,1450.0,3,0,0.0,0.0,0.0,0.0,0.5615060804490177
cell_type,H2 | T5b,17,1700-1800,1750.0,2,1,1.0,1.0,0.5,0.09452865480086614,0.9054713451991339
cell_type,CT1 | T4d,1,100-200,150.0,4,4,10.0,10.0,1.0,0.5100999795960008,1.0
cell_type,H2 | T5b,8,800-900,850.0,4,1,1.0,1.0,0.25,0.045586062644636216,0.6993639475573634
cell_type,LPi15 | T4b,8,800-900,850.0,1,1,2.0,2.0,1.0,0.20654329147389294,1.0
cell_type,LPi15 | T5b,3,300-400,350.0,1,1,3.0,3.0,1.0,0.20654329147389294,1.0
cell_type,LPi13 | T5d,7,700-800,750.0,4,3,4.0,4.0,0.75,0.3006360524426366,0.9544139373553637
cell_type,LT33 | T5d,15,1500-1600,1550.0,3,0,0.0,0.0,0.0,0.0,0.5615060804490177
cell_type,Li29 | Y3,5,500-600,550.0,4,3,9.0,9.0,0.75,0.3006360524426366,0.9544139373553637
cell_type,Mi15 | Sm39,15,1500-1600,1550.0,1,1,4.0,4.0,1.0,0.20654329147389294,1.0
cell_type,H2 | T5b,19,1900-2000,1950.0,1,0,0.0,0.0,0.0,0.0,0.7934567085261071
cell_type,LPi13 | T5d,9,900-1000,950.0,1,0,0.0,0.0,0.0,0.0,0.7934567085261071
cell_type,LT79 | Tm5f,6,600-700,650.0,1,0,0.0,0.0,0.0,0.0,0.7934567085261071
cell_type,CT1 | Tm9,4,400-500,450.0,4,3,6.0,6.0,0.75,0.3006360524426366,0.9544139373553637
cell_type,KCab | MBON18,9,900-1000,950.0,2,0,0.0,0.0,0.0,0.0,0.6576280471103807
cell_type,Sm40 | Tm5d,19,1900-2000,1950.0,1,0,0.0,0.0,0.0,0.0,0.7934567085261071
cell_type,H2 | T5b,4,400-500,450.0,13,9,21.0,21.0,0.6923076923076923,0.4236888781333764,0.8731950283838191
cell_type,LT33 | T5d,5,500-600,550.0,2,0,0.0,0.0,0.0,0.0,0.6576280471103807
cell_type,LT62 | T2a,8,800-900,850.0,5,0,0.0,0.0,0.0,0.0,0.43449149475208104
cell_type,LT11 | Tm25,12,1200-1300,1250.0,1,1,5.0,5.0,1.0,0.20654329147389294,1.0
cell_type,LT83 | T2a,11,1100-1200,1150.0,1,0,0.0,0.0,0.0,0.0,0.7934567085261071
cell_type,APL | KCg-m,15,1500-1600,1550.0,1,0,0.0,0.0,0.0,0.0,0.7934567085261071
cell_type,H2 | T5b,15,1500-1600,1550.0,1,0,0.0,0.0,0.0,0.0,0.7934567085261071
cell_type,KCapbp-ap1 | PPL103,3,300-400,350.0,4,4,6.0,6.0,1.0,0.5100999795960008,1.0
cell_type,LT1b | T2a,14,1400-1500,1450.0,1,0,0.0,0.0,0.0,0.0,0.7934567085261071
cell_type,Li28 | TmY9q__perp,6,600-700,650.0,2,0,0.0,0.0,0.0,0.0,0.6576280471103807
cell_type,CT1 | T4b,1,100-200,150.0,3,0,0.0,0.0,0.0,0.0,0.5615060804490177
cell_type,Li29 | Y3,8,800-900,850.0,1,1,5.0,5.0,1.0,0.20654329147389294,1.0
cell_type,Li32 | TmY5a,8,800-900,850.0,1,0,0.0,0.0,0.0,0.0,0.7934567085261071
cell_type,H2 | T5b,3,300-400,350.0,12,8,17.0,17.0,0.6666666666666666,0.3906175873976139,0.8618821601026385
cell_type,Mi13 | cM05,14,1400-1500,1450.0,3,3,25.0,25.0,1.0,0.43849391955098227,1.0
cell_type,Li33 | Tm5f,10,1000-1100,1050.0,1,0,0.0,0.0,0.0,0.0,0.7934567085261071
cell_type,Am1 | TmY5a,18,1800-1900,1850.0,1,0,0.0,0.0,0.0,0.0,0.7934567085261071
cell_type,LT1a | T2a,13,1300-1400,1350.0,1,0,0.0,0.0,0.0,0.0,0.7934567085261071
cell_type,Sm40 | Tm5d,4,400-500,450.0,1,0,0.0,0.0,0.0,0.0,0.7934567085261071
cell_type,LC12 | PVLP097,3,300-400,350.0,3,3,6.0,6.0,1.0,0.43849391955098227,1.0
cell_type,APL | KCg-m,18,1800-1900,1850.0,2,0,0.0,0.0,0.0,0.0,0.6576280471103807
cell_type,LT62 | T2a,5,500-600,550.0,6,3,12.0,12.0,0.5,0.18761280689940868,0.8123871931005913
cell_type,Pm12 | Tm2,2,200-300,250.0,7,6,19.0,19.0,0.8571428571428571,0.48686549668097007,0.9743210440510253
cell_type,LPi15 | T5b,2,200-300,250.0,2,2,6.0,6.0,1.0,0.34237195288961925,1.0
cell_type,Am1 | TmY5a,5,500-600,550.0,3,3,13.0,13.0,1.0,0.43849391955098227,1.0
cell_type,KCapbp-ap2 | MBON12,2,200-300,250.0,6,3,16.0,16.0,0.5,0.18761280689940868,0.8123871931005913
cell_type,LPi13 | T4d,18,1800-1900,1850.0,2,0,0.0,0.0,0.0,0.0,0.6576280471103807
cell_type,Li28 | TmY9q__perp,3,300-400,350.0,2,1,2.0,2.0,0.5,0.09452865480086614,0.9054713451991339
cell_type,Am1 | TmY5a,7,700-800,750.0,2,1,2.0,2.0,0.5,0.09452865480086614,0.9054713451991339
cell_type,LPi13 | T4d,12,1200-1300,1250.0,4,0,0.0,0.0,0.0,0.0,0.48990002040399916
cell_type,APL | KCg-m,8,800-900,850.0,1,0,0.0,0.0,0.0,0.0,0.7934567085261071
cell_type,Mi15 | Sm39,13,1300-1400,1350.0,2,1,1.0,1.0,0.5,0.09452865480086614,0.9054713451991339
cell_type,Mi15 | Sm39,17,1700-1800,1750.0,2,1,2.0,2.0,0.5,0.09452865480086614,0.9054713451991339
cell_type,LT11 | Tm25,8,800-900,850.0,1,1,1.0,1.0,1.0,0.20654329147389294,1.0
cell_type,Li32 | TmY5a,6,600-700,650.0,4,2,2.0,2.0,0.5,0.15003570882017148,0.8499642911798285
cell_type,Dm10 | aMe17c,10,1000-1100,1050.0,7,7,78.0,78.0,1.0,0.6456611570247934,1.0
cell_type,LT62 | T2a,11,1100-1200,1150.0,4,0,0.0,0.0,0.0,0.0,0.48990002040399916
cell_type,KCapbp-m | MBON09,12,1200-1300,1250.0,1,1,1.0,1.0,1.0,0.20654329147389294,1.0
cell_type,LPi15 | T5b,7,700-800,750.0,1,0,0.0,0.0,0.0,0.0,0.7934567085261071
cell_type,LTe26 | Tm25,3,300-400,350.0,3,3,40.0,40.0,1.0,0.43849391955098227,1.0
cell_type,LPLC2 | PVLP111,4,400-500,450.0,1,1,2.0,2.0,1.0,0.20654329147389294,1.0
cell_type,LPi12 | T4b,18,1800-1900,1850.0,1,0,0.0,0.0,0.0,0.0,0.7934567085261071
cell_type,CT1 | T4b,5,500-600,550.0,1,1,1.0,1.0,1.0,0.20654329147389294,1.0
cell_type,LT62 | T2a,10,1000-1100,1050.0,3,0,0.0,0.0,0.0,0.0,0.5615060804490177
cell_type,Li32 | Y3,1,100-200,150.0,3,3,13.0,13.0,1.0,0.43849391955098227,1.0
cell_type,H2 | T5b,9,900-1000,950.0,3,1,1.0,1.0,0.3333333333333333,0.0614903152761605,0.7923450448735121
cell_type,KCab | MBON18,12,1200-1300,1250.0,1,0,0.0,0.0,0.0,0.0,0.7934567085261071
cell_type,Li33 | Tm5f,3,300-400,350.0,5,3,9.0,9.0,0.6,0.23071993220883708,0.8823817688407467
cell_type,LPi13 | T4d,15,1500-1600,1550.0,2,0,0.0,0.0,0.0,0.0,0.6576280471103807
cell_type,LPi12 | T4b,9,900-1000,950.0,2,1,1.0,1.0,0.5,0.09452865480086614,0.9054713451991339
cell_type,LT62 | T2a,13,1300-1400,1350.0,1,0,0.0,0.0,0.0,0.0,0.7934567085261071
cell_type,Li31 | Tm4,9,900-1000,950.0,4,2,5.0,5.0,0.5,0.15003570882017148,0.8499642911798285
cell_type,LPi12 | T4b,8,800-900,850.0,3,1,4.0,4.0,0.3333333333333333,0.0614903152761605,0.7923450448735121
cell_type,LPi15 | T4b,5,500-600,550.0,1,1,4.0,4.0,1.0,0.20654329147389294,1.0
cell_type,Mi13 | cM05,19,1900-2000,1950.0,2,2,28.0,28.0,1.0,0.34237195288961925,1.0
cell_type,LT33 | T5d,6,600-700,650.0,1,0,0.0,0.0,0.0,0.0,0.7934567085261071
cell_type,CT1 | T4c,3,300-400,350.0,1,0,0.0,0.0,0.0,0.0,0.7934567085261071
cell_type,Li31 | Tm4,14,1400-1500,1450.0,1,0,0.0,0.0,0.0,0.0,0.7934567085261071
cell_type,CB2049 | LC15,5,500-600,550.0,3,0,0.0,0.0,0.0,0.0,0.5615060804490177
cell_type,LPi13 | T5d,6,600-700,650.0,5,4,7.0,7.0,0.8,0.3755282641185388,0.9637768390302125
cell_type,Am1 | T5b,4,400-500,450.0,1,0,0.0,0.0,0.0,0.0,0.7934567085261071
cell_type,LPi12 | T5b,11,1100-1200,1150.0,1,0,0.0,0.0,0.0,0.0,0.7934567085261071
cell_type,Am1 | T4b,3,300-400,350.0,2,0,0.0,0.0,0.0,0.0,0.6576280471103807
cell_type,APL | KCab,10,1000-1100,1050.0,2,0,0.0,0.0,0.0,0.0,0.6576280471103807
cell_type,LC17 | PVLP018,15,1500-1600,1550.0,1,0,0.0,0.0,0.0,0.0,0.7934567085261071
cell_type,LPi13 | T5d,5,500-600,550.0,3,2,3.0,3.0,0.6666666666666666,0.2076549551264879,0.9385096847238394
cell_type,Li32 | Y3,2,200-300,250.0,1,0,0.0,0.0,0.0,0.0,0.7934567085261071
cell_type,LT1d | T3,15,1500-1600,1550.0,1,0,0.0,0.0,0.0,0.0,0.7934567085261071
cell_type,CT1 | T4d,6,600-700,650.0,1,0,0.0,0.0,0.0,0.0,0.7934567085261071
cell_type,LPi12 | T4b,12,1200-1300,1250.0,1,1,2.0,2.0,1.0,0.20654329147389294,1.0
cell_type,Li30 | TmY5a,3,300-400,350.0,3,0,0.0,0.0,0.0,0.0,0.5615060804490177
cell_type,Li33 | Tm5f,9,900-1000,950.0,1,1,1.0,1.0,1.0,0.20654329147389294,1.0
cell_type,Sm40 | Tm5d,9,900-1000,950.0,1,0,0.0,0.0,0.0,0.0,0.7934567085261071
cell_type,Pm12 | Tm2,16,1600-1700,1650.0,4,0,0.0,0.0,0.0,0.0,0.48990002040399916
cell_type,LPi13 | T4d,19,1900-2000,1950.0,1,0,0.0,0.0,0.0,0.0,0.7934567085261071
cell_type,LT1b | T2a,8,800-900,850.0,1,0,0.0,0.0,0.0,0.0,0.7934567085261071
cell_type,LT83 | T2a,15,1500-1600,1550.0,1,0,0.0,0.0,0.0,0.0,0.7934567085261071
cell_type,CT1 | T4b,8,800-900,850.0,1,0,0.0,0.0,0.0,0.0,0.7934567085261071
cell_type,CT1 | Tm1,7,700-800,750.0,4,4,21.0,21.0,1.0,0.5100999795960008,1.0
cell_type,LT1d | T3,5,500-600,550.0,2,1,3.0,3.0,0.5,0.09452865480086614,0.9054713451991339
cell_type,Dm10 | aMe17c,16,1600-1700,1650.0,3,3,29.0,29.0,1.0,0.43849391955098227,1.0
cell_type,LT62 | T2a,18,1800-1900,1850.0,1,0,0.0,0.0,0.0,0.0,0.7934567085261071
cell_type,KCapbp-ap1 | MBON12,6,600-700,650.0,1,1,2.0,2.0,1.0,0.20654329147389294,1.0
cell_type,CB0744 | LC11,5,500-600,550.0,2,1,1.0,1.0,0.5,0.09452865480086614,0.9054713451991339
cell_type,CT1 | T4a,3,300-400,350.0,1,1,1.0,1.0,1.0,0.20654329147389294,1.0
cell_type,CT1 | Tm1,9,900-1000,950.0,4,4,38.0,38.0,1.0,0.5100999795960008,1.0
cell_type,KCab | MBON18,16,1600-1700,1650.0,4,0,0.0,0.0,0.0,0.0,0.48990002040399916
cell_type,LT11 | Tm25,6,600-700,650.0,1,0,0.0,0.0,0.0,0.0,0.7934567085261071
cell_type,Li32 | TmY5a,3,300-400,350.0,2,2,5.0,5.0,1.0,0.34237195288961925,1.0
cell_type,LT1a | T2a,2,200-300,250.0,4,3,37.0,37.0,0.75,0.3006360524426366,0.9544139373553637
cell_type,LT1a | T2a,18,1800-1900,1850.0,1,0,0.0,0.0,0.0,0.0,0.7934567085261071
cell_type,Li32 | TmY5a,9,900-1000,950.0,1,0,0.0,0.0,0.0,0.0,0.7934567085261071
cell_type,LPi12 | T5b,13,1300-1400,1350.0,1,0,0.0,0.0,0.0,0.0,0.7934567085261071
cell_type,LPi12 | T5b,10,1000-1100,1050.0,2,1,1.0,1.0,0.5,0.09452865480086614,0.9054713451991339
cell_type,Li30 | Y3,3,300-400,350.0,1,0,0.0,0.0,0.0,0.0,0.7934567085261071
cell_type,CT1 | T4a,1,100-200,150.0,2,0,0.0,0.0,0.0,0.0,0.6576280471103807
cell_type,LPi13 | T5d,13,1300-1400,1350.0,1,1,3.0,3.0,1.0,0.20654329147389294,1.0
cell_type,LPi13 | T4d,17,1700-1800,1750.0,2,1,1.0,1.0,0.5,0.09452865480086614,0.9054713451991339
cell_type,LTe26 | Tm25,18,1800-1900,1850.0,3,1,14.0,14.0,0.3333333333333333,0.0614903152761605,0.7923450448735121
cell_type,Li30 | TmY5a,2,200-300,250.0,2,2,8.0,8.0,1.0,0.34237195288961925,1.0
cell_type,Am1 | TmY5a,12,1200-1300,1250.0,1,0,0.0,0.0,0.0,0.0,0.7934567085261071
cell_type,CT1 | Tm9,11,1100-1200,1150.0,1,0,0.0,0.0,0.0,0.0,0.7934567085261071
cell_type,LPi12 | T5b,5,500-600,550.0,3,2,4.0,4.0,0.6666666666666666,0.2076549551264879,0.9385096847238394
cell_type,Pm12 | Tm2,13,1300-1400,1350.0,1,0,0.0,0.0,0.0,0.0,0.7934567085261071
cell_type,LPi12 | T5b,15,1500-1600,1550.0,1,0,0.0,0.0,0.0,0.0,0.7934567085261071
cell_type,LT1d | T3,9,900-1000,950.0,1,1,1.0,1.0,1.0,0.20654329147389294,1.0
cell_type,Li28 | TmY9q__perp,9,900-1000,950.0,1,1,1.0,1.0,1.0,0.20654329147389294,1.0
cell_type,Li30 | TmY5a,7,700-800,750.0,1,0,0.0,0.0,0.0,0.0,0.7934567085261071
cell_type,LT62 | T2a,9,900-1000,950.0,3,1,1.0,1.0,0.3333333333333333,0.0614903152761605,0.7923450448735121
cell_type,LPi12 | T5b,14,1400-1500,1450.0,1,0,0.0,0.0,0.0,0.0,0.7934567085261071
cell_type,Li28 | TmY9q,7,700-800,750.0,1,1,1.0,1.0,1.0,0.20654329147389294,1.0
cell_type,LT1b | T2a,9,900-1000,950.0,2,0,0.0,0.0,0.0,0.0,0.6576280471103807
cell_type,Mi15 | Sm39,5,500-600,550.0,4,1,3.0,3.0,0.25,0.045586062644636216,0.6993639475573634
cell_type,KCapbp-m | MBON09,2,200-300,250.0,1,1,1.0,1.0,1.0,0.20654329147389294,1.0
cell_type,LPi13 | T5d,16,1600-1700,1650.0,2,0,0.0,0.0,0.0,0.0,0.6576280471103807
cell_type,CT1 | Tm1,18,1800-1900,1850.0,2,1,4.0,4.0,0.5,0.09452865480086614,0.9054713451991339
cell_type,LTe26 | Tm25,10,1000-1100,1050.0,1,1,20.0,20.0,1.0,0.20654329147389294,1.0
cell_type,Li30 | TmY5a,14,1400-1500,1450.0,1,0,0.0,0.0,0.0,0.0,0.7934567085261071
cell_type,H2 | T5b,10,1000-1100,1050.0,1,0,0.0,0.0,0.0,0.0,0.7934567085261071
cell_type,LPi12 | T5b,8,800-900,850.0,3,1,1.0,1.0,0.3333333333333333,0.0614903152761605,0.7923450448735121
cell_type,BM_InOm | CB0109,6,600-700,650.0,1,1,4.0,4.0,1.0,0.20654329147389294,1.0
cell_type,KCab | MBON18,3,300-400,350.0,2,2,5.0,5.0,1.0,0.34237195288961925,1.0
cell_type,KCab | MBON18,11,1100-1200,1150.0,1,0,0.0,0.0,0.0,0.0,0.7934567085261071
cell_type,LPi13 | T4d,7,700-800,750.0,1,0,0.0,0.0,0.0,0.0,0.7934567085261071
cell_type,LT11 | Tm25,5,500-600,550.0,1,1,21.0,21.0,1.0,0.20654329147389294,1.0
cell_type,LT33 | T5d,3,300-400,350.0,2,0,0.0,0.0,0.0,0.0,0.6576280471103807
cell_type,Li30 | TmY5a,4,400-500,450.0,2,0,0.0,0.0,0.0,0.0,0.6576280471103807
cell_type,Am1 | T4b,16,1600-1700,1650.0,1,0,0.0,0.0,0.0,0.0,0.7934567085261071
cell_type,Mi15 | Sm39,19,1900-2000,1950.0,2,2,8.0,8.0,1.0,0.34237195288961925,1.0
cell_type,KCab | MBON18,4,400-500,450.0,1,1,5.0,5.0,1.0,0.20654329147389294,1.0
cell_type,LC18 | PVLP108,3,300-400,350.0,2,1,5.0,5.0,0.5,0.09452865480086614,0.9054713451991339
cell_type,Li32 | TmY5a,7,700-800,750.0,3,0,0.0,0.0,0.0,0.0,0.5615060804490177
cell_type,BM_InOm | CB0109,7,700-800,750.0,1,1,2.0,2.0,1.0,0.20654329147389294,1.0
cell_type,LPi13 | T5d,18,1800-1900,1850.0,2,0,0.0,0.0,0.0,0.0,0.6576280471103807
cell_type,LPi13 | T4d,14,1400-1500,1450.0,2,0,0.0,0.0,0.0,0.0,0.6576280471103807
cell_type,Mi15 | Sm39,11,1100-1200,1150.0,1,1,5.0,5.0,1.0,0.20654329147389294,1.0
cell_type,APL | KCab,2,200-300,250.0,1,0,0.0,0.0,0.0,0.0,0.7934567085261071
cell_type,LPi15 | T4b,3,300-400,350.0,3,2,9.0,9.0,0.6666666666666666,0.2076549551264879,0.9385096847238394
cell_type,LT1b | T2a,5,500-600,550.0,1,0,0.0,0.0,0.0,0.0,0.7934567085261071
cell_type,Am1 | T4b,7,700-800,750.0,2,0,0.0,0.0,0.0,0.0,0.6576280471103807
cell_type,CT1 | Tm9,7,700-800,750.0,1,0,0.0,0.0,0.0,0.0,0.7934567085261071
cell_type,LPLC2 | PVLP111,5,500-600,550.0,1,1,1.0,1.0,1.0,0.20654329147389294,1.0
cell_type,Li32 | Y3,17,1700-1800,1750.0,1,0,0.0,0.0,0.0,0.0,0.7934567085261071
cell_type,KCab | MBON18,5,500-600,550.0,1,1,1.0,1.0,1.0,0.20654329147389294,1.0
cell_type,KCab | MBON18,14,1400-1500,1450.0,1,0,0.0,0.0,0.0,0.0,0.7934567085261071
cell_type,LT62 | T2a,16,1600-1700,1650.0,2,0,0.0,0.0,0.0,0.0,0.6576280471103807
cell_type,LT83 | T2a,18,1800-1900,1850.0,1,0,0.0,0.0,0.0,0.0,0.7934567085261071
cell_type,KCab | MBON07,2,200-300,250.0,1,1,1.0,1.0,1.0,0.20654329147389294,1.0
cell_type,LT42 | Y3,4,400-500,450.0,2,2,8.0,8.0,1.0,0.34237195288961925,1.0
cell_type,LT42 | Y3,11,1100-1200,1150.0,1,1,2.0,2.0,1.0,0.20654329147389294,1.0
cell_type,LT62 | T2a,17,1700-1800,1750.0,2,0,0.0,0.0,0.0,0.0,0.6576280471103807
cell_type,CB1340 | LC12,6,600-700,650.0,1,0,0.0,0.0,0.0,0.0,0.7934567085261071
cell_type,Mi15 | Sm39,18,1800-1900,1850.0,2,2,7.0,7.0,1.0,0.34237195288961925,1.0
cell_type,CT1 | Tm1,16,1600-1700,1650.0,1,0,0.0,0.0,0.0,0.0,0.7934567085261071
cell_type,LT1d | T3,6,600-700,650.0,1,1,3.0,3.0,1.0,0.20654329147389294,1.0
cell_type,Sm40 | Tm5d,16,1600-1700,1650.0,1,0,0.0,0.0,0.0,0.0,0.7934567085261071
cell_type,H2 | T5b,7,700-800,750.0,1,1,2.0,2.0,1.0,0.20654329147389294,1.0
cell_type,KCapbp-m | PPL103,5,500-600,550.0,1,1,1.0,1.0,1.0,0.20654329147389294,1.0
cell_type,Li31 | Tm4,8,800-900,850.0,3,0,0.0,0.0,0.0,0.0,0.5615060804490177
cell_type,Li29 | Y3,13,1300-1400,1350.0,1,1,2.0,2.0,1.0,0.20654329147389294,1.0
cell_type,KCapbp-ap1 | MBON12,8,800-900,850.0,1,1,2.0,2.0,1.0,0.20654329147389294,1.0
cell_type,LT1a | T2a,9,900-1000,950.0,2,0,0.0,0.0,0.0,0.0,0.6576280471103807
cell_type,APL | KCg-m,19,1900-2000,1950.0,1,0,0.0,0.0,0.0,0.0,0.7934567085261071
cell_type,LT83 | T2a,8,800-900,850.0,1,1,4.0,4.0,1.0,0.20654329147389294,1.0
cell_type,LC17 | PVLP018,6,600-700,650.0,1,1,1.0,1.0,1.0,0.20654329147389294,1.0
cell_type,CB1088 | LC18,6,600-700,650.0,2,0,0.0,0.0,0.0,0.0,0.6576280471103807
cell_type,Li28 | TmY9q__perp,10,1000-1100,1050.0,1,0,0.0,0.0,0.0,0.0,0.7934567085261071
cell_type,DPM | KCg-m,1,100-200,150.0,1,1,7.0,7.0,1.0,0.20654329147389294,1.0
cell_type,LT1d | T3,4,400-500,450.0,1,0,0.0,0.0,0.0,0.0,0.7934567085261071
cell_type,LTe26 | Tm25,5,500-600,550.0,1,1,10.0,10.0,1.0,0.20654329147389294,1.0
cell_type,Sm40 | Tm5d,13,1300-1400,1350.0,1,0,0.0,0.0,0.0,0.0,0.7934567085261071
cell_type,CT1 | T4b,7,700-800,750.0,1,0,0.0,0.0,0.0,0.0,0.7934567085261071
cell_type,KCapbp-m | PPL103,4,400-500,450.0,3,2,3.0,3.0,0.6666666666666666,0.2076549551264879,0.9385096847238394
cell_type,LT42 | Y3,9,900-1000,950.0,1,1,4.0,4.0,1.0,0.20654329147389294,1.0
cell_type,KCab | MBON07,1,100-200,150.0,3,3,8.0,8.0,1.0,0.43849391955098227,1.0
cell_type,Am1 | TmY5a,11,1100-1200,1150.0,1,0,0.0,0.0,0.0,0.0,0.7934567085261071
cell_type,KCab | MBON07,3,300-400,350.0,1,1,2.0,2.0,1.0,0.20654329147389294,1.0
cell_type,LT83 | T2a,12,1200-1300,1250.0,1,0,0.0,0.0,0.0,0.0,0.7934567085261071
cell_type,LT1b | T2a,4,400-500,450.0,1,0,0.0,0.0,0.0,0.0,0.7934567085261071
cell_type,KCg-m | MBON05,3,300-400,350.0,1,1,4.0,4.0,1.0,0.20654329147389294,1.0
cell_type,LPi13 | T4d,9,900-1000,950.0,2,0,0.0,0.0,0.0,0.0,0.6576280471103807
cell_type,LPi13 | T4d,10,1000-1100,1050.0,1,0,0.0,0.0,0.0,0.0,0.7934567085261071
cell_type,LPi13 | T5d,14,1400-1500,1450.0,1,0,0.0,0.0,0.0,0.0,0.7934567085261071
cell_type,CT1 | T4c,2,200-300,250.0,2,2,2.0,2.0,1.0,0.34237195288961925,1.0
cell_type,Li29 | Y3,12,1200-1300,1250.0,1,1,1.0,1.0,1.0,0.20654329147389294,1.0
cell_type,CT1 | Tm9,14,1400-1500,1450.0,1,1,9.0,9.0,1.0,0.20654329147389294,1.0
cell_type,LPi12 | T5b,7,700-800,750.0,1,1,2.0,2.0,1.0,0.20654329147389294,1.0
cell_type,CB0785 | LC18,6,600-700,650.0,1,0,0.0,0.0,0.0,0.0,0.7934567085261071
cell_type,LPi15 | T5b,5,500-600,550.0,1,0,0.0,0.0,0.0,0.0,0.7934567085261071
cell_type,Sm40 | Tm5d,5,500-600,550.0,1,0,0.0,0.0,0.0,0.0,0.7934567085261071
cell_type,LT1a | T2a,3,300-400,350.0,1,0,0.0,0.0,0.0,0.0,0.7934567085261071
cell_type,CT1 | T5a,2,200-300,250.0,1,0,0.0,0.0,0.0,0.0,0.7934567085261071
cell_type,H2 | T5b,13,1300-1400,1350.0,1,0,0.0,0.0,0.0,0.0,0.7934567085261071
cell_type,Li32 | Y3,3,300-400,350.0,1,0,0.0,0.0,0.0,0.0,0.7934567085261071
cell_type,CB0744 | LC11,8,800-900,850.0,1,1,1.0,1.0,1.0,0.20654329147389294,1.0
cell_type,LT62 | T2a,19,1900-2000,1950.0,2,0,0.0,0.0,0.0,0.0,0.6576280471103807
cell_type,LPi13 | T4d,4,400-500,450.0,1,1,2.0,2.0,1.0,0.20654329147389294,1.0
cell_type,LT83 | T2a,10,1000-1100,1050.0,1,0,0.0,0.0,0.0,0.0,0.7934567085261071
cell_type,Li32 | TmY5a,5,500-600,550.0,2,1,2.0,2.0,0.5,0.09452865480086614,0.9054713451991339
cell_type,Sm40 | Tm5d,8,800-900,850.0,1,0,0.0,0.0,0.0,0.0,0.7934567085261071
cell_type,CT1 | Tm9,6,600-700,650.0,1,0,0.0,0.0,0.0,0.0,0.7934567085261071
cell_type,Dm10 | aMe17c,14,1400-1500,1450.0,1,1,7.0,7.0,1.0,0.20654329147389294,1.0
cell_type,LT1b | T2a,6,600-700,650.0,1,0,0.0,0.0,0.0,0.0,0.7934567085261071
cell_type,CT1 | T4c,8,800-900,850.0,1,0,0.0,0.0,0.0,0.0,0.7934567085261071
cell_type,LT33 | T5d,10,1000-1100,1050.0,1,0,0.0,0.0,0.0,0.0,0.7934567085261071
cell_type,Li33 | Tm5f,11,1100-1200,1150.0,1,0,0.0,0.0,0.0,0.0,0.7934567085261071
cell_type,LT1d | T3,12,1200-1300,1250.0,1,0,0.0,0.0,0.0,0.0,0.7934567085261071
cell_type,Li29 | Y3,18,1800-1900,1850.0,1,1,5.0,5.0,1.0,0.20654329147389294,1.0
cell_type,APL | KCg-m,13,1300-1400,1350.0,1,0,0.0,0.0,0.0,0.0,0.7934567085261071
