partition,pair_key,distance_bin,distance_bin_nm,distance_mid_nm,near_pair_count,connected_near_pair_count,syn_count_sum,connected_syn_count_sum,fraction_connected,fraction_ci_low,fraction_ci_high
cell_class,ALIN | ALLN,0,0-100,50.0,1659,1119,26080.0,26080.0,0.674502712477396,0.6515745168179161,0.6966246141155414
cell_class,ALIN | ALLN,1,100-200,150.0,455,214,1086.0,1086.0,0.4703296703296703,0.4249076504069185,0.5162485132887881
cell_class,ALIN | ALLN,2,200-300,250.0,291,107,638.0,638.0,0.36769759450171824,0.3143555537458785,0.4244872689765597
cell_class,ALIN | ALLN,3,300-400,350.0,261,100,747.0,747.0,0.3831417624521073,0.3262611461727005,0.44341250026350887
cell_class,ALIN | ALLN,6,600-700,650.0,244,66,284.0,284.0,0.27049180327868855,0.2186303533202934,0.3294681095689069
cell_class,ALIN | ALLN,8,800-900,850.0,200,39,135.0,135.0,0.195,0.14605441564505764,0.2554416479651182
cell_class,ALIN | ALLN,10,1000-1100,1050.0,184,35,115.0,115.0,0.19021739130434784,0.14006970590718928,0.253035974623641
cell_class,ALIN | ALLN,11,1100-1200,1150.0,166,18,43.0,43.0,0.10843373493975904,0.06969712284719076,0.16488380432259567
cell_class,ALIN | ALLN,15,1500-1600,1550.0,141,17,36.0,36.0,0.12056737588652482,0.07665405308915482,0.18460790480139597
cell_class,ALIN | ALLN,17,1700-1800,1750.0,124,14,31.0,31.0,0.11290322580645161,0.0684553693698627,0.18061535565235226
cell_class,ALIN | ALLN,18,1800-1900,1850.0,139,11,18.0,18.0,0.07913669064748201,0.044760817373266724,0.13615006573081498
cell_class,ALLN | ALLN,0,0-100,50.0,23981,15704,313004.0,313004.0,0.6548517576414662,0.6488101541243866,0.6608437566189723
cell_class,ALLN | ALLN,1,100-200,150.0,4534,1534,4390.0,4390.0,0.3383325981473313,0.3247022914447012,0.3522366303545966
cell_class,ALLN | ALLN,2,200-300,250.0,2721,770,1920.0,1920.0,0.28298419698640204,0.26637398908902393,0.3002063214875615
cell_class,ALLN | ALLN,3,300-400,350.0,2224,544,1332.0,1332.0,0.2446043165467626,0.22718948395318617,0.2628999371259426
cell_class,ALLN | ALLN,4,400-500,450.0,2127,447,948.0,948.0,0.21015514809590974,0.19337079007852936,0.22798460302061052
cell_class,ALLN | ALLN,5,500-600,550.0,1857,332,697.0,697.0,0.17878298330640818,0.16202370675350022,0.19686852781391276
cell_class,ALLN | ALLN,6,600-700,650.0,1782,323,670.0,670.0,0.18125701459034793,0.1640623530442588,0.19982299938565434
cell_class,ALLN | ALLN,7,700-800,750.0,1678,218,419.0,419.0,0.1299165673420739,0.11467114443228626,0.14685265186339347
cell_class,ALLN | ALLN,8,800-900,850.0,1512,190,358.0,358.0,0.12566137566137567,0.10989643815124149,0.1433236872233359
cell_class,ALLN | ALLN,9,900-1000,950.0,1352,166,325.0,325.0,0.1227810650887574,0.10634806981240874,0.1413516614836365
cell_class,ALLN | ALLN,10,1000-1100,1050.0,1225,144,238.0,238.0,0.11755102040816326,0.10069895782453966,0.1367943041223215
cell_class,ALLN | ALLN,11,1100-1200,1150.0,1184,116,202.0,202.0,0.09797297297297297,0.0823172897110148,0.11622904845393915
cell_class,ALLN | ALLN,12,1200-1300,1250.0,1044,102,183.0,183.0,0.09770114942528736,0.08113799312429974,0.11721412421862688
cell_class,ALLN | ALLN,13,1300-1400,1350.0,955,71,123.0,123.0,0.0743455497382199,0.05935875416920948,0.09274311542009496
cell_class,ALLN | ALLN,14,1400-1500,1450.0,974,72,163.0,163.0,0.07392197125256673,0.059111109787420485,0.09208065787719921
cell_class,ALLN | ALLN,15,1500-1600,1550.0,930,67,106.0,106.0,0.07204301075268817,0.05712671798788241,0.09048032800364333
cell_class,ALLN | ALLN,17,1700-1800,1750.0,748,35,51.0,51.0,0.04679144385026738,0.033834289984932236,0.06438001473031629
cell_class,ALLN | ALLN,18,1800-1900,1850.0,729,41,67.0,67.0,0.056241426611796985,0.04172569245900105,0.07540957933779652
cell_class,ALLN | ALPN,0,0-100,50.0,50534,31921,431014.0,431014.0,0.6316737246210472,0.6274582728972882,0.6358691581657749
cell_class,ALLN | ALPN,1,100-200,150.0,8751,2418,6691.0,6691.0,0.27631127871100447,0.2670417758198316,0.28577708957231907
cell_class,ALLN | ALPN,2,200-300,250.0,5090,1107,2828.0,2828.0,0.2174852652259332,0.20636724762251163,0.22902940860645316
cell_class,ALLN | ALPN,3,300-400,350.0,4427,846,2051.0,2051.0,0.19110006776598149,0.1797879307921226,0.20294784563464022
cell_class,ALLN | ALPN,4,400-500,450.0,4194,649,1542.0,1542.0,0.1547448736289938,0.14411556857149094,0.16600609013997647
cell_class,ALLN | ALPN,5,500-600,550.0,3666,528,1118.0,1118.0,0.14402618657937807,0.13303257888787878,0.1557650629503956
cell_class,ALLN | ALPN,6,600-700,650.0,3636,434,979.0,979.0,0.11936193619361936,0.10922315047208342,0.13030419599266382
cell_class,ALLN | ALPN,7,700-800,750.0,3254,391,890.0,890.0,0.12015980331899201,0.10943336868717238,0.131782042154165
cell_class,ALLN | ALPN,8,800-900,850.0,3042,276,580.0,580.0,0.09072978303747535,0.08103237105171059,0.10145958782100296
cell_class,ALLN | ALPN,9,900-1000,950.0,2996,274,602.0,602.0,0.09145527369826435,0.08164983611660222,0.10230707680840022
cell_class,ALLN | ALPN,10,1000-1100,1050.0,2602,228,495.0,495.0,0.08762490392006149,0.07735951187778568,0.09910616431680729
cell_class,ALLN | ALPN,11,1100-1200,1150.0,2587,186,386.0,386.0,0.07189795129493622,0.0625654989741188,0.08249995002901593
cell_class,ALLN | ALPN,12,1200-1300,1250.0,2423,171,329.0,329.0,0.07057366900536526,0.06104102076186282,0.08146584907257551
cell_class,ALLN | ALPN,13,1300-1400,1350.0,2197,124,217.0,217.0,0.056440600819299046,0.0475423582925989,0.0668873216989098
cell_class,ALLN | ALPN,14,1400-1500,1450.0,2179,118,263.0,263.0,0.05415328132170721,0.04541115813270566,0.06446470276347664
cell_class,ALLN | ALPN,15,1500-1600,1550.0,2045,114,207.0,207.0,0.05574572127139364,0.04660920291958157,0.06654820270904292
cell_class,ALLN | ALPN,16,1600-1700,1650.0,1941,111,221.0,221.0,0.0571870170015456,0.04770479499144688,0.06841859521164217
cell_class,ALLN | ALPN,17,1700-1800,1750.0,1857,89,160.0,160.0,0.04792676359719979,0.03910960302545564,0.05861048233807021
cell_class,ALLN | ALPN,18,1800-1900,1850.0,1825,75,137.0,137.0,0.0410958904109589,0.032910738714292696,0.05120895760057679
cell_class,ALLN | ALPN,19,1900-2000,1950.0,1743,66,118.0,118.0,0.0378657487091222,0.02987357126295606,0.0478905488495945
cell_class,ALLN | hygrosensory,0,0-100,50.0,3892,3194,22241.0,22241.0,0.8206577595066804,0.8082904493113281,0.8323926831856401
cell_class,ALLN | hygrosensory,1,100-200,150.0,818,421,788.0,788.0,0.5146699266503667,0.48043128268025753,0.548771424994798
cell_class,ALLN | hygrosensory,2,200-300,250.0,530,178,299.0,299.0,0.33584905660377357,0.29694880564123377,0.3771118145876881
cell_class,ALLN | hygrosensory,3,300-400,350.0,509,145,221.0,221.0,0.28487229862475444,0.24738613755945715,0.32558142201449325
cell_class,ALLN | hygrosensory,4,400-500,450.0,472,87,111.0,111.0,0.1843220338983051,0.1519379224363045,0.22180325530015244
cell_class,ALLN | hygrosensory,6,600-700,650.0,403,34,48.0,48.0,0.08436724565756824,0.06100028576629142,0.1155834264204663
cell_class,ALLN | hygrosensory,7,700-800,750.0,397,28,52.0,52.0,0.07052896725440806,0.0492440394415623,0.10004585462132937
cell_class,ALLN | hygrosensory,9,900-1000,950.0,364,23,31.0,31.0,0.06318681318681318,0.042470009478566516,0.09302744377305047
cell_class,ALLN | hygrosensory,12,1200-1300,1250.0,345,17,27.0,27.0,0.04927536231884058,0.03098941470189193,0.07748847325642497
cell_class,ALLN | hygrosensory,13,1300-1400,1350.0,295,8,10.0,10.0,0.02711864406779661,0.013804008397806804,0.0525910316501651
cell_class,ALLN | hygrosensory,14,1400-1500,1450.0,338,5,5.0,5.0,0.014792899408284023,0.006334666166241112,0.03415660230430197
cell_class,ALLN | hygrosensory,15,1500-1600,1550.0,302,10,11.0,11.0,0.033112582781456956,0.018083533244214522,0.05987054494527966
cell_class,ALLN | hygrosensory,16,1600-1700,1650.0,292,5,6.0,6.0,0.017123287671232876,0.007335551356782339,0.03945164827977993
cell_class,ALLN | hygrosensory,17,1700-1800,1750.0,275,5,8.0,8.0,0.01818181818181818,0.007790450499376173,0.04184920154680345
cell_class,ALLN | hygrosensory,19,1900-2000,1950.0,262,5,5.0,5.0,0.019083969465648856,0.008178278585598775,0.043888817008168345
cell_class,ALLN | olfactory,0,0-100,50.0,69781,52418,250319.0,250319.0,0.7511786876083748,0.74795715133187,0.7543725695111162
cell_class,ALLN | olfactory,1,100-200,150.0,21641,10876,21765.0,21765.0,0.5025645764983134,0.49590306420752206,0.5092251784496108
cell_class,ALLN | olfactory,2,200-300,250.0,16074,5723,9684.0,9684.0,0.3560408112479781,0.3486736027000189,0.36347681430620415
cell_class,ALLN | olfactory,3,300-400,350.0,15579,4094,6291.0,6291.0,0.2627896527376597,0.2559370164168686,0.26975924683719676
cell_class,ALLN | olfactory,4,400-500,450.0,15626,3121,4556.0,4556.0,0.19973121720209908,0.1935367187683386,0.20607331950613766
cell_class,ALLN | olfactory,5,500-600,550.0,14839,2266,3089.0,3089.0,0.15270570793180133,0.14700804475022114,0.15858314339531562
cell_class,ALLN | olfactory,6,600-700,650.0,14798,1569,2090.0,2090.0,0.10602784160021625,0.1011691690398315,0.1110910135039406
cell_class,ALLN | olfactory,7,700-800,750.0,13675,1173,1552.0,1552.0,0.08577696526508227,0.08119893853615112,0.09058765485491499
cell_class,ALLN | olfactory,8,800-900,850.0,13231,890,1130.0,1130.0,0.06726626861159399,0.06312252092011905,0.0716612304774043
cell_class,ALLN | olfactory,9,900-1000,950.0,12428,646,843.0,843.0,0.05197940135178629,0.048213160434834514,0.05602253059906668
cell_class,ALLN | olfactory,10,1000-1100,1050.0,11484,489,609.0,609.0,0.04258098223615465,0.03903848941950488,0.046429402129417575
cell_class,ALLN | olfactory,11,1100-1200,1150.0,11040,400,464.0,464.0,0.036231884057971016,0.03290427403792763,0.03988213753103223
cell_class,ALLN | olfactory,12,1200-1300,1250.0,10336,307,378.0,378.0,0.02970201238390093,0.026599845999276096,0.03315364190715373
cell_class,ALLN | olfactory,13,1300-1400,1350.0,9653,243,293.0,293.0,0.025173521185123796,0.022232253733937606,0.02849257124403448
cell_class,ALLN | olfactory,14,1400-1500,1450.0,9121,216,264.0,264.0,0.023681613858129592,0.020755778613780092,0.02700851353568582
cell_class,ALLN | olfactory,15,1500-1600,1550.0,8575,132,163.0,163.0,0.015393586005830904,0.01299635863314591,0.018224826287671372
cell_class,ALLN | olfactory,16,1600-1700,1650.0,8205,155,185.0,185.0,0.018890920170627667,0.01616237538291137,0.02206976689645726
cell_class,ALLN | olfactory,17,1700-1800,1750.0,7716,127,153.0,153.0,0.016459305339554173,0.01385147607557723,0.019548380211629492
cell_class,ALLN | olfactory,18,1800-1900,1850.0,7525,106,130.0,130.0,0.014086378737541528,0.011660776571107812,0.017007856861158847
cell_class,ALLN | olfactory,19,1900-2000,1950.0,7119,92,106.0,106.0,0.012923163365641241,0.010549792997447436,0.015821929209599822
cell_class,ALPN | LHCENT,0,0-100,50.0,1527,1104,15908.0,15908.0,0.7229862475442044,0.7000011839057577,0.7448521568971053
cell_class,ALPN | LHCENT,1,100-200,150.0,657,298,1011.0,1011.0,0.4535768645357686,0.41588829193996635,0.49180517045707384
cell_class,ALPN | LHCENT,2,200-300,250.0,425,159,404.0,404.0,0.37411764705882355,0.32943221293083114,0.42105841111310494
cell_class,ALPN | LHCENT,4,400-500,450.0,367,104,264.0,264.0,0.28337874659400547,0.2397019516225997,0.33154356128641593
cell_class,ALPN | LHCENT,5,500-600,550.0,357,80,183.0,183.0,0.22408963585434175,0.18390252145056518,0.27015155657148116
cell_class,ALPN | LHCENT,7,700-800,750.0,328,49,91.0,91.0,0.14939024390243902,0.11488039275559753,0.19201783820760898
cell_class,ALPN | LHCENT,9,900-1000,950.0,275,34,52.0,52.0,0.12363636363636364,0.08983910209451222,0.16780394686231487
cell_class,ALPN | LHCENT,10,1000-1100,1050.0,271,20,49.0,49.0,0.07380073800738007,0.048279228366164606,0.1112366527813764
cell_class,ALPN | LHCENT,11,1100-1200,1150.0,250,21,35.0,35.0,0.084,0.055595617989370606,0.12499574292231608
cell_class,ALPN | LHCENT,12,1200-1300,1250.0,237,9,11.0,11.0,0.0379746835443038,0.020104803732595503,0.0705838480617789
cell_class,ALPN | LHCENT,13,1300-1400,1350.0,220,13,29.0,29.0,0.05909090909090909,0.03485440469545523,0.0984612971222587
cell_class,ALPN | LHCENT,14,1400-1500,1450.0,211,7,21.0,21.0,0.03317535545023697,0.016161116814690984,0.06688425242478592
cell_class,ALPN | LHCENT,16,1600-1700,1650.0,210,6,9.0,9.0,0.02857142857142857,0.013158766465437628,0.060922235547267105
cell_class,ALPN | LHCENT,17,1700-1800,1750.0,178,8,9.0,9.0,0.0449438202247191,0.02294671764354001,0.08616802837717252
cell_class,ALPN | LHCENT,18,1800-1900,1850.0,186,3,3.0,3.0,0.016129032258064516,0.005500129644394957,0.0463409842105241
cell_class,ALPN | LHCENT,19,1900-2000,1950.0,156,2,2.0,2.0,0.01282051282051282,0.003522843269481466,0.04553572471282101
cell_class,ALPN | LHLN,0,0-100,50.0,13808,10080,117746.0,117746.0,0.7300115874855156,0.7225433138341221,0.737351911144421
cell_class,ALPN | LHLN,1,100-200,150.0,6661,3312,10768.0,10768.0,0.49722263924335686,0.48522028221695634,0.5092281979989876
cell_class,ALPN | LHLN,2,200-300,250.0,4316,1698,4470.0,4470.0,0.3934198331788693,0.37894649171312933,0.4080827363956049
cell_class,ALPN | LHLN,3,300-400,350.0,3905,1208,2941.0,2941.0,0.30934699103713187,0.29504260069801114,0.3240261280015605
cell_class,ALPN | LHLN,4,400-500,450.0,3870,983,2168.0,2168.0,0.25400516795865635,0.2405389376027442,0.26795929319740014
cell_class,ALPN | LHLN,5,500-600,550.0,3531,735,1558.0,1558.0,0.20815632965165676,0.19508575157307365,0.22186124825854545
cell_class,ALPN | LHLN,6,600-700,650.0,3542,653,1242.0,1242.0,0.18435911914172784,0.17193275969932756,0.19746941551346256
cell_class,ALPN | LHLN,7,700-800,750.0,3243,451,837.0,837.0,0.13906876349059513,0.1275860254283194,0.15140559522850602
cell_class,ALPN | LHLN,8,800-900,850.0,3169,398,786.0,786.0,0.125591669296308,0.11450502104742613,0.137584966678403
cell_class,ALPN | LHLN,9,900-1000,950.0,3065,319,573.0,573.0,0.10407830342577488,0.09375857460291492,0.11538926802278465
cell_class,ALPN | LHLN,10,1000-1100,1050.0,2693,243,455.0,455.0,0.0902339398440401,0.07998810569472252,0.10164718204334854
cell_class,ALPN | LHLN,11,1100-1200,1150.0,2725,230,424.0,424.0,0.08440366972477065,0.07454197341590806,0.09543549980936088
cell_class,ALPN | LHLN,12,1200-1300,1250.0,2577,165,296.0,296.0,0.0640279394644936,0.055209843892149967,0.07414392969860432
cell_class,ALPN | LHLN,13,1300-1400,1350.0,2360,131,259.0,259.0,0.055508474576271186,0.046972110819367204,0.06548957020020704
cell_class,ALPN | LHLN,14,1400-1500,1450.0,2350,119,223.0,223.0,0.05063829787234043,0.04248363386408162,0.0602597283060831
cell_class,ALPN | LHLN,15,1500-1600,1550.0,2083,82,132.0,132.0,0.039366298607777246,0.031827703568222496,0.04860082536277063
cell_class,ALPN | LHLN,16,1600-1700,1650.0,2139,91,150.0,150.0,0.04254324450677887,0.03477862225960133,0.051948086798128366
cell_class,ALPN | LHLN,17,1700-1800,1750.0,1946,63,101.0,101.0,0.03237410071942446,0.025385447216071808,0.041205397906937155
cell_class,ALPN | LHLN,18,1800-1900,1850.0,1846,59,107.0,107.0,0.031960996749729145,0.024858493415634217,0.04100747045932675
cell_class,ALPN | LHLN,19,1900-2000,1950.0,1858,68,115.0,115.0,0.03659849300322928,0.02897179047020529,0.046137499170760946
cell_class,AN | mechanosensory,0,0-100,50.0,13142,9897,40360.0,40360.0,0.753081722721047,0.7456358314234202,0.7603796982327413
cell_class,AN | mechanosensory,1,100-200,150.0,5405,2890,6479.0,6479.0,0.5346901017576319,0.5213723439676714,0.5479585826396081
cell_class,AN | mechanosensory,2,200-300,250.0,3640,1488,2903.0,2903.0,0.4087912087912088,0.392924701830462,0.4248500334928297
cell_class,AN | mechanosensory,3,300-400,350.0,3543,1158,2061.0,2061.0,0.3268416596104996,0.3115910835256457,0.34246733284118624
cell_class,AN | mechanosensory,4,400-500,450.0,3510,949,1673.0,1673.0,0.27037037037037037,0.25593353590100687,0.285309302136997
cell_class,AN | mechanosensory,5,500-600,550.0,3205,683,1164.0,1164.0,0.21310452418096723,0.19927490939744782,0.22762107699215764
cell_class,AN | mechanosensory,6,600-700,650.0,3270,598,1008.0,1008.0,0.18287461773700306,0.16999967311035596,0.1964938065986196
cell_class,AN | mechanosensory,7,700-800,750.0,3058,462,817.0,817.0,0.1510791366906475,0.13882407055548926,0.16420976372254784
cell_class,AN | mechanosensory,8,800-900,850.0,3017,376,638.0,638.0,0.12462711302618495,0.1133161715138576,0.13689277687986154
cell_class,AN | mechanosensory,9,900-1000,950.0,3023,327,576.0,576.0,0.10817069136619252,0.09759168333353735,0.11974430147650361
cell_class,AN | mechanosensory,10,1000-1100,1050.0,2796,258,418.0,418.0,0.09227467811158799,0.0820991999954256,0.10356901780661008
cell_class,AN | mechanosensory,11,1100-1200,1150.0,2945,242,393.0,393.0,0.08217317487266554,0.07279023402874497,0.09264476254753774
cell_class,AN | mechanosensory,12,1200-1300,1250.0,2886,211,381.0,381.0,0.07311157311157311,0.06417080276894291,0.08318730848532097
cell_class,AN | mechanosensory,13,1300-1400,1350.0,2831,217,363.0,363.0,0.07665135994348286,0.06741484462711864,0.08703526644787052
cell_class,AN | mechanosensory,14,1400-1500,1450.0,2851,161,255.0,255.0,0.05647141353910908,0.04857970385856765,0.06555678623601413
cell_class,AN | mechanosensory,15,1500-1600,1550.0,2708,132,244.0,244.0,0.04874446085672083,0.04125387277674704,0.0575135478572605
cell_class,AN | mechanosensory,16,1600-1700,1650.0,2732,130,215.0,215.0,0.04758418740849195,0.040216916279655186,0.05622200035937832
cell_class,AN | mechanosensory,17,1700-1800,1750.0,2868,116,217.0,217.0,0.040446304044630406,0.03382959883668986,0.048292479205497424
cell_class,AN | mechanosensory,18,1800-1900,1850.0,2799,99,159.0,159.0,0.03536977491961415,0.029138630712168205,0.042874571889077624
cell_class,AN | mechanosensory,19,1900-2000,1950.0,2726,95,137.0,137.0,0.034849596478356566,0.02859318914706392,0.04241517998321821
cell_class,CX | CX,0,0-100,50.0,343728,184867,1265920.0,1265920.0,0.5378293301680398,0.5361621605639317,0.5394956541993077
cell_class,CX | CX,1,100-200,150.0,91879,22336,45042.0,45042.0,0.24310234112256338,0.2403394088808754,0.24588675502566187
cell_class,CX | CX,2,200-300,250.0,55261,9080,15996.0,15996.0,0.16431117786504043,0.16124492960812198,0.16742409529323593
cell_class,CX | CX,3,300-400,350.0,47491,5859,9481.0,9481.0,0.12337074393042892,0.12044339957854984,0.1263590152756982
cell_class,CX | CX,4,400-500,450.0,44498,4183,6376.0,6376.0,0.09400422490898468,0.09132758174338136,0.09675096285329889
cell_class,CX | CX,5,500-600,550.0,40153,2803,4114.0,4114.0,0.06980798445944263,0.06735641386082873,0.0723418636052955
cell_class,CX | CX,6,600-700,650.0,38996,2132,3060.0,3060.0,0.054672274079392756,0.05245940043893458,0.05697287992191693
cell_class,CX | CX,7,700-800,750.0,36352,1537,2164.0,2164.0,0.04228102992957746,0.0402603051076674,0.04439848601216187
cell_class,CX | CX,8,800-900,850.0,34640,1187,1659.0,1659.0,0.03426674364896074,0.03240207777245222,0.03623469835228333
cell_class,CX | CX,9,900-1000,950.0,33432,906,1280.0,1280.0,0.02709978463747308,0.02541279858728835,0.02889543811640509
cell_class,CX | CX,10,1000-1100,1050.0,31164,678,910.0,910.0,0.02175587216018483,0.020194120536280436,0.02343551597983944
cell_class,CX | CX,11,1100-1200,1150.0,30101,539,704.0,704.0,0.017906381847779144,0.016468615653775272,0.019467185450057805
cell_class,CX | CX,12,1200-1300,1250.0,28869,446,591.0,591.0,0.01544909764799612,0.014089510958253188,0.01693762562950823
cell_class,CX | CX,13,1300-1400,1350.0,27467,368,512.0,512.0,0.01339789565660611,0.01210464712054885,0.0148272398151612
cell_class,CX | CX,14,1400-1500,1450.0,26586,324,418.0,418.0,0.012186865267433988,0.010936652766771467,0.013578032570804973
cell_class,CX | CX,15,1500-1600,1550.0,25645,257,344.0,344.0,0.010021446675765256,0.008873636548804697,0.011316031588098605
cell_class,CX | CX,16,1600-1700,1650.0,25079,235,305.0,305.0,0.00937038956896208,0.00825082154682405,0.010640243809981458
cell_class,CX | CX,17,1700-1800,1750.0,24204,175,250.0,250.0,0.007230209882664022,0.0062382692277147675,0.00837854815925954
cell_class,CX | CX,18,1800-1900,1850.0,23528,129,175.0,175.0,0.005482828969738184,0.004616623382304361,0.006510495542378523
cell_class,CX | CX,19,1900-2000,1950.0,23198,123,156.0,156.0,0.005302181222519182,0.004446031948534482,0.006322147763544923
cell_class,CX | DAN,0,0-100,50.0,3758,856,1916.0,1916.0,0.22778073443320915,0.2146533791875279,0.2414640713717939
cell_class,CX | DAN,1,100-200,150.0,1935,223,390.0,390.0,0.11524547803617571,0.10177366093286944,0.13024199212512147
cell_class,CX | DAN,2,200-300,250.0,1371,115,175.0,175.0,0.08388037928519329,0.07034372814535962,0.09974248396809406
cell_class,CX | DAN,3,300-400,350.0,1303,87,118.0,118.0,0.06676899462778205,0.054448723701836906,0.0816363228715198
cell_class,CX | DAN,4,400-500,450.0,1341,66,104.0,104.0,0.049217002237136466,0.03887157433344855,0.06213779360995833
cell_class,CX | DAN,5,500-600,550.0,1309,52,84.0,84.0,0.03972498090145149,0.030421078719943276,0.05172257059768956
cell_class,CX | DAN,6,600-700,650.0,1356,45,77.0,77.0,0.033185840707964605,0.024893202726630356,0.0441160112877078
cell_class,CX | DAN,7,700-800,750.0,1306,31,40.0,40.0,0.023736600306278714,0.016771895702151887,0.03349494572355944
cell_class,CX | DAN,8,800-900,850.0,1367,28,34.0,34.0,0.020482809070958303,0.01420882561684133,0.02944435794572345
cell_class,CX | DAN,9,900-1000,950.0,1352,23,34.0,34.0,0.017011834319526627,0.011362229159001922,0.0253984071867187
cell_class,CX | DAN,10,1000-1100,1050.0,1293,18,23.0,23.0,0.013921113689095127,0.008823629285525719,0.021898395671107386
cell_class,CX | DAN,11,1100-1200,1150.0,1318,6,9.0,9.0,0.004552352048558422,0.0020879750500369387,0.00989651688908799
cell_class,CX | DAN,12,1200-1300,1250.0,1299,14,15.0,15.0,0.01077752117013087,0.006430640587775427,0.018009475539925743
cell_class,CX | DAN,13,1300-1400,1350.0,1348,16,20.0,20.0,0.011869436201780416,0.0073190894877783646,0.019194075960007828
cell_class,CX | DAN,14,1400-1500,1450.0,1357,15,16.0,16.0,0.01105379513633014,0.006710029483636805,0.018158110937702455
cell_class,CX | DAN,15,1500-1600,1550.0,1376,10,12.0,12.0,0.007267441860465116,0.003952247467154351,0.013326257543855606
cell_class,CX | DAN,16,1600-1700,1650.0,1440,10,10.0,10.0,0.006944444444444444,0.003776395025036617,0.012736219655133284
cell_class,CX | DAN,17,1700-1800,1750.0,1386,7,7.0,7.0,0.005050505050505051,0.0024485625029670704,0.010388583830830968
cell_class,CX | DAN,18,1800-1900,1850.0,1379,4,6.0,6.0,0.0029006526468455403,0.0011285493901560428,0.007434687353661904
cell_class,CX | DAN,19,1900-2000,1950.0,1519,5,6.0,6.0,0.0032916392363396972,0.0014067652775414156,0.00768255826077012
cell_class,CX | Kenyon_Cell,2,200-300,250.0,156,17,18.0,18.0,0.10897435897435898,0.0691586206056862,0.1675857563274776
cell_class,CX | Kenyon_Cell,3,300-400,350.0,199,24,25.0,25.0,0.12060301507537688,0.08239838727222067,0.17317837804613612
cell_class,CX | Kenyon_Cell,5,500-600,550.0,331,13,14.0,14.0,0.03927492447129909,0.0230935915341864,0.06602795130875785
cell_class,CX | Kenyon_Cell,7,700-800,750.0,532,8,8.0,8.0,0.015037593984962405,0.0076389521418323576,0.029389901161084024
cell_class,CX | Kenyon_Cell,8,800-900,850.0,664,4,4.0,4.0,0.006024096385542169,0.0023450357311230645,0.01538611488902399
cell_class,CX | Kenyon_Cell,9,900-1000,950.0,880,6,6.0,6.0,0.006818181818181818,0.0031284278275480236,0.014795145808270883
cell_class,CX | Kenyon_Cell,10,1000-1100,1050.0,1070,3,3.0,3.0,0.002803738317757009,0.0009539549549624905,0.008210897663896754
cell_class,CX | Kenyon_Cell,11,1100-1200,1150.0,1254,6,7.0,7.0,0.004784688995215311,0.0021946254167659086,0.010399647184808089
cell_class,CX | Kenyon_Cell,12,1200-1300,1250.0,1553,9,11.0,11.0,0.005795235028976175,0.0030518436438340332,0.010977586196684102
cell_class,CX | Kenyon_Cell,13,1300-1400,1350.0,1812,4,6.0,6.0,0.002207505518763797,0.0008587664281200428,0.0056625072336354745
cell_class,CX | Kenyon_Cell,14,1400-1500,1450.0,2208,6,7.0,7.0,0.002717391304347826,0.0012459645393385322,0.005916211992651825
cell_class,CX | Kenyon_Cell,15,1500-1600,1550.0,2497,0,0.0,0.0,0.0,0.0,0.0015361228795938136
cell_class,CX | Kenyon_Cell,16,1600-1700,1650.0,2802,3,3.0,3.0,0.0010706638115631692,0.00036418103921312135,0.0031433583742733707
cell_class,CX | Kenyon_Cell,17,1700-1800,1750.0,3243,5,5.0,5.0,0.001541782300339192,0.0006587217154521618,0.0036043750737475323
cell_class,CX | Kenyon_Cell,18,1800-1900,1850.0,3590,2,2.0,2.0,0.0005571030640668524,0.000152787852771412,0.002029166966828873
cell_class,CX | Kenyon_Cell,19,1900-2000,1950.0,3959,3,3.0,3.0,0.0007577671129072998,0.0002577372503677381,0.002225733196697317
cell_class,DAN | DAN,0,0-100,50.0,4463,1025,1782.0,1782.0,0.22966614384942863,0.21756131583478522,0.24223596016443538
cell_class,DAN | DAN,1,100-200,150.0,1871,124,135.0,135.0,0.06627471940138963,0.05586792830969972,0.0784589396241033
cell_class,DAN | DAN,2,200-300,250.0,1250,40,44.0,44.0,0.032,0.023586945451199003,0.043280831148333185
cell_class,DAN | DAN,3,300-400,350.0,1137,34,38.0,38.0,0.02990325417766051,0.021476778423455738,0.04149567980387398
cell_class,DAN | DAN,4,400-500,450.0,1055,26,28.0,28.0,0.024644549763033177,0.01687266183809557,0.03586572698229079
cell_class,DAN | DAN,5,500-600,550.0,1035,10,11.0,11.0,0.00966183574879227,0.005256422874944108,0.017693755477559296
cell_class,DAN | DAN,8,800-900,850.0,791,10,10.0,10.0,0.012642225031605562,0.00688119288490064,0.02311421752139918
cell_class,DAN | DAN,9,900-1000,950.0,754,4,4.0,4.0,0.005305039787798408,0.0020648694012343014,0.013560559448277257
cell_class,DAN | DAN,10,1000-1100,1050.0,803,3,3.0,3.0,0.0037359900373599006,0.0012713467778157428,0.010926338616690442
cell_class,DAN | DAN,11,1100-1200,1150.0,857,1,1.0,1.0,0.0011668611435239206,0.00020600404919735287,0.006579913359998485
cell_class,DAN | DAN,12,1200-1300,1250.0,753,2,2.0,2.0,0.0026560424966799467,0.0007286698388036215,0.009632282836102199
cell_class,DAN | DAN,13,1300-1400,1350.0,767,1,1.0,1.0,0.001303780964797914,0.00023018051908788723,0.00734803010161551
cell_class,DAN | DAN,14,1400-1500,1450.0,781,1,1.0,1.0,0.0012804097311139564,0.0002260537107546109,0.007216976831968914
cell_class,DAN | DAN,15,1500-1600,1550.0,721,3,4.0,4.0,0.004160887656033287,0.0014160392058389804,0.01216154795251396
cell_class,DAN | DAN,16,1600-1700,1650.0,675,1,1.0,1.0,0.0014814814814814814,0.0002615590168525677,0.00834368851070025
cell_class,DAN | DAN,17,1700-1800,1750.0,693,0,0.0,0.0,0.0,0.0,0.005512874087884535
cell_class,DAN | DAN,18,1800-1900,1850.0,686,1,1.0,1.0,0.0014577259475218659,0.0002573641660370621,0.008210666755844136
cell_class,DAN | DAN,19,1900-2000,1950.0,663,1,1.0,1.0,0.0015082956259426848,0.00026629399941535594,0.00849380734999056
cell_class,DAN | Kenyon_Cell,0,0-100,50.0,101920,64267,133334.0,133334.0,0.6305631868131868,0.6275951189626213,0.6335214125791019
cell_class,DAN | Kenyon_Cell,1,100-200,150.0,30872,11320,15784.0,15784.0,0.3666753044830267,0.3613165919727317,0.37206719375053743
cell_class,DAN | Kenyon_Cell,2,200-300,250.0,22911,6051,7743.0,7743.0,0.26410894330234386,0.25844019506264443,0.26985678430639476
cell_class,DAN | Kenyon_Cell,3,300-400,350.0,22325,4735,5827.0,5827.0,0.21209406494960806,0.20678139890316868,0.21750579743754964
cell_class,DAN | Kenyon_Cell,4,400-500,450.0,22356,3786,4502.0,4502.0,0.16935050993022008,0.1644908542104188,0.1743237821150908
cell_class,DAN | Kenyon_Cell,5,500-600,550.0,21073,2930,3427.0,3427.0,0.13904047833720876,0.13443474740921743,0.14377779084888667
cell_class,DAN | Kenyon_Cell,6,600-700,650.0,20853,2479,2850.0,2850.0,0.1188797774900494,0.11455699961972465,0.12334295163655762
cell_class,DAN | Kenyon_Cell,7,700-800,750.0,19772,1960,2216.0,2216.0,0.09913008294557961,0.09504215638216963,0.10337375325982508
cell_class,DAN | Kenyon_Cell,8,800-900,850.0,19479,1544,1728.0,1728.0,0.07926484932491401,0.07555342399760342,0.08314219461277422
cell_class,DAN | Kenyon_Cell,9,900-1000,950.0,18345,1305,1415.0,1415.0,0.07113654946852004,0.06750584449699115,0.07494683218860407
cell_class,DAN | Kenyon_Cell,10,1000-1100,1050.0,17667,1011,1112.0,1112.0,0.057225335371030736,0.05389551705121301,0.060747670062184025
cell_class,DAN | Kenyon_Cell,11,1100-1200,1150.0,17421,865,946.0,946.0,0.04965271798404225,0.04652507125310921,0.052978938011457095
cell_class,DAN | Kenyon_Cell,12,1200-1300,1250.0,16511,720,772.0,772.0,0.043607292108291444,0.04059694477919508,0.046829967023579944
cell_class,DAN | Kenyon_Cell,13,1300-1400,1350.0,15966,572,616.0,616.0,0.035826130527370666,0.03305303391037151,0.03882254436712376
cell_class,DAN | Kenyon_Cell,14,1400-1500,1450.0,15509,476,510.0,510.0,0.03069185634147914,0.02809131971342527,0.03352483190124731
cell_class,DAN | Kenyon_Cell,15,1500-1600,1550.0,15061,374,403.0,403.0,0.02483234844963814,0.022465589108093206,0.02744144741859687
cell_class,DAN | Kenyon_Cell,16,1600-1700,1650.0,14552,336,365.0,365.0,0.02308960967564596,0.020772326352629687,0.025658626839386366
cell_class,DAN | Kenyon_Cell,17,1700-1800,1750.0,14345,290,311.0,311.0,0.020216103171836877,0.01803814733901073,0.022650963062765535
cell_class,DAN | Kenyon_Cell,18,1800-1900,1850.0,14090,218,230.0,230.0,0.015471965933286019,0.01356211628882026,0.0176459540502135
cell_class,DAN | Kenyon_Cell,19,1900-2000,1950.0,13616,198,214.0,214.0,0.014541715628672151,0.012663518844912743,0.016693768247177963
cell_class,Kenyon_Cell | Kenyon_Cell,0,0-100,50.0,444731,143024,257990.0,257990.0,0.3215966505595517,0.32022539713962855,0.32297098606004565
cell_class,Kenyon_Cell | Kenyon_Cell,1,100-200,150.0,165894,27207,34954.0,34954.0,0.16400231473109333,0.16222826070695065,0.1657919297618806
cell_class,Kenyon_Cell | Kenyon_Cell,2,200-300,250.0,125018,15410,18699.0,18699.0,0.12326225023596601,0.12145151839508961,0.1250961344431965
cell_class,Kenyon_Cell | Kenyon_Cell,3,300-400,350.0,120546,11753,13770.0,13770.0,0.09749805053672457,0.0958362909087884,0.09918546347898347
cell_class,Kenyon_Cell | Kenyon_Cell,4,400-500,450.0,124986,9387,10700.0,10700.0,0.07510441169410974,0.07365625257412144,0.07657868939895489
cell_class,Kenyon_Cell | Kenyon_Cell,5,500-600,550.0,123380,7290,8191.0,8191.0,0.05908575133733182,0.05778374877015091,0.06041520994990243
cell_class,Kenyon_Cell | Kenyon_Cell,6,600-700,650.0,127992,5949,6574.0,6574.0,0.04647946746671667,0.045339668478140985,0.04764648990967964
cell_class,Kenyon_Cell | Kenyon_Cell,7,700-800,750.0,125909,4768,5238.0,5238.0,0.0378686193997252,0.0368282913036153,0.038937146746827356
cell_class,Kenyon_Cell | Kenyon_Cell,8,800-900,850.0,124788,3721,4053.0,4053.0,0.029818572298618458,0.028889237746418085,0.030776855040852723
cell_class,Kenyon_Cell | Kenyon_Cell,9,900-1000,950.0,123651,3059,3285.0,3285.0,0.02473898310567646,0.023887853539296827,0.025619642655660083
cell_class,Kenyon_Cell | Kenyon_Cell,10,1000-1100,1050.0,118976,2408,2579.0,2579.0,0.02023937600860678,0.019454554497805056,0.021055178371094652
cell_class,Kenyon_Cell | Kenyon_Cell,11,1100-1200,1150.0,118070,2012,2132.0,2132.0,0.01704073854493097,0.016318055537556306,0.017794848264160935
cell_class,Kenyon_Cell | Kenyon_Cell,12,1200-1300,1250.0,114298,1670,1762.0,1762.0,0.014610929325097551,0.013931431324975624,0.015323054457517665
cell_class,Kenyon_Cell | Kenyon_Cell,13,1300-1400,1350.0,112027,1318,1388.0,1388.0,0.011765020932453784,0.011150127552977588,0.012413398011039951
cell_class,Kenyon_Cell | Kenyon_Cell,14,1400-1500,1450.0,109462,1167,1230.0,1230.0,0.010661234035555718,0.01006975926871465,0.01128705456315379
cell_class,Kenyon_Cell | Kenyon_Cell,15,1500-1600,1550.0,105741,929,978.0,978.0,0.00878561768850304,0.008240713786481264,0.00936621220469635
cell_class,Kenyon_Cell | Kenyon_Cell,16,1600-1700,1650.0,104015,806,841.0,841.0,0.007748882372734702,0.007233870861529889,0.008300253294684517
cell_class,Kenyon_Cell | Kenyon_Cell,17,1700-1800,1750.0,99559,661,692.0,692.0,0.006639279221366225,0.006153502547861697,0.007163128222146377
cell_class,Kenyon_Cell | Kenyon_Cell,18,1800-1900,1850.0,98212,584,611.0,611.0,0.005946320205270232,0.005484423279812365,0.00644686581683373
cell_class,Kenyon_Cell | Kenyon_Cell,19,1900-2000,1950.0,95579,495,520.0,520.0,0.005178961905857982,0.004743364177902981,0.005654334649247183
cell_class,Kenyon_Cell | MBIN,0,0-100,50.0,10375,10368,312786.0,312786.0,0.9993253012048193,0.9986078274153464,0.9996731368109503
cell_class,Kenyon_Cell | MBON,0,0-100,50.0,60335,52789,253130.0,253130.0,0.8749316317228806,0.8722681728923066,0.8775473489224178
cell_class,Kenyon_Cell | MBON,1,100-200,150.0,6606,3586,7110.0,7110.0,0.542839842567363,0.5308052618851985,0.5548246267342202
cell_class,Kenyon_Cell | MBON,2,200-300,250.0,3949,1600,2731.0,2731.0,0.4051658647758926,0.3899533728691918,0.42056268727346596
cell_class,Kenyon_Cell | MBON,3,300-400,350.0,3554,1175,1902.0,1902.0,0.33061339335959483,0.3153369159022204,0.34625566314907846
cell_class,Kenyon_Cell | MBON,4,400-500,450.0,3453,928,1398.0,1398.0,0.2687518100202722,0.25422826423185096,0.28378932963186554
cell_class,Kenyon_Cell | MBON,5,500-600,550.0,3142,626,910.0,910.0,0.19923615531508593,0.1856405826961175,0.21356629409005
cell_class,Kenyon_Cell | MBON,6,600-700,650.0,3111,505,707.0,707.0,0.16232722597235616,0.14978695435671788,0.17570041553072682
cell_class,Kenyon_Cell | MBON,7,700-800,750.0,2999,377,513.0,513.0,0.12570856952317438,0.11432004554332031,0.13805477169645686
cell_class,Kenyon_Cell | MBON,8,800-900,850.0,3026,245,321.0,321.0,0.08096497025776603,0.07176858947711635,0.0912239577240311
cell_class,Kenyon_Cell | MBON,9,900-1000,950.0,2999,190,237.0,237.0,0.06335445148382794,0.05518220607624764,0.07264391701995562
cell_class,Kenyon_Cell | MBON,10,1000-1100,1050.0,2887,160,190.0,190.0,0.05542085209560097,0.04765010326042814,0.06437319127082532
cell_class,Kenyon_Cell | MBON,11,1100-1200,1150.0,2885,113,138.0,138.0,0.03916811091854419,0.032680122627475584,0.04688173358506304
cell_class,Kenyon_Cell | MBON,12,1200-1300,1250.0,2866,92,128.0,128.0,0.03210048848569435,0.02624739576136002,0.039206251575831
cell_class,Kenyon_Cell | MBON,13,1300-1400,1350.0,2885,62,71.0,71.0,0.02149046793760832,0.016800545421440754,0.02745304051418133
cell_class,Kenyon_Cell | MBON,14,1400-1500,1450.0,2842,59,69.0,69.0,0.02076002814919071,0.016128631701924186,0.026685276141716865
cell_class,Kenyon_Cell | MBON,15,1500-1600,1550.0,2818,43,49.0,49.0,0.015259048970901348,0.011348202280968665,0.020489729373309874
cell_class,Kenyon_Cell | MBON,16,1600-1700,1650.0,2922,38,44.0,44.0,0.013004791238877482,0.009489459915226112,0.017798961987039546
cell_class,Kenyon_Cell | MBON,17,1700-1800,1750.0,2900,32,40.0,40.0,0.011034482758620689,0.007827097522592297,0.015535609313758553
cell_class,Kenyon_Cell | MBON,18,1800-1900,1850.0,2875,20,22.0,22.0,0.006956521739130435,0.004507804614031376,0.010721098567025893
cell_class,Kenyon_Cell | MBON,19,1900-2000,1950.0,2879,24,27.0,27.0,0.008336227856894755,0.005608316580421664,0.012374495933453532
cell_class,LA | ME>LA,0,0-100,50.0,6375,4781,34000.0,34000.0,0.7499607843137255,0.7391822347815428,0.7604382605761096
cell_class,LA | ME>LA,1,100-200,150.0,946,486,3480.0,3480.0,0.5137420718816068,0.4819004064170261,0.5454725787207063
cell_class,LA | ME>LA,5,500-600,550.0,329,122,912.0,912.0,0.3708206686930091,0.3203974964882651,0.42422577175705034
cell_class,LA | ME>LA,6,600-700,650.0,339,100,694.0,694.0,0.2949852507374631,0.24895437235393514,0.34561058125729527
cell_class,LA | ME>LA,7,700-800,750.0,317,83,611.0,611.0,0.2618296529968454,0.21649102473926424,0.3128717511601204
cell_class,LA | ME>LA,9,900-1000,950.0,315,60,478.0,478.0,0.19047619047619047,0.15094186248198826,0.23746918551174906
cell_class,LA | ME>LA,11,1100-1200,1150.0,302,37,233.0,233.0,0.12251655629139073,0.09020616583103377,0.16430989738600407
cell_class,LA | ME>LA,12,1200-1300,1250.0,284,42,308.0,308.0,0.14788732394366197,0.11130799619082943,0.19386540473523545
cell_class,LA | ME>LA,14,1400-1500,1450.0,310,34,188.0,188.0,0.10967741935483871,0.07955393350063183,0.14935644676763088
cell_class,LA | ME>LA,16,1600-1700,1650.0,329,29,218.0,218.0,0.08814589665653495,0.06207276280154626,0.12372612772175369
cell_class,LA | ME>LA,18,1800-1900,1850.0,300,21,208.0,208.0,0.07,0.04623659396060609,0.10463675583744661
cell_class,LA | ME>LA,19,1900-2000,1950.0,318,16,103.0,103.0,0.050314465408805034,0.03120425285926722,0.08015984674749588
cell_class,LA | visual,0,0-100,50.0,2150,1875,21474.0,21474.0,0.872093023255814,0.8573086019990317,0.8855501114736768
cell_class,LA | visual,1,100-200,150.0,706,555,3765.0,3765.0,0.7861189801699717,0.7543656543111861,0.814775404764529
cell_class,LA | visual,3,300-400,350.0,404,235,1207.0,1207.0,0.5816831683168316,0.533032866344355,0.6287946666978849
cell_class,LA | visual,4,400-500,450.0,462,234,996.0,996.0,0.5064935064935064,0.46103841397715173,0.5518415005689083
cell_class,LA | visual,5,500-600,550.0,431,182,733.0,733.0,0.4222737819025522,0.37653072598691006,0.46939017946463824
cell_class,LA | visual,6,600-700,650.0,523,192,610.0,610.0,0.367112810707457,0.3269100464956127,0.4092535366382931
cell_class,LA | visual,7,700-800,750.0,512,147,462.0,462.0,0.287109375,0.24962055854879447,0.327769089746341
cell_class,LA | visual,8,800-900,850.0,517,150,465.0,465.0,0.2901353965183752,0.2526771112030274,0.3306895016020942
cell_class,LA | visual,9,900-1000,950.0,616,137,364.0,364.0,0.2224025974025974,0.19133906967428246,0.25690706288603626
cell_class,LA | visual,10,1000-1100,1050.0,660,110,303.0,303.0,0.16666666666666666,0.14017979670957964,0.19701148506607286
cell_class,LA | visual,11,1100-1200,1150.0,645,76,195.0,195.0,0.11782945736434108,0.09518130282825507,0.1450030503328246
cell_class,LA | visual,12,1200-1300,1250.0,707,76,161.0,161.0,0.1074964639321075,0.08674862655739635,0.1324867136365372
cell_class,LA | visual,13,1300-1400,1350.0,716,63,121.0,121.0,0.08798882681564246,0.0693768015153828,0.11099843659255652
cell_class,LA | visual,14,1400-1500,1450.0,713,62,155.0,155.0,0.08695652173913043,0.06842437295385265,0.10991572337984226
cell_class,LA | visual,15,1500-1600,1550.0,746,35,65.0,65.0,0.04691689008042895,0.033925513319830465,0.06455075153397331
cell_class,LA | visual,16,1600-1700,1650.0,753,36,85.0,85.0,0.04780876494023904,0.03473079917231609,0.06547722321968773
cell_class,LA | visual,19,1900-2000,1950.0,790,27,47.0,47.0,0.03417721518987342,0.023593182134692366,0.04926971645867941
cell_class,LA>ME | ME,0,0-100,50.0,172690,95053,968114.0,968114.0,0.5504256181597081,0.5480782815100068,0.5527707113587695
cell_class,LA>ME | ME,1,100-200,150.0,60294,17329,52445.0,52445.0,0.28740836567485983,0.28380965578598416,0.2910341641626225
cell_class,LA>ME | ME,2,200-300,250.0,38233,8448,21518.0,21518.0,0.22096094996469018,0.21683023942487437,0.22514772980153788
cell_class,LA>ME | ME,3,300-400,350.0,34388,6179,14337.0,14337.0,0.17968477375828779,0.17566274741276328,0.183778359108267
cell_class,LA>ME | ME,4,400-500,450.0,33403,4898,10712.0,10712.0,0.1466335359099482,0.14288060442919187,0.15046773772596717
cell_class,LA>ME | ME,5,500-600,550.0,32121,3801,7703.0,7703.0,0.11833380031754927,0.11484697253389801,0.12191191003752609
cell_class,LA>ME | ME,6,600-700,650.0,32757,3099,6102.0,6102.0,0.09460573312574412,0.09148366653538863,0.09782287435640581
cell_class,LA>ME | ME,7,700-800,750.0,32361,2481,4627.0,4627.0,0.07666635765273014,0.07381748513211958,0.07961572678880638
cell_class,LA>ME | ME,8,800-900,850.0,32602,2071,3730.0,3730.0,0.0635237102018281,0.060927204940200944,0.06622306619403655
cell_class,LA>ME | ME,9,900-1000,950.0,32550,1657,2999.0,2999.0,0.0509062980030722,0.0485709212348385,0.053347667691391334
cell_class,LA>ME | ME,10,1000-1100,1050.0,31977,1359,2474.0,2474.0,0.04249929636926541,0.04034265686341349,0.04476584759820768
cell_class,LA>ME | ME,11,1100-1200,1150.0,31936,1109,1856.0,1856.0,0.03472570140280561,0.032772990044334024,0.03679033552957865
cell_class,LA>ME | ME,12,1200-1300,1250.0,31497,931,1511.0,1511.0,0.029558370638473504,0.0277445250131951,0.03148695913864419
cell_class,LA>ME | ME,13,1300-1400,1350.0,31524,716,1228.0,1228.0,0.022712853698769193,0.021125398783514365,0.02441662144789913
cell_class,LA>ME | ME,14,1400-1500,1450.0,31401,573,941.0,941.0,0.018247826502340688,0.016825234834393982,0.019788278923943203
cell_class,LA>ME | ME,15,1500-1600,1550.0,30547,478,775.0,775.0,0.015648017808622777,0.01431587841942356,0.017101966383909123
cell_class,LA>ME | ME,16,1600-1700,1650.0,30766,395,662.0,662.0,0.0128388480790483,0.011640287671667684,0.014159052159837983
cell_class,LA>ME | ME,17,1700-1800,1750.0,30228,330,512.0,512.0,0.010917030567685589,0.009806166050586464,0.01215219192122826
cell_class,LA>ME | ME,18,1800-1900,1850.0,29754,261,406.0,406.0,0.008771929824561403,0.007773976324846251,0.009896713877362498
cell_class,LA>ME | ME,19,1900-2000,1950.0,29891,168,275.0,275.0,0.005620420862466963,0.004834114055088995,0.0065337869542945095
cell_class,LA>ME | ME>LO,0,0-100,50.0,146007,77489,849936.0,849936.0,0.5307211298088448,0.5281604850066086,0.5332801580421882
cell_class,LA>ME | ME>LO,1,100-200,150.0,42362,9247,24085.0,24085.0,0.21828525565365187,0.21437716924654143,0.22224443205784528
cell_class,LA>ME | ME>LO,2,200-300,250.0,25526,4044,9711.0,9711.0,0.15842670218600644,0.15399869088156437,0.16295750989643032
cell_class,LA>ME | ME>LO,3,300-400,350.0,22593,2764,6305.0,6305.0,0.12233877749745496,0.11813004256765954,0.12667592181985912
cell_class,LA>ME | ME>LO,4,400-500,450.0,22241,2229,4820.0,4820.0,0.10022031383480959,0.0963424750445787,0.10423623350419332
cell_class,LA>ME | ME>LO,5,500-600,550.0,21876,1636,3034.0,3034.0,0.07478515267873469,0.07137352816271327,0.07834609320785459
cell_class,LA>ME | ME>LO,6,600-700,650.0,22575,1373,2482.0,2482.0,0.060819490586932444,0.05777585606941388,0.064012570844392
cell_class,LA>ME | ME>LO,7,700-800,750.0,22639,1043,1895.0,1895.0,0.04607093952913115,0.04341624186936797,0.04887966501892648
cell_class,LA>ME | ME>LO,8,800-900,850.0,22619,749,1303.0,1303.0,0.03311375392369247,0.030859979471947577,0.03552609291252246
cell_class,LA>ME | ME>LO,9,900-1000,950.0,22731,642,1049.0,1049.0,0.028243368087633627,0.026168096842237566,0.03047806866260589
cell_class,LA>ME | ME>LO,10,1000-1100,1050.0,22349,476,754.0,754.0,0.021298492102554925,0.019486242868490752,0.023275282359693214
cell_class,LA>ME | ME>LO,11,1100-1200,1150.0,22115,359,540.0,540.0,0.016233325796970382,0.014649804815095792,0.01798488795290161
cell_class,LA>ME | ME>LO,12,1200-1300,1250.0,21780,284,446.0,446.0,0.013039485766758493,0.01161641667512488,0.014634306705089195
cell_class,LA>ME | ME>LO,13,1300-1400,1350.0,21134,197,313.0,313.0,0.009321472508753667,0.008112092034972323,0.010709205216115037
cell_class,LA>ME | ME>LO,14,1400-1500,1450.0,20906,188,285.0,285.0,0.008992633693676456,0.007800100983470614,0.010365584212346462
cell_class,LA>ME | ME>LO,15,1500-1600,1550.0,20423,148,224.0,224.0,0.007246731626107819,0.006172535463133071,0.008506268331967586
cell_class,LA>ME | ME>LO,16,1600-1700,1650.0,20121,115,172.0,172.0,0.005715421698722727,0.004763985744571752,0.006855564095760904
cell_class,LA>ME | ME>LO,17,1700-1800,1750.0,19480,89,129.0,129.0,0.004568788501026694,0.0037145015520967384,0.005618442316631899
cell_class,LA>ME | ME>LO,18,1800-1900,1850.0,19421,82,123.0,123.0,0.004222233664589877,0.0034031629441985995,0.00523740172326309
cell_class,LA>ME | ME>LO,19,1900-2000,1950.0,19071,72,94.0,94.0,0.0037753657385559227,0.0029992548687377703,0.004751352087809643
cell_class,LA>ME | visual,0,0-100,50.0,19627,16036,163481.0,163481.0,0.8170377541142304,0.8115667122796287,0.8223847124010125
cell_class,LA>ME | visual,1,100-200,150.0,3743,2226,14212.0,14212.0,0.5947101255677264,0.5788924884064097,0.6103335520005293
cell_class,LA>ME | visual,2,200-300,250.0,2417,1141,6679.0,6679.0,0.47207281754240793,0.4522303088936961,0.4920039607090735
cell_class,LA>ME | visual,3,300-400,350.0,2069,841,4069.0,4069.0,0.4064765587240213,0.38550407738139997,0.4277956942943519
cell_class,LA>ME | visual,4,400-500,450.0,1971,715,3106.0,3106.0,0.36276002029426685,0.34181967989927686,0.3842342983033292
cell_class,LA>ME | visual,5,500-600,550.0,1817,536,2404.0,2404.0,0.2949917446340121,0.27447279566751637,0.3163757438210367
cell_class,LA>ME | visual,6,600-700,650.0,1723,458,1863.0,1863.0,0.2658154381892049,0.2454935091887235,0.28717931963356114
cell_class,LA>ME | visual,7,700-800,750.0,1822,397,1461.0,1461.0,0.21789242590559824,0.19954109440894335,0.23743087512006733
cell_class,LA>ME | visual,8,800-900,850.0,1922,335,1204.0,1204.0,0.17429760665972946,0.15799134865127581,0.19190326365744156
cell_class,LA>ME | visual,9,900-1000,950.0,2152,312,930.0,930.0,0.1449814126394052,0.13073808941446732,0.16048998596917866
cell_class,LA>ME | visual,10,1000-1100,1050.0,2397,272,800.0,800.0,0.11347517730496454,0.10139126293398898,0.12679605271399047
cell_class,LA>ME | visual,11,1100-1200,1150.0,2880,257,720.0,720.0,0.08923611111111111,0.0793638807620452,0.10020270847087243
cell_class,LA>ME | visual,12,1200-1300,1250.0,3084,214,491.0,491.0,0.06939040207522698,0.060946951894945665,0.07890529959360221
cell_class,LA>ME | visual,13,1300-1400,1350.0,3520,215,453.0,453.0,0.061079545454545456,0.05363660818042097,0.06947948194122355
cell_class,LA>ME | visual,14,1400-1500,1450.0,3900,199,412.0,412.0,0.05102564102564103,0.04455043451697743,0.05838447964552343
cell_class,LA>ME | visual,15,1500-1600,1550.0,4196,172,326.0,326.0,0.04099142040038131,0.035400102358436894,0.047422449806387615
cell_class,LA>ME | visual,16,1600-1700,1650.0,4762,196,396.0,396.0,0.04115917681646367,0.0358767419125722,0.04718132699177409
cell_class,LA>ME | visual,17,1700-1800,1750.0,4878,145,254.0,254.0,0.02972529725297253,0.02531698017816369,0.03487374784545756
cell_class,LA>ME | visual,18,1800-1900,1850.0,5151,158,267.0,267.0,0.030673655600854204,0.026303202339364225,0.03574363145665387
cell_class,LA>ME | visual,19,1900-2000,1950.0,5491,150,283.0,283.0,0.027317428519395375,0.02332517763706772,0.03197061105318315
cell_class,LHCENT | LHLN,0,0-100,50.0,2939,1846,13218.0,13218.0,0.6281047975501871,0.6104745676558024,0.645400570170168
cell_class,LHCENT | LHLN,1,100-200,150.0,966,410,1390.0,1390.0,0.4244306418219462,0.39362155528547027,0.45583839776253265
cell_class,LHCENT | LHLN,2,200-300,250.0,522,166,472.0,472.0,0.31800766283524906,0.27951007578213855,0.3591643843594707
cell_class,LHCENT | LHLN,3,300-400,350.0,438,119,292.0,292.0,0.271689497716895,0.23214910569432018,0.3151999895470515
cell_class,LHCENT | LHLN,4,400-500,450.0,423,100,239.0,239.0,0.2364066193853428,0.19840193179504287,0.2791560194449488
cell_class,LHCENT | LHLN,6,600-700,650.0,341,73,156.0,156.0,0.21407624633431085,0.17385117340311795,0.26067180758293473
cell_class,LHCENT | LHLN,7,700-800,750.0,305,53,106.0,106.0,0.1737704918032787,0.13537428568025583,0.22028246522376743
cell_class,LHCENT | LHLN,8,800-900,850.0,276,27,54.0,54.0,0.09782608695652174,0.06810444036836359,0.13858963227844806
cell_class,LHCENT | LHLN,12,1200-1300,1250.0,187,8,9.0,9.0,0.0427807486631016,0.02183427642715921,0.08213466954688417
cell_class,LHCENT | LHLN,13,1300-1400,1350.0,169,12,33.0,33.0,0.07100591715976332,0.041081448211808286,0.12000014325691219
cell_class,LHCENT | LHLN,15,1500-1600,1550.0,116,8,12.0,12.0,0.06896551724137931,0.035357067036116255,0.13020814571137707
cell_class,LO | ME,0,0-100,50.0,1243,254,471.0,471.0,0.20434432823813356,0.18285496917282143,0.22765555598129603
cell_class,LO | ME,1,100-200,150.0,939,124,164.0,164.0,0.13205537806176784,0.11189232745879178,0.15521680306748117
cell_class,LO | ME,2,200-300,250.0,789,62,85.0,85.0,0.07858048162230671,0.061780956499963666,0.09946386213720167
cell_class,LO | ME,3,300-400,350.0,806,37,42.0,42.0,0.04590570719602978,0.03348568699875677,0.06263385045152982
cell_class,LO | ME,4,400-500,450.0,913,38,49.0,49.0,0.0416210295728368,0.030471688737580594,0.056611619873197974
cell_class,LO | ME,5,500-600,550.0,1026,27,29.0,29.0,0.02631578947368421,0.018147764991293308,0.038017765707796726
cell_class,LO | ME,6,600-700,650.0,1084,18,19.0,19.0,0.016605166051660517,0.010528924963538612,0.0260955247725259
cell_class,LO | ME,7,700-800,750.0,1136,17,22.0,22.0,0.014964788732394365,0.009363945574457447,0.02383505330398321
cell_class,LO | ME,8,800-900,850.0,1173,19,21.0,21.0,0.01619778346121057,0.01039380753164746,0.025160340112351527
cell_class,LO | ME,9,900-1000,950.0,1263,11,12.0,12.0,0.00870942201108472,0.004870044855745467,0.015528401169392952
cell_class,LO | ME,10,1000-1100,1050.0,1286,5,6.0,6.0,0.0038880248833592537,0.0016618160468521545,0.009069424130236259
cell_class,LO | ME,11,1100-1200,1150.0,1221,5,5.0,5.0,0.004095004095004095,0.0017503451742801471,0.009550381384974535
cell_class,LO | ME,12,1200-1300,1250.0,1225,10,10.0,10.0,0.00816326530612245,0.004440065032139947,0.01496162188991738
cell_class,LO | ME,13,1300-1400,1350.0,1283,2,3.0,3.0,0.001558846453624318,0.0004275871134322537,0.005666092170793559
cell_class,LO | ME,14,1400-1500,1450.0,1324,4,5.0,5.0,0.0030211480362537764,0.001175454494899589,0.007742476680023683
cell_class,LO | ME,15,1500-1600,1550.0,1271,4,4.0,4.0,0.003147128245476003,0.0012244967424405104,0.008064186651637623
cell_class,LO | ME,16,1600-1700,1650.0,1318,2,2.0,2.0,0.0015174506828528073,0.0004162296788666241,0.005516099883162593
cell_class,LO | ME,17,1700-1800,1750.0,1388,4,4.0,4.0,0.002881844380403458,0.0011212280923408847,0.007386636595709824
cell_class,LO | ME,18,1800-1900,1850.0,1391,2,2.0,2.0,0.0014378145219266715,0.0003943809403464493,0.005227476050440175
cell_class,LO | ME,19,1900-2000,1950.0,1362,5,5.0,5.0,0.003671071953010279,0.0015690277271403585,0.008565090314073206
cell_class,LO | ME.LO,0,0-100,50.0,12346,7064,45946.0,45946.0,0.5721691236027864,0.5634204758741338,0.5808728727952127
cell_class,LO | ME.LO,1,100-200,150.0,2511,549,1080.0,1080.0,0.21863799283154123,0.20290771835764068,0.23522786839263418
cell_class,LO | ME.LO,2,200-300,250.0,1341,192,305.0,305.0,0.14317673378076062,0.1254484367499728,0.16294359395460978
cell_class,LO | ME.LO,3,300-400,350.0,985,101,158.0,158.0,0.10253807106598985,0.08511134501693154,0.12305303641685927
cell_class,LO | ME.LO,4,400-500,450.0,897,80,148.0,148.0,0.08918617614269789,0.07224370304915673,0.10963244476639711
cell_class,LO | ME.LO,5,500-600,550.0,772,50,67.0,67.0,0.06476683937823834,0.04947001277768201,0.0843738027640471
cell_class,LO | ME.LO,6,600-700,650.0,712,34,42.0,42.0,0.047752808988764044,0.03437093561054064,0.06598869702327108
cell_class,LO | ME.LO,7,700-800,750.0,670,17,20.0,20.0,0.025373134328358207,0.01590095891540477,0.04025704617065701
cell_class,LO | ME.LO,8,800-900,850.0,654,22,30.0,30.0,0.03363914373088685,0.022317930237936524,0.05040717562341367
cell_class,LO | ME.LO,9,900-1000,950.0,578,12,14.0,14.0,0.020761245674740483,0.011915337821876398,0.03593548618245742
cell_class,LO | ME.LO,11,1100-1200,1150.0,530,12,22.0,22.0,0.022641509433962263,0.012998320057376231,0.03915497784971831
cell_class,LO | ME.LO,12,1200-1300,1250.0,534,11,13.0,13.0,0.020599250936329586,0.01154036660048633,0.036506493292835424
cell_class,LO | ME.LO,13,1300-1400,1350.0,458,9,10.0,10.0,0.019650655021834062,0.010371917870039998,0.03692048714501278
cell_class,LO | ME.LO,14,1400-1500,1450.0,487,5,6.0,6.0,0.01026694045174538,0.00439310862021826,0.023806620172125335
cell_class,LO | ME.LO,17,1700-1800,1750.0,430,4,4.0,4.0,0.009302325581395349,0.0036232122735965384,0.023671542309643058
cell_class,LO | ME.LO,18,1800-1900,1850.0,474,3,3.0,3.0,0.006329113924050633,0.002154717575907513,0.01844122886324722
cell_class,LO | ME>LO,0,0-100,50.0,297713,184005,729715.0,729715.0,0.6180616902856106,0.6163148790484486,0.6198054546962178
cell_class,LO | ME>LO,1,100-200,150.0,125884,48015,107293.0,107293.0,0.3814225795176512,0.37874292538507587,0.3841094706798353
cell_class,LO | ME>LO,2,200-300,250.0,77373,20864,40049.0,40049.0,0.2696547891383299,0.2665392702501927,0.27279318035218497
cell_class,LO | ME>LO,3,300-400,350.0,65586,13368,23764.0,23764.0,0.20382398682645686,0.20075831029303454,0.20692435744495247
cell_class,LO | ME>LO,4,400-500,450.0,60459,9238,15564.0,15564.0,0.1527977637737971,0.1499518400432542,0.15568780756470732
cell_class,LO | ME>LO,5,500-600,550.0,53911,6217,10229.0,10229.0,0.11531969356903043,0.1126507966942263,0.11804340977822676
cell_class,LO | ME>LO,6,600-700,650.0,52088,4604,7250.0,7250.0,0.08838888035632007,0.08598137673042978,0.090857093883364
cell_class,LO | ME>LO,7,700-800,750.0,48465,3285,5170.0,5170.0,0.06778087279480037,0.06557698515439855,0.07005327509097936
cell_class,LO | ME>LO,8,800-900,850.0,45748,2465,3798.0,3798.0,0.05388213692401854,0.05185032177487704,0.05598886955507372
cell_class,LO | ME>LO,9,900-1000,950.0,44264,1841,2844.0,2844.0,0.04159136092535695,0.039770819922258456,0.0434914640920586
cell_class,LO | ME>LO,10,1000-1100,1050.0,40626,1437,2155.0,2155.0,0.03537143701078127,0.033618692132073164,0.03721204425947604
cell_class,LO | ME>LO,11,1100-1200,1150.0,39147,1088,1698.0,1698.0,0.027792678877053157,0.026210070137973666,0.02946795646158735
cell_class,LO | ME>LO,12,1200-1300,1250.0,37112,861,1335.0,1335.0,0.023200043112739814,0.021717075062439365,0.02478171159042748
cell_class,LO | ME>LO,13,1300-1400,1350.0,36079,717,1081.0,1081.0,0.01987305634856842,0.01848321123284686,0.021365135966061113
cell_class,LO | ME>LO,14,1400-1500,1450.0,34463,576,936.0,936.0,0.016713576879551984,0.01541295934320744,0.01812192654549552
cell_class,LO | ME>LO,15,1500-1600,1550.0,33109,459,704.0,704.0,0.01386330000906098,0.01265904863951275,0.015180350078838256
cell_class,LO | ME>LO,16,1600-1700,1650.0,32215,403,666.0,666.0,0.012509700450100884,0.011352791941812823,0.013782860359230795
cell_class,LO | ME>LO,17,1700-1800,1750.0,30779,372,587.0,587.0,0.012086162643360734,0.010924844789662899,0.013369260664201377
cell_class,LO | ME>LO,18,1800-1900,1850.0,30369,292,456.0,456.0,0.009615067996970594,0.008577874076885006,0.010776311077789492
cell_class,LO | ME>LO,19,1900-2000,1950.0,29609,296,449.0,449.0,0.009996960383667128,0.008925645502508735,0.011195409006491845
cell_class,LO | ME>LO.LOP,0,0-100,50.0,136772,65178,282280.0,282280.0,0.4765449068522797,0.47389863220761247,0.4791924990554394
cell_class,LO | ME>LO.LOP,1,100-200,150.0,49298,12970,27015.0,27015.0,0.2630938374781938,0.2592255094126027,0.26699908500498193
cell_class,LO | ME>LO.LOP,2,200-300,250.0,29315,5421,9913.0,9913.0,0.18492239467849225,0.1805194578401277,0.18940789972641411
cell_class,LO | ME>LO.LOP,3,300-400,350.0,24449,3663,6429.0,6429.0,0.1498220786126222,0.14540339027864674,0.154350794527425
cell_class,LO | ME>LO.LOP,4,400-500,450.0,22210,2544,4225.0,4225.0,0.11454299864925709,0.11042107427882127,0.11879824274376881
cell_class,LO | ME>LO.LOP,5,500-600,550.0,19862,1742,2862.0,2862.0,0.08770516564293626,0.08385055327371262,0.09171923481923182
cell_class,LO | ME>LO.LOP,6,600-700,650.0,19297,1321,2107.0,2107.0,0.0684562367207338,0.06497842099680116,0.07210583961906751
cell_class,LO | ME>LO.LOP,7,700-800,750.0,17949,989,1571.0,1571.0,0.0551005627054432,0.05185660636702141,0.05853492073251028
cell_class,LO | ME>LO.LOP,8,800-900,850.0,16551,716,1105.0,1105.0,0.04326022596821944,0.040265307132984575,0.04646712043672411
cell_class,LO | ME>LO.LOP,9,900-1000,950.0,15834,591,908.0,908.0,0.03732474422129595,0.03448263339845274,0.04039130649497315
cell_class,LO | ME>LO.LOP,10,1000-1100,1050.0,14770,412,597.0,597.0,0.027894380501015573,0.02535893832940075,0.030675343234847236
cell_class,LO | ME>LO.LOP,11,1100-1200,1150.0,14229,383,632.0,632.0,0.026916859933937734,0.024382613885889543,0.029706486634979042
cell_class,LO | ME>LO.LOP,12,1200-1300,1250.0,13226,291,469.0,469.0,0.022002117042189625,0.019637410326356606,0.024644419926244453
cell_class,LO | ME>LO.LOP,13,1300-1400,1350.0,12837,251,364.0,364.0,0.019552855028433434,0.017297441020299814,0.02209574018676374
cell_class,LO | ME>LO.LOP,14,1400-1500,1450.0,12124,191,297.0,297.0,0.015753876608380072,0.013685759128112563,0.018128772486482404
cell_class,LO | ME>LO.LOP,15,1500-1600,1550.0,11795,165,271.0,271.0,0.013988978380669776,0.012022127760218698,0.016272310907387455
cell_class,LO | ME>LO.LOP,16,1600-1700,1650.0,11464,161,252.0,252.0,0.014043963712491277,0.012046892013274598,0.01636661519805626
cell_class,LO | ME>LO.LOP,17,1700-1800,1750.0,10829,134,219.0,219.0,0.012374180441407333,0.010458133794336454,0.014636076020381047
cell_class,LO | ME>LO.LOP,18,1800-1900,1850.0,10553,112,172.0,172.0,0.010613095802141571,0.008828327811364235,0.012754036368467734
cell_class,LO | ME>LO.LOP,19,1900-2000,1950.0,10117,82,139.0,139.0,0.008105169516655134,0.00653505576022104,0.010048703440199602
cell_class,LO | ME>LOP,4,400-500,450.0,134,9,14.0,14.0,0.06716417910447761,0.03573420032322474,0.12272014147199528
cell_class,LO | ME>LOP,6,600-700,650.0,139,8,10.0,10.0,0.05755395683453238,0.029448548485711504,0.10945776452114366
cell_class,LO | ME>LOP,8,800-900,850.0,163,3,4.0,4.0,0.018404907975460124,0.006278636985349233,0.05270904953887494
cell_class,LO | ME>LOP,10,1000-1100,1050.0,184,1,1.0,1.0,0.005434782608695652,0.0009599929623922178,0.030138549639459552
cell_class,LO | ME>LOP,12,1200-1300,1250.0,272,0,0.0,0.0,0.0,0.0,0.013926833371036128
cell_class,LO | ME>LOP,14,1400-1500,1450.0,324,0,0.0,0.0,0.0,0.0,0.011717853988023485
cell_class,LO | ME>LOP,16,1600-1700,1650.0,365,1,1.0,1.0,0.0027397260273972603,0.00048378029292117566,0.015353912635425297
cell_class,LO | ME>LOP,18,1800-1900,1850.0,494,0,0.0,0.0,0.0,0.0,0.0077165106331009686
cell_class,LO | ME>LOP,19,1900-2000,1950.0,560,0,0.0,0.0,0.0,0.0,0.006813261029338736
cell_class,LO>LOP | LO>ME,0,0-100,50.0,3252,912,1396.0,1396.0,0.28044280442804426,0.26526921435121953,0.29613450995772717
cell_class,LO>LOP | LO>ME,1,100-200,150.0,2552,392,490.0,490.0,0.1536050156739812,0.1401369057331898,0.1681144350384762
cell_class,LO>LOP | LO>ME,2,200-300,250.0,2063,188,228.0,228.0,0.09112942317014057,0.07945867339906776,0.10432009319823701
cell_class,LO>LOP | LO>ME,3,300-400,350.0,2106,130,155.0,155.0,0.06172839506172839,0.05222620987631946,0.07282659029597785
cell_class,LO>LOP | LO>ME,4,400-500,450.0,2231,103,123.0,123.0,0.04616763783056925,0.03821248555098488,0.05568302811763486
cell_class,LO>LOP | LO>ME,5,500-600,550.0,2302,81,94.0,94.0,0.03518679409209383,0.02840081686435155,0.04352155629432509
cell_class,LO>LOP | LO>ME,6,600-700,650.0,2622,82,86.0,86.0,0.031273836765827616,0.025266831755425816,0.03865233229468292
cell_class,LO>LOP | LO>ME,7,700-800,750.0,2808,68,75.0,75.0,0.024216524216524215,0.01914759252014412,0.030585507665869205
cell_class,LO>LOP | LO>ME,8,800-900,850.0,2997,68,76.0,76.0,0.022689356022689355,0.017937500508922184,0.028663293081782497
cell_class,LO>LOP | LO>ME,9,900-1000,950.0,3166,34,39.0,39.0,0.010739102969046115,0.007695186443468003,0.01496891134615025
cell_class,LO>LOP | LO>ME,10,1000-1100,1050.0,3300,27,31.0,31.0,0.008181818181818182,0.005629148372524786,0.011878228494453344
cell_class,LO>LOP | LO>ME,11,1100-1200,1150.0,3436,27,30.0,30.0,0.007857974388824214,0.005406117460913289,0.011409075424712607
cell_class,LO>LOP | LO>ME,12,1200-1300,1250.0,3512,20,23.0,23.0,0.0056947608200455585,0.0036895397492200587,0.008780191537877746
cell_class,LO>LOP | LO>ME,13,1300-1400,1350.0,3605,7,9.0,9.0,0.001941747572815534,0.00094089575499803,0.004002962130036325
cell_class,LO>LOP | LO>ME,14,1400-1500,1450.0,3579,16,17.0,17.0,0.0044705224923162895,0.002753671782761388,0.007250007978018436
cell_class,LO>LOP | LO>ME,15,1500-1600,1550.0,3696,11,13.0,13.0,0.002976190476190476,0.0016626810006741372,0.005321834228302151
cell_class,LO>LOP | LO>ME,16,1600-1700,1650.0,3790,5,5.0,5.0,0.0013192612137203166,0.0005636287474950761,0.003084810343899778
cell_class,LO>LOP | LO>ME,17,1700-1800,1750.0,3630,5,6.0,6.0,0.0013774104683195593,0.0005884777596726297,0.0032206040671191594
cell_class,LO>LOP | LO>ME,18,1800-1900,1850.0,3704,12,14.0,14.0,0.0032397408207343412,0.0018542545210860053,0.005654588359364982
cell_class,LO>LOP | LO>ME,19,1900-2000,1950.0,3655,3,4.0,4.0,0.0008207934336525308,0.00027917716804409126,0.0024106359137794015
cell_class,LO>LOP | LOP>LO.ME,0,0-100,50.0,7415,6043,23329.0,23329.0,0.8149696561024949,0.8059685558043751,0.8236445633111483
cell_class,LO>LOP | LOP>LO.ME,1,100-200,150.0,2958,1628,3848.0,3848.0,0.5503718728870859,0.5323908755453227,0.568222202480187
cell_class,LO>LOP | LOP>LO.ME,2,200-300,250.0,1862,736,1418.0,1418.0,0.3952738990332975,0.3733041022300544,0.4176749390776322
cell_class,LO>LOP | LOP>LO.ME,3,300-400,350.0,1570,466,775.0,775.0,0.2968152866242038,0.27473465806172176,0.31988782491242246
cell_class,LO>LOP | LOP>LO.ME,4,400-500,450.0,1573,370,611.0,611.0,0.23521932612841703,0.21491975316959755,0.2568090495205395
cell_class,LO>LOP | LOP>LO.ME,5,500-600,550.0,1421,215,308.0,308.0,0.15130190007037297,0.13361151399800544,0.17087257742661324
cell_class,LO>LOP | LOP>LO.ME,6,600-700,650.0,1495,175,239.0,239.0,0.11705685618729098,0.10173296507709138,0.1343437491000438
cell_class,LO>LOP | LOP>LO.ME,7,700-800,750.0,1437,115,152.0,152.0,0.08002783576896312,0.06709232884183755,0.09520281866084424
cell_class,LO>LOP | LOP>LO.ME,8,800-900,850.0,1376,103,131.0,131.0,0.07485465116279069,0.062102617006588326,0.0899739691754778
cell_class,LO>LOP | LOP>LO.ME,9,900-1000,950.0,1380,56,66.0,66.0,0.04057971014492753,0.0313810097355003,0.05232914899943006
cell_class,LO>LOP | LOP>LO.ME,10,1000-1100,1050.0,1302,46,64.0,64.0,0.03533026113671275,0.026591158292795264,0.04680334836099796
cell_class,LO>LOP | LOP>LO.ME,11,1100-1200,1150.0,1318,38,49.0,49.0,0.028831562974203338,0.021076701852236986,0.03932508910365364
cell_class,LO>LOP | LOP>LO.ME,12,1200-1300,1250.0,1311,35,45.0,45.0,0.02669717772692601,0.01925781609031173,0.036902256727585125
cell_class,LO>LOP | LOP>LO.ME,13,1300-1400,1350.0,1230,25,31.0,31.0,0.02032520325203252,0.013804488699548102,0.029832879338618216
cell_class,LO>LOP | LOP>LO.ME,14,1400-1500,1450.0,1184,16,18.0,18.0,0.013513513513513514,0.00833490518410558,0.021838814948275706
cell_class,LO>LOP | LOP>LO.ME,15,1500-1600,1550.0,1121,13,15.0,15.0,0.01159678858162355,0.006789560448946196,0.019740041585686947
cell_class,LO>LOP | LOP>LO.ME,17,1700-1800,1750.0,1094,11,14.0,14.0,0.010054844606946984,0.00562356846284936,0.017914982089434324
cell_class,LO>LOP | LOP>LO.ME,18,1800-1900,1850.0,1054,4,4.0,4.0,0.003795066413662239,0.0014767630583080128,0.009717351448060428
cell_class,LO>LOP | LOP>LO.ME,19,1900-2000,1950.0,1033,5,5.0,5.0,0.00484027105517909,0.002069162911058767,0.011280610091876298
cell_class,LO>LOP | ME.LO,0,0-100,50.0,2021,847,1735.0,1735.0,0.4190994557149926,0.39776073384636074,0.4407451522436919
cell_class,LO>LOP | ME.LO,2,200-300,250.0,688,79,117.0,117.0,0.11482558139534883,0.0931115452759882,0.14081714591575278
cell_class,LO>LOP | ME.LO,3,300-400,350.0,716,64,84.0,84.0,0.0893854748603352,0.07061998001578422,0.11253364711551801
cell_class,LO>LOP | ME.LO,4,400-500,450.0,684,47,58.0,58.0,0.06871345029239766,0.0520644530841083,0.09017992410971075
cell_class,LO>LOP | ME.LO,5,500-600,550.0,661,25,36.0,36.0,0.037821482602118005,0.02574731680087275,0.05523678527697558
cell_class,LO>LOP | ME.LO,6,600-700,650.0,816,20,21.0,21.0,0.024509803921568627,0.015921336689350866,0.03755435910359255
cell_class,LO>LOP | ME.LO,7,700-800,750.0,927,19,20.0,20.0,0.020496224379719527,0.013160067364203734,0.031790222781831856
cell_class,LO>LOP | ME.LO,8,800-900,850.0,924,8,12.0,12.0,0.008658008658008658,0.0043934982634324625,0.016991186363771147
cell_class,LO>LOP | ME.LO,11,1100-1200,1150.0,1323,2,2.0,2.0,0.0015117157974300832,0.00041465625470405885,0.005495318229062504
cell_class,LO>LOP | ME.LO,12,1200-1300,1250.0,1423,1,1.0,1.0,0.0007027406886858749,0.00012405856870581857,0.003970018867780475
cell_class,LO>LOP | ME.LO,13,1300-1400,1350.0,1557,3,3.0,3.0,0.0019267822736030828,0.0006554795814281661,0.005649836729977167
cell_class,LO>LOP | ME.LO,14,1400-1500,1450.0,1592,3,4.0,4.0,0.0018844221105527637,0.0006410643596750205,0.0055259637463725975
cell_class,LO>LOP | ME.LO,15,1500-1600,1550.0,1626,2,2.0,2.0,0.0012300123001230013,0.00033737150728618825,0.004473893587432219
cell_class,LO>LOP | ME.LO,16,1600-1700,1650.0,1665,5,6.0,6.0,0.003003003003003003,0.0012833456525867433,0.0070107908310675475
cell_class,LO>LOP | ME.LO,17,1700-1800,1750.0,1626,0,0.0,0.0,0.0,0.0,0.002357038868071596
cell_class,LO>LOP | ME.LO,18,1800-1900,1850.0,1644,0,0.0,0.0,0.0,0.0,0.0023312920368074213
cell_class,LO>LOP | ME.LO,19,1900-2000,1950.0,1533,0,0.0,0.0,0.0,0.0,0.0024996720546867027
cell_class,LO>LOP | ME>LO,0,0-100,50.0,114377,74204,471798.0,471798.0,0.6487667975204805,0.6459953548538759,0.6515282472106152
cell_class,LO>LOP | ME>LO,1,100-200,150.0,47713,18223,62852.0,62852.0,0.3819294531888584,0.3775795072605487,0.386298410426275
cell_class,LO>LOP | ME>LO,2,200-300,250.0,31567,8352,23848.0,23848.0,0.2645800994709665,0.2597428053096072,0.26947468631405597
cell_class,LO>LOP | ME>LO,3,300-400,350.0,28726,5838,14798.0,14798.0,0.20323052287126644,0.19861685164759832,0.20792355893371164
cell_class,LO>LOP | ME>LO,4,400-500,450.0,28548,4461,10369.0,10369.0,0.1562631357713325,0.15209730148114609,0.16052146844086135
cell_class,LO>LOP | ME>LO,5,500-600,550.0,27113,3278,7159.0,7159.0,0.12090141260649873,0.11707439638165644,0.12483584142420957
cell_class,LO>LOP | ME>LO,6,600-700,650.0,27384,2544,5119.0,5119.0,0.09290096406660824,0.08951952296788601,0.09639660997776386
cell_class,LO>LOP | ME>LO,7,700-800,750.0,27298,2179,4240.0,4240.0,0.07982269763352627,0.07666643878778157,0.08309720147888822
cell_class,LO>LOP | ME>LO,8,800-900,850.0,27190,1600,3027.0,3027.0,0.05884516366311144,0.05610969844661969,0.061705270366025015
cell_class,LO>LOP | ME>LO,9,900-1000,950.0,27378,1321,2439.0,2439.0,0.04825042004529184,0.04577474503950014,0.05085285359506359
cell_class,LO>LOP | ME>LO,10,1000-1100,1050.0,27086,1033,1838.0,1838.0,0.038137783356715645,0.03592154073884897,0.04048501898056997
cell_class,LO>LOP | ME>LO,11,1100-1200,1150.0,27655,850,1595.0,1595.0,0.030735852467908154,0.028765836619936515,0.032836222665149385
cell_class,LO>LOP | ME>LO,12,1200-1300,1250.0,27395,648,1075.0,1075.0,0.023653951450994706,0.021920034788789598,0.025521445364882305
cell_class,LO>LOP | ME>LO,13,1300-1400,1350.0,27661,484,911.0,911.0,0.017497559741151802,0.016018041225949384,0.019111080930311223
cell_class,LO>LOP | ME>LO,14,1400-1500,1450.0,27961,399,645.0,645.0,0.014269875898573012,0.012944923839029345,0.015728279874021544
cell_class,LO>LOP | ME>LO,15,1500-1600,1550.0,27946,340,548.0,548.0,0.012166320761468546,0.010946372864575723,0.013520370446055419
cell_class,LO>LOP | ME>LO,16,1600-1700,1650.0,28522,291,491.0,491.0,0.010202650585512937,0.009100565646942178,0.011436658397658842
cell_class,LO>LOP | ME>LO,17,1700-1800,1750.0,28721,238,425.0,425.0,0.008286619546673165,0.00730196317920146,0.009402797344177717
cell_class,LO>LOP | ME>LO,18,1800-1900,1850.0,28846,173,320.0,320.0,0.005997365319281703,0.005169760567563659,0.006956531314746017
cell_class,LO>LOP | ME>LO,19,1900-2000,1950.0,29483,183,308.0,308.0,0.006206966726588203,0.00537253628924742,0.007170061694525788
cell_class,LO>LOP | ME>LOP,0,0-100,50.0,41917,12946,18499.0,18499.0,0.3088484385810053,0.30444308907088274,0.31328882211288506
cell_class,LO>LOP | ME>LOP,1,100-200,150.0,18257,2684,3239.0,3239.0,0.14701210494604808,0.1419496070220927,0.15222312157766688
cell_class,LO>LOP | ME>LOP,2,200-300,250.0,10824,1092,1269.0,1269.0,0.1008869179600887,0.09535379211799777,0.10670324573154005
cell_class,LO>LOP | ME>LOP,3,300-400,350.0,8816,636,710.0,710.0,0.0721415607985481,0.06692513361162485,0.0777307069195702
cell_class,LO>LOP | ME>LOP,4,400-500,450.0,8809,513,564.0,564.0,0.05823589510727665,0.053535172652827576,0.06332175576399544
cell_class,LO>LOP | ME>LOP,5,500-600,550.0,8838,366,405.0,405.0,0.041412084181941616,0.03745353251502075,0.045769130057898434
cell_class,LO>LOP | ME>LOP,6,600-700,650.0,9572,314,337.0,337.0,0.03280401170079398,0.02941881987915605,0.036564059369807285
cell_class,LO>LOP | ME>LOP,7,700-800,750.0,9847,244,269.0,269.0,0.024779120544328223,0.02188903014731945,0.02803986120750653
cell_class,LO>LOP | ME>LOP,8,800-900,850.0,10193,166,181.0,181.0,0.016285686255273227,0.014004424228303615,0.018931421318223264
cell_class,LO>LOP | ME>LOP,9,900-1000,950.0,10652,157,179.0,179.0,0.014739016147202404,0.012619197533514879,0.01720872333197547
cell_class,LO>LOP | ME>LOP,10,1000-1100,1050.0,10961,109,115.0,115.0,0.009944348143417572,0.008250862309581488,0.011981222028052718
cell_class,LO>LOP | ME>LOP,11,1100-1200,1150.0,11535,102,109.0,109.0,0.008842652795838752,0.0072901684971326845,0.01072217686689415
cell_class,LO>LOP | ME>LOP,12,1200-1300,1250.0,11738,77,82.0,82.0,0.006559890952462089,0.005252250849013061,0.008190410479342788
cell_class,LO>LOP | ME>LOP,13,1300-1400,1350.0,12255,68,74.0,74.0,0.00554875560995512,0.004379620881429538,0.0070277864873058565
cell_class,LO>LOP | ME>LOP,14,1400-1500,1450.0,12340,58,61.0,61.0,0.004700162074554295,0.003637898306159669,0.006070716230825316
cell_class,LO>LOP | ME>LOP,15,1500-1600,1550.0,12535,31,32.0,32.0,0.002473075388911049,0.0017428664177172519,0.003508144967576905
cell_class,LO>LOP | ME>LOP,16,1600-1700,1650.0,12764,43,50.0,50.0,0.003368849890316515,0.002502138791276736,0.004534414669724848
cell_class,LO>LOP | ME>LOP,17,1700-1800,1750.0,12927,35,39.0,39.0,0.0027075114102266575,0.0019474963219528385,0.0037630059240881305
cell_class,LO>LOP | ME>LOP,18,1800-1900,1850.0,13021,26,29.0,29.0,0.0019967744412871516,0.0013630581077253758,0.002924256987146872
cell_class,LO>LOP | ME>LOP,19,1900-2000,1950.0,12977,21,25.0,25.0,0.0016182476689527625,0.001058711957409202,0.002472769391226929
cell_class,LO>LOP | ME>LOP.LO,0,0-100,50.0,406,42,52.0,52.0,0.10344827586206896,0.07744718898190009,0.1368834206975468
cell_class,LO>LOP | ME>LOP.LO,2,200-300,250.0,299,10,14.0,14.0,0.033444816053511704,0.018265969663721203,0.06046033478058236
cell_class,LO>LOP | ME>LOP.LO,7,700-800,750.0,423,3,4.0,4.0,0.0070921985815602835,0.002414815938487424,0.0206419807748601
cell_class,LO>LOP | ME>LOP.LO,10,1000-1100,1050.0,419,1,1.0,1.0,0.002386634844868735,0.0004214131177151083,0.013393689275237711
cell_class,LO>LOP | ME>LOP.LO,11,1100-1200,1150.0,460,0,0.0,0.0,0.0,0.0,0.008282137695282184
cell_class,LO>LOP | ME>LOP.LO,12,1200-1300,1250.0,444,1,1.0,1.0,0.0022522522522522522,0.00039767829305330845,0.012646219370763542
cell_class,LO>LOP | ME>LOP.LO,13,1300-1400,1350.0,503,0,0.0,0.0,0.0,0.0,0.007579488345076647
cell_class,LO>LOP | ME>LOP.LO,14,1400-1500,1450.0,467,0,0.0,0.0,0.0,0.0,0.008159007190528618
cell_class,LO>LOP | ME>LOP.LO,15,1500-1600,1550.0,471,0,0.0,0.0,0.0,0.0,0.008090276841793136
cell_class,LO>LOP | ME>LOP.LO,16,1600-1700,1650.0,483,0,0.0,0.0,0.0,0.0,0.007890862243489461
cell_class,LO>LOP | ME>LOP.LO,17,1700-1800,1750.0,461,0,0.0,0.0,0.0,8.673617379884035e-19,0.008264320577160044
cell_class,LO>LOP | ME>LOP.LO,18,1800-1900,1850.0,510,2,2.0,2.0,0.00392156862745098,0.001076072616312546,0.014184661430911346
cell_class,LO>ME | LOP,0,0-100,50.0,4504,2443,6585.0,6585.0,0.5424067495559503,0.5278268926591788,0.5569143280616201
cell_class,LO>ME | LOP,1,100-200,150.0,1566,487,858.0,858.0,0.3109833971902937,0.28854253269992347,0.33434935651998243
cell_class,LO>ME | LOP,2,200-300,250.0,870,184,292.0,292.0,0.21149425287356322,0.1856564660383976,0.2398687092336426
cell_class,LO>ME | LOP,3,300-400,350.0,635,107,158.0,158.0,0.16850393700787403,0.14140248594669996,0.19959221446103803
cell_class,LO>ME | LOP,4,400-500,450.0,598,81,111.0,111.0,0.1354515050167224,0.11033940797681537,0.16521748273994463
cell_class,LO>ME | LOP,5,500-600,550.0,500,64,85.0,85.0,0.128,0.10152638796079462,0.1601463282261975
cell_class,LO>ME | LOP,7,700-800,750.0,425,27,32.0,32.0,0.06352941176470588,0.04402493699835074,0.09085376879884802
cell_class,LO>ME | LOP,8,800-900,850.0,376,21,29.0,29.0,0.05585106382978723,0.03681667599288761,0.08386942052734607
cell_class,LO>ME | LOP,9,900-1000,950.0,365,12,14.0,14.0,0.03287671232876712,0.018904908472955895,0.05657898488397563
cell_class,LO>ME | LOP,11,1100-1200,1150.0,297,9,13.0,13.0,0.030303030303030304,0.016022700357854032,0.05657896111449554
cell_class,LO>ME | LOP,12,1200-1300,1250.0,299,8,10.0,10.0,0.026755852842809364,0.013618505953465712,0.05189957346494972
cell_class,LO>ME | LOP,13,1300-1400,1350.0,240,5,5.0,5.0,0.020833333333333332,0.008930664388657018,0.04783405500294802
cell_class,LO>ME | LOP,15,1500-1600,1550.0,250,7,8.0,8.0,0.028,0.013627884857773491,0.056658466945870976
cell_class,LO>ME | LOP,16,1600-1700,1650.0,218,6,8.0,8.0,0.027522935779816515,0.012673574663149612,0.05873593554593652
cell_class,LO>ME | LOP,17,1700-1800,1750.0,230,2,2.0,2.0,0.008695652173913044,0.0023878595588878726,0.031145951362693235
cell_class,LO>ME | LOP,19,1900-2000,1950.0,181,2,2.0,2.0,0.011049723756906077,0.003035418046948204,0.03938793254079827
cell_class,LO>ME | ME.LO,0,0-100,50.0,5647,3887,29437.0,29437.0,0.6883300867717372,0.6761247582879741,0.7002793511459198
cell_class,LO>ME | ME.LO,1,100-200,150.0,717,167,252.0,252.0,0.23291492329149233,0.20344829101502182,0.26522832254335216
cell_class,LO>ME | ME.LO,2,200-300,250.0,363,44,68.0,68.0,0.12121212121212122,0.09154521600977672,0.15881243154164604
cell_class,LO>ME | ME.LO,3,300-400,350.0,277,30,44.0,44.0,0.10830324909747292,0.07692258168607288,0.15039986627035523
cell_class,LO>ME | ME.LO,12,1200-1300,1250.0,164,2,3.0,3.0,0.012195121951219513,0.0033506679012033427,0.043369573087919736
cell_class,LO>ME | ME.LO,13,1300-1400,1350.0,161,0,0.0,0.0,0.0,0.0,0.023304796847397745
cell_class,LO>ME | ME.LO,16,1600-1700,1650.0,151,0,0.0,0.0,0.0,0.0,0.02480987021575597
cell_class,LO>ME | ME.LO,17,1700-1800,1750.0,149,0,0.0,0.0,0.0,0.0,0.025134518351024853
cell_class,LO>ME | ME.LO,18,1800-1900,1850.0,120,0,0.0,0.0,0.0,0.0,0.031020271055929513
cell_class,LO>ME | ME>LA,0,0-100,50.0,2993,821,1968.0,1968.0,0.27430671566989645,0.2586192145372453,0.29057284152604496
cell_class,LO>ME | ME>LA,1,100-200,150.0,1510,159,183.0,183.0,0.10529801324503311,0.0908052394460239,0.12179401796637648
cell_class,LO>ME | ME>LA,2,200-300,250.0,1082,61,70.0,70.0,0.056377079482439925,0.04413805950378883,0.07175508734193894
cell_class,LO>ME | ME>LA,3,300-400,350.0,1135,71,90.0,90.0,0.06255506607929516,0.049888844744041226,0.07817251163774183
cell_class,LO>ME | ME>LA,4,400-500,450.0,1127,53,68.0,68.0,0.04702750665483585,0.03613196790671894,0.06100064553799339
cell_class,LO>ME | ME>LA,5,500-600,550.0,1119,44,50.0,50.0,0.03932082216264522,0.02941986728320612,0.05237403846449686
cell_class,LO>ME | ME>LA,6,600-700,650.0,1209,42,45.0,45.0,0.034739454094292806,0.025802362778336828,0.046623912837539146
cell_class,LO>ME | ME>LA,7,700-800,750.0,1242,24,24.0,24.0,0.01932367149758454,0.013019280972777901,0.028592429536808545
cell_class,LO>ME | ME>LA,8,800-900,850.0,1218,22,30.0,30.0,0.0180623973727422,0.011957925821993884,0.02719739512959264
cell_class,LO>ME | ME>LA,9,900-1000,950.0,1238,13,13.0,13.0,0.01050080775444265,0.006146857748540483,0.017883260102238556
cell_class,LO>ME | ME>LA,10,1000-1100,1050.0,1203,6,8.0,8.0,0.004987531172069825,0.002287743631011724,0.010838751179906295
cell_class,LO>ME | ME>LA,11,1100-1200,1150.0,1242,7,8.0,8.0,0.005636070853462158,0.0027327239105181134,0.011588197786108487
cell_class,LO>ME | ME>LA,12,1200-1300,1250.0,1179,8,9.0,9.0,0.006785411365564037,0.0034421759778648165,0.01333234395785608
cell_class,LO>ME | ME>LA,13,1300-1400,1350.0,1236,5,5.0,5.0,0.0040453074433656954,0.0017290883524105553,0.009434918404581626
cell_class,LO>ME | ME>LA,14,1400-1500,1450.0,1174,8,9.0,9.0,0.0068143100511073255,0.0034568526536516717,0.013388876007995192
cell_class,LO>ME | ME>LA,15,1500-1600,1550.0,1174,8,10.0,10.0,0.0068143100511073255,0.0034568526536516717,0.013388876007995192
cell_class,LO>ME | ME>LA,16,1600-1700,1650.0,1210,3,3.0,3.0,0.0024793388429752068,0.0008435341065701554,0.007264278313106349
cell_class,LO>ME | ME>LA,17,1700-1800,1750.0,1129,7,7.0,7.0,0.006200177147918512,0.0030065247257882923,0.012742896905620723
cell_class,LO>ME | ME>LA,18,1800-1900,1850.0,1109,9,11.0,11.0,0.008115419296663661,0.004275309045407107,0.015351563278560652
cell_class,LO>ME | ME>LA,19,1900-2000,1950.0,1008,5,6.0,6.0,0.00496031746031746,0.0021205252080470464,0.011559086304268712
cell_class,LO>ME | ME>LOP,0,0-100,50.0,1907,798,1205.0,1205.0,0.4184583114840063,0.3965029039238433,0.44074158562463633
cell_class,LO>ME | ME>LOP,1,100-200,150.0,1448,332,442.0,442.0,0.2292817679558011,0.20836258051323459,0.25163360639861587
cell_class,LO>ME | ME>LOP,2,200-300,250.0,1280,202,248.0,248.0,0.1578125,0.13886783935144018,0.17880499505429956
cell_class,LO>ME | ME>LOP,3,300-400,350.0,1267,167,192.0,192.0,0.13180741910023677,0.11428820258791399,0.15155263863100732
cell_class,LO>ME | ME>LOP,4,400-500,450.0,1298,114,127.0,127.0,0.08782742681047766,0.0736201265078517,0.1044672844336945
cell_class,LO>ME | ME>LOP,5,500-600,550.0,1402,116,132.0,132.0,0.08273894436519258,0.06943319277208755,0.09832510944346788
cell_class,LO>ME | ME>LOP,6,600-700,650.0,1550,69,78.0,78.0,0.044516129032258066,0.03532588468435108,0.0559585808622014
cell_class,LO>ME | ME>LOP,7,700-800,750.0,1735,65,73.0,73.0,0.037463976945244955,0.02950186271921769,0.04746984074129304
cell_class,LO>ME | ME>LOP,8,800-900,850.0,1720,42,45.0,45.0,0.02441860465116279,0.018115590557615767,0.03284129550430547
cell_class,LO>ME | ME>LOP,9,900-1000,950.0,1803,42,43.0,43.0,0.02329450915141431,0.01727947032175053,0.03133663415580854
cell_class,LO>ME | ME>LOP,10,1000-1100,1050.0,1972,33,39.0,39.0,0.016734279918864097,0.011940248249857621,0.023407524567558513
cell_class,LO>ME | ME>LOP,11,1100-1200,1150.0,2041,20,22.0,22.0,0.009799118079372856,0.006352312985947243,0.015087782911945291
cell_class,LO>ME | ME>LOP,12,1200-1300,1250.0,2129,22,25.0,25.0,0.010333489901362142,0.006833923517449528,0.015596996809685874
cell_class,LO>ME | ME>LOP,13,1300-1400,1350.0,2184,16,16.0,16.0,0.007326007326007326,0.0045144365813440165,0.011867736607062309
cell_class,LO>ME | ME>LOP,14,1400-1500,1450.0,2140,18,18.0,18.0,0.008411214953271028,0.005327076868032129,0.013257131965307051
cell_class,LO>ME | ME>LOP,15,1500-1600,1550.0,2273,7,7.0,7.0,0.0030796304443466782,0.001492555938537539,0.006343562305261239
cell_class,LO>ME | ME>LOP,16,1600-1700,1650.0,2354,16,18.0,18.0,0.006796941376380629,0.00418808924511138,0.011012931892186396
cell_class,LO>ME | ME>LOP,17,1700-1800,1750.0,2242,7,7.0,7.0,0.0031222123104371097,0.0015132042821930356,0.006431078164084565
cell_class,LO>ME | ME>LOP,18,1800-1900,1850.0,2359,1,1.0,1.0,0.000423908435777872,7.48322426505786e-05,0.0023974452049785808
cell_class,LO>ME | ME>LOP,19,1900-2000,1950.0,2393,3,3.0,3.0,0.0012536564981195152,0.00042643817997568226,0.003679632075146725
cell_class,LO>ME | bilateral,0,0-100,50.0,4344,1886,11433.0,11433.0,0.43416206261510126,0.41948712010875183,0.4489533492956533
cell_class,LO>ME | bilateral,1,100-200,150.0,1258,404,1591.0,1591.0,0.32114467408585057,0.29592066031503156,0.3474577161784999
cell_class,LO>ME | bilateral,2,200-300,250.0,685,202,673.0,673.0,0.2948905109489051,0.2619622037379894,0.33010656795059634
cell_class,LO>ME | bilateral,4,400-500,450.0,463,86,268.0,268.0,0.1857451403887689,0.15295795792267936,0.22370427611987387
cell_class,LO>ME | bilateral,6,600-700,650.0,371,63,188.0,188.0,0.16981132075471697,0.1350344275742746,0.21135615447424935
cell_class,LO>ME | bilateral,7,700-800,750.0,341,64,202.0,202.0,0.187683284457478,0.14980413042352086,0.2325209718843213
cell_class,LO>ME | bilateral,9,900-1000,950.0,310,48,121.0,121.0,0.15483870967741936,0.11881822826306711,0.1993091328006032
cell_class,LO>ME | bilateral,12,1200-1300,1250.0,222,30,56.0,56.0,0.13513513513513514,0.09632423721580859,0.18635884685727627
cell_class,LO>ME | bilateral,13,1300-1400,1350.0,255,22,43.0,43.0,0.08627450980392157,0.05766316330054664,0.12716647768451914
cell_class,LO>ME | bilateral,14,1400-1500,1450.0,199,19,48.0,48.0,0.09547738693467336,0.06197689352509503,0.14430031982759
cell_class,LO>ME | bilateral,17,1700-1800,1750.0,207,13,22.0,22.0,0.06280193236714976,0.03706523966421769,0.1044703965669625
cell_class,LOP | LOP>LO,0,0-100,50.0,21748,11378,69096.0,69096.0,0.5231745447857274,0.5165328507078359,0.5298080531354505
cell_class,LOP | LOP>LO,1,100-200,150.0,3831,969,2213.0,2213.0,0.2529365700861394,0.23942347542670067,0.2669446624384983
cell_class,LOP | LOP>LO,2,200-300,250.0,1981,336,579.0,579.0,0.1696113074204947,0.15372784678752485,0.18677368240251233
cell_class,LOP | LOP>LO,3,300-400,350.0,1617,240,436.0,436.0,0.14842300556586271,0.13192818184543564,0.1665843933500678
cell_class,LOP | LOP>LO,4,400-500,450.0,1385,176,297.0,297.0,0.12707581227436823,0.11056040726261585,0.1456542683346589
cell_class,LOP | LOP>LO,5,500-600,550.0,1194,109,157.0,157.0,0.09128978224455611,0.07623699016425126,0.10896412490805879
cell_class,LOP | LOP>LO,7,700-800,750.0,1073,72,120.0,120.0,0.06710158434296365,0.05362245694491582,0.08366941588020536
cell_class,LOP | LOP>LO,8,800-900,850.0,962,54,87.0,87.0,0.056133056133056136,0.043274862121768086,0.0725221795463481
cell_class,LOP | LOP>LO,9,900-1000,950.0,824,35,46.0,46.0,0.04247572815533981,0.030697644703175875,0.058500095540851504
cell_class,LOP | LOP>LO,10,1000-1100,1050.0,827,24,37.0,37.0,0.02902055622732769,0.019577922215615634,0.04281856828269355
cell_class,LOP | LOP>LO,11,1100-1200,1150.0,812,27,36.0,36.0,0.0332512315270936,0.022951193594006658,0.04794688269923457
cell_class,LOP | LOP>LO,12,1200-1300,1250.0,759,19,27.0,27.0,0.025032938076416336,0.016083357307063652,0.03876629955485892
cell_class,LOP | LOP>LO,14,1400-1500,1450.0,664,9,18.0,18.0,0.01355421686746988,0.007146928787814092,0.02555783234117218
cell_class,LOP | LOP>LO,15,1500-1600,1550.0,663,14,22.0,22.0,0.021116138763197588,0.012619272400648954,0.03513059803334916
cell_class,LOP | LOP>LO,16,1600-1700,1650.0,646,7,20.0,20.0,0.010835913312693499,0.005258558507522779,0.022196747523977822
cell_class,LOP | LOP>LO,17,1700-1800,1750.0,597,11,15.0,15.0,0.018425460636515914,0.010318945560373487,0.032690060473829205
cell_class,LOP | LOP>LO,18,1800-1900,1850.0,595,8,11.0,11.0,0.013445378151260505,0.0068283021670537125,0.026305000529352147
cell_class,LOP | LOP>LO,19,1900-2000,1950.0,549,4,8.0,8.0,0.007285974499089253,0.0028368693326015666,0.01858264757784801
cell_class,LOP | LOP>LO.ME,0,0-100,50.0,7182,3446,16820.0,16820.0,0.4798106377053745,0.4682700712963782,0.49137279085633045
cell_class,LOP | LOP>LO.ME,1,100-200,150.0,1548,357,804.0,804.0,0.23062015503875968,0.21031832532807454,0.25225568995802167
cell_class,LOP | LOP>LO.ME,2,200-300,250.0,900,183,343.0,343.0,0.20333333333333334,0.17832466044856862,0.23086385222887398
cell_class,LOP | LOP>LO.ME,3,300-400,350.0,702,129,206.0,206.0,0.18376068376068377,0.1568582543594048,0.21410542927726386
cell_class,LOP | LOP>LO.ME,4,400-500,450.0,609,79,116.0,116.0,0.1297208538587849,0.10533876823102672,0.15874513207861285
cell_class,LOP | LOP>LO.ME,6,600-700,650.0,528,51,69.0,69.0,0.09659090909090909,0.07423040989614699,0.124779220038781
cell_class,LOP | LOP>LO.ME,7,700-800,750.0,417,30,45.0,45.0,0.07194244604316546,0.05085511483287483,0.10084471712290138
cell_class,LOP | LOP>LO.ME,8,800-900,850.0,423,28,32.0,32.0,0.06619385342789598,0.04619087300733656,0.09400539652215631
cell_class,LOP | LOP>LO.ME,9,900-1000,950.0,398,29,40.0,40.0,0.0728643216080402,0.05120865415640036,0.10268681112146036
cell_class,LOP | LOP>LO.ME,11,1100-1200,1150.0,367,11,15.0,15.0,0.02997275204359673,0.016817026207380223,0.05286663387821966
cell_class,LOP | LOP>LO.ME,12,1200-1300,1250.0,323,14,21.0,21.0,0.043343653250773995,0.025991545809751486,0.07143056936775347
cell_class,LOP | LOP>LO.ME,13,1300-1400,1350.0,292,5,9.0,9.0,0.017123287671232876,0.007335551356782339,0.03945164827977993
cell_class,LOP | LOP>LO.ME,14,1400-1500,1450.0,267,1,1.0,1.0,0.003745318352059925,0.0006614298649481216,0.020906896418754234
cell_class,LOP | LOP>LO.ME,15,1500-1600,1550.0,286,7,11.0,11.0,0.024475524475524476,0.011905309925303531,0.04965107121529188
cell_class,LOP | LOP>LO.ME,16,1600-1700,1650.0,255,2,2.0,2.0,0.00784313725490196,0.0021534677323497217,0.02814150803661477
cell_class,LOP | LOP>LO.ME,17,1700-1800,1750.0,248,1,1.0,1.0,0.004032258064516129,0.0007121292102298671,0.022483403219678455
cell_class,LOP | LOP>LO.ME,18,1800-1900,1850.0,236,4,5.0,5.0,0.01694915254237288,0.006610324922223368,0.042762260984475046
cell_class,LOP | ME>LO,0,0-100,50.0,1219,216,387.0,387.0,0.17719442165709598,0.15678299436985418,0.1996340591553121
cell_class,LOP | ME>LO,1,100-200,150.0,866,70,102.0,102.0,0.08083140877598152,0.06447390376736496,0.10089137653194467
cell_class,LOP | ME>LO,2,200-300,250.0,663,35,52.0,52.0,0.05279034690799397,0.03819977978486539,0.07253356378578166
cell_class,LOP | ME>LO,4,400-500,450.0,720,27,37.0,37.0,0.0375,0.025898169037185517,0.05401102656583037
cell_class,LOP | ME>LO,5,500-600,550.0,715,25,30.0,30.0,0.03496503496503497,0.023793704809141336,0.051106801783688025
cell_class,LOP | ME>LO,6,600-700,650.0,912,17,18.0,18.0,0.01864035087719298,0.011670118609277259,0.02964881689223304
cell_class,LOP | ME>LO,7,700-800,750.0,903,15,15.0,15.0,0.016611295681063124,0.0100920278073418,0.027226066113360557
cell_class,LOP | ME>LO,8,800-900,850.0,993,19,26.0,26.0,0.019133937562940583,0.012283000892629828,0.029691170329758973
cell_class,LOP | ME>LO,9,900-1000,950.0,1024,12,13.0,13.0,0.01171875,0.0067160895006905435,0.020371352766678282
cell_class,LOP | ME>LO,10,1000-1100,1050.0,1110,11,13.0,13.0,0.00990990990990991,0.00554238011925528,0.01765804622502922
cell_class,LOP | ME>LO,11,1100-1200,1150.0,1188,15,20.0,20.0,0.012626262626262626,0.007666375888135468,0.020728001351256072
cell_class,LOP | ME>LO,12,1200-1300,1250.0,1277,4,4.0,4.0,0.0031323414252153485,0.001218740340423804,0.00802643095944653
cell_class,LOP | ME>LO,13,1300-1400,1350.0,1283,5,5.0,5.0,0.003897116134060795,0.0016657044233291643,0.009090553378718889
cell_class,LOP | ME>LO,14,1400-1500,1450.0,1346,6,6.0,6.0,0.004457652303120356,0.002044507154303495,0.009691388375957241
cell_class,LOP | ME>LO,15,1500-1600,1550.0,1321,5,5.0,5.0,0.003785011355034065,0.0016177574601225668,0.00882998210361094
cell_class,LOP | ME>LO,16,1600-1700,1650.0,1456,2,3.0,3.0,0.0013736263736263737,0.0003767708682743229,0.004994770811316119
cell_class,LOP | ME>LO,17,1700-1800,1750.0,1457,2,2.0,2.0,0.0013726835964310226,0.0003765122191974413,0.004991352441830832
cell_class,LOP | ME>LO,18,1800-1900,1850.0,1471,1,1.0,1.0,0.0006798096532970768,0.00012001009040448363,0.0038408220423479427
cell_class,LOP | ME>LO,19,1900-2000,1950.0,1601,2,2.0,2.0,0.0012492192379762648,0.0003426406730598075,0.004543573642421546
cell_class,LOP | bilateral,0,0-100,50.0,1465,856,11534.0,11534.0,0.5843003412969283,0.5588744908048103,0.6092852345188732
cell_class,LOP | bilateral,2,200-300,250.0,279,103,483.0,483.0,0.36917562724014336,0.3146831658610661,0.42722184386876133
cell_class,LOP | bilateral,3,300-400,350.0,234,101,403.0,403.0,0.43162393162393164,0.3697705223542832,0.4956861513310603
cell_class,LOP | bilateral,4,400-500,450.0,231,69,264.0,264.0,0.2987012987012987,0.243363551174536,0.3606248392980208
cell_class,LOP | bilateral,5,500-600,550.0,213,64,234.0,234.0,0.3004694835680751,0.24287983775731314,0.3651289576029867
cell_class,LOP | bilateral,7,700-800,750.0,237,58,223.0,223.0,0.24472573839662448,0.19434725921138543,0.30324784063847454
cell_class,LOP | bilateral,8,800-900,850.0,213,55,263.0,263.0,0.25821596244131456,0.2040896050670078,0.32090928813429676
cell_class,LOP | bilateral,11,1100-1200,1150.0,196,39,134.0,134.0,0.1989795918367347,0.149111784396013,0.26042056522488677
cell_class,LOP | bilateral,13,1300-1400,1350.0,178,20,103.0,103.0,0.11235955056179775,0.07392192832223898,0.1671758182879976
cell_class,LOP | bilateral,14,1400-1500,1450.0,188,30,152.0,152.0,0.1595744680851064,0.11412277399436369,0.2186601052143168
cell_class,LOP | bilateral,15,1500-1600,1550.0,155,16,67.0,67.0,0.1032258064516129,0.0645423916127653,0.1611012684863523
cell_class,LOP | bilateral,16,1600-1700,1650.0,144,14,66.0,66.0,0.09722222222222222,0.05879851218117762,0.15657794478357384
cell_class,LOP | bilateral,17,1700-1800,1750.0,152,14,37.0,37.0,0.09210526315789473,0.05565814076397554,0.14866214342201842
cell_class,LOP>LO | ME,0,0-100,50.0,2032,438,749.0,749.0,0.2155511811023622,0.1982173956374653,0.23395846716050492
cell_class,LOP>LO | ME,1,100-200,150.0,1529,172,229.0,229.0,0.11249182472204054,0.09761511882125279,0.12931087274891334
cell_class,LOP>LO | ME,2,200-300,250.0,1231,100,135.0,135.0,0.08123476848090982,0.06724410957279539,0.09783098993794345
cell_class,LOP>LO | ME,3,300-400,350.0,1309,97,117.0,117.0,0.07410236822001529,0.06112464812578085,0.08957258754987114
cell_class,LOP>LO | ME,4,400-500,450.0,1370,79,97.0,97.0,0.05766423357664233,0.04651259805206104,0.07128962892956478
cell_class,LOP>LO | ME,5,500-600,550.0,1407,53,67.0,67.0,0.037668798862828715,0.028913195218229895,0.048942178482120305
cell_class,LOP>LO | ME,6,600-700,650.0,1517,50,60.0,60.0,0.03295978905735003,0.025089484675181448,0.043189552405340295
cell_class,LOP>LO | ME,7,700-800,750.0,1548,41,48.0,48.0,0.02648578811369509,0.01958312090652715,0.035732834020831425
cell_class,LOP>LO | ME,8,800-900,850.0,1566,33,42.0,42.0,0.0210727969348659,0.015043772589522747,0.029445811582536396
cell_class,LOP>LO | ME,9,900-1000,950.0,1700,29,33.0,33.0,0.017058823529411765,0.011903375771349135,0.02439201694590815
cell_class,LOP>LO | ME,10,1000-1100,1050.0,1565,26,29.0,29.0,0.016613418530351438,0.01136231192347395,0.024231848761709307
cell_class,LOP>LO | ME,11,1100-1200,1150.0,1694,28,32.0,32.0,0.01652892561983471,0.011460259727918375,0.02378543103616704
cell_class,LOP>LO | ME,12,1200-1300,1250.0,1609,26,31.0,31.0,0.016159105034182723,0.011050942864369024,0.02357217201560432
cell_class,LOP>LO | ME,13,1300-1400,1350.0,1569,5,6.0,6.0,0.0031867431485022306,0.0013619107402002054,0.0074384668693442
cell_class,LOP>LO | ME,14,1400-1500,1450.0,1598,8,9.0,9.0,0.0050062578222778474,0.002538875781302413,0.009847867077666913
cell_class,LOP>LO | ME,15,1500-1600,1550.0,1616,10,10.0,10.0,0.006188118811881188,0.0033646936006395444,0.011353782576290349
cell_class,LOP>LO | ME,16,1600-1700,1650.0,1633,12,13.0,13.0,0.007348438456827924,0.004208554212620664,0.012800788658430508
cell_class,LOP>LO | ME,17,1700-1800,1750.0,1602,6,7.0,7.0,0.003745318352059925,0.001717585585142923,0.008147397362116634
cell_class,LOP>LO | ME,18,1800-1900,1850.0,1598,7,7.0,7.0,0.004380475594493116,0.002123481827454367,0.009014698127417573
cell_class,LOP>LO | ME,19,1900-2000,1950.0,1593,4,6.0,6.0,0.0025109855618330196,0.0009768773916401983,0.006438761078700254
cell_class,LOP>LO.ME | ME>LO,0,0-100,50.0,4291,1333,2509.0,2509.0,0.31065019808902355,0.29697846387168136,0.32466066712677033
cell_class,LOP>LO.ME | ME>LO,1,100-200,150.0,2802,563,852.0,852.0,0.20092790863668808,0.18650526324357108,0.21616949929469909
cell_class,LOP>LO.ME | ME>LO,2,200-300,250.0,2075,296,396.0,396.0,0.14265060240963856,0.12826293583441942,0.1583589982273196
cell_class,LOP>LO.ME | ME>LO,3,300-400,350.0,2092,259,341.0,341.0,0.12380497131931166,0.1103767909761795,0.13861225476086472
cell_class,LOP>LO.ME | ME>LO,4,400-500,450.0,2066,194,255.0,255.0,0.09390125847047434,0.08206598652541812,0.10724395873802621
cell_class,LOP>LO.ME | ME>LO,5,500-600,550.0,2093,159,204.0,204.0,0.07596751075011944,0.06537733385203928,0.08811141799263986
cell_class,LOP>LO.ME | ME>LO,6,600-700,650.0,2179,120,146.0,146.0,0.05507113354749885,0.04625230503635597,0.06545602964079147
cell_class,LOP>LO.ME | ME>LO,7,700-800,750.0,2214,99,119.0,119.0,0.044715447154471545,0.03686625314667831,0.054141869345027155
cell_class,LOP>LO.ME | ME>LO,8,800-900,850.0,2214,101,128.0,128.0,0.045618789521228546,0.03768616993642007,0.05512550786780185
cell_class,LOP>LO.ME | ME>LO,9,900-1000,950.0,2361,70,95.0,95.0,0.02964845404489623,0.0235336647502902,0.0372913816291375
cell_class,LOP>LO.ME | ME>LO,10,1000-1100,1050.0,2295,68,97.0,97.0,0.02962962962962963,0.023439642279653387,0.037391691205872546
cell_class,LOP>LO.ME | ME>LO,11,1100-1200,1150.0,2349,57,75.0,75.0,0.024265644955300127,0.018776487236894554,0.03130831235182404
cell_class,LOP>LO.ME | ME>LO,12,1200-1300,1250.0,2304,55,72.0,72.0,0.023871527777777776,0.01838588524427109,0.030942283552062248
cell_class,LOP>LO.ME | ME>LO,13,1300-1400,1350.0,2290,53,69.0,69.0,0.02314410480349345,0.017737784888182957,0.030147648874985347
cell_class,LOP>LO.ME | ME>LO,14,1400-1500,1450.0,2269,32,39.0,39.0,0.014103129131776113,0.01000752390556283,0.019841278580276924
cell_class,LOP>LO.ME | ME>LO,15,1500-1600,1550.0,2280,27,33.0,33.0,0.011842105263157895,0.008151274533798795,0.017175175426653803
cell_class,LOP>LO.ME | ME>LO,16,1600-1700,1650.0,2300,28,32.0,32.0,0.01217391304347826,0.008436059133514345,0.017538643293944212
cell_class,LOP>LO.ME | ME>LO,17,1700-1800,1750.0,2328,20,28.0,28.0,0.00859106529209622,0.005568250950427778,0.013233026117448532
cell_class,LOP>LO.ME | ME>LO,18,1800-1900,1850.0,2179,21,25.0,25.0,0.009637448370812299,0.006312086390552012,0.014688796128820899
cell_class,LOP>LO.ME | ME>LO,19,1900-2000,1950.0,2107,19,22.0,22.0,0.009017560512577124,0.005780518502025528,0.014041717330355263
cell_class,LOP>LO.ME | ME>LOP,0,0-100,50.0,8331,6609,26305.0,26305.0,0.7933021245948866,0.7844723870613405,0.8018614911973657
cell_class,LOP>LO.ME | ME>LOP,1,100-200,150.0,3165,1589,3702.0,3702.0,0.5020537124802528,0.4846422898612081,0.5194601556507417
cell_class,LOP>LO.ME | ME>LOP,2,200-300,250.0,2058,777,1383.0,1383.0,0.37755102040816324,0.35685279412568427,0.3987055378043728
cell_class,LOP>LO.ME | ME>LOP,3,300-400,350.0,1656,420,698.0,698.0,0.2536231884057971,0.233254341869582,0.27513248251173245
cell_class,LOP>LO.ME | ME>LOP,4,400-500,450.0,1553,301,443.0,443.0,0.19381841596909208,0.17492364327500215,0.21422423149915604
cell_class,LOP>LO.ME | ME>LOP,5,500-600,550.0,1588,212,309.0,309.0,0.13350125944584382,0.11765401850508539,0.15111744719853737
cell_class,LOP>LO.ME | ME>LOP,6,600-700,650.0,1519,157,206.0,206.0,0.10335747202106649,0.08903529427736856,0.11968083220617382
cell_class,LOP>LO.ME | ME>LOP,7,700-800,750.0,1485,101,127.0,127.0,0.06801346801346801,0.056290697147667254,0.08196551493023278
cell_class,LOP>LO.ME | ME>LOP,8,800-900,850.0,1447,82,104.0,104.0,0.056668970283344854,0.045887705258684124,0.06979797676201338
cell_class,LOP>LO.ME | ME>LOP,9,900-1000,950.0,1309,53,68.0,68.0,0.04048892284186402,0.03108697425338564,0.05258008809442541
cell_class,LOP>LO.ME | ME>LOP,10,1000-1100,1050.0,1311,40,48.0,48.0,0.03051106025934401,0.02248562204241142,0.04127992964077232
cell_class,LOP>LO.ME | ME>LOP,11,1100-1200,1150.0,1246,32,40.0,40.0,0.025682182985553772,0.018249821057781723,0.036030337323888405
cell_class,LOP>LO.ME | ME>LOP,12,1200-1300,1250.0,1252,20,27.0,27.0,0.01597444089456869,0.010364424274870023,0.024545710888672894
cell_class,LOP>LO.ME | ME>LOP,13,1300-1400,1350.0,1141,18,22.0,22.0,0.015775635407537247,0.010001746900833379,0.024799224692092656
cell_class,LOP>LO.ME | ME>LOP,14,1400-1500,1450.0,1098,17,22.0,22.0,0.015482695810564663,0.009688747904646682,0.024655208613241192
cell_class,LOP>LO.ME | ME>LOP,15,1500-1600,1550.0,1116,18,20.0,20.0,0.016129032258064516,0.010226319992296779,0.025351568880558104
cell_class,LOP>LO.ME | ME>LOP,16,1600-1700,1650.0,1101,10,12.0,12.0,0.009082652134423252,0.004940861119884957,0.016638340821823246
cell_class,LOP>LO.ME | ME>LOP,17,1700-1800,1750.0,1051,13,14.0,14.0,0.012369172216936251,0.007242631006755201,0.02104749331143627
cell_class,LOP>LO.ME | ME>LOP,18,1800-1900,1850.0,1013,7,8.0,8.0,0.006910167818361303,0.003351207848067252,0.014194887827011343
cell_class,LOP>LO.ME | ME>LOP,19,1900-2000,1950.0,1047,5,6.0,6.0,0.004775549188156638,0.0020414723023260096,0.011130446281787904
cell_class,LOP>ME.LO | ME.LO,0,0-100,50.0,6828,4257,19561.0,19561.0,0.6234622144112478,0.6119032025944069,0.6348823786169608
cell_class,LOP>ME.LO | ME.LO,1,100-200,150.0,1153,349,651.0,651.0,0.3026886383347788,0.276861086412241,0.32982663989359023
cell_class,LOP>ME.LO | ME.LO,2,200-300,250.0,597,111,167.0,167.0,0.18592964824120603,0.15676431150796363,0.21911112720999462
cell_class,LOP>ME.LO | ME.LO,3,300-400,350.0,524,66,104.0,104.0,0.12595419847328243,0.10023993056993724,0.15711303289485978
cell_class,LOP>ME.LO | ME.LO,7,700-800,750.0,335,13,16.0,16.0,0.03880597014925373,0.02281616615703969,0.0652533034712468
cell_class,LOP>ME.LO | ME.LO,8,800-900,850.0,363,12,18.0,18.0,0.03305785123966942,0.01900961516706388,0.05688581217814452
cell_class,LOP>ME.LO | ME.LO,9,900-1000,950.0,314,12,16.0,16.0,0.03821656050955414,0.021994145117284227,0.06560168878236894
cell_class,LOP>ME.LO | ME.LO,11,1100-1200,1150.0,306,2,2.0,2.0,0.006535947712418301,0.0017941887691966078,0.02351422688577032
cell_class,LOP>ME.LO | ME.LO,14,1400-1500,1450.0,277,1,1.0,1.0,0.0036101083032490976,0.0006375408651620989,0.020162796406809007
cell_class,LOP>ME.LO | ME>LO.LOP,0,0-100,50.0,66287,37002,155540.0,155540.0,0.5582090002564606,0.5544252394286255,0.5619860145808575
cell_class,LOP>ME.LO | ME>LO.LOP,1,100-200,150.0,18243,5606,10669.0,10669.0,0.3072959491311736,0.30064195332828214,0.3140310868541897
cell_class,LOP>ME.LO | ME>LO.LOP,2,200-300,250.0,9979,2118,3573.0,3573.0,0.2122457160036076,0.20433440246841414,0.22037849691286024
cell_class,LOP>ME.LO | ME>LO.LOP,3,300-400,350.0,7800,1291,2031.0,2031.0,0.1655128205128205,0.1574301352951539,0.17392482198639828
cell_class,LOP>ME.LO | ME>LO.LOP,4,400-500,450.0,7099,874,1294.0,1294.0,0.12311593182138329,0.11567573560707198,0.13096380651646347
cell_class,LOP>ME.LO | ME>LO.LOP,5,500-600,550.0,6326,603,847.0,847.0,0.09532089788175782,0.08832795650097548,0.10280504120310609
cell_class,LOP>ME.LO | ME>LO.LOP,6,600-700,650.0,5745,423,598.0,598.0,0.07362924281984334,0.0671569119187094,0.08067140883377055
cell_class,LOP>ME.LO | ME>LO.LOP,7,700-800,750.0,5428,310,429.0,429.0,0.05711127487103906,0.051245300720117494,0.06360370371329604
cell_class,LOP>ME.LO | ME>LO.LOP,8,800-900,850.0,5188,187,247.0,247.0,0.036044718581341555,0.031305976972317566,0.041470049168387486
cell_class,LOP>ME.LO | ME>LO.LOP,9,900-1000,950.0,4825,156,214.0,214.0,0.03233160621761658,0.027700830327123643,0.037706492207539744
cell_class,LOP>ME.LO | ME>LO.LOP,10,1000-1100,1050.0,4541,91,130.0,130.0,0.020039638846069147,0.016350950905356196,0.024539715119175874
cell_class,LOP>ME.LO | ME>LO.LOP,11,1100-1200,1150.0,4277,68,78.0,78.0,0.01589899462239888,0.012561217019995342,0.020105630545679595
cell_class,LOP>ME.LO | ME>LO.LOP,12,1200-1300,1250.0,4132,54,73.0,73.0,0.013068731848983543,0.010030334510277693,0.01701170694508172
cell_class,LOP>ME.LO | ME>LO.LOP,13,1300-1400,1350.0,3986,45,59.0,59.0,0.011289513296537882,0.008448154593829155,0.015071977132703546
cell_class,LOP>ME.LO | ME>LO.LOP,14,1400-1500,1450.0,3896,40,51.0,51.0,0.01026694045174538,0.0075489686228184805,0.013949750709782108
cell_class,LOP>ME.LO | ME>LO.LOP,15,1500-1600,1550.0,3779,26,33.0,33.0,0.006880127017729558,0.004699544157195605,0.010062268761431493
cell_class,LOP>ME.LO | ME>LO.LOP,16,1600-1700,1650.0,3726,28,38.0,38.0,0.007514761137949544,0.005204369334116928,0.010839636395241659
cell_class,LOP>ME.LO | ME>LO.LOP,17,1700-1800,1750.0,3550,10,12.0,12.0,0.0028169014084507044,0.0015308140948316986,0.005177869826252459
cell_class,LOP>ME.LO | ME>LO.LOP,18,1800-1900,1850.0,3571,12,14.0,14.0,0.0033604032483898066,0.001923351460294715,0.00586485375696582
cell_class,LOP>ME.LO | ME>LO.LOP,19,1900-2000,1950.0,3535,11,14.0,14.0,0.0031117397454031117,0.0017384444227244525,0.005563832118842144
cell_class,LOP>ME.LO | bilateral,0,0-100,50.0,7983,3394,12644.0,12644.0,0.42515345108355257,0.41434719333841546,0.4360317098816007
cell_class,LOP>ME.LO | bilateral,1,100-200,150.0,2641,974,2371.0,2371.0,0.3687996970844377,0.35060125021602606,0.38737927761596214
cell_class,LOP>ME.LO | bilateral,2,200-300,250.0,1507,519,1134.0,1134.0,0.34439283344392835,0.32082474808563316,0.3687522399983593
cell_class,LOP>ME.LO | bilateral,3,300-400,350.0,1426,480,1015.0,1015.0,0.33660589060308554,0.31254700627783477,0.36154276702292804
cell_class,LOP>ME.LO | bilateral,4,400-500,450.0,1283,346,740.0,740.0,0.269680436477007,0.24611032913919847,0.2946256868553109
cell_class,LOP>ME.LO | bilateral,5,500-600,550.0,1130,285,636.0,636.0,0.252212389380531,0.2277594346833331,0.2783444161543854
cell_class,LOP>ME.LO | bilateral,6,600-700,650.0,1097,260,553.0,553.0,0.23701002734731086,0.21279005157213904,0.26306551202574824
cell_class,LOP>ME.LO | bilateral,7,700-800,750.0,1062,223,477.0,477.0,0.20998116760828625,0.18655190705265381,0.23550105091033055
cell_class,LOP>ME.LO | bilateral,8,800-900,850.0,939,181,383.0,383.0,0.19275825346112885,0.16879962884009825,0.21922058579616727
cell_class,LOP>ME.LO | bilateral,10,1000-1100,1050.0,848,153,337.0,337.0,0.1804245283018868,0.15600182473476898,0.2077296483466114
cell_class,LOP>ME.LO | bilateral,11,1100-1200,1150.0,780,117,196.0,196.0,0.15,0.12665903669879244,0.17677165644125012
cell_class,LOP>ME.LO | bilateral,12,1200-1300,1250.0,806,134,282.0,282.0,0.1662531017369727,0.1421450895701366,0.19352746664332532
cell_class,LOP>ME.LO | bilateral,13,1300-1400,1350.0,698,87,167.0,167.0,0.12464183381088825,0.10217242336778168,0.15122036497648292
cell_class,LOP>ME.LO | bilateral,14,1400-1500,1450.0,651,93,189.0,189.0,0.14285714285714285,0.11806864247707508,0.1718359695695634
cell_class,LOP>ME.LO | bilateral,15,1500-1600,1550.0,656,80,160.0,160.0,0.12195121951219512,0.0990871175739064,0.14921732397691428
cell_class,LOP>ME.LO | bilateral,17,1700-1800,1750.0,616,63,113.0,113.0,0.10227272727272728,0.08075634007620017,0.1287191130072973
cell_class,LOP>ME.LO | bilateral,18,1800-1900,1850.0,588,54,105.0,105.0,0.09183673469387756,0.07106857394869207,0.11790361050066062
cell_class,LOP>ME.LO | bilateral,19,1900-2000,1950.0,558,57,118.0,118.0,0.10215053763440861,0.07968139335065731,0.1300602847308518
cell_class,ME | ME,0,0-100,50.0,965146,456475,2415221.0,2415221.0,0.47295953151129466,0.4719635626849286,0.47395571559680344
cell_class,ME | ME,1,100-200,150.0,315020,70575,143729.0,143729.0,0.2240333947050981,0.22258075317635007,0.225492766856554
cell_class,ME | ME,2,200-300,250.0,187813,29414,52278.0,52278.0,0.15661322698641733,0.1549765588349447,0.15826394238323782
cell_class,ME | ME,3,300-400,350.0,160388,18849,31099.0,31099.0,0.11752126094221513,0.1159543260011285,0.11910651764218057
cell_class,ME | ME,4,400-500,450.0,150352,13386,20738.0,20738.0,0.08903107374694051,0.08760201307033992,0.09048113498075645
cell_class,ME | ME,5,500-600,550.0,139071,9337,14106.0,14106.0,0.06713836817165333,0.06583496762394637,0.06846568219250466
cell_class,ME | ME,6,600-700,650.0,135832,7199,10437.0,10437.0,0.05299929324459626,0.05182046383891987,0.0542034060790768
cell_class,ME | ME,7,700-800,750.0,129598,5253,7537.0,7537.0,0.040533032917174645,0.03947289775757158,0.041620406706706956
cell_class,ME | ME,8,800-900,850.0,124168,3877,5566.0,5566.0,0.031223825784421108,0.030270835093896175,0.03220582225480179
cell_class,ME | ME,9,900-1000,950.0,120801,3026,4222.0,4222.0,0.025049461511080208,0.024183174872847806,0.02594595505103101
cell_class,ME | ME,10,1000-1100,1050.0,114633,2438,3480.0,3480.0,0.021267872253190618,0.02044856595587664,0.022119264175270315
cell_class,ME | ME,11,1100-1200,1150.0,111898,1761,2357.0,2357.0,0.01573754669431089,0.015024757187547635,0.016483585745746866
cell_class,ME | ME,12,1200-1300,1250.0,107854,1541,2142.0,2142.0,0.014287833552765776,0.013596668978190144,0.015013597593285544
cell_class,ME | ME,13,1300-1400,1350.0,103742,1196,1595.0,1595.0,0.011528599795646893,0.010896843025669251,0.012196531735676364
cell_class,ME | ME,14,1400-1500,1450.0,101650,993,1362.0,1362.0,0.009768814559763896,0.009182435868133762,0.010392245901689287
cell_class,ME | ME,15,1500-1600,1550.0,98038,834,1128.0,1128.0,0.008506905485628023,0.00795095629241543,0.00910137129258579
cell_class,ME | ME,16,1600-1700,1650.0,96735,696,973.0,973.0,0.007194913940145759,0.006681525227417724,0.007747442257758365
cell_class,ME | ME,17,1700-1800,1750.0,93620,590,802.0,802.0,0.006302072206793421,0.005815014140058964,0.006829645380086169
cell_class,ME | ME,18,1800-1900,1850.0,91359,488,684.0,684.0,0.005341564596810385,0.004889253354726888,0.005835474366526474
cell_class,ME | ME,19,1900-2000,1950.0,89376,456,691.0,691.0,0.00510204081632653,0.00465574102906764,0.005590882634673559
cell_class,ME | ME.LO,0,0-100,50.0,38320,24493,272464.0,272464.0,0.6391701461377871,0.6343479920114312,0.6439643993016568
cell_class,ME | ME.LO,1,100-200,150.0,8475,1925,3864.0,3864.0,0.22713864306784662,0.21834307250293325,0.2361814700949613
cell_class,ME | ME.LO,2,200-300,250.0,4961,647,1079.0,1079.0,0.130417254585769,0.12133130203449788,0.14007514444709784
cell_class,ME | ME.LO,3,300-400,350.0,4196,416,666.0,666.0,0.09914204003813155,0.09046276402124737,0.10855464654014144
cell_class,ME | ME.LO,4,400-500,450.0,3715,239,345.0,345.0,0.06433378196500673,0.05688544257899044,0.07268221633931357
cell_class,ME | ME.LO,5,500-600,550.0,3310,145,208.0,208.0,0.04380664652567976,0.03734705402688861,0.05132393133342554
cell_class,ME | ME.LO,6,600-700,650.0,3185,114,164.0,164.0,0.03579277864992151,0.029879841506873513,0.04282417740707944
cell_class,ME | ME.LO,7,700-800,750.0,2962,83,118.0,118.0,0.028021607022282242,0.022661976691434216,0.03460392719230658
cell_class,ME | ME.LO,8,800-900,850.0,2851,51,62.0,62.0,0.017888460189407224,0.01363193067124999,0.023442490550578916
cell_class,ME | ME.LO,9,900-1000,950.0,2616,46,56.0,56.0,0.017584097859327217,0.013209026063457818,0.023373949029387487
cell_class,ME | ME.LO,10,1000-1100,1050.0,2607,31,36.0,36.0,0.011891062523973917,0.008389752056790368,0.016828782840156268
cell_class,ME | ME.LO,11,1100-1200,1150.0,2449,24,36.0,36.0,0.009799918334013884,0.006594314627689223,0.014541008582745565
cell_class,ME | ME.LO,12,1200-1300,1250.0,2329,19,24.0,24.0,0.008158007728638901,0.005228885597911345,0.012707008549380953
cell_class,ME | ME.LO,13,1300-1400,1350.0,2306,16,18.0,18.0,0.006938421509106678,0.004275354410006357,0.01124155376239819
cell_class,ME | ME.LO,14,1400-1500,1450.0,2229,8,10.0,10.0,0.003589053387169134,0.0018197250979583661,0.0070665299771889255
cell_class,ME | ME.LO,15,1500-1600,1550.0,2269,9,10.0,10.0,0.003966505068312032,0.002088185617979095,0.0075216349696060674
cell_class,ME | ME.LO,16,1600-1700,1650.0,2302,7,10.0,10.0,0.0030408340573414424,0.001473743467209377,0.006263821853843032
cell_class,ME | ME.LO,17,1700-1800,1750.0,2120,11,14.0,14.0,0.005188679245283019,0.0028997293349087737,0.009267656406099407
cell_class,ME | ME.LO,18,1800-1900,1850.0,2027,5,6.0,6.0,0.00246669955599408,0.0010540570899629318,0.005761639417337292
cell_class,ME | ME.LO,19,1900-2000,1950.0,2092,4,4.0,4.0,0.0019120458891013384,0.0007437887221436361,0.004906256586623972
cell_class,ME | ME>LA,0,0-100,50.0,204730,61817,229738.0,229738.0,0.30194402383627217,0.2999590351787357,0.3039364450885579
cell_class,ME | ME>LA,1,100-200,150.0,80808,10165,20604.0,20604.0,0.12579200079200079,0.12352331917616963,0.12809626029892549
cell_class,ME | ME>LA,2,200-300,250.0,53328,4753,9360.0,9360.0,0.08912766276627662,0.08673884655883715,0.09157567089821611
cell_class,ME | ME>LA,3,300-400,350.0,47469,3319,6223.0,6223.0,0.06991931576397227,0.06765986038192116,0.07224837717342246
cell_class,ME | ME>LA,4,400-500,450.0,45131,2459,4196.0,4196.0,0.054485830138928895,0.05242940992354742,0.05661808920404451
cell_class,ME | ME>LA,5,500-600,550.0,42298,1967,3323.0,3323.0,0.04650338077450471,0.04453746133930703,0.048551667905600365
cell_class,ME | ME>LA,6,600-700,650.0,42141,1446,2360.0,2360.0,0.03431337652167723,0.03261737096202003,0.03609427891163854
cell_class,ME | ME>LA,7,700-800,750.0,40505,1138,1786.0,1786.0,0.028095296876928775,0.026530227914664813,0.029749870699658433
cell_class,ME | ME>LA,8,800-900,850.0,39543,884,1373.0,1373.0,0.022355410565713274,0.020943995340500905,0.02385962306021608
cell_class,ME | ME>LA,9,900-1000,950.0,38635,738,1097.0,1097.0,0.01910185065355248,0.01778394833895397,0.020515377901716765
cell_class,ME | ME>LA,10,1000-1100,1050.0,37472,546,804.0,804.0,0.014570879590093937,0.013406410317763375,0.015834870283657463
cell_class,ME | ME>LA,11,1100-1200,1150.0,36588,438,630.0,630.0,0.01197113807805838,0.010906859804435225,0.013137887918784043
cell_class,ME | ME>LA,12,1200-1300,1250.0,35557,321,481.0,481.0,0.009027758247321202,0.008096283414219495,0.010065311501464388
cell_class,ME | ME>LA,13,1300-1400,1350.0,34999,278,406.0,406.0,0.007943084088116803,0.007065554693099752,0.00892862104833491
cell_class,ME | ME>LA,14,1400-1500,1450.0,34798,261,347.0,347.0,0.007500431059256279,0.0066466764279386175,0.008462914784039082
cell_class,ME | ME>LA,15,1500-1600,1550.0,33566,168,240.0,240.0,0.005005064648751713,0.004304675036706515,0.005818744789021824
cell_class,ME | ME>LA,16,1600-1700,1650.0,33661,177,262.0,262.0,0.005258310804788925,0.00454012265113517,0.006089411990726919
cell_class,ME | ME>LA,17,1700-1800,1750.0,32956,99,153.0,153.0,0.0030040053404539386,0.0024682719813382396,0.0036555924003401
cell_class,ME | ME>LA,18,1800-1900,1850.0,32444,115,166.0,166.0,0.003544569103686352,0.002954023500211387,0.004252668485119312
cell_class,ME | ME>LA,19,1900-2000,1950.0,32138,84,119.0,119.0,0.002613728296720393,0.0021118286146661366,0.00323452341265516
cell_class,ME | ME>LO,0,0-100,50.0,1505887,739829,3256542.0,3256542.0,0.49129117921862664,0.49049272253768084,0.4920896803328143
cell_class,ME | ME>LO,1,100-200,150.0,488515,105628,200719.0,200719.0,0.21622263390069907,0.21507044727661082,0.21737928364488326
cell_class,ME | ME>LO,2,200-300,250.0,296215,42419,70637.0,70637.0,0.14320341643738502,0.14194659898693035,0.1444694883278882
cell_class,ME | ME>LO,3,300-400,350.0,255410,27031,42458.0,42458.0,0.10583375748796053,0.1046466310296415,0.10703274100952836
cell_class,ME | ME>LO,4,400-500,450.0,243073,19838,29351.0,29351.0,0.08161334249381873,0.08053156190322273,0.08270834749668617
cell_class,ME | ME>LO,5,500-600,550.0,223975,13570,19566.0,19566.0,0.06058711909811363,0.05960659506443884,0.06158271641738283
cell_class,ME | ME>LO,6,600-700,650.0,219294,10105,14182.0,14182.0,0.04607969210283911,0.04521010247699217,0.0469651850339087
cell_class,ME | ME>LO,7,700-800,750.0,208949,7312,10206.0,10206.0,0.034994185183944405,0.034214744875918156,0.035790723764715045
cell_class,ME | ME>LO,8,800-900,850.0,201475,5675,7727.0,7727.0,0.028167266410224594,0.027453754068605993,0.02889877163501607
cell_class,ME | ME>LO,9,900-1000,950.0,195802,4157,5560.0,5560.0,0.021230630943504154,0.020601449183686085,0.02187859907244317
cell_class,ME | ME>LO,10,1000-1100,1050.0,186195,3175,4227.0,4227.0,0.01705201536024061,0.01647383625153244,0.017650122551871844
cell_class,ME | ME>LO,11,1100-1200,1150.0,181790,2603,3425.0,3425.0,0.014318719401507234,0.013782767779796184,0.0148751974964049
cell_class,ME | ME>LO,12,1200-1300,1250.0,174354,2000,2682.0,2682.0,0.011470915493765558,0.0109817255014573,0.01198163286119864
cell_class,ME | ME>LO,13,1300-1400,1350.0,169509,1505,1909.0,1909.0,0.008878584617925891,0.008443005483709633,0.00933642391852864
cell_class,ME | ME>LO,14,1400-1500,1450.0,166130,1265,1614.0,1614.0,0.0076145187503762115,0.007207737696284109,0.008044071180204304
cell_class,ME | ME>LO,15,1500-1600,1550.0,159785,969,1286.0,1286.0,0.0060643990362049,0.005695412613742167,0.006457135590224535
cell_class,ME | ME>LO,16,1600-1700,1650.0,156537,855,1122.0,1122.0,0.0054619674581728285,0.005108788888316339,0.00583941850908148
cell_class,ME | ME>LO,17,1700-1800,1750.0,152603,734,962.0,962.0,0.004809866123208587,0.004474980726486916,0.005169682543970286
cell_class,ME | ME>LO,18,1800-1900,1850.0,149525,628,795.0,795.0,0.00419996656077579,0.0038846617589629036,0.004540746921525397
cell_class,ME | ME>LO,19,1900-2000,1950.0,147283,502,654.0,654.0,0.0034084042285939314,0.003123423248586138,0.0037192898481960253
cell_class,ME | ME>LO.LOP,0,0-100,50.0,488932,216555,749149.0,749149.0,0.44291435209804225,0.4415224422908774,0.4443071589563387
cell_class,ME | ME>LO.LOP,1,100-200,150.0,158749,31440,56605.0,56605.0,0.19804849164404184,0.19609533767730988,0.2000162592315797
cell_class,ME | ME>LO.LOP,2,200-300,250.0,94440,12796,21286.0,21286.0,0.13549343498517577,0.13332541845296392,0.1376911048732113
cell_class,ME | ME>LO.LOP,3,300-400,350.0,81351,8095,12945.0,12945.0,0.09950707428304507,0.09746891196672194,0.10158305939130477
cell_class,ME | ME>LO.LOP,4,400-500,450.0,76740,5732,8569.0,8569.0,0.07469377117539745,0.07285491211438083,0.07657520971574658
cell_class,ME | ME>LO.LOP,5,500-600,550.0,70721,3985,5819.0,5819.0,0.05634818512181672,0.05467263283631537,0.05807193356508893
cell_class,ME | ME>LO.LOP,6,600-700,650.0,69845,3069,4499.0,4499.0,0.04394015319636337,0.0424450072792001,0.04548546456988492
cell_class,ME | ME>LO.LOP,7,700-800,750.0,66684,2219,3103.0,3103.0,0.03327634814948113,0.0319416752057768,0.03466479298137172
cell_class,ME | ME>LO.LOP,8,800-900,850.0,65147,1749,2443.0,2443.0,0.026846976836999402,0.02563338392955216,0.02811636839905015
cell_class,ME | ME>LO.LOP,9,900-1000,950.0,62872,1324,1885.0,1885.0,0.021058658862450695,0.01996524274795717,0.022210599873288953
cell_class,ME | ME>LO.LOP,10,1000-1100,1050.0,60091,984,1412.0,1412.0,0.016375164334093292,0.015390892225639755,0.017421268477351436
cell_class,ME | ME>LO.LOP,11,1100-1200,1150.0,59259,788,1077.0,1077.0,0.013297558176817024,0.012406328381157622,0.014251887076401537
cell_class,ME | ME>LO.LOP,12,1200-1300,1250.0,56762,611,849.0,849.0,0.010764243684154892,0.009947811630261226,0.01164689330933752
cell_class,ME | ME>LO.LOP,13,1300-1400,1350.0,55406,502,692.0,692.0,0.009060390571418258,0.008304725355383112,0.009884130105990376
cell_class,ME | ME>LO.LOP,14,1400-1500,1450.0,54308,383,546.0,546.0,0.007052367975252265,0.006382587985346547,0.007791882577993732
cell_class,ME | ME>LO.LOP,15,1500-1600,1550.0,52392,337,468.0,468.0,0.006432279737364483,0.005782987367050927,0.007153947689260869
cell_class,ME | ME>LO.LOP,16,1600-1700,1650.0,51567,282,412.0,412.0,0.0054686136482634245,0.00486788197583588,0.0061430222945338345
cell_class,ME | ME>LO.LOP,17,1700-1800,1750.0,49818,251,333.0,333.0,0.005038339555983781,0.004453616668452234,0.005699392207879627
cell_class,ME | ME>LO.LOP,18,1800-1900,1850.0,49412,202,275.0,275.0,0.0040880757710677566,0.003562717546447891,0.004690538632032332
cell_class,ME | ME>LO.LOP,19,1900-2000,1950.0,48006,187,266.0,266.0,0.0038953464150314546,0.003376424057759809,0.004493662312198137
cell_class,ME | ME>LOP,0,0-100,50.0,126380,66174,333799.0,333799.0,0.523611330906789,0.5208570468981579,0.5263641795216598
cell_class,ME | ME>LOP,1,100-200,150.0,43546,11065,38463.0,38463.0,0.25409911358104076,0.2500318621429784,0.25820974762673427
cell_class,ME | ME>LOP,2,200-300,250.0,25910,4567,13693.0,13693.0,0.17626399073716711,0.1716722901591497,0.18095167586833422
cell_class,ME | ME>LOP,3,300-400,350.0,21612,2911,8372.0,8372.0,0.1346936886914677,0.13020692083249247,0.13931030212865286
cell_class,ME | ME>LOP,4,400-500,450.0,20032,2142,5592.0,5592.0,0.10692891373801917,0.10272461037647707,0.11128394916414142
cell_class,ME | ME>LOP,5,500-600,550.0,18766,1504,3505.0,3505.0,0.08014494298198871,0.07634552753320331,0.08411622084937226
cell_class,ME | ME>LOP,6,600-700,650.0,18469,1174,2703.0,2703.0,0.06356597541826844,0.060137206363411265,0.06717626553903822
cell_class,ME | ME>LOP,7,700-800,750.0,17783,896,1959.0,1959.0,0.05038519934769162,0.047266204151745726,0.05369841004934998
cell_class,ME | ME>LOP,8,800-900,850.0,17027,682,1286.0,1286.0,0.04005403183179656,0.03721095888263579,0.04310460226966804
cell_class,ME | ME>LOP,9,900-1000,950.0,16794,528,1108.0,1108.0,0.03143979992854591,0.028905824762749444,0.03418809082697728
cell_class,ME | ME>LOP,10,1000-1100,1050.0,16234,401,773.0,773.0,0.02470124430208205,0.02242367283794911,0.027203711136531833
cell_class,ME | ME>LOP,11,1100-1200,1150.0,16081,327,577.0,577.0,0.02033455630868727,0.018264867845086512,0.02263336518445106
cell_class,ME | ME>LOP,12,1200-1300,1250.0,15789,259,447.0,447.0,0.016403825448096775,0.014536868188216106,0.018506051712911753
cell_class,ME | ME>LOP,13,1300-1400,1350.0,15379,168,287.0,287.0,0.010923987255348202,0.009398947948179618,0.012693303200008764
cell_class,ME | ME>LOP,14,1400-1500,1450.0,15459,155,255.0,255.0,0.01002652176725532,0.00857318333205703,0.011723318961544684
cell_class,ME | ME>LOP,15,1500-1600,1550.0,15329,125,204.0,204.0,0.008154478439559005,0.006848860820495302,0.009706557061079892
cell_class,ME | ME>LOP,16,1600-1700,1650.0,15256,118,176.0,176.0,0.00773466177241741,0.006463071442366819,0.009254103498688925
cell_class,ME | ME>LOP,17,1700-1800,1750.0,15250,74,109.0,109.0,0.004852459016393443,0.003867345607721258,0.006086973047324957
cell_class,ME | ME>LOP,18,1800-1900,1850.0,15350,67,108.0,108.0,0.004364820846905537,0.003438731258143342,0.005538930723207306
cell_class,ME | ME>LOP,19,1900-2000,1950.0,15215,49,75.0,75.0,0.003220506079526783,0.002437037852818156,0.004254772383251323
cell_class,ME | visual,0,0-100,50.0,15651,9578,62614.0,62614.0,0.6119736758034631,0.6043125610369164,0.6195798352936859
cell_class,ME | visual,1,100-200,150.0,5695,1699,4052.0,4052.0,0.2983318700614574,0.2865880754485801,0.31034755441697004
cell_class,ME | visual,2,200-300,250.0,4993,910,2057.0,2057.0,0.18225515722010815,0.17179238307315767,0.19320649942093618
cell_class,ME | visual,3,300-400,350.0,5471,699,1493.0,1493.0,0.12776457685980624,0.11917905881601362,0.13687247699462976
cell_class,ME | visual,4,400-500,450.0,6441,540,1042.0,1042.0,0.08383791336748952,0.0773150517473147,0.0908569014625206
cell_class,ME | visual,5,500-600,550.0,7062,456,820.0,820.0,0.06457094307561598,0.05907221808419997,0.07054314153552319
cell_class,ME | visual,6,600-700,650.0,8335,402,700.0,700.0,0.04823035392921416,0.04383513189414051,0.05304182521222785
cell_class,ME | visual,7,700-800,750.0,8894,298,511.0,511.0,0.03350573420283337,0.029962569951779868,0.037451711731993874
cell_class,ME | visual,8,800-900,850.0,9470,236,435.0,435.0,0.0249208025343189,0.02196852011875246,0.028258369889625972
cell_class,ME | visual,9,900-1000,950.0,10409,222,369.0,369.0,0.021327697185128256,0.018723685694679693,0.024284900933585166
cell_class,ME | visual,10,1000-1100,1050.0,10647,165,273.0,273.0,0.015497323189630883,0.013319722448781842,0.018024429735398605
cell_class,ME | visual,11,1100-1200,1150.0,11425,171,299.0,299.0,0.014967177242888402,0.012898121514276344,0.01736230312928508
cell_class,ME | visual,12,1200-1300,1250.0,11650,123,247.0,247.0,0.01055793991416309,0.008856586479653874,0.01258197503297214
cell_class,ME | visual,13,1300-1400,1350.0,12111,114,195.0,195.0,0.009412930393856824,0.007841957340809171,0.011295032448640488
cell_class,ME | visual,14,1400-1500,1450.0,12383,96,139.0,139.0,0.00775256399903093,0.0063531282005254855,0.00945732666151134
cell_class,ME | visual,15,1500-1600,1550.0,12509,84,112.0,112.0,0.006715165081141578,0.005427606090121974,0.008305613388977003
cell_class,ME | visual,16,1600-1700,1650.0,12613,67,118.0,118.0,0.005311979703480536,0.004185302365723819,0.006739904145547591
cell_class,ME | visual,17,1700-1800,1750.0,12842,67,103.0,103.0,0.00521725587914655,0.004110633014343587,0.006619812237293333
cell_class,ME | visual,18,1800-1900,1850.0,12779,56,72.0,72.0,0.004382189529697159,0.0033764140044122253,0.005685858972513343
cell_class,ME | visual,19,1900-2000,1950.0,12835,56,79.0,79.0,0.00436306973120374,0.0033616760303247133,0.005661069448519732
cell_class,ME.LO | ME>LO,0,0-100,50.0,85582,53228,233830.0,233830.0,0.6219532144609848,0.618699057309675,0.6251964236456703
cell_class,ME.LO | ME>LO,1,100-200,150.0,21661,6077,10838.0,10838.0,0.28055029777018603,0.2746065675412937,0.2865718534447151
cell_class,ME.LO | ME>LO,2,200-300,250.0,12194,2165,3359.0,3359.0,0.17754633426275218,0.1708656217573074,0.18443015450527334
cell_class,ME.LO | ME>LO,3,300-400,350.0,10016,1303,1832.0,1832.0,0.13009185303514376,0.12364515307081626,0.13682219802982393
cell_class,ME.LO | ME>LO,4,400-500,450.0,8923,805,1094.0,1094.0,0.09021629496806007,0.08444684874445303,0.09633843594123019
cell_class,ME.LO | ME>LO,5,500-600,550.0,7938,491,644.0,644.0,0.0618543713781809,0.05676402547007908,0.06736859384582367
cell_class,ME.LO | ME>LO,6,600-700,650.0,7773,347,445.0,445.0,0.0446417084780651,0.040271187375755566,0.04946210486463158
cell_class,ME.LO | ME>LO,7,700-800,750.0,7128,242,305.0,305.0,0.033950617283950615,0.029990979692366672,0.038412334256726084
cell_class,ME.LO | ME>LO,8,800-900,850.0,6472,160,199.0,199.0,0.024721878862793572,0.021211403194477285,0.028796243688053016
cell_class,ME.LO | ME>LO,9,900-1000,950.0,6208,102,126.0,126.0,0.01643041237113402,0.013554003189745395,0.01990493111405269
cell_class,ME.LO | ME>LO,10,1000-1100,1050.0,5816,69,84.0,84.0,0.01186382393397524,0.009385667295321724,0.014986404961765133
cell_class,ME.LO | ME>LO,11,1100-1200,1150.0,5614,56,70.0,70.0,0.00997506234413965,0.0076899602544329895,0.012930343457939393
cell_class,ME.LO | ME>LO,12,1200-1300,1250.0,5158,38,48.0,48.0,0.007367196587824738,0.005372278991190008,0.010095378908269751
cell_class,ME.LO | ME>LO,13,1300-1400,1350.0,5041,43,50.0,50.0,0.008530053560801429,0.006339110969980381,0.011469495746234458
cell_class,ME.LO | ME>LO,14,1400-1500,1450.0,4700,22,29.0,29.0,0.004680851063829788,0.0030932484274337744,0.007077502220292119
cell_class,ME.LO | ME>LO,15,1500-1600,1550.0,4521,20,22.0,22.0,0.004423800044238001,0.0028655993244273577,0.0068234912284883525
cell_class,ME.LO | ME>LO,16,1600-1700,1650.0,4359,13,15.0,15.0,0.0029823353980270705,0.001743750399136935,0.005096195382988183
cell_class,ME.LO | ME>LO,17,1700-1800,1750.0,4307,24,26.0,26.0,0.0055723241235198515,0.003747489331663101,0.00827837587294103
cell_class,ME.LO | ME>LO,18,1800-1900,1850.0,4275,11,13.0,13.0,0.0025730994152046785,0.00143739797855883,0.004601993617521754
cell_class,ME.LO | ME>LO,19,1900-2000,1950.0,4079,10,12.0,12.0,0.002451581269919098,0.0013322064980175116,0.004507255899935914
cell_class,ME.LO | ME>LOP,0,0-100,50.0,2931,716,1475.0,1475.0,0.2442852268850222,0.22907132449341505,0.26016857179264
cell_class,ME.LO | ME>LOP,1,100-200,150.0,1849,182,271.0,271.0,0.09843158464034614,0.08567415921457004,0.11285419852523891
cell_class,ME.LO | ME>LOP,2,200-300,250.0,1420,71,99.0,99.0,0.05,0.039828535963591906,0.06259971167294294
cell_class,ME.LO | ME>LOP,3,300-400,350.0,1209,44,56.0,56.0,0.036393713813068655,0.02722092362618194,0.04850339189861536
cell_class,ME.LO | ME>LOP,4,400-500,450.0,1142,33,39.0,39.0,0.028896672504378284,0.02064883623191565,0.04030339311636425
cell_class,ME.LO | ME>LOP,5,500-600,550.0,1010,30,37.0,37.0,0.0297029702970297,0.020883976092111407,0.04208601843168797
cell_class,ME.LO | ME>LOP,6,600-700,650.0,961,15,16.0,16.0,0.015608740894901144,0.009481508093645492,0.025593264801718883
cell_class,ME.LO | ME>LOP,7,700-800,750.0,876,9,9.0,9.0,0.010273972602739725,0.0054143830152679675,0.019410085389044804
cell_class,ME.LO | ME>LOP,8,800-900,850.0,944,6,6.0,6.0,0.006355932203389831,0.0029161006258696855,0.013797240506235086
cell_class,ME.LO | ME>LOP,9,900-1000,950.0,984,3,4.0,4.0,0.003048780487804878,0.0010373717055883695,0.008925359161384636
cell_class,ME.LO | ME>LOP,10,1000-1100,1050.0,989,5,5.0,5.0,0.005055611729019211,0.0021612987235929528,0.011780099380596074
cell_class,ME.LO | ME>LOP,11,1100-1200,1150.0,1023,3,3.0,3.0,0.002932551319648094,0.000997804356255462,0.008586536597597595
cell_class,ME.LO | ME>LOP,12,1200-1300,1250.0,986,0,0.0,0.0,0.0,0.0,0.003881025004404745
cell_class,ME.LO | ME>LOP,13,1300-1400,1350.0,1041,2,2.0,2.0,0.0019212295869356388,0.0005270176232913875,0.006978043430939224
cell_class,ME.LO | ME>LOP,14,1400-1500,1450.0,1066,1,1.0,1.0,0.0009380863039399625,0.00016561020460207666,0.005294637368496595
cell_class,ME.LO | ME>LOP,15,1500-1600,1550.0,1112,1,1.0,1.0,0.0008992805755395684,0.00015875866132160138,0.0050763929946123585
cell_class,ME.LO | ME>LOP,17,1700-1800,1750.0,1183,1,1.0,1.0,0.0008453085376162299,0.00014922946219922927,0.00477274159105674
cell_class,ME.LO | ME>LOP,18,1800-1900,1850.0,1168,0,0.0,0.0,0.0,0.0,0.0032782587680792352
cell_class,ME.LO | ME>LOP,19,1900-2000,1950.0,1227,0,0.0,0.0,0.0,0.0,0.0031211164783510725
cell_class,ME.LO | bilateral,0,0-100,50.0,3104,1760,12283.0,12283.0,0.5670103092783505,0.5495067700130573,0.5843481857864917
cell_class,ME.LO | bilateral,1,100-200,150.0,564,193,1014.0,1014.0,0.3421985815602837,0.30422780274246863,0.3823044978145882
cell_class,ME.LO | bilateral,3,300-400,350.0,242,64,281.0,281.0,0.2644628099173554,0.21288749697676257,0.3233992828033887
cell_class,ME.LO | bilateral,7,700-800,750.0,156,19,77.0,77.0,0.12179487179487179,0.0793743977125503,0.18239475374739506
cell_class,ME.LO | bilateral,11,1100-1200,1150.0,118,9,23.0,23.0,0.07627118644067797,0.04064274838840246,0.13861950686760208
cell_class,ME.LO | bilateral,13,1300-1400,1350.0,125,6,24.0,24.0,0.048,0.022181703179511375,0.10077237376458122
cell_class,ME.LO | bilateral,15,1500-1600,1550.0,114,3,15.0,15.0,0.02631578947368421,0.008989398451945727,0.07452610031928616
cell_class,ME>LA | ME>LO,0,0-100,50.0,151432,49133,169151.0,169151.0,0.32445586137672355,0.3221022961758673,0.32681833292835916
cell_class,ME>LA | ME>LO,1,100-200,150.0,59189,9167,20240.0,20240.0,0.15487675074760512,0.15198449225034616,0.15781380606280665
cell_class,ME>LA | ME>LO,2,200-300,250.0,38187,3659,7050.0,7050.0,0.09581794851651085,0.09290624703602939,0.0988109629874334
cell_class,ME>LA | ME>LO,3,300-400,350.0,34099,2345,4099.0,4099.0,0.06877034517141264,0.06613258318756433,0.0715052610441609
cell_class,ME>LA | ME>LO,4,400-500,450.0,32815,1583,2588.0,2588.0,0.04824013408502209,0.045974150320260615,0.05061187909035696
cell_class,ME>LA | ME>LO,5,500-600,550.0,31111,1081,1747.0,1747.0,0.03474655266625952,0.03276825776415831,0.0368397327839922
cell_class,ME>LA | ME>LO,6,600-700,650.0,30879,802,1209.0,1209.0,0.025972343663978756,0.024256390601598607,0.027806227884907504
cell_class,ME>LA | ME>LO,7,700-800,750.0,29548,554,795.0,795.0,0.018749153919046975,0.017263968150372084,0.020359460367192796
cell_class,ME>LA | ME>LO,8,800-900,850.0,29313,444,618.0,618.0,0.01514686316651315,0.013810833810999252,0.016609960221602132
cell_class,ME>LA | ME>LO,9,900-1000,950.0,28611,338,480.0,480.0,0.011813638111215967,0.010625557886710142,0.013132798336376554
cell_class,ME>LA | ME>LO,10,1000-1100,1050.0,27179,244,313.0,313.0,0.008977519408366753,0.007923450277207946,0.010170375498534355
cell_class,ME>LA | ME>LO,11,1100-1200,1150.0,26807,195,266.0,266.0,0.007274219420300668,0.006325167189967738,0.008364472392252615
cell_class,ME>LA | ME>LO,12,1200-1300,1250.0,25789,165,214.0,214.0,0.006398076699367947,0.005495765716071906,0.007447422366004323
cell_class,ME>LA | ME>LO,13,1300-1400,1350.0,25412,107,137.0,137.0,0.004210609161026287,0.0034859422115842012,0.005085153069399923
cell_class,ME>LA | ME>LO,14,1400-1500,1450.0,24820,94,125.0,125.0,0.0037872683319903305,0.0030960921396536553,0.004632026782922777
cell_class,ME>LA | ME>LO,15,1500-1600,1550.0,24325,72,94.0,94.0,0.002959917780061665,0.002351265428772702,0.0037255384910653885
cell_class,ME>LA | ME>LO,16,1600-1700,1650.0,23963,64,79.0,79.0,0.002670784125526854,0.002092240070674239,0.0034087601111770067
cell_class,ME>LA | ME>LO,17,1700-1800,1750.0,23059,48,53.0,53.0,0.0020816167223210026,0.001570506662452645,0.002758604282835207
cell_class,ME>LA | ME>LO,18,1800-1900,1850.0,23011,36,45.0,45.0,0.0015644691669201686,0.0011303162469192447,0.002165018186318827
cell_class,ME>LA | ME>LO,19,1900-2000,1950.0,22524,28,30.0,30.0,0.0012431184514295863,0.0008602433721292531,0.0017960963279865362
cell_class,ME>LA | ME>LO.LOP,0,0-100,50.0,45403,5322,9862.0,9862.0,0.1172169239918067,0.11429031829551556,0.12020829963962834
cell_class,ME>LA | ME>LO.LOP,1,100-200,150.0,21422,1193,1816.0,1816.0,0.05569041172626272,0.05269836227360804,0.05884178838259768
cell_class,ME>LA | ME>LO.LOP,2,200-300,250.0,13583,445,680.0,680.0,0.032761540160494734,0.029897466178196053,0.035889832026561125
cell_class,ME>LA | ME>LO.LOP,3,300-400,350.0,12070,331,500.0,500.0,0.027423363711681855,0.02465674656600718,0.03049070542640591
cell_class,ME>LA | ME>LO.LOP,4,400-500,450.0,11598,249,343.0,343.0,0.0214692188308329,0.018985441839343267,0.024269897899134113
cell_class,ME>LA | ME>LO.LOP,5,500-600,550.0,11249,170,242.0,242.0,0.015112454440394702,0.013017754494240847,0.01753822525046649
cell_class,ME>LA | ME>LO.LOP,6,600-700,650.0,10999,135,179.0,179.0,0.012273843076643332,0.010379726450258678,0.014508535142092155
cell_class,ME>LA | ME>LO.LOP,7,700-800,750.0,10513,107,160.0,160.0,0.01017787501189004,0.00843015384906125,0.012283441380898286
cell_class,ME>LA | ME>LO.LOP,8,800-900,850.0,10168,55,70.0,70.0,0.0054091266719118805,0.004158314447534415,0.007033523223237022
cell_class,ME>LA | ME>LO.LOP,9,900-1000,950.0,10163,42,66.0,66.0,0.004132638000590377,0.003058975380429669,0.0055810333318138654
cell_class,ME>LA | ME>LO.LOP,10,1000-1100,1050.0,9759,36,41.0,41.0,0.0036889025514909315,0.0026658625177420703,0.005102531471155587
cell_class,ME>LA | ME>LO.LOP,11,1100-1200,1150.0,9460,29,36.0,36.0,0.00306553911205074,0.002135333100551121,0.004399180325793632
cell_class,ME>LA | ME>LO.LOP,12,1200-1300,1250.0,9002,24,26.0,26.0,0.0026660742057320595,0.0017922948908599813,0.003964146572645217
cell_class,ME>LA | ME>LO.LOP,13,1300-1400,1350.0,8593,23,29.0,29.0,0.0026765972303037355,0.0017842666939317585,0.0040133974156407615
cell_class,ME>LA | ME>LO.LOP,14,1400-1500,1450.0,8430,17,26.0,26.0,0.0020166073546856464,0.0012594862758365482,0.0032273895507144274
cell_class,ME>LA | ME>LO.LOP,15,1500-1600,1550.0,8177,15,22.0,22.0,0.0018344135991194815,0.001112020155768959,0.0030246691550227327
cell_class,ME>LA | ME>LO.LOP,16,1600-1700,1650.0,7741,14,17.0,17.0,0.001808551866683891,0.0010776459793676385,0.003033684070300517
cell_class,ME>LA | ME>LO.LOP,17,1700-1800,1750.0,7671,10,16.0,16.0,0.0013036110024768608,0.0007082604855080465,0.0023982010211372503
cell_class,ME>LA | ME>LO.LOP,18,1800-1900,1850.0,7409,3,3.0,3.0,0.00040491294371710083,0.00013771378851746988,0.0011899282320539666
cell_class,ME>LA | ME>LO.LOP,19,1900-2000,1950.0,7428,8,8.0,8.0,0.0010770059235325794,0.0005458366776101477,0.0021239726466359445
cell_class,ME>LA | ME>LOP.LO,0,0-100,50.0,2201,554,1176.0,1176.0,0.2517037710131758,0.23401577903493223,0.2702569995628591
cell_class,ME>LA | ME>LOP.LO,1,100-200,150.0,1270,192,323.0,323.0,0.15118110236220472,0.13253267329591997,0.17193343928825064
cell_class,ME>LA | ME>LOP.LO,2,200-300,250.0,871,91,147.0,147.0,0.1044776119402985,0.08587073870848727,0.1265581169837889
cell_class,ME>LA | ME>LOP.LO,3,300-400,350.0,818,66,110.0,110.0,0.08068459657701711,0.06392133536267278,0.10136793692532042
cell_class,ME>LA | ME>LOP.LO,4,400-500,450.0,824,44,57.0,57.0,0.05339805825242718,0.040015511754443386,0.07092551851028359
cell_class,ME>LA | ME>LOP.LO,5,500-600,550.0,832,28,44.0,44.0,0.03365384615384615,0.02338493879635801,0.04820948770741973
cell_class,ME>LA | ME>LOP.LO,6,600-700,650.0,869,34,42.0,42.0,0.039125431530494824,0.028131641424542938,0.05417607626443979
cell_class,ME>LA | ME>LOP.LO,7,700-800,750.0,835,19,21.0,21.0,0.022754491017964073,0.01461473572825198,0.03526548003596382
cell_class,ME>LA | ME>LOP.LO,8,800-900,850.0,794,10,12.0,12.0,0.012594458438287154,0.006855140350564018,0.02302748296714717
cell_class,ME>LA | ME>LOP.LO,9,900-1000,950.0,829,15,17.0,17.0,0.018094089264173704,0.010995334176760815,0.02963856307332851
cell_class,ME>LA | ME>LOP.LO,10,1000-1100,1050.0,752,10,19.0,19.0,0.013297872340425532,0.007238832527140967,0.024304284443398893
cell_class,ME>LA | ME>LOP.LO,11,1100-1200,1150.0,810,7,7.0,7.0,0.008641975308641974,0.004192305652865373,0.017730387903227115
cell_class,ME>LA | ME>LOP.LO,12,1200-1300,1250.0,780,4,6.0,6.0,0.005128205128205128,0.0019959798437982085,0.013111154046518407
cell_class,ME>LA | ME>LOP.LO,13,1300-1400,1350.0,776,9,11.0,11.0,0.011597938144329897,0.006113443905559721,0.02189429510195155
cell_class,ME>LA | ME>LOP.LO,14,1400-1500,1450.0,729,3,4.0,4.0,0.00411522633744856,0.0014004889470918408,0.012028879691369732
cell_class,ME>LA | ME>LOP.LO,15,1500-1600,1550.0,695,3,3.0,3.0,0.004316546762589928,0.001469051718895011,0.012613681764629726
cell_class,ME>LA | ME>LOP.LO,16,1600-1700,1650.0,718,2,4.0,4.0,0.002785515320334262,0.0007642054314452402,0.010099119708031342
cell_class,ME>LA | ME>LOP.LO,17,1700-1800,1750.0,631,0,0.0,0.0,0.0,0.0,0.0060512732624957155
cell_class,ME>LA | ME>LOP.LO,19,1900-2000,1950.0,667,2,2.0,2.0,0.0029985007496251873,0.0008226653371783809,0.010866532231964616
cell_class,ME>LA | bilateral,0,0-100,50.0,6545,1432,10149.0,10149.0,0.21879297173414822,0.2089433552741201,0.22897250453229212
cell_class,ME>LA | bilateral,1,100-200,150.0,3758,416,1674.0,1674.0,0.11069717935071846,0.10106036741057858,0.12112910489468806
cell_class,ME>LA | bilateral,2,200-300,250.0,2731,251,831.0,831.0,0.09190772610765287,0.0816382350330327,0.1033237020678217
cell_class,ME>LA | bilateral,3,300-400,350.0,2631,187,496.0,496.0,0.07107563664006081,0.06186973463667666,0.08153228239539084
cell_class,ME>LA | bilateral,4,400-500,450.0,2655,155,449.0,449.0,0.0583804143126177,0.05008354862480314,0.06795341905315103
cell_class,ME>LA | bilateral,5,500-600,550.0,2542,146,431.0,431.0,0.057435090479937057,0.049040013004309733,0.06716580278564357
cell_class,ME>LA | bilateral,6,600-700,650.0,2708,123,304.0,304.0,0.04542097488921713,0.038201372178037894,0.05392849263412517
cell_class,ME>LA | bilateral,7,700-800,750.0,2697,120,372.0,372.0,0.04449388209121246,0.037338530117867405,0.052945031865182623
cell_class,ME>LA | bilateral,8,800-900,850.0,2690,98,264.0,264.0,0.036431226765799254,0.029986134421838333,0.04419847984798362
cell_class,ME>LA | bilateral,9,900-1000,950.0,2667,72,166.0,166.0,0.02699662542182227,0.02149270510989012,0.03386123276497299
cell_class,ME>LA | bilateral,10,1000-1100,1050.0,2648,75,200.0,200.0,0.028323262839879154,0.02265554565921723,0.03535757246970872
cell_class,ME>LA | bilateral,11,1100-1200,1150.0,2603,74,162.0,162.0,0.028428736073761045,0.022706021082717964,0.03554132313643213
cell_class,ME>LA | bilateral,12,1200-1300,1250.0,2638,49,152.0,152.0,0.018574677786201668,0.014078727540532524,0.024470744918376443
cell_class,ME>LA | bilateral,13,1300-1400,1350.0,2491,71,216.0,216.0,0.028502609393817744,0.022658624063167356,0.03579863430546013
cell_class,ME>LA | bilateral,14,1400-1500,1450.0,2469,44,105.0,105.0,0.017820980153908466,0.013301949308090942,0.023838157037580375
cell_class,ME>LA | bilateral,15,1500-1600,1550.0,2422,44,109.0,109.0,0.018166804293971925,0.013560595783639766,0.024299089696236578
cell_class,ME>LA | bilateral,16,1600-1700,1650.0,2292,43,119.0,119.0,0.018760907504363003,0.01395796363750837,0.02517435280801645
cell_class,ME>LA | bilateral,17,1700-1800,1750.0,2362,46,92.0,92.0,0.01947502116850127,0.014632471426972252,0.025878102061971386
cell_class,ME>LA | bilateral,18,1800-1900,1850.0,2355,49,112.0,112.0,0.020806794055201697,0.015774302567145834,0.027400109822393166
cell_class,ME>LA | bilateral,19,1900-2000,1950.0,2351,43,145.0,145.0,0.018290089323692044,0.013606967747919911,0.024544897753352016
cell_class,ME>LO | ME>LO,0,0-100,50.0,628186,287848,1118271.0,1118271.0,0.45822097276921164,0.4569890906869768,0.4594533658380955
cell_class,ME>LO | ME>LO,1,100-200,150.0,201041,41359,75642.0,75642.0,0.20572420551031878,0.20396281387811968,0.20749684328922943
cell_class,ME>LO | ME>LO,2,200-300,250.0,115504,15912,26515.0,26515.0,0.13776146280648288,0.1357858786175285,0.1397611419061413
cell_class,ME>LO | ME>LO,3,300-400,350.0,95496,10092,15748.0,15748.0,0.10567981905001257,0.103745784111325,0.10764557802890289
cell_class,ME>LO | ME>LO,4,400-500,450.0,88883,7132,10665.0,10665.0,0.08024031592092976,0.07847240905238029,0.08204450597320656
cell_class,ME>LO | ME>LO,5,500-600,550.0,81412,4811,7034.0,7034.0,0.05909448238588906,0.05749540251138678,0.060735170443840164
cell_class,ME>LO | ME>LO,6,600-700,650.0,79435,3593,4967.0,4967.0,0.04523195065147605,0.043808631237618134,0.04669925451684885
cell_class,ME>LO | ME>LO,7,700-800,750.0,75952,2516,3409.0,3409.0,0.033126184958921424,0.03187682014829373,0.03442277569477307
cell_class,ME>LO | ME>LO,8,800-900,850.0,73571,1784,2418.0,2418.0,0.024248684943795788,0.023161759287689224,0.025385291882584718
cell_class,ME>LO | ME>LO,9,900-1000,950.0,71548,1372,1845.0,1845.0,0.01917593783194499,0.01819652929722012,0.02020697700750091
cell_class,ME>LO | ME>LO,10,1000-1100,1050.0,68203,1063,1336.0,1336.0,0.015585824670469041,0.014683108342166198,0.01654310811996654
cell_class,ME>LO | ME>LO,11,1100-1200,1150.0,67715,809,1033.0,1033.0,0.011947131359373846,0.01115602961161901,0.0127936062900087
cell_class,ME>LO | ME>LO,12,1200-1300,1250.0,65295,624,804.0,804.0,0.009556627613140363,0.008838697114637714,0.010332264717555035
cell_class,ME>LO | ME>LO,13,1300-1400,1350.0,64363,505,642.0,642.0,0.007846122772400292,0.007193243796050601,0.008557748093537472
cell_class,ME>LO | ME>LO,14,1400-1500,1450.0,63194,396,540.0,540.0,0.006266417697882711,0.005680451498143978,0.006912408951697715
cell_class,ME>LO | ME>LO,15,1500-1600,1550.0,61620,330,436.0,436.0,0.005355404089581304,0.004809164438619856,0.005963315542569763
cell_class,ME>LO | ME>LO,16,1600-1700,1650.0,62058,230,311.0,311.0,0.0037062103193786456,0.003257862590215139,0.004215998771965258
cell_class,ME>LO | ME>LO,17,1700-1800,1750.0,60860,219,284.0,284.0,0.0035984226092671706,0.003153005674037031,0.004106503229521892
cell_class,ME>LO | ME>LO,18,1800-1900,1850.0,61112,191,249.0,249.0,0.0031254090849587644,0.002713000375249722,0.003600282562508269
cell_class,ME>LO | ME>LO,19,1900-2000,1950.0,60730,140,181.0,181.0,0.002305285690762391,0.001954050820124593,0.002719481966907275
cell_class,ME>LO | ME>LO.LOP,0,0-100,50.0,451012,203270,643961.0,643961.0,0.45069754241572285,0.4492458221271694,0.45215010258750693
cell_class,ME>LO | ME>LO.LOP,1,100-200,150.0,161686,37477,70045.0,70045.0,0.2317887757752681,0.22973829494747952,0.23385200150068022
cell_class,ME>LO | ME>LO.LOP,2,200-300,250.0,93913,14951,25060.0,25060.0,0.1592005366669151,0.1568745056038814,0.161554448037592
cell_class,ME>LO | ME>LO.LOP,3,300-400,350.0,78306,9408,14833.0,14833.0,0.12014405026434756,0.1178853892798033,0.12243997999025791
cell_class,ME>LO | ME>LO.LOP,4,400-500,450.0,72320,6544,9784.0,9784.0,0.09048672566371681,0.08841756547900079,0.09259938979291055
cell_class,ME>LO | ME>LO.LOP,5,500-600,550.0,65503,4292,5952.0,5952.0,0.06552371647100133,0.06365408174676114,0.0674443102721879
cell_class,ME>LO | ME>LO.LOP,6,600-700,650.0,63851,3311,4614.0,4614.0,0.051855100155048475,0.05016199323777041,0.05360212916825872
cell_class,ME>LO | ME>LO.LOP,7,700-800,750.0,59478,2192,2948.0,2948.0,0.03685396280977841,0.03536948818538397,0.03839826146680569
cell_class,ME>LO | ME>LO.LOP,8,800-900,850.0,56522,1565,2102.0,2102.0,0.02768833374615194,0.026367407473727265,0.02907345835497364
cell_class,ME>LO | ME>LO.LOP,9,900-1000,950.0,54962,1211,1641.0,1641.0,0.02203340489792948,0.020839163917086706,0.023294456698666775
cell_class,ME>LO | ME>LO.LOP,10,1000-1100,1050.0,51991,842,1137.0,1137.0,0.016195110692235195,0.015145285939011597,0.017316426570561667
cell_class,ME>LO | ME>LO.LOP,11,1100-1200,1150.0,50618,611,811.0,811.0,0.012070804852028922,0.01115581117930559,0.013059854652970253
cell_class,ME>LO | ME>LO.LOP,12,1200-1300,1250.0,48235,480,608.0,608.0,0.00995128019073287,0.00910366790375534,0.0108769445660101
cell_class,ME>LO | ME>LO.LOP,13,1300-1400,1350.0,46890,347,448.0,448.0,0.007400298571123907,0.006663875305103807,0.008217430559161321
cell_class,ME>LO | ME>LO.LOP,14,1400-1500,1450.0,46225,295,383.0,383.0,0.006381828015143321,0.005695780978137782,0.0071499140349079275
cell_class,ME>LO | ME>LO.LOP,15,1500-1600,1550.0,44921,222,289.0,289.0,0.004942009305224728,0.0043344939035743135,0.005634191216953748
cell_class,ME>LO | ME>LO.LOP,16,1600-1700,1650.0,44094,185,244.0,244.0,0.004195582165373974,0.003633934048571324,0.004843614657576691
cell_class,ME>LO | ME>LO.LOP,17,1700-1800,1750.0,43312,144,180.0,180.0,0.0033247137052087182,0.0028248671682753177,0.003912658624135928
cell_class,ME>LO | ME>LO.LOP,18,1800-1900,1850.0,42766,140,212.0,212.0,0.003273628583454146,0.002775044615564085,0.0038614447746608263
cell_class,ME>LO | ME>LO.LOP,19,1900-2000,1950.0,42356,97,119.0,119.0,0.0022901123807725,0.0018778096251327106,0.002792689426025215
cell_class,ME>LO | ME>LOP,0,0-100,50.0,35590,15476,124223.0,124223.0,0.4348412475414442,0.429698132871648,0.43999842722092714
cell_class,ME>LO | ME>LOP,1,100-200,150.0,23262,4801,16818.0,16818.0,0.20638810076519645,0.2012358792382072,0.2116372832782951
cell_class,ME>LO | ME>LOP,2,200-300,250.0,17789,2911,9354.0,9354.0,0.1636404519646973,0.15827664170229863,0.16914950702483897
cell_class,ME>LO | ME>LOP,3,300-400,350.0,17472,2286,6946.0,6946.0,0.1308379120879121,0.12591858587589513,0.1359195392762578
cell_class,ME>LO | ME>LOP,4,400-500,450.0,17768,1864,5094.0,5094.0,0.10490769923457902,0.10048695514478492,0.10949925134942556
cell_class,ME>LO | ME>LOP,5,500-600,550.0,17857,1487,3826.0,3826.0,0.08327266618132945,0.0793092414761997,0.08741535452492041
cell_class,ME>LO | ME>LOP,6,600-700,650.0,19258,1367,3416.0,3416.0,0.07098348738186727,0.0674414592079294,0.07469664247804852
cell_class,ME>LO | ME>LOP,7,700-800,750.0,19710,1056,2414.0,2414.0,0.05357686453576865,0.05051923936251206,0.05680847701723201
cell_class,ME>LO | ME>LOP,8,800-900,850.0,20671,931,2023.0,2023.0,0.04503894344734169,0.04229524166216146,0.04795171819846453
cell_class,ME>LO | ME>LOP,9,900-1000,950.0,21000,754,1618.0,1618.0,0.035904761904761905,0.033472027768201615,0.03850726196325398
cell_class,ME>LO | ME>LOP,10,1000-1100,1050.0,20858,566,1119.0,1119.0,0.027135871128583757,0.025016384550699936,0.029429508663252956
cell_class,ME>LO | ME>LOP,11,1100-1200,1150.0,21405,487,922.0,922.0,0.022751693529549172,0.02083807860615941,0.024836583212068074
cell_class,ME>LO | ME>LOP,12,1200-1300,1250.0,21467,380,747.0,747.0,0.01770158848465086,0.01602193172936623,0.019553832566710547
cell_class,ME>LO | ME>LOP,13,1300-1400,1350.0,21751,332,574.0,574.0,0.015263666038343065,0.013717842380287252,0.016980684976492036
cell_class,ME>LO | ME>LOP,14,1400-1500,1450.0,21742,301,489.0,489.0,0.013844172569220863,0.012374673518970699,0.015485439285309089
cell_class,ME>LO | ME>LOP,15,1500-1600,1550.0,21414,242,408.0,408.0,0.011301018025590736,0.009970301847796148,0.012807044679969752
cell_class,ME>LO | ME>LOP,16,1600-1700,1650.0,21367,203,347.0,347.0,0.009500631815416296,0.008285203674537753,0.010892403256955296
cell_class,ME>LO | ME>LOP,17,1700-1800,1750.0,21190,164,275.0,275.0,0.007739499764039641,0.006645524851873791,0.009011929151179626
cell_class,ME>LO | ME>LOP,18,1800-1900,1850.0,21369,127,176.0,176.0,0.005943188731339791,0.0049976905514987,0.007066292554987242
cell_class,ME>LO | ME>LOP,19,1900-2000,1950.0,21491,109,175.0,175.0,0.005071890558838584,0.004206571038140354,0.006114119112932915
cell_class,ME>LO | bilateral,0,0-100,50.0,76196,26755,75904.0,75904.0,0.35113391779096015,0.34775224756930584,0.3545305981210191
cell_class,ME>LO | bilateral,1,100-200,150.0,38724,8419,16689.0,16689.0,0.2174103914884826,0.21333012695163137,0.22154671885740543
cell_class,ME>LO | bilateral,2,200-300,250.0,25222,3867,7007.0,7007.0,0.15331853144080565,0.14892479716824794,0.15781785676168078
cell_class,ME>LO | bilateral,3,300-400,350.0,22382,2780,4711.0,4711.0,0.12420695201501206,0.11995037001689275,0.1285925125522397
cell_class,ME>LO | bilateral,4,400-500,450.0,21482,2011,3367.0,3367.0,0.09361325761102318,0.08979025963364815,0.09758157689706518
cell_class,ME>LO | bilateral,5,500-600,550.0,20629,1477,2378.0,2378.0,0.07159823549372243,0.06815909609304314,0.07519690194844815
cell_class,ME>LO | bilateral,6,600-700,650.0,20517,1272,2038.0,2038.0,0.06199736803626261,0.058778853062507914,0.06537987539821954
cell_class,ME>LO | bilateral,7,700-800,750.0,20096,1004,1561.0,1561.0,0.04996019108280255,0.047033062463379245,0.05305934821512085
cell_class,ME>LO | bilateral,8,800-900,850.0,19656,856,1366.0,1366.0,0.04354904354904355,0.040783940552980236,0.046492530687764655
cell_class,ME>LO | bilateral,9,900-1000,950.0,19367,727,1113.0,1113.0,0.03753808023958279,0.03495146308495094,0.040308127081745804
cell_class,ME>LO | bilateral,10,1000-1100,1050.0,18803,607,951.0,951.0,0.03228208264638621,0.02984969946922964,0.034905543643999955
cell_class,ME>LO | bilateral,11,1100-1200,1150.0,18658,531,836.0,836.0,0.02845964197663201,0.026168991535187147,0.030944428610871752
cell_class,ME>LO | bilateral,12,1200-1300,1250.0,17798,443,695.0,695.0,0.024890437127767166,0.022702086812588604,0.02728384273303773
cell_class,ME>LO | bilateral,13,1300-1400,1350.0,17578,405,629.0,629.0,0.02304016384116509,0.020924220015118764,0.02536453735828403
cell_class,ME>LO | bilateral,14,1400-1500,1450.0,17337,346,536.0,536.0,0.019957316721462767,0.017979361149204114,0.022147964620267184
cell_class,ME>LO | bilateral,15,1500-1600,1550.0,16846,267,417.0,417.0,0.01584945981241838,0.014070811410848648,0.01784887144243112
cell_class,ME>LO | bilateral,16,1600-1700,1650.0,16623,309,485.0,485.0,0.018588702400288756,0.016643862546473896,0.020756000576056838
cell_class,ME>LO | bilateral,17,1700-1800,1750.0,16110,258,431.0,431.0,0.01601489757914339,0.014188586363509746,0.018071976505620112
cell_class,ME>LO | bilateral,18,1800-1900,1850.0,15995,255,415.0,415.0,0.01594248202563301,0.01411434957926857,0.01800307572232327
cell_class,ME>LO | bilateral,19,1900-2000,1950.0,15893,243,389.0,389.0,0.015289750204492544,0.013495832827488431,0.01731793586477809
cell_class,ME>LO | visual,0,0-100,50.0,7432,3057,9637.0,9637.0,0.41132938643702904,0.4001904616533474,0.422559931523398
cell_class,ME>LO | visual,1,100-200,150.0,3594,813,1796.0,1796.0,0.2262103505843072,0.21282848700143647,0.24017689266841902
cell_class,ME>LO | visual,2,200-300,250.0,2813,328,674.0,674.0,0.11660149306789903,0.10526047158437052,0.12898826998491048
cell_class,ME>LO | visual,3,300-400,350.0,3276,264,531.0,531.0,0.08058608058608059,0.07174869292070801,0.09040596723117247
cell_class,ME>LO | visual,4,400-500,450.0,4031,258,434.0,434.0,0.06400396923840238,0.056855313815147426,0.07198285420612012
cell_class,ME>LO | visual,5,500-600,550.0,4481,171,322.0,322.0,0.03816112474893997,0.032935609183416654,0.04417783892587666
cell_class,ME>LO | visual,6,600-700,650.0,5327,186,291.0,291.0,0.034916463300168954,0.03031240474393816,0.04019083436937559
cell_class,ME>LO | visual,7,700-800,750.0,6049,157,259.0,259.0,0.025954703256736652,0.022238626327042446,0.03027251158213396
cell_class,ME>LO | visual,8,800-900,850.0,6483,128,202.0,202.0,0.019743945704149314,0.016630908411293766,0.023425811950122184
cell_class,ME>LO | visual,9,900-1000,950.0,6951,114,171.0,171.0,0.01640051791109193,0.013670670863057809,0.019664610274042434
cell_class,ME>LO | visual,10,1000-1100,1050.0,7046,82,130.0,130.0,0.011637808685779166,0.009386251318845844,0.01442160274698168
cell_class,ME>LO | visual,11,1100-1200,1150.0,7357,80,123.0,123.0,0.010873997553350551,0.008746298274421426,0.013512243466240404
cell_class,ME>LO | visual,12,1200-1300,1250.0,7487,69,95.0,95.0,0.00921597435554962,0.0072891113452294865,0.01164622430517327
cell_class,ME>LO | visual,13,1300-1400,1350.0,7462,49,71.0,71.0,0.006566604127579738,0.0049708636126423004,0.008670143718667811
cell_class,ME>LO | visual,14,1400-1500,1450.0,7483,46,73.0,73.0,0.006147267138848056,0.0046120755294621315,0.008189263823035989
cell_class,ME>LO | visual,15,1500-1600,1550.0,7380,31,53.0,53.0,0.004200542005420054,0.0029609010119180375,0.005956083339425577
cell_class,ME>LO | visual,16,1600-1700,1650.0,7428,35,48.0,48.0,0.004711900915455035,0.0033900415671961033,0.006545799907143177
cell_class,ME>LO | visual,17,1700-1800,1750.0,7453,26,48.0,48.0,0.003488528109486113,0.0023818322788549144,0.005106807415462852
cell_class,ME>LO | visual,18,1800-1900,1850.0,7249,28,48.0,48.0,0.003862601738170782,0.0026738209185320516,0.0055769590240493504
cell_class,ME>LO | visual,19,1900-2000,1950.0,7036,18,33.0,33.0,0.002558271745309835,0.0016188767713034744,0.0040405687480388934
cell_class,ME>LO.LOP | visual,0,0-100,50.0,331,70,148.0,148.0,0.21148036253776434,0.1709255555484539,0.2586554761990948
cell_class,ME>LO.LOP | visual,1,100-200,150.0,288,26,36.0,36.0,0.09027777777777778,0.06235201809567117,0.12899013463375467
cell_class,ME>LO.LOP | visual,2,200-300,250.0,371,16,25.0,25.0,0.0431266846361186,0.026717515094443603,0.06890047394412631
cell_class,ME>LO.LOP | visual,3,300-400,350.0,523,15,20.0,20.0,0.028680688336520075,0.017456406475303173,0.046778460323370276
cell_class,ME>LO.LOP | visual,4,400-500,450.0,777,10,14.0,14.0,0.01287001287001287,0.007005436961575408,0.023527772334650608
cell_class,ME>LO.LOP | visual,5,500-600,550.0,1042,12,12.0,12.0,0.011516314779270634,0.00659986303320759,0.020021376741534588
cell_class,ME>LO.LOP | visual,6,600-700,650.0,1377,13,14.0,14.0,0.00944081336238199,0.005525465386838808,0.016085702758732702
cell_class,ME>LO.LOP | visual,7,700-800,750.0,1685,17,18.0,18.0,0.010089020771513354,0.006308544732084497,0.016098293185692992
cell_class,ME>LO.LOP | visual,8,800-900,850.0,2025,5,7.0,7.0,0.0024691358024691358,0.0010550985753700827,0.0057673167378805915
cell_class,ME>LO.LOP | visual,9,900-1000,950.0,2311,5,5.0,5.0,0.0021635655560363477,0.0009244753464185255,0.005055026663567816
cell_class,ME>LO.LOP | visual,10,1000-1100,1050.0,2693,9,10.0,10.0,0.0033419977720014855,0.0017592308580726178,0.006339724601528718
cell_class,ME>LO.LOP | visual,11,1100-1200,1150.0,2858,6,6.0,6.0,0.002099370188943317,0.0009624912004950171,0.004572965408983299
cell_class,ME>LO.LOP | visual,12,1200-1300,1250.0,3044,11,12.0,12.0,0.0036136662286465177,0.0020190177878750314,0.006459638058281802
cell_class,ME>LO.LOP | visual,13,1300-1400,1350.0,3006,1,1.0,1.0,0.00033266799733865603,5.872497343478657e-05,0.0018821080591075237
cell_class,ME>LO.LOP | visual,14,1400-1500,1450.0,3199,1,1.0,1.0,0.00031259768677711783,5.5181879448174074e-05,0.0017686985147617673
cell_class,ME>LO.LOP | visual,15,1500-1600,1550.0,3119,5,7.0,7.0,0.0016030779095864058,0.0006849172795625269,0.0037474561075474698
cell_class,ME>LO.LOP | visual,16,1600-1700,1650.0,3083,3,3.0,3.0,0.0009730781706130393,0.00033098235025583156,0.002857260285841855
cell_class,ME>LO.LOP | visual,17,1700-1800,1750.0,3162,2,3.0,3.0,0.0006325110689437065,0.00017347085828608283,0.0023034692387800502
cell_class,ME>LO.LOP | visual,18,1800-1900,1850.0,2991,4,4.0,4.0,0.0013373453694416582,0.000520178153746029,0.0034338206153374505
cell_class,ME>LO.LOP | visual,19,1900-2000,1950.0,2944,2,2.0,2.0,0.0006793478260869565,0.00018631755025851526,0.002473798244294353
cell_class,ME>LOP | ME>LOP.LO,1,100-200,150.0,199,9,9.0,9.0,0.04522613065326633,0.023973043399711715,0.08370506602162989
cell_class,ME>LOP | ME>LOP.LO,2,200-300,250.0,186,6,6.0,6.0,0.03225806451612903,0.014866173288856168,0.06858023677089892
cell_class,ME>LOP | ME>LOP.LO,3,300-400,350.0,221,6,6.0,6.0,0.027149321266968326,0.01250072674301225,0.05795598589379518
cell_class,ME>LOP | ME>LOP.LO,5,500-600,550.0,273,3,3.0,3.0,0.01098901098901099,0.003744092637382639,0.031805477947384975
cell_class,ME>LOP | ME>LOP.LO,6,600-700,650.0,317,5,5.0,5.0,0.015772870662460567,0.006755458146097586,0.03638607960960492
cell_class,ME>LOP | ME>LOP.LO,7,700-800,750.0,312,1,1.0,1.0,0.003205128205128205,0.0005659935005814399,0.017929353534134697
cell_class,ME>LOP | ME>LOP.LO,8,800-900,850.0,360,2,3.0,3.0,0.005555555555555556,0.001524826236302344,0.02002740968174551
cell_class,ME>LOP | ME>LOP.LO,11,1100-1200,1150.0,382,0,0.0,0.0,0.0,0.0,0.009956417348466313
cell_class,ME>LOP | ME>LOP.LO,12,1200-1300,1250.0,382,0,0.0,0.0,0.0,0.0,0.009956417348466313
cell_class,ME>LOP | ME>LOP.LO,13,1300-1400,1350.0,392,1,1.0,1.0,0.002551020408163265,0.00045044817833100187,0.014306969940431652
cell_class,ME>LOP | ME>LOP.LO,14,1400-1500,1450.0,383,0,0.0,0.0,0.0,0.0,0.009930679637350273
cell_class,ME>LOP | ME>LOP.LO,15,1500-1600,1550.0,369,0,0.0,0.0,0.0,0.0,0.010303571275308333
cell_class,ME>LOP | ME>LOP.LO,16,1600-1700,1650.0,380,1,2.0,2.0,0.002631578947368421,0.0004646774871571299,0.01475410025866302
cell_class,ME>LOP | ME>LOP.LO,18,1800-1900,1850.0,367,0,0.0,0.0,0.0,0.0,0.010359139859174374
cell_class,ME>LOP.LO | bilateral,0,0-100,50.0,1357,357,937.0,937.0,0.2630803242446573,0.24034546950403932,0.2871528080324498
cell_class,ME>LOP.LO | bilateral,1,100-200,150.0,946,141,276.0,276.0,0.14904862579281183,0.12777471655565956,0.17316135531148122
cell_class,ME>LOP.LO | bilateral,2,200-300,250.0,756,73,156.0,156.0,0.09656084656084656,0.07750051172777997,0.11970058913324158
cell_class,ME>LOP.LO | bilateral,3,300-400,350.0,676,62,147.0,147.0,0.09171597633136094,0.07220446583090924,0.11584169080322433
cell_class,ME>LOP.LO | bilateral,4,400-500,450.0,682,47,82.0,82.0,0.0689149560117302,0.05221830306662484,0.0904408765456938
cell_class,ME>LOP.LO | bilateral,6,600-700,650.0,677,34,55.0,55.0,0.050221565731166914,0.03615877973790055,0.06936003697365174
cell_class,ME>LOP.LO | bilateral,7,700-800,750.0,655,25,46.0,46.0,0.03816793893129771,0.02598437101745476,0.05573724461823066
cell_class,ME>LOP.LO | bilateral,8,800-900,850.0,682,25,35.0,35.0,0.036656891495601175,0.024950636058989152,0.0535537882862241
cell_class,ME>LOP.LO | bilateral,9,900-1000,950.0,707,16,34.0,34.0,0.02263083451202263,0.013977178868418105,0.036444180826906425
cell_class,ME>LOP.LO | bilateral,10,1000-1100,1050.0,681,16,25.0,25.0,0.023494860499265784,0.01451267893282985,0.037822926848127374
cell_class,ME>LOP.LO | bilateral,11,1100-1200,1150.0,647,12,18.0,18.0,0.01854714064914992,0.010640899213371897,0.032136944120551444
cell_class,ME>LOP.LO | bilateral,12,1200-1300,1250.0,669,11,25.0,25.0,0.016442451420029897,0.009205465940652219,0.029201196192010212
cell_class,ME>LOP.LO | bilateral,13,1300-1400,1350.0,581,9,17.0,17.0,0.01549053356282272,0.008170526133486131,0.029175654439168072
cell_class,ME>LOP.LO | bilateral,14,1400-1500,1450.0,622,8,12.0,12.0,0.012861736334405145,0.006531259222845342,0.025172609615531652
cell_class,ME>LOP.LO | bilateral,17,1700-1800,1750.0,521,11,20.0,20.0,0.02111324376199616,0.011829296642487537,0.0374076540870278
cell_class,ME>LOP.LO | bilateral,18,1800-1900,1850.0,542,7,8.0,8.0,0.012915129151291513,0.006269789785075709,0.026416615941420772
cell_class,ME>LOP.LO | bilateral,19,1900-2000,1950.0,575,5,9.0,9.0,0.008695652173913044,0.003719764080082443,0.02019282271395586
cell_class,ME>LOP.LO | visual,0,0-100,50.0,182,29,32.0,32.0,0.15934065934065933,0.11329260146413545,0.21947250602525337
cell_class,ME>LOP.LO | visual,1,100-200,150.0,176,8,10.0,10.0,0.045454545454545456,0.023209498401566178,0.08711870152548072
cell_class,ME>LOP.LO | visual,2,200-300,250.0,155,3,3.0,3.0,0.01935483870967742,0.006603757117780048,0.05535482300228925
cell_class,ME>LOP.LO | visual,3,300-400,350.0,170,5,5.0,5.0,0.029411764705882353,0.012626835083268551,0.06699507359681722
cell_class,ME>LOP.LO | visual,5,500-600,550.0,235,3,3.0,3.0,0.01276595744680851,0.00435082340847915,0.036854728723142806
cell_class,ME>LOP.LO | visual,6,600-700,650.0,269,3,3.0,3.0,0.011152416356877323,0.0037998714958330255,0.032270874314190075
cell_class,ME>LOP.LO | visual,7,700-800,750.0,319,6,7.0,7.0,0.018808777429467086,0.008647917561404133,0.04042134736604017
cell_class,ME>LOP.LO | visual,9,900-1000,950.0,344,3,4.0,4.0,0.00872093023255814,0.0029701948036427537,0.025323143313477223
cell_class,ME>LOP.LO | visual,10,1000-1100,1050.0,328,2,2.0,2.0,0.006097560975609756,0.0016737318701209834,0.021956819573700406
cell_class,ME>LOP.LO | visual,12,1200-1300,1250.0,366,2,2.0,2.0,0.00546448087431694,0.0014998076911427894,0.019702782823282847
cell_class,ME>LOP.LO | visual,17,1700-1800,1750.0,312,0,0.0,0.0,0.0,0.0,0.012163058951069143
cell_class,bilateral | bilateral,0,0-100,50.0,2062,1023,7504.0,7504.0,0.4961202715809893,0.4745667038737581,0.5176882686275217
cell_class,bilateral | bilateral,1,100-200,150.0,489,146,526.0,526.0,0.2985685071574642,0.25970481094114495,0.34057243838196405
cell_class,bilateral | bilateral,5,500-600,550.0,177,24,53.0,53.0,0.13559322033898305,0.09283917462253669,0.19382937951544923
cell_class,bilateral | bilateral,6,600-700,650.0,203,31,74.0,74.0,0.15270935960591134,0.10971549848686218,0.20860344702506578
cell_class,bilateral | bilateral,9,900-1000,950.0,150,13,19.0,19.0,0.08666666666666667,0.05134668856955886,0.1426294531242353
cell_class,bilateral | bilateral,16,1600-1700,1650.0,101,4,5.0,5.0,0.039603960396039604,0.015506895291526046,0.09744063698573793
cell_class,bilateral | bilateral,19,1900-2000,1950.0,102,5,6.0,6.0,0.049019607843137254,0.021117285132196968,0.1096592715336131
cell_class,bilateral | visual,0,0-100,50.0,297,83,170.0,170.0,0.27946127946127947,0.23149129533752505,0.3330636066441158
cell_class,bilateral | visual,1,100-200,150.0,207,38,55.0,55.0,0.18357487922705315,0.13676637710407916,0.2419141109969408
cell_class,bilateral | visual,4,400-500,450.0,227,14,26.0,26.0,0.06167400881057269,0.037089497524374765,0.10084751209607493
cell_class,bilateral | visual,7,700-800,750.0,347,9,10.0,10.0,0.025936599423631124,0.013704002140526576,0.04855087299400707
cell_class,bilateral | visual,9,900-1000,950.0,396,12,19.0,19.0,0.030303030303030304,0.017417856820750775,0.05221371728259414
cell_class,bilateral | visual,11,1100-1200,1150.0,434,5,6.0,6.0,0.01152073732718894,0.004930660942103699,0.02668259828223679
cell_class,bilateral | visual,13,1300-1400,1350.0,510,2,2.0,2.0,0.00392156862745098,0.001076072616312546,0.014184661430911346
cell_class,bilateral | visual,14,1400-1500,1450.0,525,4,4.0,4.0,0.007619047619047619,0.0029667245907188874,0.019424857312066366
cell_class,bilateral | visual,15,1500-1600,1550.0,538,2,2.0,2.0,0.0037174721189591076,0.001020036257490354,0.013452089913700636
cell_class,bilateral | visual,16,1600-1700,1650.0,602,4,5.0,5.0,0.006644518272425249,0.002586826646921011,0.01695887638832781
cell_class,bilateral | visual,18,1800-1900,1850.0,667,2,2.0,2.0,0.0029985007496251873,0.0008226653371783809,0.010866532231964616
cell_class,bilateral | visual,19,1900-2000,1950.0,661,3,3.0,3.0,0.0045385779122541605,0.0015446732254068953,0.013258251260666178
cell_class,mechanosensory | mechanosensory,0,0-100,50.0,27604,6754,10921.0,10921.0,0.24467468482828575,0.23963899784622097,0.24978142826923452
cell_class,mechanosensory | mechanosensory,1,100-200,150.0,10138,1116,1294.0,1294.0,0.11008088380351154,0.10413522493500767,0.1163219354292402
cell_class,mechanosensory | mechanosensory,2,200-300,250.0,7165,587,664.0,664.0,0.08192602930914165,0.07579746303225637,0.08850266601509207
cell_class,mechanosensory | mechanosensory,3,300-400,350.0,6888,429,469.0,469.0,0.062282229965156796,0.056815335919895134,0.0682371028941368
cell_class,mechanosensory | mechanosensory,4,400-500,450.0,7170,369,405.0,405.0,0.05146443514644351,0.046586166585162084,0.05682308627595489
cell_class,mechanosensory | mechanosensory,5,500-600,550.0,7148,243,260.0,260.0,0.03399552322327924,0.030038400908626403,0.03845327262060838
cell_class,mechanosensory | mechanosensory,6,600-700,650.0,7607,232,249.0,249.0,0.03049822531878533,0.026864709550812077,0.03460570654614099
cell_class,mechanosensory | mechanosensory,7,700-800,750.0,7412,183,203.0,203.0,0.024689692390717756,0.021395470156773917,0.02847636097834633
cell_class,mechanosensory | mechanosensory,8,800-900,850.0,7352,173,189.0,189.0,0.0235310119695321,0.020306830799526634,0.027252866516413395
cell_class,mechanosensory | mechanosensory,9,900-1000,950.0,7512,127,141.0,141.0,0.016906283280085196,0.014228101925183746,0.020078315602295806
cell_class,mechanosensory | mechanosensory,10,1000-1100,1050.0,7334,96,103.0,103.0,0.01308971911644396,0.010731555009332493,0.015957710128252377
cell_class,mechanosensory | mechanosensory,11,1100-1200,1150.0,7429,87,94.0,94.0,0.011710862834836452,0.0095044779021073,0.01442198381611363
cell_class,mechanosensory | mechanosensory,12,1200-1300,1250.0,7147,75,82.0,82.0,0.010493913530152511,0.00838042563767185,0.013133349747871576
cell_class,mechanosensory | mechanosensory,13,1300-1400,1350.0,7055,69,73.0,73.0,0.009780297661233167,0.007735853180273169,0.012358322045304921
cell_class,mechanosensory | mechanosensory,14,1400-1500,1450.0,7180,64,69.0,69.0,0.008913649025069638,0.006986945054905692,0.011365575412694815
cell_class,mechanosensory | mechanosensory,15,1500-1600,1550.0,6779,49,52.0,52.0,0.007228204749963121,0.005472070934605576,0.009542521179708281
cell_class,mechanosensory | mechanosensory,16,1600-1700,1650.0,6915,41,46.0,46.0,0.0059291395516992045,0.004373762326750686,0.008033170070718855
cell_class,mechanosensory | mechanosensory,17,1700-1800,1750.0,6830,36,38.0,38.0,0.005270863836017569,0.003809803532335138,0.007288141728790023
cell_class,mechanosensory | mechanosensory,18,1800-1900,1850.0,6847,40,42.0,42.0,0.0058419745874105445,0.004293278631609029,0.007944867408725636
cell_class,mechanosensory | mechanosensory,19,1900-2000,1950.0,6778,32,35.0,35.0,0.00472115668338743,0.0033462935927353644,0.006657124947738952
cell_class,ALIN | ALLN,12,1200-1300,1250.0,165,22,43.0,43.0,0.13333333333333333,0.08972601709967211,0.1936259530309118
cell_class,ALIN | ALLN,14,1400-1500,1450.0,142,16,30.0,30.0,0.11267605633802817,0.07055588250532957,0.17520115800985947
cell_class,ALLN | ALLN,19,1900-2000,1950.0,667,41,65.0,65.0,0.06146926536731634,0.04563182327194114,0.08232923340671443
cell_class,ALLN | hygrosensory,5,500-600,550.0,425,57,79.0,79.0,0.13411764705882354,0.10497541041234104,0.16981509498638891
cell_class,ALLN | hygrosensory,8,800-900,850.0,400,26,32.0,32.0,0.065,0.04474017569726697,0.09353582162445521
cell_class,ALLN | hygrosensory,10,1000-1100,1050.0,358,12,15.0,15.0,0.0335195530726257,0.019276527741199544,0.05766763788265353
cell_class,ALLN | hygrosensory,11,1100-1200,1150.0,373,10,11.0,11.0,0.02680965147453083,0.014626248202153101,0.04864065226743413
cell_class,ALLN | hygrosensory,18,1800-1900,1850.0,288,6,8.0,8.0,0.020833333333333332,0.009582111697487992,0.044699388952179495
cell_class,ALPN | LHCENT,3,300-400,350.0,343,116,300.0,300.0,0.33819241982507287,0.2901627887473162,0.38980639603328665
cell_class,CX | Kenyon_Cell,0,0-100,50.0,320,92,121.0,121.0,0.2875,0.24066158864067416,0.3393800119443032
cell_class,CX | Kenyon_Cell,4,400-500,450.0,264,13,17.0,17.0,0.04924242424242424,0.028999993062839992,0.08241511198432219
cell_class,CX | Kenyon_Cell,6,600-700,650.0,391,10,11.0,11.0,0.02557544757033248,0.013950102777241107,0.04643259246054539
cell_class,DAN | DAN,6,600-700,650.0,933,13,14.0,14.0,0.013933547695605574,0.008160606392183974,0.023692804045610416
cell_class,DAN | DAN,7,700-800,750.0,888,18,18.0,18.0,0.02027027027027027,0.012859662556010433,0.03181374133095784
cell_class,Kenyon_Cell | MBIN,8,800-900,850.0,17,4,5.0,5.0,0.23529411764705882,0.0955488907167594,0.47262245889171595
cell_class,LA | ME>LA,2,200-300,250.0,523,254,1678.0,1678.0,0.48565965583174,0.4430857705361134,0.5284426736869698
cell_class,LA | ME>LA,3,300-400,350.0,420,180,1384.0,1384.0,0.42857142857142855,0.3821007300147475,0.47633695047720986
cell_class,LA | ME>LA,4,400-500,450.0,404,136,1090.0,1090.0,0.33663366336633666,0.2922833069092271,0.3840616270062931
cell_class,LA | ME>LA,10,1000-1100,1050.0,317,53,289.0,289.0,0.167192429022082,0.13015218718676025,0.21220242019582347
cell_class,LA | ME>LA,13,1300-1400,1350.0,288,32,309.0,309.0,0.1111111111111111,0.07981198757459146,0.1526483607787619
cell_class,LA | ME>LA,15,1500-1600,1550.0,322,23,90.0,90.0,0.07142857142857142,0.04806469293065581,0.10489797359197357
cell_class,LA | visual,17,1700-1800,1750.0,752,37,71.0,71.0,0.04920212765957447,0.03590430634530495,0.06708235117658852
cell_class,LA | visual,18,1800-1900,1850.0,740,17,26.0,26.0,0.022972972972972974,0.014391750108336314,0.03648144655073734
cell_class,LHCENT | LHLN,5,500-600,550.0,349,67,140.0,140.0,0.19197707736389685,0.15409780244648832,0.23656361616174829
cell_class,LHCENT | LHLN,10,1000-1100,1050.0,196,22,39.0,39.0,0.11224489795918367,0.07530197986635534,0.16409562303514263
cell_class,LHCENT | LHLN,14,1400-1500,1450.0,129,6,15.0,15.0,0.046511627906976744,0.021488293026176247,0.09776350761458688
cell_class,LHCENT | LHLN,16,1600-1700,1650.0,121,7,9.0,9.0,0.05785123966942149,0.02830239313891006,0.11461150735579681
cell_class,LHCENT | LHLN,17,1700-1800,1750.0,128,5,8.0,8.0,0.0390625,0.0167983630559502,0.08818822691261814
cell_class,LHCENT | LHLN,18,1800-1900,1850.0,100,2,2.0,2.0,0.02,0.005501852234968178,0.07001316294199367
cell_class,LO | ME.LO,10,1000-1100,1050.0,511,10,16.0,16.0,0.019569471624266144,0.010663700019949464,0.0356449121823279
cell_class,LO | ME.LO,19,1900-2000,1950.0,383,2,2.0,2.0,0.005221932114882507,0.0014331821519347372,0.018837647045338773
cell_class,LO | ME>LOP,5,500-600,550.0,120,6,11.0,11.0,0.05,0.023114049304474235,0.10480419464586234
cell_class,LO | ME>LOP,7,700-800,750.0,137,1,1.0,1.0,0.0072992700729927005,0.0012896313769595533,0.040186750601092384
cell_class,LO | ME>LOP,9,900-1000,950.0,193,6,8.0,8.0,0.031088082901554404,0.01432407677048586,0.06615484638396928
cell_class,LO | ME>LOP,13,1300-1400,1350.0,260,0,0.0,0.0,0.0,0.0,0.014560251302296528
cell_class,LO | ME>LOP,17,1700-1800,1750.0,432,0,0.0,0.0,0.0,0.0,0.008814211401573416
cell_class,LO>LOP | LOP>LO.ME,16,1600-1700,1650.0,1119,10,11.0,11.0,0.008936550491510277,0.004861268619339815,0.016372002395912914
cell_class,LO>LOP | ME.LO,1,100-200,150.0,1009,202,318.0,318.0,0.2001982160555005,0.17666537312308678,0.22600529127300445
cell_class,LO>LOP | ME.LO,10,1000-1100,1050.0,1158,6,6.0,6.0,0.0051813471502590676,0.002376724245397063,0.011258180891413325
cell_class,LO>LOP | ME>LOP.LO,1,100-200,150.0,354,20,22.0,22.0,0.05649717514124294,0.03686727719664008,0.08564950117680784
cell_class,LO>LOP | ME>LOP.LO,3,300-400,350.0,305,4,4.0,4.0,0.013114754098360656,0.005111490324329233,0.033230494693233165
cell_class,LO>LOP | ME>LOP.LO,4,400-500,450.0,345,6,7.0,7.0,0.017391304347826087,0.00799423984751081,0.03741777523325937
cell_class,LO>LOP | ME>LOP.LO,5,500-600,550.0,389,3,3.0,3.0,0.007712082262210797,0.0026261532651609236,0.022426183350920465
cell_class,LO>LOP | ME>LOP.LO,6,600-700,650.0,424,3,3.0,3.0,0.007075471698113208,0.0024091138430166192,0.02059379190527901
cell_class,LO>LOP | ME>LOP.LO,9,900-1000,950.0,429,0,0.0,0.0,0.0,0.0,0.008875302189068703
cell_class,LO>LOP | ME>LOP.LO,19,1900-2000,1950.0,463,0,0.0,0.0,0.0,0.0,0.008228915332309716
cell_class,LO>ME | LOP,6,600-700,650.0,469,39,48.0,48.0,0.08315565031982942,0.061424828234872206,0.11165977345837984
cell_class,LO>ME | ME.LO,4,400-500,450.0,245,12,23.0,23.0,0.04897959183673469,0.028237018866415334,0.08364781067976988
cell_class,LO>ME | ME.LO,5,500-600,550.0,189,14,19.0,19.0,0.07407407407407407,0.04463379029426766,0.12048410957795906
cell_class,LO>ME | ME.LO,6,600-700,650.0,168,4,5.0,5.0,0.023809523809523808,0.009296969097757672,0.05961300380752254
cell_class,LO>ME | ME.LO,9,900-1000,950.0,190,1,1.0,1.0,0.005263157894736842,0.0009296576420357184,0.02920628840876039
cell_class,LO>ME | ME.LO,10,1000-1100,1050.0,162,3,3.0,3.0,0.018518518518518517,0.0063175154296968815,0.053025858006159984
cell_class,LO>ME | ME.LO,11,1100-1200,1150.0,148,2,3.0,3.0,0.013513513513513514,0.0037136718210305925,0.04792961960898595
cell_class,LO>ME | ME.LO,19,1900-2000,1950.0,135,0,0.0,0.0,0.0,1.734723475976807e-18,0.027668940720936668
cell_class,LO>ME | bilateral,3,300-400,350.0,544,140,357.0,357.0,0.25735294117647056,0.22240621695216556,0.2957026670756264
cell_class,LO>ME | bilateral,5,500-600,550.0,460,85,311.0,311.0,0.18478260869565216,0.15197548694061744,0.2228110781281474
cell_class,LO>ME | bilateral,11,1100-1200,1150.0,233,30,72.0,72.0,0.12875536480686695,0.09169809784869817,0.17785589942205152
cell_class,LO>ME | bilateral,16,1600-1700,1650.0,189,7,13.0,13.0,0.037037037037037035,0.01805428842936729,0.07446516795348786
cell_class,LOP | LOP>LO,6,600-700,650.0,1090,70,113.0,113.0,0.06422018348623854,0.051142406662630056,0.0803589002907716
cell_class,LOP | LOP>LO.ME,5,500-600,550.0,555,54,74.0,74.0,0.0972972972972973,0.07533845976494756,0.12479266862635331
cell_class,LOP | LOP>LO.ME,10,1000-1100,1050.0,344,6,12.0,12.0,0.01744186046511628,0.008017548652373332,0.03752502014905813
cell_class,LOP | ME>LO,3,300-400,350.0,686,22,28.0,28.0,0.03206997084548105,0.021272258299430857,0.04807931458338745
cell_class,LOP | bilateral,1,100-200,150.0,449,192,1058.0,1058.0,0.42761692650334077,0.3826594906422109,0.4738024598499701
cell_class,LOP | bilateral,6,600-700,650.0,223,64,289.0,289.0,0.28699551569506726,0.2316244821640548,0.3495810815420732
cell_class,LOP | bilateral,10,1000-1100,1050.0,207,25,134.0,134.0,0.12077294685990338,0.08315730217427923,0.17220786295442397
cell_class,LOP | bilateral,12,1200-1300,1250.0,199,34,125.0,125.0,0.1708542713567839,0.12491702424331041,0.22925884500638982
cell_class,LOP | bilateral,18,1800-1900,1850.0,147,20,43.0,43.0,0.1360544217687075,0.08983018360124098,0.20081642847394257
cell_class,LOP | bilateral,19,1900-2000,1950.0,146,8,30.0,30.0,0.0547945205479452,0.02802334056202123,0.10439382529846077
cell_class,LOP>ME.LO | ME.LO,4,400-500,450.0,446,54,77.0,77.0,0.1210762331838565,0.09399290802841068,0.15463149665092535
cell_class,LOP>ME.LO | ME.LO,6,600-700,650.0,381,20,26.0,26.0,0.05249343832020997,0.03423497150900426,0.07968618462380467
cell_class,LOP>ME.LO | ME.LO,10,1000-1100,1050.0,298,3,3.0,3.0,0.010067114093959731,0.003429458318389665,0.029175722677205376
cell_class,LOP>ME.LO | ME.LO,12,1200-1300,1250.0,275,3,7.0,7.0,0.01090909090909091,0.0037168128255643425,0.031577777364708556
cell_class,LOP>ME.LO | ME.LO,13,1300-1400,1350.0,272,4,4.0,4.0,0.014705882352941176,0.005733207656477533,0.037195777674234
cell_class,LOP>ME.LO | ME.LO,17,1700-1800,1750.0,245,0,0.0,0.0,0.0,0.0,0.01543793320730939
cell_class,LOP>ME.LO | ME.LO,19,1900-2000,1950.0,242,1,1.0,1.0,0.004132231404958678,0.0007297943345591276,0.023031847307864284
cell_class,LOP>ME.LO | bilateral,9,900-1000,950.0,912,175,401.0,401.0,0.19188596491228072,0.1676419207773903,0.21871484659373594
cell_class,LOP>ME.LO | bilateral,16,1600-1700,1650.0,593,68,146.0,146.0,0.11467116357504216,0.0914686604169002,0.1428340423437653
cell_class,ME.LO | ME>LOP,16,1600-1700,1650.0,1204,0,0.0,0.0,0.0,0.0,0.003180549502517548
cell_class,ME.LO | bilateral,6,600-700,650.0,168,26,100.0,100.0,0.15476190476190477,0.10785477160945138,0.2171049587468768
cell_class,ME.LO | bilateral,8,800-900,850.0,153,25,69.0,69.0,0.16339869281045752,0.11319476938675144,0.23009170563008086
cell_class,ME.LO | bilateral,9,900-1000,950.0,141,13,36.0,36.0,0.09219858156028368,0.05467322414755478,0.15135598293107455
cell_class,ME.LO | bilateral,12,1200-1300,1250.0,142,7,32.0,32.0,0.04929577464788732,0.024080963350659727,0.09825450197610572
cell_class,ME.LO | bilateral,14,1400-1500,1450.0,136,8,25.0,25.0,0.058823529411764705,0.03010472430974894,0.11178152413134437
cell_class,ME.LO | bilateral,16,1600-1700,1650.0,136,4,9.0,9.0,0.029411764705882353,0.011495676995744355,0.07318298800808855
cell_class,ME.LO | bilateral,17,1700-1800,1750.0,148,4,6.0,6.0,0.02702702702702703,0.010559214292546873,0.06742731904219143
cell_class,ME.LO | bilateral,18,1800-1900,1850.0,132,4,8.0,8.0,0.030303030303030304,0.011845868852119364,0.07532624926191933
cell_class,ME.LO | bilateral,19,1900-2000,1950.0,112,4,21.0,21.0,0.03571428571428571,0.013974386294255417,0.08824795870097944
cell_class,ME>LA | ME>LOP.LO,18,1800-1900,1850.0,681,0,0.0,0.0,0.0,0.0,0.0056094723217748445
cell_class,ME>LOP | ME>LOP.LO,0,0-100,50.0,242,31,36.0,36.0,0.128099173553719,0.09173155386211873,0.17608967736969883
cell_class,ME>LOP | ME>LOP.LO,4,400-500,450.0,204,2,2.0,2.0,0.00980392156862745,0.0026926628164722806,0.03503606906395974
cell_class,ME>LOP | ME>LOP.LO,9,900-1000,950.0,348,0,0.0,0.0,0.0,0.0,0.010918549711006314
cell_class,ME>LOP | ME>LOP.LO,10,1000-1100,1050.0,348,0,0.0,0.0,0.0,0.0,0.010918549711006314
cell_class,ME>LOP | ME>LOP.LO,17,1700-1800,1750.0,392,0,0.0,0.0,0.0,0.0,0.009704892057833234
cell_class,ME>LOP | ME>LOP.LO,19,1900-2000,1950.0,458,0,0.0,0.0,0.0,0.0,0.00831800340203221
cell_class,ME>LOP.LO | bilateral,5,500-600,550.0,711,32,60.0,60.0,0.0450070323488045,0.032058577847840275,0.0628458037662124
cell_class,ME>LOP.LO | bilateral,15,1500-1600,1550.0,544,8,13.0,13.0,0.014705882352941176,0.007470030982778694,0.02874773707280525
cell_class,ME>LOP.LO | bilateral,16,1600-1700,1650.0,505,8,12.0,12.0,0.015841584158415842,0.008048455030690124,0.030945212153753916
cell_class,ME>LOP.LO | visual,8,800-900,850.0,324,1,1.0,1.0,0.0030864197530864196,0.0005450227751171051,0.017273338287054383
cell_class,ME>LOP.LO | visual,11,1100-1200,1150.0,360,1,1.0,1.0,0.002777777777777778,0.0004905017720812479,0.015564836594944405
cell_class,ME>LOP.LO | visual,13,1300-1400,1350.0,332,0,0.0,0.0,0.0,0.0,0.011438725875531798
cell_class,bilateral | bilateral,3,300-400,350.0,267,55,140.0,140.0,0.20599250936329588,0.1618169659481602,0.2585084198123729
cell_class,bilateral | bilateral,4,400-500,450.0,242,39,89.0,89.0,0.16115702479338842,0.12018649865843281,0.21271728979722318
cell_class,bilateral | bilateral,8,800-900,850.0,137,10,15.0,15.0,0.072992700729927,0.0401281888655423,0.12915134218210272
cell_class,bilateral | bilateral,11,1100-1200,1150.0,147,12,22.0,22.0,0.08163265306122448,0.0473118318079133,0.137263245624307
cell_class,bilateral | bilateral,12,1200-1300,1250.0,117,9,22.0,22.0,0.07692307692307693,0.04099470569997648,0.13975099776637948
cell_class,bilateral | bilateral,17,1700-1800,1750.0,117,7,19.0,19.0,0.05982905982905983,0.029280101993339018,0.1183644177746879
cell_class,bilateral | bilateral,18,1800-1900,1850.0,105,4,6.0,6.0,0.0380952380952381,0.014912218047781596,0.09388441853234952
cell_class,bilateral | visual,2,200-300,250.0,182,23,51.0,51.0,0.12637362637362637,0.08570445082845138,0.18248953803087828
cell_class,bilateral | visual,3,300-400,350.0,193,21,30.0,30.0,0.10880829015544041,0.07227552456564579,0.16061020690575048
cell_class,bilateral | visual,5,500-600,550.0,291,9,13.0,13.0,0.030927835051546393,0.01635476675787998,0.05772433198530958
cell_class,bilateral | visual,6,600-700,650.0,315,11,31.0,31.0,0.03492063492063492,0.01960883144486949,0.06143956374572045
cell_class,bilateral | visual,8,800-900,850.0,344,12,16.0,16.0,0.03488372093023256,0.02006539221481069,0.05997563795524372
cell_class,bilateral | visual,17,1700-1800,1750.0,649,4,5.0,5.0,0.0061633281972265025,0.0023992926852839432,0.015739257309079158
cell_class,ALIN | ALLN,4,400-500,450.0,310,93,634.0,634.0,0.3,0.2516887511457144,0.35320747676033754
cell_class,ALIN | ALLN,13,1300-1400,1350.0,152,16,44.0,44.0,0.10526315789473684,0.06583727213184384,0.16415009966105354
cell_class,ALIN | ALLN,16,1600-1700,1650.0,130,6,10.0,10.0,0.046153846153846156,0.02132166236323716,0.0970391462343887
cell_class,ALIN | ALLN,19,1900-2000,1950.0,116,8,14.0,14.0,0.06896551724137931,0.035357067036116255,0.13020814571137707
cell_class,ALLN | ALLN,16,1600-1700,1650.0,792,54,82.0,82.0,0.06818181818181818,0.05263035165720866,0.08790213621474977
cell_class,ALPN | LHCENT,8,800-900,850.0,272,28,62.0,62.0,0.10294117647058823,0.07218538767038146,0.1447565094183825
cell_class,ALPN | LHCENT,15,1500-1600,1550.0,220,7,9.0,9.0,0.031818181818181815,0.015496369650551213,0.06420999413526873
cell_class,CX | Kenyon_Cell,1,100-200,150.0,165,28,34.0,34.0,0.1696969696969697,0.1200954330165454,0.23432906900191447
cell_class,Kenyon_Cell | MBIN,1,100-200,150.0,21,13,44.0,44.0,0.6190476190476191,0.40878295815501514,0.7924923220201749
cell_class,LA | ME>LA,8,800-900,850.0,341,89,579.0,579.0,0.26099706744868034,0.21722920891756536,0.31009000082975047
cell_class,LA | visual,2,200-300,250.0,429,293,1780.0,1780.0,0.682983682983683,0.6374929056041163,0.7252263893989517
cell_class,LHCENT | LHLN,9,900-1000,950.0,238,26,54.0,54.0,0.1092436974789916,0.0756479133297851,0.15525363545255838
cell_class,LHCENT | LHLN,11,1100-1200,1150.0,191,19,30.0,30.0,0.09947643979057591,0.06461141061320144,0.15013533751450842
cell_class,LHCENT | LHLN,19,1900-2000,1950.0,95,2,10.0,10.0,0.021052631578947368,0.0057923854515239195,0.07354263138349293
cell_class,LO | ME.LO,15,1500-1600,1550.0,452,0,0.0,0.0,0.0,0.0,0.008427488847002994
cell_class,LO | ME.LO,16,1600-1700,1650.0,419,3,3.0,3.0,0.007159904534606206,0.0024378968248468316,0.02083701273939661
cell_class,LO | ME>LOP,0,0-100,50.0,301,170,1128.0,1128.0,0.5647840531561462,0.5083055859148666,0.6196297090055118
cell_class,LO | ME>LOP,2,200-300,250.0,113,19,32.0,32.0,0.168141592920354,0.11036645711875295,0.24773887522863022
cell_class,LO | ME>LOP,3,300-400,350.0,121,10,12.0,12.0,0.08264462809917356,0.04550855800110743,0.14546624526959717
cell_class,LO | ME>LOP,11,1100-1200,1150.0,239,3,6.0,6.0,0.012552301255230125,0.004277852142842806,0.036248976868331555
cell_class,LO>LOP | ME.LO,9,900-1000,950.0,1072,10,10.0,10.0,0.009328358208955223,0.005074724108296226,0.017086159055173192
cell_class,LO>ME | LOP,10,1000-1100,1050.0,307,6,6.0,6.0,0.019543973941368076,0.008987084806228382,0.041976492784415856
cell_class,LO>ME | ME.LO,7,700-800,750.0,206,5,8.0,8.0,0.024271844660194174,0.010410876514298843,0.055551258734383976
cell_class,LO>ME | bilateral,8,800-900,850.0,307,47,109.0,109.0,0.15309446254071662,0.11712300122531583,0.19764053106894597
cell_class,LO>ME | bilateral,15,1500-1600,1550.0,212,16,44.0,44.0,0.07547169811320754,0.046986246898842655,0.1190688601796816
cell_class,LO>ME | bilateral,18,1800-1900,1850.0,176,14,35.0,35.0,0.07954545454545454,0.047972198919781724,0.12908138601273667
cell_class,LOP | LOP>LO.ME,19,1900-2000,1950.0,271,2,5.0,5.0,0.007380073800738007,0.002026178617710348,0.026505164526850013
cell_class,LOP>ME.LO | ME.LO,5,500-600,550.0,408,30,38.0,38.0,0.07352941176470588,0.05198757276815934,0.10302736501374517
cell_class,LOP>ME.LO | ME.LO,15,1500-1600,1550.0,242,3,3.0,3.0,0.012396694214876033,0.004224710065100178,0.03580757088328285
cell_class,LOP>ME.LO | ME.LO,16,1600-1700,1650.0,233,0,0.0,0.0,0.0,0.0,0.016220123491819
cell_class,ME.LO | bilateral,2,200-300,250.0,300,83,418.0,418.0,0.27666666666666667,0.22910976871830163,0.3298709633473536
cell_class,ME.LO | bilateral,10,1000-1100,1050.0,168,13,29.0,29.0,0.07738095238095238,0.04577652700745966,0.12788107394597656
cell_class,ME>LOP.LO | visual,4,400-500,450.0,213,1,1.0,1.0,0.004694835680751174,0.0008292137381074073,0.026110266509225207
cell_class,ME>LOP.LO | visual,14,1400-1500,1450.0,358,0,0.0,0.0,0.0,0.0,0.010616800279459297
cell_class,ME>LOP.LO | visual,16,1600-1700,1650.0,358,0,0.0,0.0,0.0,0.0,0.010616800279459297
cell_class,bilateral | bilateral,7,700-800,750.0,167,26,61.0,61.0,0.15568862275449102,0.10851495315803454,0.21834688845431277
cell_class,bilateral | bilateral,13,1300-1400,1350.0,129,7,16.0,16.0,0.05426356589147287,0.026530617490702076,0.10777670792543265
cell_class,bilateral | visual,12,1200-1300,1250.0,469,4,9.0,9.0,0.008528784648187633,0.0033214797725741787,0.021722002019214023
cell_class,ALPN | LHCENT,6,600-700,650.0,341,52,108.0,108.0,0.15249266862170088,0.11822304570513309,0.19450488503176172
cell_class,LO | ME>LOP,1,100-200,150.0,153,39,98.0,98.0,0.2549019607843137,0.19243618337159415,0.329374356689206
cell_class,LO>LOP | ME>LOP.LO,8,800-900,850.0,431,0,0.0,0.0,0.0,0.0,0.008834481337572118
cell_class,LO>ME | ME.LO,14,1400-1500,1450.0,159,1,2.0,2.0,0.006289308176100629,0.0011110528093918985,0.034761844533793135
cell_class,LOP | LOP>LO,13,1300-1400,1350.0,681,16,20.0,20.0,0.023494860499265784,0.01451267893282985,0.037822926848127374
cell_class,ME>LOP.LO | visual,15,1500-1600,1550.0,329,0,0.0,0.0,0.0,0.0,0.011541826502456422
cell_class,ME>LOP.LO | visual,18,1800-1900,1850.0,316,0,0.0,0.0,0.0,0.0,0.012010945417981901
cell_class,bilateral | bilateral,2,200-300,250.0,303,81,293.0,293.0,0.26732673267326734,0.2206347582189663,0.3198447595517663
cell_class,bilateral | bilateral,14,1400-1500,1450.0,117,7,24.0,24.0,0.05982905982905983,0.029280101993339018,0.1183644177746879
cell_class,bilateral | visual,10,1000-1100,1050.0,367,7,10.0,10.0,0.01907356948228883,0.009269165504932012,0.0388419417710586
cell_class,ALIN | ALLN,7,700-800,750.0,207,47,165.0,165.0,0.22705314009661837,0.17526015068627562,0.28879248408788666
cell_class,ALIN | ALLN,9,900-1000,950.0,200,30,80.0,80.0,0.15,0.107135265876273,0.20605693826655166
cell_class,LA | ME>LA,17,1700-1800,1750.0,285,24,119.0,119.0,0.08421052631578947,0.05724027427158969,0.12224079770696188
cell_class,LO | ME>LOP,15,1500-1600,1550.0,359,1,1.0,1.0,0.002785515320334262,0.0004918685429961683,0.01560771871491472
cell_class,LO>ME | LOP,14,1400-1500,1450.0,276,7,11.0,11.0,0.025362318840579712,0.012338530973343337,0.05141753674496588
cell_class,LO>ME | LOP,18,1800-1900,1850.0,176,2,2.0,2.0,0.011363636363636364,0.0031218054298649267,0.040481009491710504
cell_class,LO>ME | ME.LO,8,800-900,850.0,156,2,3.0,3.0,0.01282051282051282,0.003522843269481466,0.04553572471282101
cell_class,LO>ME | ME.LO,15,1500-1600,1550.0,151,0,0.0,0.0,0.0,0.0,0.02480987021575597
cell_class,LO>ME | bilateral,10,1000-1100,1050.0,263,36,72.0,72.0,0.13688212927756654,0.10053796687361433,0.1836815851002908
cell_class,LO>ME | bilateral,19,1900-2000,1950.0,178,13,22.0,22.0,0.07303370786516854,0.043174612835219436,0.12093305009779477
cell_class,LOP | bilateral,9,900-1000,950.0,180,38,113.0,113.0,0.2111111111111111,0.15784712930233702,0.2764484817019188
cell_class,LOP>ME.LO | ME.LO,18,1800-1900,1850.0,242,0,0.0,0.0,0.0,0.0,0.01562632198944361
cell_class,ME.LO | bilateral,5,500-600,550.0,183,45,176.0,176.0,0.2459016393442623,0.18915872478442047,0.31309345032005315
cell_class,ME>LOP.LO | visual,19,1900-2000,1950.0,275,0,0.0,0.0,0.0,0.0,0.013776997406412816
cell_class,ALIN | ALLN,5,500-600,550.0,228,69,370.0,370.0,0.3026315789473684,0.24667604729587128,0.3651278740021184
cell_class,Kenyon_Cell | MBIN,11,1100-1200,1150.0,14,1,2.0,2.0,0.07142857142857142,0.012721886112291636,0.3146926955395781
cell_class,Kenyon_Cell | MBIN,17,1700-1800,1750.0,17,0,0.0,0.0,0.0,0.0,0.18432366037156456
cell_class,ME.LO | bilateral,4,400-500,450.0,208,45,218.0,218.0,0.21634615384615385,0.16580377060368331,0.27717626731143824
cell_class,bilateral | bilateral,15,1500-1600,1550.0,112,5,7.0,7.0,0.044642857142857144,0.019216974525702958,0.1002703253734697
cell_class,bilateral | bilateral,10,1000-1100,1050.0,131,12,20.0,20.0,0.0916030534351145,0.05317759663921357,0.1532987430067117
cell_class,Kenyon_Cell | MBIN,7,700-800,750.0,17,1,1.0,1.0,0.058823529411764705,0.01046013064516424,0.269825452035628
cell_class,Kenyon_Cell | MBIN,19,1900-2000,1950.0,19,1,1.0,1.0,0.05263157894736842,0.009351752490529969,0.2463921533654521
cell_class,Kenyon_Cell | MBIN,10,1000-1100,1050.0,20,1,1.0,1.0,0.05,0.008881219432873136,0.23613589351256675
cell_class,Kenyon_Cell | MBIN,15,1500-1600,1550.0,27,0,0.0,0.0,0.0,0.0,0.12455903714463581
cell_class,Kenyon_Cell | MBIN,4,400-500,450.0,14,1,1.0,1.0,0.07142857142857142,0.012721886112291636,0.3146926955395781
cell_class,Kenyon_Cell | MBIN,16,1600-1700,1650.0,25,1,1.0,1.0,0.04,0.007096050386699165,0.19544472405022525
cell_class,Kenyon_Cell | MBIN,3,300-400,350.0,13,1,1.0,1.0,0.07692307692307693,0.013710066379696295,0.3331453392824736
cell_class,Kenyon_Cell | MBIN,14,1400-1500,1450.0,12,0,0.0,0.0,0.0,0.0,0.2425007574992425
cell_class,Kenyon_Cell | MBIN,6,600-700,650.0,16,3,5.0,5.0,0.1875,0.06591478773586765,0.4300935986845823
cell_class,Kenyon_Cell | MBIN,5,500-600,550.0,11,1,3.0,3.0,0.09090909090909091,0.016231752262826,0.37736462548620375
cell_class,Kenyon_Cell | MBIN,12,1200-1300,1250.0,12,0,0.0,0.0,0.0,0.0,0.2425007574992425
cell_class,Kenyon_Cell | MBIN,9,900-1000,950.0,12,1,1.0,1.0,0.08333333333333333,0.014864709450773478,0.35388592179859524
cell_class,Kenyon_Cell | MBIN,13,1300-1400,1350.0,19,0,0.0,0.0,0.0,0.0,0.16818436536845052
cell_class,Kenyon_Cell | MBIN,18,1800-1900,1850.0,19,0,0.0,0.0,0.0,0.0,0.16818436536845052
cell_class,Kenyon_Cell | MBIN,2,200-300,250.0,11,2,5.0,5.0,0.18181818181818182,0.05136660067100063,0.4769861375782448
