partition,pair_key,distance_bin,distance_bin_nm,distance_mid_nm,near_pair_count,connected_near_pair_count,syn_count_sum,connected_syn_count_sum,fraction_connected,fraction_ci_low,fraction_ci_high
post_neuropil,AL_L | AL_L,0,0-100,50.0,82857,52836,560337.0,560337.0,0.6376769615120026,0.6343976948810917,0.6409434621655199
post_neuropil,AL_L | AL_L,1,100-200,150.0,17709,6398,13942.0,13942.0,0.3612852222033994,0.35424082799697654,0.3683897859413314
post_neuropil,AL_L | AL_L,2,200-300,250.0,12009,3180,5909.0,5909.0,0.2648013989507869,0.2569859157639521,0.2727673109829985
post_neuropil,AL_L | AL_L,3,300-400,350.0,11147,2240,3826.0,3826.0,0.20095092850094196,0.1936156210641922,0.20849228799264527
post_neuropil,AL_L | AL_L,4,400-500,450.0,10873,1700,2669.0,2669.0,0.15635059321254483,0.14964537272759187,0.1632985612909011
post_neuropil,AL_L | AL_L,5,500-600,550.0,10101,1262,1977.0,1977.0,0.12493812493812494,0.11863212944306997,0.13152929812448336
post_neuropil,AL_L | AL_L,6,600-700,650.0,10217,935,1459.0,1459.0,0.09151414309484193,0.0860755151937394,0.09725983754277107
post_neuropil,AL_L | AL_L,7,700-800,750.0,9548,711,1141.0,1141.0,0.07446585672392124,0.0693693528019795,0.07990464688411242
post_neuropil,AL_L | AL_L,8,800-900,850.0,9085,538,781.0,781.0,0.05921849201981288,0.05454861885341771,0.06426097730017795
post_neuropil,AL_L | AL_L,9,900-1000,950.0,8629,430,677.0,677.0,0.049831961988642946,0.045437698069744355,0.054626873947886546
post_neuropil,AL_L | AL_L,10,1000-1100,1050.0,8080,349,528.0,528.0,0.04319306930693069,0.03897317992980859,0.047847125901023135
post_neuropil,AL_L | AL_L,11,1100-1200,1150.0,7852,273,396.0,396.0,0.0347682119205298,0.03093829103502717,0.03905314056410285
post_neuropil,AL_L | AL_L,12,1200-1300,1250.0,7570,236,349.0,349.0,0.03117569352708058,0.027492203865710284,0.035334776830585224
post_neuropil,AL_L | AL_L,13,1300-1400,1350.0,7096,189,291.0,291.0,0.026634723788049604,0.023136744150082832,0.030644962754476836
post_neuropil,AL_L | AL_L,14,1400-1500,1450.0,6885,140,213.0,213.0,0.020334059549745823,0.017257841404932053,0.023945254337609048
post_neuropil,AL_L | AL_L,15,1500-1600,1550.0,6398,117,189.0,189.0,0.018286964676461393,0.015281112782584635,0.02187094671229571
post_neuropil,AL_L | AL_L,16,1600-1700,1650.0,6354,116,174.0,174.0,0.01825621655649984,0.015243620320343447,0.021850981092815382
post_neuropil,AL_L | AL_L,17,1700-1800,1750.0,5975,102,138.0,138.0,0.01707112970711297,0.014083277562748351,0.02067957683366181
post_neuropil,AL_L | AL_L,18,1800-1900,1850.0,6037,72,111.0,111.0,0.011926453536524764,0.009481776088574256,0.0149918998972354
post_neuropil,AL_L | AL_L,19,1900-2000,1950.0,6024,82,117.0,117.0,0.013612217795484728,0.010980566323181675,0.01686382826077687
post_neuropil,AL_L | AL_R,0,0-100,50.0,60597,39546,245411.0,245411.0,0.6526065646814199,0.6488058828468859,0.6563878984883225
post_neuropil,AL_L | AL_R,1,100-200,150.0,16494,7352,16201.0,16201.0,0.4457378440645083,0.43816574312921475,0.45333521539617205
post_neuropil,AL_L | AL_R,2,200-300,250.0,12132,3934,7250.0,7250.0,0.3242664029014177,0.3159934785781616,0.33265058414592674
post_neuropil,AL_L | AL_R,3,300-400,350.0,11702,2866,4945.0,4945.0,0.24491539907708085,0.23720824730829584,0.25278997716793494
post_neuropil,AL_L | AL_R,4,400-500,450.0,12127,2275,3655.0,3655.0,0.1875979219922487,0.18074894398236427,0.19464476324401644
post_neuropil,AL_L | AL_R,5,500-600,550.0,11551,1607,2416.0,2416.0,0.139122153926067,0.13293079528283092,0.1455534722989938
post_neuropil,AL_L | AL_R,6,600-700,650.0,11756,1218,1769.0,1769.0,0.10360666893501191,0.09822657933949062,0.1092457389951373
post_neuropil,AL_L | AL_R,7,700-800,750.0,11186,918,1398.0,1398.0,0.08206686930091185,0.07712282801436195,0.08729787299002047
post_neuropil,AL_L | AL_R,8,800-900,850.0,10889,672,1001.0,1001.0,0.06171365598310221,0.05734656923038032,0.06638988536012798
post_neuropil,AL_L | AL_R,9,900-1000,950.0,10520,580,892.0,892.0,0.055133079847908745,0.05093170862671652,0.059659237554001376
post_neuropil,AL_L | AL_R,10,1000-1100,1050.0,10055,433,618.0,618.0,0.043063152660367976,0.03926669440864087,0.04720863094095009
post_neuropil,AL_L | AL_R,11,1100-1200,1150.0,9630,348,495.0,495.0,0.03613707165109034,0.03259061734227972,0.04005346682036626
post_neuropil,AL_L | AL_R,12,1200-1300,1250.0,9418,290,401.0,401.0,0.030792100233595243,0.02748984996310428,0.03447697401746444
post_neuropil,AL_L | AL_R,13,1300-1400,1350.0,9202,214,272.0,272.0,0.023255813953488372,0.020369545235043432,0.026539973607861707
post_neuropil,AL_L | AL_R,14,1400-1500,1450.0,8843,216,358.0,358.0,0.02442609973990727,0.021409224921741646,0.027855995334942943
post_neuropil,AL_L | AL_R,15,1500-1600,1550.0,8655,156,208.0,208.0,0.01802426343154246,0.01542771105412706,0.02104848456076904
post_neuropil,AL_L | AL_R,16,1600-1700,1650.0,8555,150,196.0,196.0,0.017533606078316773,0.014961110329763152,0.020539207844135526
post_neuropil,AL_L | AL_R,17,1700-1800,1750.0,8236,116,160.0,160.0,0.014084507042253521,0.011756575095496918,0.016865528513873435
post_neuropil,AL_L | AL_R,18,1800-1900,1850.0,8159,112,141.0,141.0,0.013727172447603873,0.011421465496075754,0.01649057925069478
post_neuropil,AL_L | AL_R,19,1900-2000,1950.0,7903,103,149.0,149.0,0.01303302543337973,0.010758517502157568,0.01578072668859491
post_neuropil,AL_L | LAL_L,2,200-300,250.0,104,24,91.0,91.0,0.23076923076923078,0.16026297487857527,0.3204568957464896
post_neuropil,AL_L | LAL_L,7,700-800,750.0,88,10,21.0,21.0,0.11363636363636363,0.0629073263742009,0.19668745420453468
post_neuropil,AL_L | LAL_L,8,800-900,850.0,143,9,13.0,13.0,0.06293706293706294,0.03346110825773375,0.11528148239777533
post_neuropil,AL_L | LAL_L,13,1300-1400,1350.0,240,2,2.0,2.0,0.008333333333333333,0.002288235363161974,0.029870346273441456
post_neuropil,AL_L | LAL_L,14,1400-1500,1450.0,248,3,6.0,6.0,0.012096774193548387,0.004122290881182709,0.034956241021410026
post_neuropil,AL_L | LAL_L,16,1600-1700,1650.0,332,0,0.0,0.0,0.0,0.0,0.011438725875531798
post_neuropil,AL_L | LAL_L,18,1800-1900,1850.0,392,1,1.0,1.0,0.002551020408163265,0.00045044817833100187,0.014306969940431652
post_neuropil,AL_L | LAL_L,19,1900-2000,1950.0,437,2,3.0,3.0,0.004576659038901602,0.0012559572292417265,0.016531837751994162
post_neuropil,AL_L | LH_L,0,0-100,50.0,26592,17989,186870.0,186870.0,0.6764816486161251,0.6708336353152814,0.6820786786157808
post_neuropil,AL_L | LH_L,1,100-200,150.0,13210,6210,22170.0,22170.0,0.47009841029523086,0.4615970213030931,0.4786171855934086
post_neuropil,AL_L | LH_L,2,200-300,250.0,9187,3350,9470.0,9470.0,0.3646456950038097,0.3548614992075175,0.37454304193918236
post_neuropil,AL_L | LH_L,3,300-400,350.0,8081,2349,5946.0,5946.0,0.29068184630615024,0.280882752689056,0.30067985949619686
post_neuropil,AL_L | LH_L,4,400-500,450.0,8284,1995,4411.0,4411.0,0.2408256880733945,0.23173932272083017,0.2501523196097858
post_neuropil,AL_L | LH_L,5,500-600,550.0,7682,1517,3128.0,3128.0,0.19747461598542046,0.18872443205528278,0.20652722132253337
post_neuropil,AL_L | LH_L,6,600-700,650.0,7819,1252,2547.0,2547.0,0.16012277784882978,0.1521613808167509,0.1684179851261821
post_neuropil,AL_L | LH_L,7,700-800,750.0,7351,965,1789.0,1789.0,0.13127465650931847,0.12374691275859573,0.13918758742153053
post_neuropil,AL_L | LH_L,8,800-900,850.0,7083,803,1499.0,1499.0,0.1133700409431032,0.10619505629102366,0.12096419050235746
post_neuropil,AL_L | LH_L,9,900-1000,950.0,6990,609,1071.0,1071.0,0.0871244635193133,0.08073777722918797,0.09396472103728691
post_neuropil,AL_L | LH_L,10,1000-1100,1050.0,6666,512,956.0,956.0,0.07680768076807681,0.07065610349221521,0.08344674656647286
post_neuropil,AL_L | LH_L,11,1100-1200,1150.0,6348,492,931.0,931.0,0.07750472589792061,0.07117943096481877,0.08434107193940982
post_neuropil,AL_L | LH_L,12,1200-1300,1250.0,6117,354,561.0,561.0,0.05787150564001962,0.0522926603055983,0.06400533374802989
post_neuropil,AL_L | LH_L,13,1300-1400,1350.0,5895,313,575.0,575.0,0.053095843935538595,0.04765738468540534,0.059116392728790684
post_neuropil,AL_L | LH_L,14,1400-1500,1450.0,5741,281,485.0,485.0,0.04894617662428148,0.04366036068621028,0.05483523578071407
post_neuropil,AL_L | LH_L,15,1500-1600,1550.0,5395,219,349.0,349.0,0.04059314179796108,0.035645683582082734,0.046194391148022325
post_neuropil,AL_L | LH_L,16,1600-1700,1650.0,5407,211,371.0,371.0,0.03902348807101905,0.03418048248750018,0.04452106368232302
post_neuropil,AL_L | LH_L,17,1700-1800,1750.0,4987,155,241.0,241.0,0.031080810106276318,0.026613652705562686,0.03626984974821184
post_neuropil,AL_L | LH_L,18,1800-1900,1850.0,4910,148,238.0,238.0,0.03014256619144603,0.02571512665406351,0.035304666902163453
post_neuropil,AL_L | LH_L,19,1900-2000,1950.0,4787,124,217.0,217.0,0.025903488614998957,0.02176950079912316,0.030797797606234266
post_neuropil,AL_R | AL_R,0,0-100,50.0,75045,48250,501791.0,501791.0,0.6429475647944567,0.6395122631562452,0.6463682320331702
post_neuropil,AL_R | AL_R,1,100-200,150.0,16371,5860,12226.0,12226.0,0.3579500335959929,0.3506404591569639,0.36532625895773213
post_neuropil,AL_R | AL_R,2,200-300,250.0,10717,2859,5387.0,5387.0,0.2667724176541943,0.2584835292158128,0.2752284510078295
post_neuropil,AL_R | AL_R,3,300-400,350.0,9927,2074,3611.0,3611.0,0.2089251536214365,0.20104106177647865,0.21703444151218523
post_neuropil,AL_R | AL_R,4,400-500,450.0,9667,1518,2637.0,2637.0,0.15702906796317367,0.1499126551074706,0.16441796116485052
post_neuropil,AL_R | AL_R,5,500-600,550.0,8846,1124,1812.0,1812.0,0.12706307935790187,0.12028419715045063,0.13416573560314798
post_neuropil,AL_R | AL_R,6,600-700,650.0,8849,860,1460.0,1460.0,0.09718612272573172,0.09118800673355298,0.10353383263607949
post_neuropil,AL_R | AL_R,7,700-800,750.0,8289,663,1039.0,1039.0,0.07998552298226565,0.07433826827195458,0.08602191514213595
post_neuropil,AL_R | AL_R,8,800-900,850.0,7983,527,775.0,775.0,0.06601528247525992,0.06077423891760216,0.07167381163594831
post_neuropil,AL_R | AL_R,9,900-1000,950.0,7684,379,595.0,595.0,0.04932326913066112,0.0447026688351867,0.05439427405708101
post_neuropil,AL_R | AL_R,10,1000-1100,1050.0,7145,340,510.0,510.0,0.04758572428271519,0.042887828243942265,0.052769851456220616
post_neuropil,AL_R | AL_R,11,1100-1200,1150.0,7008,270,380.0,380.0,0.038527397260273974,0.034268152044342144,0.043292299406814415
post_neuropil,AL_R | AL_R,12,1200-1300,1250.0,6610,220,343.0,343.0,0.03328290468986384,0.029222460096855453,0.037885527490872685
post_neuropil,AL_R | AL_R,13,1300-1400,1350.0,6164,162,221.0,221.0,0.02628163530175211,0.02257341550862313,0.030579959895829546
post_neuropil,AL_R | AL_R,14,1400-1500,1450.0,6021,153,250.0,250.0,0.025411061285500747,0.021728371979685274,0.029698971769899773
post_neuropil,AL_R | AL_R,15,1500-1600,1550.0,5862,130,179.0,179.0,0.022176731490958716,0.018708180896927752,0.02627114483188156
post_neuropil,AL_R | AL_R,16,1600-1700,1650.0,5574,120,199.0,199.0,0.021528525296017224,0.018034891468588415,0.025681229835394115
post_neuropil,AL_R | AL_R,17,1700-1800,1750.0,5499,89,138.0,138.0,0.01618476086561193,0.013171400617279966,0.019873635605459936
post_neuropil,AL_R | AL_R,18,1800-1900,1850.0,5419,83,140.0,140.0,0.015316479055176233,0.012373184804310586,0.018946483467025245
post_neuropil,AL_R | AL_R,19,1900-2000,1950.0,5103,67,92.0,92.0,0.013129531648050167,0.010352356929170014,0.016639198869231885
post_neuropil,AL_R | LH_R,0,0-100,50.0,31129,21392,217041.0,217041.0,0.6872048572071059,0.6820315563989476,0.6923319581733938
post_neuropil,AL_R | LH_R,1,100-200,150.0,14668,6682,21792.0,21792.0,0.4555494955004091,0.4475025045545421,0.46361976383199777
post_neuropil,AL_R | LH_R,2,200-300,250.0,9758,3320,8366.0,8366.0,0.34023365443738474,0.330897484917464,0.34969557039291926
post_neuropil,AL_R | LH_R,3,300-400,350.0,8738,2349,5342.0,5342.0,0.2688258182650492,0.2596328985286065,0.2782219168686435
post_neuropil,AL_R | LH_R,4,400-500,450.0,8387,1829,3902.0,3902.0,0.2180755931799213,0.20936805992493523,0.22704127474776314
post_neuropil,AL_R | LH_R,5,500-600,550.0,8010,1325,2647.0,2647.0,0.16541822721598,0.1574419550384971,0.17371527671911588
post_neuropil,AL_R | LH_R,6,600-700,650.0,7785,1127,2134.0,2134.0,0.1447655748233783,0.13712443281576125,0.1527571331413639
post_neuropil,AL_R | LH_R,7,700-800,750.0,7294,886,1545.0,1545.0,0.12146970112421168,0.11417131946243723,0.12916660116329953
post_neuropil,AL_R | LH_R,8,800-900,850.0,7024,676,1278.0,1278.0,0.09624145785876993,0.08956334372841816,0.1033609817145457
post_neuropil,AL_R | LH_R,9,900-1000,950.0,6735,553,1021.0,1021.0,0.08210838901262064,0.07578758668121983,0.08890564486765647
post_neuropil,AL_R | LH_R,10,1000-1100,1050.0,6386,446,831.0,831.0,0.06984027560288131,0.06384407691499767,0.07635370200960041
post_neuropil,AL_R | LH_R,11,1100-1200,1150.0,6220,392,693.0,693.0,0.06302250803858521,0.057248954844292564,0.06933550064699112
post_neuropil,AL_R | LH_R,12,1200-1300,1250.0,5944,303,528.0,528.0,0.05097577388963661,0.045668463251414625,0.05686311728025254
post_neuropil,AL_R | LH_R,13,1300-1400,1350.0,5592,269,495.0,495.0,0.04810443490701002,0.04279934734755209,0.0540299839187225
post_neuropil,AL_R | LH_R,14,1400-1500,1450.0,5394,206,342.0,342.0,0.03819058212829069,0.033395779483779135,0.04364271679221384
post_neuropil,AL_R | LH_R,15,1500-1600,1550.0,4995,189,341.0,341.0,0.03783783783783784,0.0328916699987685,0.04349434711367611
post_neuropil,AL_R | LH_R,16,1600-1700,1650.0,4858,178,318.0,318.0,0.03664059283655825,0.031712860535114955,0.04230057503218119
post_neuropil,AL_R | LH_R,17,1700-1800,1750.0,4691,125,219.0,219.0,0.026646770411426136,0.02241100255844555,0.03165719007237718
post_neuropil,AL_R | LH_R,18,1800-1900,1850.0,4564,118,204.0,204.0,0.025854513584574933,0.021633671379421036,0.03087287788445886
post_neuropil,AL_R | LH_R,19,1900-2000,1950.0,4328,92,149.0,149.0,0.021256931608133085,0.01736515536931245,0.02599783371135938
post_neuropil,AL_R | SAD,0,0-100,50.0,538,274,4641.0,4641.0,0.5092936802973977,0.46713425399059477,0.5513213241709932
post_neuropil,AL_R | SAD,6,600-700,650.0,127,36,177.0,177.0,0.28346456692913385,0.2123370993629666,0.36730729508039084
post_neuropil,AL_R | SAD,10,1000-1100,1050.0,102,22,135.0,135.0,0.21568627450980393,0.14697094402656707,0.3050403634366611
post_neuropil,AL_R | SAD,14,1400-1500,1450.0,125,13,26.0,26.0,0.104,0.061790380266841645,0.16982425351603594
post_neuropil,AL_R | SAD,16,1600-1700,1650.0,128,11,33.0,33.0,0.0859375,0.048662628996882715,0.147342273856238
post_neuropil,AL_R | SAD,17,1700-1800,1750.0,137,14,42.0,42.0,0.10218978102189781,0.061852260870062785,0.16422866976406805
post_neuropil,AL_R | SAD,19,1900-2000,1950.0,123,13,27.0,27.0,0.10569105691056911,0.06281252708773513,0.172454136215156
post_neuropil,AMMC_L | AVLP_R,0,0-100,50.0,1061,711,9136.0,9136.0,0.6701225259189444,0.6412619605984368,0.6977555984450866
post_neuropil,AMMC_L | AVLP_R,1,100-200,150.0,395,193,830.0,830.0,0.48860759493670886,0.4396588354015289,0.537775815347039
post_neuropil,AMMC_L | AVLP_R,2,200-300,250.0,278,106,418.0,418.0,0.381294964028777,0.3261842854966358,0.439641625227686
post_neuropil,AMMC_L | AVLP_R,4,400-500,450.0,215,60,176.0,176.0,0.27906976744186046,0.22339320493759485,0.3425028586993005
post_neuropil,AMMC_L | AVLP_R,5,500-600,550.0,235,51,131.0,131.0,0.2170212765957447,0.1690960392457526,0.27404954343331167
post_neuropil,AMMC_L | AVLP_R,7,700-800,750.0,230,44,76.0,76.0,0.19130434782608696,0.14570735286980643,0.2470439796561428
post_neuropil,AMMC_L | AVLP_R,9,900-1000,950.0,236,36,59.0,59.0,0.15254237288135594,0.11226477582471599,0.20395059298536533
post_neuropil,AMMC_L | AVLP_R,12,1200-1300,1250.0,208,17,38.0,38.0,0.08173076923076923,0.05165244642559099,0.1269791349068763
post_neuropil,AMMC_L | AVLP_R,13,1300-1400,1350.0,192,12,20.0,20.0,0.0625,0.03611029002738631,0.10605358118281621
post_neuropil,AMMC_L | AVLP_R,14,1400-1500,1450.0,222,9,15.0,15.0,0.04054054054054054,0.021472458952407104,0.07523957284332938
post_neuropil,AMMC_L | AVLP_R,17,1700-1800,1750.0,217,5,15.0,15.0,0.02304147465437788,0.009881021947313297,0.05279557521554008
post_neuropil,AMMC_L | AVLP_R,18,1800-1900,1850.0,250,5,16.0,16.0,0.02,0.008572197944651562,0.045956295414986886
post_neuropil,AMMC_L | AVLP_R,19,1900-2000,1950.0,215,7,9.0,9.0,0.03255813953488372,0.015858764177717522,0.0656686967803453
post_neuropil,AMMC_L | WED_L,0,0-100,50.0,1690,985,12768.0,12768.0,0.5828402366863905,0.5591690340986989,0.6061356791637454
post_neuropil,AMMC_L | WED_L,1,100-200,150.0,402,148,469.0,469.0,0.3681592039800995,0.3224661069863045,0.4163482481709786
post_neuropil,AMMC_L | WED_L,2,200-300,250.0,246,75,228.0,228.0,0.3048780487804878,0.2507151054425588,0.36504143790330523
post_neuropil,AMMC_L | WED_L,3,300-400,350.0,208,44,103.0,103.0,0.21153846153846154,0.16152475188707197,0.2720142697215262
post_neuropil,AMMC_L | WED_L,4,400-500,450.0,252,58,138.0,138.0,0.23015873015873015,0.18247123333790158,0.2859498522087804
post_neuropil,AMMC_L | WED_L,5,500-600,550.0,189,42,84.0,84.0,0.2222222222222222,0.1688172339237862,0.2866944399059269
post_neuropil,AMMC_L | WED_L,7,700-800,750.0,228,35,71.0,71.0,0.15350877192982457,0.11249410790269707,0.20600610948710704
post_neuropil,AMMC_L | WED_L,8,800-900,850.0,224,24,37.0,37.0,0.10714285714285714,0.07306247317455196,0.15447104133728434
post_neuropil,AMMC_L | WED_L,9,900-1000,950.0,210,11,19.0,19.0,0.05238095238095238,0.029496894554539417,0.09134769321509942
post_neuropil,AMMC_L | WED_L,10,1000-1100,1050.0,206,15,22.0,22.0,0.07281553398058252,0.044620249821040694,0.1166518716267561
post_neuropil,AMMC_L | WED_L,11,1100-1200,1150.0,192,13,20.0,20.0,0.06770833333333333,0.03999230330381833,0.11238390277292937
post_neuropil,AMMC_L | WED_L,12,1200-1300,1250.0,206,13,26.0,26.0,0.06310679611650485,0.03724697971138091,0.10496314449659311
post_neuropil,AMMC_L | WED_L,14,1400-1500,1450.0,195,13,19.0,19.0,0.06666666666666667,0.03937047503642485,0.11070677238061466
post_neuropil,AMMC_L | WED_L,15,1500-1600,1550.0,192,4,6.0,6.0,0.020833333333333332,0.008130652411583922,0.052334539866256934
post_neuropil,AMMC_L | WED_L,17,1700-1800,1750.0,184,5,8.0,8.0,0.02717391304347826,0.011661546019694796,0.062026071632625024
post_neuropil,AMMC_L | WED_L,18,1800-1900,1850.0,182,6,6.0,6.0,0.03296703296703297,0.015194772981161508,0.07004771309300058
post_neuropil,AMMC_L | WED_L,19,1900-2000,1950.0,169,7,9.0,9.0,0.04142011834319527,0.02020615182262136,0.08301899767842469
post_neuropil,AOTU_L | AOTU_R,0,0-100,50.0,1428,881,9163.0,9163.0,0.6169467787114846,0.5914506948521019,0.6418153312222907
post_neuropil,AOTU_L | AOTU_R,1,100-200,150.0,285,115,444.0,444.0,0.40350877192982454,0.3481986260762464,0.46138558893987314
post_neuropil,AOTU_L | AOTU_R,3,300-400,350.0,137,33,107.0,107.0,0.24087591240875914,0.17696840103106276,0.3189191776388757
post_neuropil,AOTU_L | AOTU_R,6,600-700,650.0,123,26,67.0,67.0,0.21138211382113822,0.14853303153973924,0.2917137013933048
post_neuropil,AOTU_L | AOTU_R,10,1000-1100,1050.0,113,11,30.0,30.0,0.09734513274336283,0.05522791315533354,0.16593989009282467
post_neuropil,AOTU_L | AOTU_R,15,1500-1600,1550.0,100,2,2.0,2.0,0.02,0.005501852234968178,0.07001316294199367
post_neuropil,AOTU_L | AOTU_R,18,1800-1900,1850.0,78,2,2.0,2.0,0.02564102564102564,0.007059945446585378,0.08875440813398978
post_neuropil,AOTU_L | EB,0,0-100,50.0,803,517,8325.0,8325.0,0.6438356164383562,0.6101010433057192,0.6762005058459359
post_neuropil,AOTU_L | EB,1,100-200,150.0,141,49,294.0,294.0,0.3475177304964539,0.27390651857558984,0.42921744581033244
post_neuropil,AOTU_L | EB,8,800-900,850.0,92,7,29.0,29.0,0.07608695652173914,0.03734308465448332,0.1488140746583829
post_neuropil,AOTU_L | EB,9,900-1000,950.0,85,6,11.0,11.0,0.07058823529411765,0.03275051687715236,0.14556234556566722
post_neuropil,AOTU_L | EB,17,1700-1800,1750.0,76,1,1.0,1.0,0.013157894736842105,0.002326420140567463,0.0708384462949749
post_neuropil,AOTU_L | EB,19,1900-2000,1950.0,83,2,3.0,3.0,0.024096385542168676,0.006633027079790216,0.08366471041007639
post_neuropil,AOTU_L | FB,0,0-100,50.0,225,66,932.0,932.0,0.29333333333333333,0.23771099112661404,0.3558943673396788
post_neuropil,AOTU_L | FB,10,1000-1100,1050.0,166,0,0.0,0.0,0.0,0.0,0.022618722386034986
post_neuropil,AOTU_L | FB,17,1700-1800,1750.0,196,0,0.0,0.0,0.0,0.0,0.019223224794036875
post_neuropil,AOTU_L | FB,19,1900-2000,1950.0,204,0,0.0,0.0,0.0,0.0,0.01848330651804066
post_neuropil,AOTU_L | LO_L,0,0-100,50.0,16159,9868,79764.0,79764.0,0.6106813540441859,0.6031377831604016,0.6181723112230019
post_neuropil,AOTU_L | LO_L,1,100-200,150.0,4130,1188,2580.0,2580.0,0.2876513317191283,0.27404790658138783,0.30164943024932195
post_neuropil,AOTU_L | LO_L,2,200-300,250.0,2447,461,851.0,851.0,0.18839395177768697,0.17339348122831685,0.2043712833325589
post_neuropil,AOTU_L | LO_L,3,300-400,350.0,2087,287,442.0,442.0,0.13751796837565883,0.12340678553435572,0.15296116122928236
post_neuropil,AOTU_L | LO_L,4,400-500,450.0,1850,190,307.0,307.0,0.10270270270270271,0.08968242232018049,0.11736957176604566
post_neuropil,AOTU_L | LO_L,5,500-600,550.0,1584,115,174.0,174.0,0.0726010101010101,0.06083010527711813,0.08644000025481904
post_neuropil,AOTU_L | LO_L,6,600-700,650.0,1603,100,145.0,145.0,0.06238303181534623,0.05155769278584678,0.07530086004226023
post_neuropil,AOTU_L | LO_L,7,700-800,750.0,1445,57,88.0,88.0,0.03944636678200692,0.030570128025551972,0.050764919228751045
post_neuropil,AOTU_L | LO_L,8,800-900,850.0,1438,48,70.0,70.0,0.03337969401947149,0.025268111222808413,0.04397777542659886
post_neuropil,AOTU_L | LO_L,9,900-1000,950.0,1415,40,58.0,58.0,0.028268551236749116,0.02082762057937423,0.03826396511983278
post_neuropil,AOTU_L | LO_L,10,1000-1100,1050.0,1319,28,33.0,33.0,0.02122820318423048,0.014727302866584932,0.030509859315191026
post_neuropil,AOTU_L | LO_L,11,1100-1200,1150.0,1273,17,31.0,31.0,0.01335428122545169,0.008354239664349243,0.02128263933458062
post_neuropil,AOTU_L | LO_L,12,1200-1300,1250.0,1313,13,14.0,14.0,0.009900990099009901,0.005795206241283828,0.01686628926432596
post_neuropil,AOTU_L | LO_L,14,1400-1500,1450.0,1137,12,17.0,17.0,0.010554089709762533,0.006047510813347362,0.018356928856454298
post_neuropil,AOTU_L | LO_L,15,1500-1600,1550.0,1185,12,18.0,18.0,0.010126582278481013,0.005802159577923951,0.017616940157482344
post_neuropil,AOTU_L | LO_L,16,1600-1700,1650.0,1105,6,9.0,9.0,0.005429864253393665,0.0024908266898027416,0.011795794591361312
post_neuropil,AOTU_L | LO_L,17,1700-1800,1750.0,1108,17,21.0,21.0,0.015342960288808664,0.009601108758643367,0.024433955228888665
post_neuropil,AOTU_L | LO_L,18,1800-1900,1850.0,1059,8,8.0,8.0,0.007554296506137866,0.0038327152476606936,0.01483572979626683
post_neuropil,AOTU_L | LO_L,19,1900-2000,1950.0,1058,3,6.0,6.0,0.002835538752362949,0.0009647800059669359,0.0083036457177945
post_neuropil,AOTU_L | SLP_L,12,1200-1300,1250.0,128,4,5.0,5.0,0.03125,0.012218067575115642,0.07759880357936064
post_neuropil,AOTU_L | SLP_L,13,1300-1400,1350.0,164,4,4.0,4.0,0.024390243902439025,0.00952468414578959,0.061027550818605406
post_neuropil,AOTU_L | SLP_L,14,1400-1500,1450.0,168,2,2.0,2.0,0.011904761904761904,0.003270740864736929,0.04236198136317528
post_neuropil,AOTU_L | SLP_L,15,1500-1600,1550.0,135,2,2.0,2.0,0.014814814814814815,0.004072118099076125,0.05240663178568465
post_neuropil,AOTU_L | SLP_L,18,1800-1900,1850.0,188,0,0.0,0.0,0.0,1.734723475976807e-18,0.020024853837749476
post_neuropil,AOTU_L | SLP_L,19,1900-2000,1950.0,192,1,7.0,7.0,0.005208333333333333,0.0009199674643243817,0.02890822021388086
post_neuropil,AOTU_R | EB,0,0-100,50.0,909,635,14116.0,14116.0,0.6985698569856986,0.667953991835854,0.7275144004898245
post_neuropil,AOTU_R | EB,6,600-700,650.0,99,11,38.0,38.0,0.1111111111111111,0.0631849839688701,0.18809076436643388
post_neuropil,AOTU_R | EB,12,1200-1300,1250.0,82,1,1.0,1.0,0.012195121951219513,0.0021559365709651473,0.0658949851266733
post_neuropil,AOTU_R | EB,14,1400-1500,1450.0,88,6,7.0,7.0,0.06818181818181818,0.03162049730504359,0.14086778687119025
post_neuropil,AOTU_R | EB,15,1500-1600,1550.0,79,0,0.0,0.0,0.0,0.0,0.04637283683559951
post_neuropil,AOTU_R | FB,0,0-100,50.0,316,105,1057.0,1057.0,0.3322784810126582,0.2826313785967871,0.38595457144848533
post_neuropil,AOTU_R | FB,9,900-1000,950.0,160,2,9.0,9.0,0.0125,0.0034345991561011736,0.04442626157768072
post_neuropil,AOTU_R | FB,10,1000-1100,1050.0,177,2,2.0,2.0,0.011299435028248588,0.0031041368075416624,0.04025756757905964
post_neuropil,AOTU_R | FB,15,1500-1600,1550.0,230,2,6.0,6.0,0.008695652173913044,0.0023878595588878726,0.031145951362693235
post_neuropil,AOTU_R | FB,17,1700-1800,1750.0,245,1,1.0,1.0,0.004081632653061225,0.0007208535639181141,0.022754321004964263
post_neuropil,AOTU_R | FB,19,1900-2000,1950.0,258,1,1.0,1.0,0.003875968992248062,0.0006845140651233483,0.021625157125397945
post_neuropil,AOTU_R | LO_R,0,0-100,50.0,16345,10300,91273.0,91273.0,0.6301621290914653,0.6227312644183569,0.6375318235792662
post_neuropil,AOTU_R | LO_R,1,100-200,150.0,4077,1273,3138.0,3138.0,0.31223939170959036,0.2981968763046824,0.3266354131916803
post_neuropil,AOTU_R | LO_R,2,200-300,250.0,2367,518,954.0,954.0,0.21884241656104775,0.202648440267872,0.23594754185088285
post_neuropil,AOTU_R | LO_R,3,300-400,350.0,1974,351,671.0,671.0,0.1778115501519757,0.16157471504974125,0.19529997097162677
post_neuropil,AOTU_R | LO_R,4,400-500,450.0,1799,254,395.0,395.0,0.14118954974986103,0.12586182994274442,0.15804641801425856
post_neuropil,AOTU_R | LO_R,5,500-600,550.0,1600,150,248.0,248.0,0.09375,0.0804244872437184,0.10902165257457785
post_neuropil,AOTU_R | LO_R,6,600-700,650.0,1552,127,194.0,194.0,0.0818298969072165,0.06920290545052718,0.09652193440463547
post_neuropil,AOTU_R | LO_R,7,700-800,750.0,1434,87,146.0,146.0,0.060669456066945605,0.04944812626840145,0.07423837716841662
post_neuropil,AOTU_R | LO_R,8,800-900,850.0,1398,69,103.0,103.0,0.04935622317596566,0.03918481016169644,0.06199752028134362
post_neuropil,AOTU_R | LO_R,9,900-1000,950.0,1271,37,50.0,50.0,0.029110936270653028,0.021192752647108765,0.03986706843183939
post_neuropil,AOTU_R | LO_R,10,1000-1100,1050.0,1291,36,44.0,44.0,0.027885360185902403,0.020209346633202327,0.03836275979278832
post_neuropil,AOTU_R | LO_R,11,1100-1200,1150.0,1186,39,62.0,62.0,0.03288364249578415,0.02414712048577166,0.04463648902998237
post_neuropil,AOTU_R | LO_R,12,1200-1300,1250.0,1171,23,30.0,30.0,0.01964133219470538,0.013123130044273892,0.029300972064469966
post_neuropil,AOTU_R | LO_R,13,1300-1400,1350.0,1221,17,35.0,35.0,0.013923013923013924,0.008710751718611149,0.02218434524739654
post_neuropil,AOTU_R | LO_R,15,1500-1600,1550.0,1012,15,18.0,18.0,0.014822134387351778,0.009002622217284838,0.024311233013688177
post_neuropil,AOTU_R | LO_R,16,1600-1700,1650.0,1124,12,14.0,14.0,0.010676156583629894,0.006117572389645544,0.018568163621510637
post_neuropil,AOTU_R | LO_R,17,1700-1800,1750.0,1067,6,9.0,9.0,0.005623242736644799,0.0025796198742379425,0.01221397798374591
post_neuropil,AOTU_R | LO_R,19,1900-2000,1950.0,1012,8,10.0,10.0,0.007905138339920948,0.004010951396220576,0.015521227636416005
post_neuropil,AOTU_R | SLP_R,1,100-200,150.0,272,45,104.0,104.0,0.16544117647058823,0.1260029834226582,0.21419805949472626
post_neuropil,AOTU_R | SLP_R,2,200-300,250.0,206,23,62.0,62.0,0.11165048543689321,0.07555897244029663,0.16196113796679137
post_neuropil,AOTU_R | SLP_R,3,300-400,350.0,194,18,26.0,26.0,0.09278350515463918,0.059496111297314296,0.14188519576854042
post_neuropil,AOTU_R | SLP_R,4,400-500,450.0,190,18,27.0,27.0,0.09473684210526316,0.060766608583753774,0.14477028339402603
post_neuropil,AOTU_R | SLP_R,7,700-800,750.0,196,10,13.0,13.0,0.05102040816326531,0.0279459056328257,0.09135658193732986
post_neuropil,AOTU_R | SLP_R,8,800-900,850.0,206,9,11.0,11.0,0.043689320388349516,0.023152447615867395,0.08093368211246102
post_neuropil,AOTU_R | SLP_R,9,900-1000,950.0,216,2,2.0,2.0,0.009259259259259259,0.0025428530753729747,0.0331264651974198
post_neuropil,AOTU_R | SLP_R,11,1100-1200,1150.0,234,7,14.0,14.0,0.029914529914529916,0.014564481197171963,0.060450150389564763
post_neuropil,AOTU_R | SLP_R,12,1200-1300,1250.0,234,4,10.0,10.0,0.017094017094017096,0.00666699031790129,0.043120767584837336
post_neuropil,AOTU_R | SLP_R,13,1300-1400,1350.0,258,6,10.0,10.0,0.023255813953488372,0.010700782234490322,0.04979991742515124
post_neuropil,AOTU_R | SLP_R,14,1400-1500,1450.0,234,2,2.0,2.0,0.008547008547008548,0.0023469867221339764,0.0306228553912726
post_neuropil,AOTU_R | SLP_R,15,1500-1600,1550.0,246,2,2.0,2.0,0.008130081300813009,0.002232353583609169,0.029153932767422848
post_neuropil,AOTU_R | SLP_R,16,1600-1700,1650.0,269,5,7.0,7.0,0.01858736059479554,0.007964775079011832,0.04276649170728468
post_neuropil,AOTU_R | SLP_R,18,1800-1900,1850.0,313,1,1.0,1.0,0.003194888178913738,0.0005641844999816053,0.017872788422765913
post_neuropil,AOTU_R | SLP_R,19,1900-2000,1950.0,268,1,1.0,1.0,0.0037313432835820895,0.0006589607036626335,0.02083002405805154
post_neuropil,AVLP_L | AVLP_L,0,0-100,50.0,298625,132436,938391.0,938391.0,0.44348597739640017,0.44170486632532574,0.44526854247485087
post_neuropil,AVLP_L | AVLP_L,1,100-200,150.0,91679,20062,50535.0,50535.0,0.21882873940597083,0.2161641790939803,0.22151686241509957
post_neuropil,AVLP_L | AVLP_L,2,200-300,250.0,51477,8405,17880.0,17880.0,0.16327680323251162,0.1601089233277831,0.16649493701004014
post_neuropil,AVLP_L | AVLP_L,3,300-400,350.0,41769,5398,10795.0,10795.0,0.1292345998228351,0.12605153115230913,0.13248586267440146
post_neuropil,AVLP_L | AVLP_L,4,400-500,450.0,37637,4121,7776.0,7776.0,0.10949331774583522,0.10637836073735,0.11268798447422997
post_neuropil,AVLP_L | AVLP_L,5,500-600,550.0,33408,2823,5305.0,5305.0,0.0845007183908046,0.08156571438125192,0.08753126828850909
post_neuropil,AVLP_L | AVLP_L,6,600-700,650.0,30714,2209,3984.0,3984.0,0.07192159927069089,0.06908540513074023,0.0748648651252272
post_neuropil,AVLP_L | AVLP_L,7,700-800,750.0,27835,1687,2793.0,2793.0,0.060607149272498655,0.05786417273710799,0.0634713931795428
post_neuropil,AVLP_L | AVLP_L,8,800-900,850.0,25600,1241,2013.0,2013.0,0.0484765625,0.04591268946182484,0.051175928677415654
post_neuropil,AVLP_L | AVLP_L,9,900-1000,950.0,23583,1003,1530.0,1530.0,0.042530636475427215,0.04002872721325968,0.045181562238974564
post_neuropil,AVLP_L | AVLP_L,10,1000-1100,1050.0,21622,823,1301.0,1301.0,0.03806308389603182,0.03559350127950299,0.04069678284058416
post_neuropil,AVLP_L | AVLP_L,11,1100-1200,1150.0,20313,653,1090.0,1090.0,0.03214690099936002,0.029808246630347562,0.03466248291454391
post_neuropil,AVLP_L | AVLP_L,12,1200-1300,1250.0,18884,480,802.0,802.0,0.02541834357127727,0.023268149437589345,0.027761588126495266
post_neuropil,AVLP_L | AVLP_L,13,1300-1400,1350.0,17617,394,640.0,640.0,0.0223647613100982,0.02028311145769849,0.02465467403377316
post_neuropil,AVLP_L | AVLP_L,14,1400-1500,1450.0,16526,355,609.0,609.0,0.021481302190487717,0.019379490236090143,0.023805533388092676
post_neuropil,AVLP_L | AVLP_L,15,1500-1600,1550.0,15673,288,435.0,435.0,0.01837555030944937,0.016387841224743207,0.020599302920414193
post_neuropil,AVLP_L | AVLP_L,16,1600-1700,1650.0,14736,228,387.0,387.0,0.015472312703583062,0.013602082604191788,0.017595104752285637
post_neuropil,AVLP_L | AVLP_L,17,1700-1800,1750.0,14146,211,379.0,379.0,0.01491587727979641,0.013045946587321802,0.017049203029052707
post_neuropil,AVLP_L | AVLP_L,18,1800-1900,1850.0,13373,191,286.0,286.0,0.014282509534135946,0.012406418162631895,0.01643758040874986
post_neuropil,AVLP_L | AVLP_L,19,1900-2000,1950.0,12855,155,227.0,227.0,0.012057565149747181,0.010311241153822231,0.014095436349694106
post_neuropil,AVLP_L | AVLP_R,0,0-100,50.0,66283,32374,198828.0,198828.0,0.488420862061162,0.48461617152712094,0.492226894714249
post_neuropil,AVLP_L | AVLP_R,1,100-200,150.0,33030,10215,29465.0,29465.0,0.30926430517711173,0.3043022150104546,0.31427075774364377
post_neuropil,AVLP_L | AVLP_R,2,200-300,250.0,21893,5348,12624.0,12624.0,0.24427899328552505,0.2386326730779266,0.25001504130294566
post_neuropil,AVLP_L | AVLP_R,3,300-400,350.0,20368,4209,9030.0,9030.0,0.2066476826394344,0.20114254107067098,0.2122634614578387
post_neuropil,AVLP_L | AVLP_R,4,400-500,450.0,20190,3382,6692.0,6692.0,0.16750866765725606,0.1624209634672298,0.1727228756327064
post_neuropil,AVLP_L | AVLP_R,5,500-600,550.0,19036,2675,5008.0,5008.0,0.14052321916368984,0.1356587577897257,0.14553274119837512
post_neuropil,AVLP_L | AVLP_R,6,600-700,650.0,19236,2298,4111.0,4111.0,0.11946350592638802,0.11495589148342164,0.1241230830544976
post_neuropil,AVLP_L | AVLP_R,7,700-800,750.0,18725,1770,2942.0,2942.0,0.0945260347129506,0.09041837604192372,0.09880003242600845
post_neuropil,AVLP_L | AVLP_R,8,800-900,850.0,18200,1520,2553.0,2553.0,0.08351648351648351,0.07958436810345314,0.08762438194411921
post_neuropil,AVLP_L | AVLP_R,9,900-1000,950.0,17797,1214,1983.0,1983.0,0.06821374388941956,0.0646021059795903,0.07201174940126988
post_neuropil,AVLP_L | AVLP_R,10,1000-1100,1050.0,17012,940,1428.0,1428.0,0.05525511403715025,0.05192106167786509,0.05878998302297417
post_neuropil,AVLP_L | AVLP_R,11,1100-1200,1150.0,16782,862,1383.0,1383.0,0.051364557263734956,0.048126272793013104,0.05480819073725159
post_neuropil,AVLP_L | AVLP_R,12,1200-1300,1250.0,16012,649,995.0,995.0,0.04053210092430677,0.03758613283153725,0.04369848726610408
post_neuropil,AVLP_L | AVLP_R,13,1300-1400,1350.0,15414,603,955.0,955.0,0.03912028026469443,0.03617255090196175,0.04229768062512826
post_neuropil,AVLP_L | AVLP_R,14,1400-1500,1450.0,15414,469,719.0,719.0,0.030426884650317895,0.027830151895984413,0.03325762059741052
post_neuropil,AVLP_L | AVLP_R,15,1500-1600,1550.0,14582,411,637.0,637.0,0.02818543409683171,0.025620898775506898,0.03099850123223761
post_neuropil,AVLP_L | AVLP_R,16,1600-1700,1650.0,14607,340,507.0,507.0,0.02327651126172383,0.020953732418877838,0.02584997805321434
post_neuropil,AVLP_L | AVLP_R,17,1700-1800,1750.0,13954,305,504.0,504.0,0.02185753189049735,0.019559799399866455,0.02441846153698212
post_neuropil,AVLP_L | AVLP_R,18,1800-1900,1850.0,13861,272,425.0,425.0,0.01962340379482,0.01744389228163507,0.022069115930445773
post_neuropil,AVLP_L | AVLP_R,19,1900-2000,1950.0,13308,214,362.0,362.0,0.016080553050796514,0.014078829726856057,0.018361580321292356
post_neuropil,AVLP_L | FB,0,0-100,50.0,425,162,515.0,515.0,0.3811764705882353,0.33626074263102557,0.4282210613730636
post_neuropil,AVLP_L | FB,1,100-200,150.0,255,54,105.0,105.0,0.21176470588235294,0.16608606300458875,0.26599904232623905
post_neuropil,AVLP_L | FB,4,400-500,450.0,181,8,10.0,10.0,0.04419889502762431,0.022563518157913128,0.08478028323744374
post_neuropil,AVLP_L | FB,5,500-600,550.0,149,14,18.0,18.0,0.09395973154362416,0.05679565212994228,0.15153506411484974
post_neuropil,AVLP_L | FB,7,700-800,750.0,196,14,27.0,27.0,0.07142857142857142,0.04302172691265146,0.11631246576795157
post_neuropil,AVLP_L | FB,12,1200-1300,1250.0,315,7,14.0,14.0,0.022222222222222223,0.010805109085923924,0.04515245730440909
post_neuropil,AVLP_L | FB,13,1300-1400,1350.0,420,7,8.0,8.0,0.016666666666666666,0.008096169627643588,0.03399880170126796
post_neuropil,AVLP_L | FB,14,1400-1500,1450.0,435,6,13.0,13.0,0.013793103448275862,0.006336339818012682,0.02976233451003643
post_neuropil,AVLP_L | FB,15,1500-1600,1550.0,532,2,8.0,8.0,0.0037593984962406013,0.001031547193558328,0.01360262827919332
post_neuropil,AVLP_L | FB,16,1600-1700,1650.0,573,1,1.0,1.0,0.0017452006980802793,0.0003081293064030417,0.00981874087771683
post_neuropil,AVLP_L | FB,17,1700-1800,1750.0,673,3,10.0,10.0,0.004457652303120356,0.0015171101488831162,0.013023367268580582
post_neuropil,AVLP_L | FB,18,1800-1900,1850.0,722,2,3.0,3.0,0.002770083102493075,0.0007599697719658004,0.010043489274746319
post_neuropil,AVLP_L | FB,19,1900-2000,1950.0,792,3,6.0,6.0,0.003787878787878788,0.0012890155964243545,0.011077264326615606
post_neuropil,AVLP_L | MB_CA_L,6,600-700,650.0,88,1,18.0,18.0,0.011363636363636364,0.00200873360043052,0.06159643007267622
post_neuropil,AVLP_L | MB_CA_L,7,700-800,750.0,129,1,2.0,2.0,0.007751937984496124,0.0013696853368445096,0.04260449142706077
post_neuropil,AVLP_L | MB_CA_L,8,800-900,850.0,163,0,0.0,0.0,0.0,0.0,0.023025432506041655
post_neuropil,AVLP_L | MB_CA_L,9,900-1000,950.0,242,0,0.0,0.0,0.0,0.0,0.01562632198944361
post_neuropil,AVLP_L | MB_CA_L,11,1100-1200,1150.0,374,0,0.0,0.0,0.0,0.0,0.010167223513768732
post_neuropil,AVLP_L | MB_CA_L,13,1300-1400,1350.0,586,0,0.0,0.0,0.0,0.0,0.006512934998141874
post_neuropil,AVLP_L | MB_CA_L,14,1400-1500,1450.0,656,2,10.0,10.0,0.003048780487804878,0.0008364666092667058,0.01104759768737661
post_neuropil,AVLP_L | MB_CA_L,15,1500-1600,1550.0,824,0,0.0,0.0,0.0,0.0,0.004640501274639979
post_neuropil,AVLP_L | MB_CA_L,16,1600-1700,1650.0,964,1,1.0,1.0,0.001037344398340249,0.0001831355227480372,0.005852562880792377
post_neuropil,AVLP_L | MB_CA_L,17,1700-1800,1750.0,1110,0,0.0,0.0,0.0,0.0,0.00344896437698143
post_neuropil,AVLP_L | MB_CA_L,18,1800-1900,1850.0,1233,1,1.0,1.0,0.0008110300081103001,0.0001431773770317014,0.004579820297043943
post_neuropil,AVLP_L | MB_CA_L,19,1900-2000,1950.0,1306,1,1.0,1.0,0.0007656967840735069,0.0001351735963268483,0.00432460230329338
post_neuropil,AVLP_L | MB_CA_R,15,1500-1600,1550.0,230,0,0.0,0.0,0.0,0.0,0.01642821465470643
post_neuropil,AVLP_L | MB_CA_R,16,1600-1700,1650.0,266,2,4.0,4.0,0.007518796992481203,0.0020643095758599486,0.026995701927184805
post_neuropil,AVLP_L | MB_CA_R,19,1900-2000,1950.0,341,0,0.0,0.0,0.0,0.0,0.011140187262789638
post_neuropil,AVLP_L | PVLP_L,0,0-100,50.0,96659,38724,246391.0,246391.0,0.40062487714542877,0.3975396341149932,0.4037180189602501
post_neuropil,AVLP_L | PVLP_L,1,100-200,150.0,31943,6302,15187.0,15187.0,0.19728892089033592,0.19296128714823485,0.2016893565009953
post_neuropil,AVLP_L | PVLP_L,2,200-300,250.0,18421,2761,5654.0,5654.0,0.14988328538081538,0.14480146371490496,0.15511110649682483
post_neuropil,AVLP_L | PVLP_L,3,300-400,350.0,15088,1772,3421.0,3421.0,0.11744432661717921,0.11240422645749694,0.12267918443650556
post_neuropil,AVLP_L | PVLP_L,4,400-500,450.0,13764,1322,2466.0,2466.0,0.09604766056378959,0.09123710991763209,0.101083638455882
post_neuropil,AVLP_L | PVLP_L,5,500-600,550.0,12088,1017,1823.0,1823.0,0.08413302448709464,0.0793156147962516,0.08921467756219278
post_neuropil,AVLP_L | PVLP_L,6,600-700,650.0,11706,805,1276.0,1276.0,0.0687681530838886,0.06432388035693545,0.07349537075915138
post_neuropil,AVLP_L | PVLP_L,7,700-800,750.0,10617,557,923.0,923.0,0.052463030988038055,0.04838147138012843,0.05686834234461444
post_neuropil,AVLP_L | PVLP_L,8,800-900,850.0,9957,394,620.0,620.0,0.03957015165210405,0.035915144290734516,0.0435803071779446
post_neuropil,AVLP_L | PVLP_L,9,900-1000,950.0,9317,385,597.0,597.0,0.04132231404958678,0.03746623408403121,0.04555648352121166
post_neuropil,AVLP_L | PVLP_L,10,1000-1100,1050.0,8615,282,424.0,424.0,0.03273360417875798,0.029179448468766883,0.03670430092047819
post_neuropil,AVLP_L | PVLP_L,11,1100-1200,1150.0,8153,212,310.0,310.0,0.026002698393229485,0.02276503977391025,0.029686830812861956
post_neuropil,AVLP_L | PVLP_L,12,1200-1300,1250.0,7652,182,289.0,289.0,0.02378463146889702,0.020601887337616774,0.027445292739881173
post_neuropil,AVLP_L | PVLP_L,13,1300-1400,1350.0,7283,146,229.0,229.0,0.02004668405876699,0.017071601701367782,0.02352782617696019
post_neuropil,AVLP_L | PVLP_L,14,1400-1500,1450.0,6942,113,164.0,164.0,0.01627772976087583,0.013557306930031257,0.019533225972417884
post_neuropil,AVLP_L | PVLP_L,15,1500-1600,1550.0,6530,111,199.0,199.0,0.016998468606431852,0.014135217694066395,0.020429685134309487
post_neuropil,AVLP_L | PVLP_L,16,1600-1700,1650.0,6466,92,140.0,140.0,0.014228270955768636,0.01161648092100669,0.01741693467297014
post_neuropil,AVLP_L | PVLP_L,17,1700-1800,1750.0,6190,90,138.0,138.0,0.014539579967689823,0.011844443638356222,0.01783690953024919
post_neuropil,AVLP_L | PVLP_L,18,1800-1900,1850.0,5840,55,84.0,84.0,0.009417808219178082,0.007242959016670792,0.01223765113539082
post_neuropil,AVLP_L | PVLP_L,19,1900-2000,1950.0,5652,54,79.0,79.0,0.009554140127388535,0.007330234623066527,0.012444293715916654
post_neuropil,AVLP_R | AVLP_R,0,0-100,50.0,380004,158741,1200338.0,1200338.0,0.4177350764728792,0.41616781936019065,0.41930399686140396
post_neuropil,AVLP_R | AVLP_R,1,100-200,150.0,110800,23518,68380.0,68380.0,0.21225631768953068,0.20985857834804972,0.21467400933797143
post_neuropil,AVLP_R | AVLP_R,2,200-300,250.0,61234,10012,24719.0,24719.0,0.16350393572198452,0.16059581498439932,0.16645427490642403
post_neuropil,AVLP_R | AVLP_R,3,300-400,350.0,50146,6810,15458.0,15458.0,0.13580345391456947,0.13283286810283776,0.1388298364110684
post_neuropil,AVLP_R | AVLP_R,4,400-500,450.0,44490,4992,10636.0,10636.0,0.11220498988536749,0.10930557481610018,0.11517136942689815
post_neuropil,AVLP_R | AVLP_R,5,500-600,550.0,39199,3634,7265.0,7265.0,0.09270644659302534,0.0898751274285339,0.09561758950757718
post_neuropil,AVLP_R | AVLP_R,6,600-700,650.0,37016,2885,5734.0,5734.0,0.07793926950507889,0.07525187319971313,0.08071426145819421
post_neuropil,AVLP_R | AVLP_R,7,700-800,750.0,33297,2207,4188.0,4188.0,0.06628224764993844,0.06365982274773656,0.06900474030042376
post_neuropil,AVLP_R | AVLP_R,8,800-900,850.0,30402,1611,2886.0,2886.0,0.05298993487270574,0.05052780290376933,0.05556502104884905
post_neuropil,AVLP_R | AVLP_R,9,900-1000,950.0,28793,1324,2333.0,2333.0,0.045983398742749974,0.0436240617194078,0.04846387059050218
post_neuropil,AVLP_R | AVLP_R,10,1000-1100,1050.0,26003,1017,1786.0,1786.0,0.03911087182248202,0.036821847320810515,0.04153605677777867
post_neuropil,AVLP_R | AVLP_R,11,1100-1200,1150.0,24684,860,1556.0,1556.0,0.034840382433965325,0.03262414891610174,0.03720138010057829
post_neuropil,AVLP_R | AVLP_R,12,1200-1300,1250.0,22664,691,1287.0,1287.0,0.030488881044828803,0.02832884077178797,0.03280806076717461
post_neuropil,AVLP_R | AVLP_R,13,1300-1400,1350.0,21310,564,960.0,960.0,0.02646644767714688,0.024395101682371634,0.02870849274426613
post_neuropil,AVLP_R | AVLP_R,14,1400-1500,1450.0,20307,459,858.0,858.0,0.022603043285566553,0.020647203010742108,0.024739473629973748
post_neuropil,AVLP_R | AVLP_R,15,1500-1600,1550.0,19080,399,641.0,641.0,0.02091194968553459,0.01897593643758459,0.0230408449215732
post_neuropil,AVLP_R | AVLP_R,16,1600-1700,1650.0,18052,334,592.0,592.0,0.018502105029913583,0.016636248665662174,0.02057285046600057
post_neuropil,AVLP_R | AVLP_R,17,1700-1800,1750.0,17279,326,601.0,601.0,0.01886683257132936,0.016942521630453684,0.02100503440107298
post_neuropil,AVLP_R | AVLP_R,18,1800-1900,1850.0,16163,225,411.0,411.0,0.013920683041514571,0.012226446998391016,0.01584592552983367
post_neuropil,AVLP_R | AVLP_R,19,1900-2000,1950.0,15706,236,428.0,428.0,0.015026104673373232,0.013238587669887685,0.017050807482256937
post_neuropil,AVLP_R | FB,0,0-100,50.0,374,105,318.0,318.0,0.2807486631016043,0.23761238005981922,0.32834330083926655
post_neuropil,AVLP_R | FB,1,100-200,150.0,223,49,104.0,104.0,0.21973094170403587,0.1703843707057707,0.27857031838123975
post_neuropil,AVLP_R | FB,2,200-300,250.0,154,25,42.0,42.0,0.16233766233766234,0.11244242622704337,0.2286691691952027
post_neuropil,AVLP_R | FB,3,300-400,350.0,176,24,43.0,43.0,0.13636363636363635,0.09337703293860433,0.1948855270030332
post_neuropil,AVLP_R | FB,4,400-500,450.0,186,25,65.0,65.0,0.13440860215053763,0.09272482029439133,0.19088846572932533
post_neuropil,AVLP_R | FB,5,500-600,550.0,201,18,41.0,41.0,0.08955223880597014,0.05739610258448981,0.13710345219344588
post_neuropil,AVLP_R | FB,6,600-700,650.0,209,14,29.0,29.0,0.06698564593301436,0.04031746780909781,0.1092848655693395
post_neuropil,AVLP_R | FB,7,700-800,750.0,227,16,30.0,30.0,0.07048458149779736,0.043847856446424874,0.1114170524781364
post_neuropil,AVLP_R | FB,8,800-900,850.0,275,9,11.0,11.0,0.03272727272727273,0.017311507102405175,0.061018268655587904
post_neuropil,AVLP_R | FB,9,900-1000,950.0,297,7,9.0,9.0,0.02356902356902357,0.011462598107223568,0.047843029837847856
post_neuropil,AVLP_R | FB,10,1000-1100,1050.0,337,7,10.0,10.0,0.020771513353115726,0.010097233420560514,0.04224848963671887
post_neuropil,AVLP_R | FB,11,1100-1200,1150.0,346,10,16.0,16.0,0.028901734104046242,0.015773000893824673,0.05237669885600495
post_neuropil,AVLP_R | FB,12,1200-1300,1250.0,407,4,5.0,5.0,0.009828009828009828,0.003828310072083667,0.024994477104287954
post_neuropil,AVLP_R | FB,13,1300-1400,1350.0,462,3,3.0,3.0,0.006493506493506494,0.002210745343803274,0.01891574915561455
post_neuropil,AVLP_R | FB,14,1400-1500,1450.0,496,4,4.0,4.0,0.008064516129032258,0.003140422729647388,0.02055028248576485
post_neuropil,AVLP_R | FB,15,1500-1600,1550.0,493,5,5.0,5.0,0.010141987829614604,0.004339549259806501,0.02351963161393676
post_neuropil,AVLP_R | FB,16,1600-1700,1650.0,606,5,7.0,7.0,0.00825082508250825,0.0035292085865744425,0.01916783274350209
post_neuropil,AVLP_R | FB,17,1700-1800,1750.0,656,2,5.0,5.0,0.003048780487804878,0.0008364666092667058,0.01104759768737661
post_neuropil,AVLP_R | FB,18,1800-1900,1850.0,690,4,9.0,9.0,0.005797101449275362,0.0022565841169901266,0.014810135433985195
post_neuropil,AVLP_R | FB,19,1900-2000,1950.0,832,5,5.0,5.0,0.006009615384615385,0.0025695615957678974,0.013990513901790493
post_neuropil,AVLP_R | LO_R,0,0-100,50.0,36996,24008,174161.0,174161.0,0.6489350200021624,0.6440560141881831,0.6537830987230463
post_neuropil,AVLP_R | LO_R,1,100-200,150.0,15227,5907,16306.0,16306.0,0.3879293360478098,0.38021879437124906,0.39569641178518544
post_neuropil,AVLP_R | LO_R,2,200-300,250.0,9550,2610,5903.0,5903.0,0.2732984293193717,0.26445269908640595,0.2823264729693668
post_neuropil,AVLP_R | LO_R,3,300-400,350.0,8646,1833,3619.0,3619.0,0.21200555170020818,0.20351885790222674,0.22074805584102608
post_neuropil,AVLP_R | LO_R,4,400-500,450.0,8648,1351,2686.0,2686.0,0.15622109158186864,0.14872178200932754,0.1640256913147333
post_neuropil,AVLP_R | LO_R,5,500-600,550.0,8170,963,1801.0,1801.0,0.1178702570379437,0.11105699701144582,0.12504270915364551
post_neuropil,AVLP_R | LO_R,6,600-700,650.0,8361,754,1312.0,1312.0,0.09018060040664992,0.08422744015146219,0.09651018433625078
post_neuropil,AVLP_R | LO_R,7,700-800,750.0,8211,559,978.0,978.0,0.0680794056753136,0.06283069068210241,0.0737320885685651
post_neuropil,AVLP_R | LO_R,8,800-900,850.0,8401,467,794.0,794.0,0.055588620402333054,0.05088901803767648,0.06069447688505948
post_neuropil,AVLP_R | LO_R,9,900-1000,950.0,8415,387,647.0,647.0,0.045989304812834225,0.04171727938749068,0.050675669305118055
post_neuropil,AVLP_R | LO_R,10,1000-1100,1050.0,8546,284,438.0,438.0,0.033231921366721276,0.029636456879363456,0.03724684070126074
post_neuropil,AVLP_R | LO_R,11,1100-1200,1150.0,8702,216,352.0,352.0,0.024821880027579867,0.02175663068355507,0.028306490152459226
post_neuropil,AVLP_R | LO_R,12,1200-1300,1250.0,8697,162,251.0,251.0,0.018627112797516384,0.015990749050941475,0.021688548547120764
post_neuropil,AVLP_R | LO_R,13,1300-1400,1350.0,8652,137,224.0,224.0,0.015834489135460008,0.013410715855598268,0.01868802310468954
post_neuropil,AVLP_R | LO_R,14,1400-1500,1450.0,8823,139,239.0,239.0,0.015754278590048736,0.013358703788018282,0.018571358262715693
post_neuropil,AVLP_R | LO_R,15,1500-1600,1550.0,8643,117,183.0,183.0,0.013536966331135023,0.01130779554196126,0.01619838659973543
post_neuropil,AVLP_R | LO_R,16,1600-1700,1650.0,8902,89,157.0,157.0,0.009997753313862054,0.008132062951394542,0.012286175792038757
post_neuropil,AVLP_R | LO_R,17,1700-1800,1750.0,8927,68,101.0,101.0,0.007617340651954744,0.0060135130840184145,0.009644764854759496
post_neuropil,AVLP_R | LO_R,18,1800-1900,1850.0,9109,68,140.0,140.0,0.0074651443627181905,0.005893277778364788,0.00945227590710693
post_neuropil,AVLP_R | LO_R,19,1900-2000,1950.0,8853,54,90.0,90.0,0.006099627245001694,0.0046781790912934435,0.007949527833034976
post_neuropil,AVLP_R | MB_CA_L,0,0-100,50.0,64,20,40.0,40.0,0.3125,0.21230909502265743,0.43392566359152623
post_neuropil,AVLP_R | MB_CA_L,4,400-500,450.0,38,5,7.0,7.0,0.13157894736842105,0.05753782875731436,0.2732717005149887
post_neuropil,AVLP_R | MB_CA_L,7,700-800,750.0,71,1,1.0,1.0,0.014084507042253521,0.0024905391347781955,0.07556230847938292
post_neuropil,AVLP_R | MB_CA_L,8,800-900,850.0,82,0,0.0,0.0,0.0,0.0,0.044752194740079396
post_neuropil,AVLP_R | MB_CA_L,12,1200-1300,1250.0,226,0,0.0,0.0,0.0,0.0,0.01671411963717621
post_neuropil,AVLP_R | MB_CA_L,13,1300-1400,1350.0,238,1,3.0,3.0,0.004201680672268907,0.0007420661629347746,0.023412587130791362
post_neuropil,AVLP_R | MB_CA_L,14,1400-1500,1450.0,287,0,0.0,0.0,0.0,0.0,0.01320856438693777
post_neuropil,AVLP_R | MB_CA_L,15,1500-1600,1550.0,284,0,0.0,0.0,0.0,0.0,0.013346229315012146
post_neuropil,AVLP_R | MB_CA_L,17,1700-1800,1750.0,407,0,0.0,0.0,0.0,0.0,0.009350562357852756
post_neuropil,AVLP_R | MB_CA_L,18,1800-1900,1850.0,397,1,2.0,2.0,0.0025188916876574307,0.00044477326022158634,0.014128564437262904
post_neuropil,AVLP_R | MB_CA_L,19,1900-2000,1950.0,480,1,11.0,11.0,0.0020833333333333333,0.000367844737705539,0.011705528035532646
post_neuropil,AVLP_R | MB_CA_R,0,0-100,50.0,242,85,215.0,215.0,0.3512396694214876,0.2938467501681457,0.4132817423245814
post_neuropil,AVLP_R | MB_CA_R,1,100-200,150.0,146,31,37.0,37.0,0.21232876712328766,0.15380875170473335,0.2855992631589627
post_neuropil,AVLP_R | MB_CA_R,2,200-300,250.0,108,17,30.0,30.0,0.1574074074074074,0.10066119273812739,0.23768875933695016
post_neuropil,AVLP_R | MB_CA_R,5,500-600,550.0,190,17,26.0,26.0,0.08947368421052632,0.05661266130931909,0.13860652796687345
post_neuropil,AVLP_R | MB_CA_R,6,600-700,650.0,216,9,10.0,10.0,0.041666666666666664,0.022073082425643965,0.07727845067819078
post_neuropil,AVLP_R | MB_CA_R,7,700-800,750.0,255,19,24.0,24.0,0.07450980392156863,0.048216127435991685,0.11343331376665888
post_neuropil,AVLP_R | MB_CA_R,8,800-900,850.0,300,8,10.0,10.0,0.02666666666666667,0.013572906766976815,0.051729540297546284
post_neuropil,AVLP_R | MB_CA_R,10,1000-1100,1050.0,430,4,4.0,4.0,0.009302325581395349,0.0036232122735965384,0.023671542309643058
post_neuropil,AVLP_R | MB_CA_R,12,1200-1300,1250.0,640,4,9.0,9.0,0.00625,0.002433068951082748,0.015959032460196053
post_neuropil,AVLP_R | MB_CA_R,13,1300-1400,1350.0,639,5,5.0,5.0,0.00782472613458529,0.003346703310866058,0.018185195060365672
post_neuropil,AVLP_R | MB_CA_R,14,1400-1500,1450.0,806,4,4.0,4.0,0.004962779156327543,0.001931538563106564,0.012690580132697651
post_neuropil,AVLP_R | MB_CA_R,15,1500-1600,1550.0,886,5,10.0,10.0,0.0056433408577878106,0.002412799694633717,0.013142328319161097
post_neuropil,AVLP_R | MB_CA_R,16,1600-1700,1650.0,985,4,7.0,7.0,0.0040609137055837565,0.0015802834818829355,0.010394940861429482
post_neuropil,AVLP_R | MB_CA_R,17,1700-1800,1750.0,1086,2,2.0,2.0,0.001841620626151013,0.0005051735890057286,0.006690000461975626
post_neuropil,AVLP_R | MB_CA_R,18,1800-1900,1850.0,1207,4,4.0,4.0,0.0033140016570008283,0.0012894613771324134,0.00849018279763
post_neuropil,AVLP_R | MB_CA_R,19,1900-2000,1950.0,1370,0,0.0,0.0,0.0,0.0,0.002796246670649658
post_neuropil,AVLP_R | PVLP_R,0,0-100,50.0,74198,29686,217582.0,217582.0,0.40009164667511254,0.39657171955053816,0.4036219187701583
post_neuropil,AVLP_R | PVLP_R,1,100-200,150.0,23693,4820,13632.0,13632.0,0.20343561389439918,0.19835798306709096,0.20860939945531232
post_neuropil,AVLP_R | PVLP_R,2,200-300,250.0,13594,2176,5638.0,5638.0,0.16007061939090775,0.15400281973953805,0.16633048962920766
post_neuropil,AVLP_R | PVLP_R,3,300-400,350.0,11187,1472,3245.0,3245.0,0.13158129972289265,0.12544343692629625,0.1379721045822173
post_neuropil,AVLP_R | PVLP_R,4,400-500,450.0,10177,1116,2306.0,2306.0,0.10965903507909994,0.10373487444544455,0.1158777752592714
post_neuropil,AVLP_R | PVLP_R,5,500-600,550.0,8999,837,1759.0,1759.0,0.09301033448160907,0.08718173960270507,0.09918626225128731
post_neuropil,AVLP_R | PVLP_R,6,600-700,650.0,8532,590,1060.0,1060.0,0.06915142991092359,0.06395948068316125,0.07473119042769912
post_neuropil,AVLP_R | PVLP_R,7,700-800,750.0,7778,473,908.0,908.0,0.060812548212908206,0.05571501831099035,0.06634369848427313
post_neuropil,AVLP_R | PVLP_R,8,800-900,850.0,7365,375,693.0,693.0,0.05091649694501019,0.0461259208383307,0.05617531467743883
post_neuropil,AVLP_R | PVLP_R,9,900-1000,950.0,6949,271,512.0,512.0,0.03899841703842279,0.034695493611562905,0.043810767770833606
post_neuropil,AVLP_R | PVLP_R,10,1000-1100,1050.0,6366,222,394.0,394.0,0.034872761545711596,0.030639215405726325,0.03966733664417081
post_neuropil,AVLP_R | PVLP_R,11,1100-1200,1150.0,6047,192,319.0,319.0,0.031751281627253186,0.027620610701046044,0.03647652249774733
post_neuropil,AVLP_R | PVLP_R,12,1200-1300,1250.0,5768,141,221.0,221.0,0.02444521497919556,0.020765158379799503,0.028758307406233162
post_neuropil,AVLP_R | PVLP_R,13,1300-1400,1350.0,5459,126,207.0,207.0,0.023081150393845028,0.019420400626650902,0.02741266149252166
post_neuropil,AVLP_R | PVLP_R,14,1400-1500,1450.0,5270,107,184.0,184.0,0.020303605313092978,0.016830532534519303,0.024475524135821335
post_neuropil,AVLP_R | PVLP_R,15,1500-1600,1550.0,4848,76,143.0,143.0,0.015676567656765675,0.012543671175354789,0.019576421121145573
post_neuropil,AVLP_R | PVLP_R,16,1600-1700,1650.0,4761,60,92.0,92.0,0.01260239445494644,0.009803659632090107,0.016187046963486957
post_neuropil,AVLP_R | PVLP_R,17,1700-1800,1750.0,4466,69,135.0,135.0,0.015450067174205105,0.01222689567811531,0.019506130387058902
post_neuropil,AVLP_R | PVLP_R,18,1800-1900,1850.0,4405,64,103.0,103.0,0.01452894438138479,0.011394616302470927,0.018509293150751435
post_neuropil,AVLP_R | PVLP_R,19,1900-2000,1950.0,4336,38,50.0,50.0,0.008763837638376383,0.006391758352836356,0.012005595135825536
post_neuropil,AVLP_R | SLP_R,0,0-100,50.0,40545,14300,79985.0,79985.0,0.35269453693427055,0.3480577447138752,0.3573592406137648
post_neuropil,AVLP_R | SLP_R,1,100-200,150.0,18126,3481,8441.0,8441.0,0.19204457685093237,0.18637551085407336,0.19784415050248258
post_neuropil,AVLP_R | SLP_R,2,200-300,250.0,11481,1679,3488.0,3488.0,0.14624161658392126,0.1398964227351129,0.15282346989274884
post_neuropil,AVLP_R | SLP_R,3,300-400,350.0,10454,1229,2329.0,2329.0,0.11756265544289267,0.11152832339722338,0.12387795776121371
post_neuropil,AVLP_R | SLP_R,4,400-500,450.0,10266,987,1782.0,1782.0,0.09614260666277032,0.09059026719773386,0.10199708487982884
post_neuropil,AVLP_R | SLP_R,5,500-600,550.0,9637,733,1225.0,1225.0,0.07606101483864273,0.07093547262722293,0.08152441220274877
post_neuropil,AVLP_R | SLP_R,6,600-700,650.0,9678,622,995.0,995.0,0.06426947716470345,0.05955441859126032,0.06933031755232626
post_neuropil,AVLP_R | SLP_R,7,700-800,750.0,9223,489,803.0,803.0,0.053019624850916186,0.048629811748379353,0.057781638947815545
post_neuropil,AVLP_R | SLP_R,8,800-900,850.0,9050,396,674.0,674.0,0.043756906077348064,0.039732508423143,0.04816847716511823
post_neuropil,AVLP_R | SLP_R,9,900-1000,950.0,8529,327,492.0,492.0,0.03833978192050651,0.034468105672299756,0.04262714944177619
post_neuropil,AVLP_R | SLP_R,10,1000-1100,1050.0,8285,253,382.0,382.0,0.030537115268557635,0.027044159213789144,0.034465231917536136
post_neuropil,AVLP_R | SLP_R,11,1100-1200,1150.0,8164,220,340.0,340.0,0.026947574718275354,0.02365122069949608,0.030688912439226883
post_neuropil,AVLP_R | SLP_R,12,1200-1300,1250.0,7770,165,235.0,235.0,0.021235521235521235,0.018258533307552366,0.024685691334225775
post_neuropil,AVLP_R | SLP_R,13,1300-1400,1350.0,7571,120,154.0,154.0,0.015849953770968168,0.013272155810064181,0.01891882756310629
post_neuropil,AVLP_R | SLP_R,14,1400-1500,1450.0,7340,108,152.0,152.0,0.014713896457765668,0.012202231576697206,0.01773327247883689
post_neuropil,AVLP_R | SLP_R,15,1500-1600,1550.0,7073,106,152.0,152.0,0.014986568641312032,0.012406840838478931,0.018092866827720634
post_neuropil,AVLP_R | SLP_R,16,1600-1700,1650.0,7056,85,129.0,129.0,0.012046485260770975,0.009753370297344403,0.014870638263980825
post_neuropil,AVLP_R | SLP_R,17,1700-1800,1750.0,6875,78,117.0,117.0,0.011345454545454546,0.009100686088175438,0.014136017021836573
post_neuropil,AVLP_R | SLP_R,18,1800-1900,1850.0,6446,62,84.0,84.0,0.009618367980142725,0.007510649531008139,0.012310240333946065
post_neuropil,AVLP_R | SLP_R,19,1900-2000,1950.0,6608,58,80.0,80.0,0.008777239709443099,0.006796279155507902,0.011329018946007413
post_neuropil,CRE_L | IPS_L,0,0-100,50.0,841,192,1082.0,1082.0,0.22829964328180738,0.20120430570438796,0.25786589159650253
post_neuropil,CRE_L | IPS_L,1,100-200,150.0,496,99,294.0,294.0,0.19959677419354838,0.16678902340637425,0.23702210395877504
post_neuropil,CRE_L | IPS_L,2,200-300,250.0,336,41,84.0,84.0,0.12202380952380952,0.09123499568038582,0.16135797704573127
post_neuropil,CRE_L | IPS_L,3,300-400,350.0,322,32,57.0,57.0,0.09937888198757763,0.07127642318909748,0.13692780856031694
post_neuropil,CRE_L | IPS_L,4,400-500,450.0,339,28,51.0,51.0,0.08259587020648967,0.05776137031132196,0.11678454243672264
post_neuropil,CRE_L | IPS_L,6,600-700,650.0,344,19,29.0,29.0,0.055232558139534885,0.03564092216405558,0.08464831293605897
post_neuropil,CRE_L | IPS_L,7,700-800,750.0,331,19,27.0,27.0,0.05740181268882175,0.037052411324164966,0.08790697245610607
post_neuropil,CRE_L | IPS_L,9,900-1000,950.0,337,7,7.0,7.0,0.020771513353115726,0.010097233420560514,0.04224848963671887
post_neuropil,CRE_L | IPS_L,10,1000-1100,1050.0,360,14,29.0,29.0,0.03888888888888889,0.023304106839793386,0.0642108996905209
post_neuropil,CRE_L | IPS_L,11,1100-1200,1150.0,361,9,19.0,19.0,0.024930747922437674,0.013170346112926862,0.04669563408231403
post_neuropil,CRE_L | IPS_L,12,1200-1300,1250.0,328,7,9.0,9.0,0.021341463414634148,0.010375299488052662,0.04339011147910757
post_neuropil,CRE_L | IPS_L,14,1400-1500,1450.0,375,7,7.0,7.0,0.018666666666666668,0.009070795051264458,0.03802434972692253
post_neuropil,CRE_L | IPS_L,15,1500-1600,1550.0,360,7,8.0,8.0,0.019444444444444445,0.009449995950304772,0.0395867277228541
post_neuropil,CRE_L | IPS_L,16,1600-1700,1650.0,348,5,8.0,8.0,0.014367816091954023,0.006152183221109511,0.03318824724532765
post_neuropil,CRE_L | IPS_L,18,1800-1900,1850.0,346,5,7.0,7.0,0.014450867052023121,0.006187833842966542,0.03337750086851431
post_neuropil,CRE_L | IPS_L,19,1900-2000,1950.0,361,6,8.0,8.0,0.01662049861495845,0.007638911676412924,0.03578157546101877
post_neuropil,CRE_R | MB_CA_L,0,0-100,50.0,1129,411,1174.0,1174.0,0.3640389725420726,0.3364767208661786,0.39252334410318684
post_neuropil,CRE_R | MB_CA_L,1,100-200,150.0,564,136,192.0,192.0,0.24113475177304963,0.2076577177479733,0.2781143708062995
post_neuropil,CRE_R | MB_CA_L,2,200-300,250.0,468,87,105.0,105.0,0.1858974358974359,0.15325954643157413,0.22364999270189773
post_neuropil,CRE_R | MB_CA_L,3,300-400,350.0,502,62,68.0,68.0,0.12350597609561753,0.09755042426811669,0.1551800747655729
post_neuropil,CRE_R | MB_CA_L,4,400-500,450.0,617,63,68.0,68.0,0.10210696920583469,0.08062409107101445,0.12851395637941415
post_neuropil,CRE_R | MB_CA_L,5,500-600,550.0,630,62,69.0,69.0,0.09841269841269841,0.07752956349071494,0.12416373022809432
post_neuropil,CRE_R | MB_CA_L,6,600-700,650.0,734,46,52.0,52.0,0.06267029972752043,0.04731120635140135,0.0825833401203617
post_neuropil,CRE_R | MB_CA_L,7,700-800,750.0,799,39,43.0,43.0,0.04881101376720901,0.035909358365324245,0.06603055107633897
post_neuropil,CRE_R | MB_CA_L,8,800-900,850.0,793,35,37.0,37.0,0.044136191677175286,0.031904071732239137,0.06076378095015095
post_neuropil,CRE_R | MB_CA_L,9,900-1000,950.0,836,29,30.0,30.0,0.034688995215311005,0.024259545026500465,0.049375292781009925
post_neuropil,CRE_R | MB_CA_L,10,1000-1100,1050.0,871,26,27.0,27.0,0.029850746268656716,0.020450978438709466,0.04337954813890184
post_neuropil,CRE_R | MB_CA_L,11,1100-1200,1150.0,926,19,20.0,20.0,0.020518358531317494,0.013174320576085141,0.031824311448982345
post_neuropil,CRE_R | MB_CA_L,12,1200-1300,1250.0,932,22,22.0,22.0,0.023605150214592276,0.015639274073577382,0.03548219776524663
post_neuropil,CRE_R | MB_CA_L,13,1300-1400,1350.0,958,25,26.0,26.0,0.026096033402922755,0.01773744965856036,0.03824016661422301
post_neuropil,CRE_R | MB_CA_L,14,1400-1500,1450.0,964,13,13.0,13.0,0.013485477178423237,0.00789763314733502,0.022935511449880062
post_neuropil,CRE_R | MB_CA_L,15,1500-1600,1550.0,1009,12,12.0,12.0,0.011892963330029732,0.0068161185345444195,0.02067248382933953
post_neuropil,CRE_R | MB_CA_L,16,1600-1700,1650.0,1013,16,16.0,16.0,0.01579466929911155,0.009745168802315423,0.025502799022761757
post_neuropil,CRE_R | MB_CA_L,17,1700-1800,1750.0,1041,16,16.0,16.0,0.01536983669548511,0.009482455053579215,0.024820926435059832
post_neuropil,CRE_R | MB_CA_L,19,1900-2000,1950.0,1051,9,10.0,10.0,0.008563273073263558,0.004511576054187389,0.01619447118551192
post_neuropil,CRE_R | WED_R,0,0-100,50.0,628,108,306.0,306.0,0.17197452229299362,0.14447712385765873,0.203460713726951
post_neuropil,CRE_R | WED_R,3,300-400,350.0,199,24,57.0,57.0,0.12060301507537688,0.08239838727222067,0.17317837804613612
post_neuropil,CRE_R | WED_R,4,400-500,450.0,202,15,28.0,28.0,0.07425742574257425,0.04551404360907179,0.11889198510426896
post_neuropil,CRE_R | WED_R,6,600-700,650.0,222,8,20.0,20.0,0.036036036036036036,0.01837085780729679,0.06948540959428023
post_neuropil,CRE_R | WED_R,8,800-900,850.0,219,10,10.0,10.0,0.045662100456621,0.02498874231531142,0.08200025794316813
post_neuropil,CRE_R | WED_R,10,1000-1100,1050.0,250,6,10.0,10.0,0.024,0.011044626630631514,0.051362795951009954
post_neuropil,CRE_R | WED_R,13,1300-1400,1350.0,225,5,6.0,6.0,0.022222222222222223,0.009528340043294514,0.05095716608845775
post_neuropil,CRE_R | WED_R,14,1400-1500,1450.0,195,2,3.0,3.0,0.010256410256410256,0.0028171396519349606,0.0366192760679144
post_neuropil,EB | EB,0,0-100,50.0,29429,24527,271007.0,271007.0,0.8334296102483945,0.8291291653709237,0.8376430160823275
post_neuropil,EB | EB,1,100-200,150.0,2657,904,1717.0,1717.0,0.3402333458788107,0.3224601413457201,0.3584678778193442
post_neuropil,EB | EB,2,200-300,250.0,1553,319,513.0,513.0,0.20540888602704443,0.18605412736076932,0.22621748716957213
post_neuropil,EB | EB,3,300-400,350.0,1463,218,337.0,337.0,0.14900888585099112,0.1316813952760817,0.16817484005294092
post_neuropil,EB | EB,4,400-500,450.0,1443,155,222.0,222.0,0.10741510741510742,0.0924682420636021,0.12444672637523735
post_neuropil,EB | EB,5,500-600,550.0,1459,100,137.0,137.0,0.06854009595613433,0.05667540773679578,0.08267091656789996
post_neuropil,EB | EB,6,600-700,650.0,1441,77,91.0,91.0,0.05343511450381679,0.04296513025845467,0.0662797862777248
post_neuropil,EB | EB,7,700-800,750.0,1373,45,66.0,66.0,0.03277494537509104,0.02458387045052201,0.04357327994353929
post_neuropil,EB | EB,8,800-900,850.0,1288,23,26.0,26.0,0.017857142857142856,0.011928171681708698,0.026653648256587142
post_neuropil,EB | EB,9,900-1000,950.0,1312,22,31.0,31.0,0.01676829268292683,0.011099222935589546,0.025258952698924513
post_neuropil,EB | EB,10,1000-1100,1050.0,1210,13,20.0,20.0,0.010743801652892562,0.006289334897089841,0.018295091934219944
post_neuropil,EB | EB,11,1100-1200,1150.0,1102,13,19.0,19.0,0.011796733212341199,0.0069068350658747675,0.02007858490747404
post_neuropil,EB | EB,12,1200-1300,1250.0,1015,12,14.0,14.0,0.011822660098522168,0.006775751478408945,0.020550969377904738
post_neuropil,EB | EB,13,1300-1400,1350.0,1014,8,9.0,9.0,0.007889546351084813,0.004003029844840312,0.015490769583282884
post_neuropil,EB | EB,14,1400-1500,1450.0,889,7,8.0,8.0,0.007874015748031496,0.0038192650358999667,0.016163674827117166
post_neuropil,EB | EB,15,1500-1600,1550.0,869,5,7.0,7.0,0.005753739930955121,0.0024600473314035703,0.013398041925570429
post_neuropil,EB | EB,16,1600-1700,1650.0,743,3,3.0,3.0,0.004037685060565276,0.0013740823078970043,0.01180354464807331
post_neuropil,EB | EB,17,1700-1800,1750.0,743,2,2.0,2.0,0.0026917900403768506,0.0007384810986873665,0.009761201832740126
post_neuropil,EB | EB,18,1800-1900,1850.0,731,0,0.0,0.0,0.0,0.0,0.005227793309469686
post_neuropil,EB | EB,19,1900-2000,1950.0,673,3,3.0,3.0,0.004457652303120356,0.0015171101488831162,0.013023367268580582
post_neuropil,EB | MB_ML_L,8,800-900,850.0,48,0,0.0,0.0,0.0,0.0,0.0741026511527422
post_neuropil,EB | MB_ML_L,11,1100-1200,1150.0,101,0,0.0,0.0,0.0,0.0,0.03664194365595336
post_neuropil,EB | MB_ML_L,17,1700-1800,1750.0,241,0,0.0,0.0,0.0,0.0,0.01569014415850901
post_neuropil,EB | MB_ML_L,18,1800-1900,1850.0,288,0,0.0,0.0,0.0,0.0,0.01316330502573999
post_neuropil,EB | MB_ML_R,8,800-900,850.0,64,0,0.0,0.0,0.0,0.0,0.056626022971156334
post_neuropil,EB | MB_ML_R,9,900-1000,950.0,83,0,0.0,0.0,0.0,0.0,0.04423686343872062
post_neuropil,EB | MB_ML_R,10,1000-1100,1050.0,114,0,0.0,0.0,0.0,0.0,0.03259969314741144
post_neuropil,EB | MB_ML_R,11,1100-1200,1150.0,152,0,0.0,0.0,0.0,0.0,0.024650670937670042
post_neuropil,EB | MB_ML_R,14,1400-1500,1450.0,290,0,0.0,0.0,0.0,0.0,0.013073710461690924
post_neuropil,EB | MB_ML_R,15,1500-1600,1550.0,299,0,0.0,0.0,0.0,0.0,0.012685179314862951
post_neuropil,EB | MB_ML_R,16,1600-1700,1650.0,352,0,0.0,0.0,0.0,8.673617379884035e-19,0.010795814767019931
post_neuropil,EB | MB_ML_R,17,1700-1800,1750.0,387,0,0.0,0.0,0.0,0.0,0.009829045833401561
post_neuropil,EB | MB_ML_R,18,1800-1900,1850.0,402,0,0.0,0.0,0.0,0.0,0.009465762011582845
post_neuropil,EB | MB_ML_R,19,1900-2000,1950.0,483,0,0.0,0.0,0.0,0.0,0.007890862243489461
post_neuropil,EB | PB,0,0-100,50.0,3194,2128,18506.0,18506.0,0.6662492172824045,0.6497043273875924,0.682394673388431
post_neuropil,EB | PB,1,100-200,150.0,827,381,1588.0,1588.0,0.4607013301088271,0.426988664248669,0.49477741005478426
post_neuropil,EB | PB,2,200-300,250.0,415,153,494.0,494.0,0.3686746987951807,0.32365952729187264,0.41609889212014384
post_neuropil,EB | PB,3,300-400,350.0,371,116,353.0,353.0,0.31266846361185985,0.26761836008773743,0.36155833748264976
post_neuropil,EB | PB,4,400-500,450.0,368,109,267.0,267.0,0.296195652173913,0.251845520110951,0.3447569041471202
post_neuropil,EB | PB,5,500-600,550.0,264,69,143.0,143.0,0.26136363636363635,0.21205465192623224,0.3175180507457948
post_neuropil,EB | PB,6,600-700,650.0,275,46,67.0,67.0,0.16727272727272727,0.12781075491690802,0.21590266517535944
post_neuropil,EB | PB,7,700-800,750.0,239,30,38.0,38.0,0.12552301255230125,0.08935736205295211,0.17353663963374408
post_neuropil,EB | PB,8,800-900,850.0,210,27,40.0,40.0,0.12857142857142856,0.08988652700711491,0.18060153518471306
post_neuropil,EB | PB,9,900-1000,950.0,209,15,38.0,38.0,0.07177033492822966,0.04397261173630447,0.11502638094181862
post_neuropil,EB | PB,13,1300-1400,1350.0,179,0,0.0,0.0,0.0,0.0,0.02101053589555112
post_neuropil,EB | PB,15,1500-1600,1550.0,208,2,2.0,2.0,0.009615384615384616,0.0026408026954240042,0.0343755340391928
post_neuropil,EB | PB,16,1600-1700,1650.0,184,2,3.0,3.0,0.010869565217391304,0.002985843055377687,0.03875996830909109
post_neuropil,EB | PB,18,1800-1900,1850.0,172,6,6.0,6.0,0.03488372093023256,0.016083546768227094,0.07400662529572136
post_neuropil,EB | PB,19,1900-2000,1950.0,182,1,1.0,1.0,0.005494505494505495,0.0009705495119654989,0.030462671037147296
post_neuropil,EB | SMP_L,6,600-700,650.0,121,9,18.0,18.0,0.0743801652892562,0.03962223436060222,0.1353322679847698
post_neuropil,EB | SMP_L,7,700-800,750.0,149,10,19.0,19.0,0.06711409395973154,0.03685994200127166,0.11912900341672975
post_neuropil,EB | SMP_L,8,800-900,850.0,180,6,12.0,12.0,0.03333333333333333,0.015364581427704492,0.07080525173301647
post_neuropil,EB | SMP_L,11,1100-1200,1150.0,170,1,1.0,1.0,0.0058823529411764705,0.001039108788732302,0.032563895325357764
post_neuropil,EB | SMP_L,13,1300-1400,1350.0,169,4,4.0,4.0,0.023668639053254437,0.009241731568837543,0.05926955275160382
post_neuropil,EB | SMP_L,17,1700-1800,1750.0,212,2,2.0,2.0,0.009433962264150943,0.002590902462183525,0.033739443495222274
post_neuropil,EB | SMP_L,19,1900-2000,1950.0,230,3,6.0,6.0,0.013043478260869565,0.0044456146083413535,0.03764099444667708
post_neuropil,FB | FB,0,0-100,50.0,237142,119607,705523.0,705523.0,0.5043686904892427,0.5023562779531426,0.506380961485763
post_neuropil,FB | FB,1,100-200,150.0,64895,14460,26441.0,26441.0,0.22282148085368672,0.21963617636045038,0.22603959976927326
post_neuropil,FB | FB,2,200-300,250.0,38452,5609,8908.0,8908.0,0.1458701758035993,0.14237744352878254,0.14943366066507283
post_neuropil,FB | FB,3,300-400,350.0,32487,3432,4946.0,4946.0,0.1056422569027611,0.1023462234618775,0.109031545219867
post_neuropil,FB | FB,4,400-500,450.0,30123,2408,3382.0,3382.0,0.0799389171065299,0.07692957851601971,0.08305538319998045
post_neuropil,FB | FB,5,500-600,550.0,26656,1554,2060.0,2060.0,0.058298319327731093,0.05554862115169945,0.061175313172051354
post_neuropil,FB | FB,6,600-700,650.0,25308,1115,1450.0,1450.0,0.04405721510984669,0.04159722495425888,0.046655602923741116
post_neuropil,FB | FB,7,700-800,750.0,23423,811,1044.0,1044.0,0.03462408743542672,0.03235796800204906,0.03704283419571711
post_neuropil,FB | FB,8,800-900,850.0,22047,621,794.0,794.0,0.02816709756429446,0.026063964386599647,0.03043463202071389
post_neuropil,FB | FB,9,900-1000,950.0,20755,444,578.0,578.0,0.021392435557696942,0.019510724964871193,0.023451286942382823
post_neuropil,FB | FB,10,1000-1100,1050.0,19129,329,414.0,414.0,0.0171990171990172,0.015451147924578105,0.019140765489893484
post_neuropil,FB | FB,11,1100-1200,1150.0,18280,238,280.0,280.0,0.013019693654266959,0.01147568089024454,0.01476834432598792
post_neuropil,FB | FB,12,1200-1300,1250.0,17433,198,238.0,238.0,0.011357769747031492,0.009888891564740305,0.01304195848094687
post_neuropil,FB | FB,13,1300-1400,1350.0,16383,164,203.0,203.0,0.010010376609900506,0.008596698949282812,0.011653792762310957
post_neuropil,FB | FB,14,1400-1500,1450.0,15609,156,194.0,194.0,0.00999423409571401,0.008549848396617713,0.011679755418744126
post_neuropil,FB | FB,15,1500-1600,1550.0,14904,129,153.0,153.0,0.008655394524959743,0.007289650588031986,0.010274367532471792
post_neuropil,FB | FB,16,1600-1700,1650.0,14424,105,121.0,121.0,0.007279534109816971,0.0060173959406067574,0.008804058711348943
post_neuropil,FB | FB,17,1700-1800,1750.0,13620,79,99.0,99.0,0.005800293685756241,0.0046568845410411034,0.007222408007398391
post_neuropil,FB | FB,18,1800-1900,1850.0,13082,61,82.0,82.0,0.004662895581715334,0.0036320267730528665,0.005984595821553505
post_neuropil,FB | FB,19,1900-2000,1950.0,12816,61,71.0,71.0,0.004759675405742822,0.003707445476031035,0.006108713250922346
post_neuropil,FB | ICL_L,0,0-100,50.0,338,60,147.0,147.0,0.17751479289940827,0.14047054844972778,0.22180718486301115
post_neuropil,FB | ICL_L,1,100-200,150.0,230,36,70.0,70.0,0.1565217391304348,0.1152524555367842,0.20907649192166633
post_neuropil,FB | ICL_L,4,400-500,450.0,154,13,15.0,15.0,0.08441558441558442,0.049994778686993674,0.13906564644807845
post_neuropil,FB | ICL_L,6,600-700,650.0,194,10,16.0,16.0,0.05154639175257732,0.0282364742204858,0.09227205381406306
post_neuropil,FB | ICL_L,8,800-900,850.0,228,13,15.0,15.0,0.05701754385964912,0.03362035493861083,0.09509511286354373
post_neuropil,FB | ICL_L,9,900-1000,950.0,239,7,10.0,10.0,0.029288702928870293,0.01425825589576082,0.05921185795623159
post_neuropil,FB | ICL_L,10,1000-1100,1050.0,244,6,11.0,11.0,0.02459016393442623,0.011317369696116682,0.05260087486008373
post_neuropil,FB | ICL_L,11,1100-1200,1150.0,245,2,2.0,2.0,0.00816326530612245,0.0022414768957745006,0.029270939034680858
post_neuropil,FB | ICL_L,12,1200-1300,1250.0,257,4,4.0,4.0,0.01556420233463035,0.006068729729755248,0.03932893690010747
post_neuropil,FB | ICL_L,13,1300-1400,1350.0,265,2,4.0,4.0,0.007547169811320755,0.002072108640542797,0.027095996295598036
post_neuropil,FB | ICL_L,15,1500-1600,1550.0,347,1,1.0,1.0,0.002881844380403458,0.0005088844691584701,0.01614136453210022
post_neuropil,FB | ICL_L,16,1600-1700,1650.0,364,3,5.0,5.0,0.008241758241758242,0.002806770991070141,0.023948223550058434
post_neuropil,FB | ICL_L,17,1700-1800,1750.0,410,4,6.0,6.0,0.00975609756097561,0.0038002510203090003,0.024813595436886215
post_neuropil,FB | ICL_L,18,1800-1900,1850.0,411,2,3.0,3.0,0.004866180048661801,0.0013354700434012531,0.01756716652920863
post_neuropil,FB | ICL_L,19,1900-2000,1950.0,435,1,3.0,3.0,0.0022988505747126436,0.0004059084587466188,0.012905500486986875
post_neuropil,FB | ICL_R,1,100-200,150.0,179,19,53.0,53.0,0.10614525139664804,0.0690119365829775,0.15982876487664657
post_neuropil,FB | ICL_R,2,200-300,250.0,108,9,14.0,14.0,0.08333333333333333,0.044459900413239356,0.15083058184023337
post_neuropil,FB | ICL_R,3,300-400,350.0,142,16,34.0,34.0,0.11267605633802817,0.07055588250532957,0.17520115800985947
post_neuropil,FB | ICL_R,4,400-500,450.0,154,15,29.0,29.0,0.09740259740259741,0.05991770738174693,0.15448457946785418
post_neuropil,FB | ICL_R,6,600-700,650.0,156,12,20.0,20.0,0.07692307692307693,0.04454791663953605,0.12963452397667397
post_neuropil,FB | ICL_R,8,800-900,850.0,146,7,10.0,10.0,0.04794520547945205,0.023415726447948322,0.09565401119500264
post_neuropil,FB | ICL_R,10,1000-1100,1050.0,194,3,5.0,5.0,0.015463917525773196,0.0052727277035254025,0.04447211867863083
post_neuropil,FB | ICL_R,12,1200-1300,1250.0,232,3,4.0,4.0,0.01293103448275862,0.004407206757111617,0.03732249656918875
post_neuropil,FB | ICL_R,13,1300-1400,1350.0,251,1,1.0,1.0,0.00398406374501992,0.0007036135096944278,0.022218860686041276
post_neuropil,FB | ICL_R,15,1500-1600,1550.0,284,1,2.0,2.0,0.0035211267605633804,0.0006218199843119904,0.019672675321439508
post_neuropil,FB | ICL_R,16,1600-1700,1650.0,331,3,6.0,6.0,0.00906344410876133,0.0030870269166511453,0.026304781030748466
post_neuropil,FB | ICL_R,17,1700-1800,1750.0,346,2,2.0,2.0,0.005780346820809248,0.00158658026994901,0.02082813541852257
post_neuropil,FB | ICL_R,18,1800-1900,1850.0,386,3,3.0,3.0,0.007772020725388601,0.0026465904620726136,0.022598534737495624
post_neuropil,FB | MB_CA_L,0,0-100,50.0,138,57,175.0,175.0,0.41304347826086957,0.33433263817940195,0.49646453274929603
post_neuropil,FB | MB_CA_L,3,300-400,350.0,77,11,12.0,12.0,0.14285714285714285,0.08168247823927464,0.2379747279515974
post_neuropil,FB | MB_CA_L,10,1000-1100,1050.0,350,2,2.0,2.0,0.005714285714285714,0.0015684316941284165,0.020592896990797263
post_neuropil,FB | MB_CA_L,11,1100-1200,1150.0,400,3,3.0,3.0,0.0075,0.0025538429629852373,0.02181610802770022
post_neuropil,FB | MB_CA_L,12,1200-1300,1250.0,450,5,5.0,5.0,0.011111111111111112,0.004755012332879732,0.025743734366409185
post_neuropil,FB | MB_CA_L,13,1300-1400,1350.0,486,1,1.0,1.0,0.00205761316872428,0.0003633022892514633,0.011562185460257765
post_neuropil,FB | MB_CA_L,15,1500-1600,1550.0,671,1,2.0,2.0,0.0014903129657228018,0.00026311852329023635,0.008393135033099883
post_neuropil,FB | MB_CA_L,16,1600-1700,1650.0,765,4,4.0,4.0,0.00522875816993464,0.002035151823859182,0.01336672029128131
post_neuropil,FB | MB_CA_L,17,1700-1800,1750.0,888,0,0.0,0.0,0.0,0.0,0.0043074913751500275
post_neuropil,FB | MB_CA_L,18,1800-1900,1850.0,954,0,0.0,0.0,0.0,0.0,0.004010684021241091
post_neuropil,FB | MB_CA_L,19,1900-2000,1950.0,1016,0,0.0,0.0,0.0,0.0,0.0037668594809233116
post_neuropil,FB | MB_CA_R,2,200-300,250.0,71,6,9.0,9.0,0.08450704225352113,0.039305972354112026,0.17236240459133007
post_neuropil,FB | MB_CA_R,3,300-400,350.0,74,9,9.0,9.0,0.12162162162162163,0.0653224180677459,0.21526790895533687
post_neuropil,FB | MB_CA_R,9,900-1000,950.0,314,10,16.0,16.0,0.03184713375796178,0.017388831611610995,0.05762211723838222
post_neuropil,FB | MB_CA_R,11,1100-1200,1150.0,393,2,3.0,3.0,0.005089058524173028,0.0013966853513397177,0.018363339807313
post_neuropil,FB | MB_CA_R,12,1200-1300,1250.0,473,4,5.0,5.0,0.008456659619450317,0.0032933503046971326,0.021540053492287024
post_neuropil,FB | MB_CA_R,13,1300-1400,1350.0,516,2,2.0,2.0,0.003875968992248062,0.0010635525543113075,0.014021042445396295
post_neuropil,FB | MB_CA_R,14,1400-1500,1450.0,610,11,12.0,12.0,0.018032786885245903,0.010098398967910656,0.031999757950747186
post_neuropil,FB | MB_CA_R,15,1500-1600,1550.0,634,7,7.0,7.0,0.011041009463722398,0.005358275724007541,0.02261355928957577
post_neuropil,FB | MB_CA_R,16,1600-1700,1650.0,769,5,5.0,5.0,0.006501950585175552,0.0027803074010572812,0.015129701583966298
post_neuropil,FB | MB_CA_R,17,1700-1800,1750.0,792,3,3.0,3.0,0.003787878787878788,0.0012890155964243545,0.011077264326615606
post_neuropil,FB | MB_CA_R,18,1800-1900,1850.0,828,5,5.0,5.0,0.006038647342995169,0.0025819878350777405,0.01405771857056487
post_neuropil,FB | MB_CA_R,19,1900-2000,1950.0,950,2,2.0,2.0,0.002105263157894737,0.0005775169811057398,0.007643554525945324
post_neuropil,FB | MB_ML_L,2,200-300,250.0,389,41,87.0,87.0,0.10539845758354756,0.07864764348048994,0.13986689265824892
post_neuropil,FB | MB_ML_L,3,300-400,350.0,440,38,57.0,57.0,0.08636363636363636,0.06356640749537633,0.11632119204463974
post_neuropil,FB | MB_ML_L,4,400-500,450.0,440,21,30.0,30.0,0.04772727272727273,0.031425424603574406,0.07185826939897065
post_neuropil,FB | MB_ML_L,5,500-600,550.0,399,17,25.0,25.0,0.042606516290726815,0.02676881337829195,0.06716786049054385
post_neuropil,FB | MB_ML_L,6,600-700,650.0,448,12,17.0,17.0,0.026785714285714284,0.015387558615106935,0.04623049514532592
post_neuropil,FB | MB_ML_L,7,700-800,750.0,450,14,19.0,19.0,0.03111111111111111,0.01862092657757594,0.05153923502946933
post_neuropil,FB | MB_ML_L,9,900-1000,950.0,499,6,11.0,11.0,0.012024048096192385,0.005521986666278816,0.02598216891671193
post_neuropil,FB | MB_ML_L,10,1000-1100,1050.0,507,6,11.0,11.0,0.011834319526627219,0.005434677917638086,0.02557610898773532
post_neuropil,FB | MB_ML_L,11,1100-1200,1150.0,512,4,5.0,5.0,0.0078125,0.0030421527296632823,0.019913731402209756
post_neuropil,FB | MB_ML_L,12,1200-1300,1250.0,512,2,2.0,2.0,0.00390625,0.0010718666380393474,0.014129699113927925
post_neuropil,FB | MB_ML_L,13,1300-1400,1350.0,589,2,3.0,3.0,0.003395585738539898,0.0009316670079683948,0.012295474946982132
post_neuropil,FB | MB_ML_L,15,1500-1600,1550.0,636,1,2.0,2.0,0.0015723270440251573,0.0002776011307758248,0.008852158484729011
post_neuropil,FB | MB_ML_L,16,1600-1700,1650.0,622,1,1.0,1.0,0.001607717041800643,0.000283850629615859,0.009050140591165885
post_neuropil,FB | MB_ML_L,17,1700-1800,1750.0,661,4,4.0,4.0,0.006051437216338881,0.0023556899174722087,0.015455469913681562
post_neuropil,FB | MB_ML_L,18,1800-1900,1850.0,660,0,0.0,0.0,0.0,0.0,0.005786922663478757
post_neuropil,FB | MB_ML_L,19,1900-2000,1950.0,748,0,0.0,0.0,0.0,0.0,0.005109586912988054
post_neuropil,FB | MB_ML_R,0,0-100,50.0,798,231,2109.0,2109.0,0.2894736842105263,0.2590750190351566,0.32188960041087866
post_neuropil,FB | MB_ML_R,1,100-200,150.0,410,59,121.0,121.0,0.14390243902439023,0.11322986855737024,0.18118615921750783
post_neuropil,FB | MB_ML_R,2,200-300,250.0,328,44,92.0,92.0,0.13414634146341464,0.101468627621434,0.17529474381843368
post_neuropil,FB | MB_ML_R,5,500-600,550.0,334,20,41.0,41.0,0.059880239520958084,0.03909390780685562,0.0906757830778667
post_neuropil,FB | MB_ML_R,6,600-700,650.0,337,12,17.0,17.0,0.03560830860534125,0.020484543776481127,0.06120032098181129
post_neuropil,FB | MB_ML_R,8,800-900,850.0,403,16,22.0,22.0,0.03970223325062035,0.02458336474818735,0.06351382098699804
post_neuropil,FB | MB_ML_R,10,1000-1100,1050.0,413,8,8.0,8.0,0.01937046004842615,0.009847157126564136,0.0377526985500286
post_neuropil,FB | MB_ML_R,12,1200-1300,1250.0,456,8,9.0,9.0,0.017543859649122806,0.008915854432473266,0.034232916796576036
post_neuropil,FB | MB_ML_R,13,1300-1400,1350.0,438,10,17.0,17.0,0.0228310502283105,0.012447596325931056,0.041512012728535524
post_neuropil,FB | MB_ML_R,14,1400-1500,1450.0,463,5,5.0,5.0,0.01079913606911447,0.004621253457874714,0.025028203659914275
post_neuropil,FB | MB_ML_R,15,1500-1600,1550.0,526,4,5.0,5.0,0.0076045627376425855,0.0029610770585693762,0.01938824394604785
post_neuropil,FB | MB_ML_R,16,1600-1700,1650.0,518,6,6.0,6.0,0.011583011583011582,0.005319040516607651,0.025038064014729064
post_neuropil,FB | MB_ML_R,17,1700-1800,1750.0,483,2,2.0,2.0,0.004140786749482402,0.0011362647274301765,0.014970822259384422
post_neuropil,FB | MB_ML_R,18,1800-1900,1850.0,541,2,3.0,3.0,0.0036968576709796672,0.001014376592037904,0.013378063339127411
post_neuropil,FB | MB_ML_R,19,1900-2000,1950.0,571,2,3.0,3.0,0.0035026269702276708,0.0009610526412718147,0.01268027046408451
post_neuropil,FB | ME_L,0,0-100,50.0,186,45,101.0,101.0,0.24193548387096775,0.1860137466172952,0.30830151410532836
post_neuropil,FB | ME_L,1,100-200,150.0,127,20,76.0,76.0,0.15748031496062992,0.10431731296129931,0.2307565473400116
post_neuropil,FB | ME_L,5,500-600,550.0,94,6,10.0,10.0,0.06382978723404255,0.029579332197396002,0.1323313479223077
post_neuropil,FB | ME_L,8,800-900,850.0,87,4,6.0,6.0,0.04597701149425287,0.018022396823237183,0.11233197826482823
post_neuropil,FB | ME_L,10,1000-1100,1050.0,102,4,4.0,4.0,0.0392156862745098,0.015353823095438889,0.09652657175875834
post_neuropil,FB | ME_L,11,1100-1200,1150.0,108,4,8.0,8.0,0.037037037037037035,0.014495306806255062,0.09138300680871465
post_neuropil,FB | ME_L,16,1600-1700,1650.0,107,1,1.0,1.0,0.009345794392523364,0.0016516291511190044,0.05105060538898146
post_neuropil,FB | SCL_L,4,400-500,450.0,76,3,13.0,13.0,0.039473684210526314,0.013514390129808602,0.10974967271462335
post_neuropil,FB | SCL_L,5,500-600,550.0,83,6,9.0,9.0,0.07228915662650602,0.033549838417288064,0.14886964717487056
post_neuropil,FB | SCL_L,6,600-700,650.0,84,4,4.0,4.0,0.047619047619047616,0.018671444654442905,0.11613484302702007
post_neuropil,FB | SCL_L,11,1100-1200,1150.0,99,2,2.0,2.0,0.020202020202020204,0.005557603625523107,0.07069169626868313
post_neuropil,FB | SCL_L,12,1200-1300,1250.0,110,0,0.0,0.0,0.0,0.0,0.03374513358912735
post_neuropil,FB | SCL_R,0,0-100,50.0,240,55,203.0,203.0,0.22916666666666666,0.18050690173091638,0.28636011357738206
post_neuropil,FB | SCL_R,5,500-600,550.0,105,11,14.0,14.0,0.10476190476190476,0.059510259416906686,0.17791366672897868
post_neuropil,FB | SCL_R,8,800-900,850.0,115,5,9.0,9.0,0.043478260869565216,0.01871182515342898,0.0977591749004242
post_neuropil,FB | SCL_R,15,1500-1600,1550.0,126,2,4.0,4.0,0.015873015873015872,0.00436371038878235,0.05602987687446764
post_neuropil,FB | SCL_R,18,1800-1900,1850.0,153,3,3.0,3.0,0.0196078431372549,0.0066903672665462426,0.05605829125262214
post_neuropil,GNG | GNG,0,0-100,50.0,405229,188549,1852253.0,1852253.0,0.46528999652048597,0.46375456053420877,0.4668260906071721
post_neuropil,GNG | GNG,1,100-200,150.0,123523,34501,119597.0,119597.0,0.27930830695498005,0.27681313335418745,0.28181720727616844
post_neuropil,GNG | GNG,2,200-300,250.0,78096,17415,50003.0,50003.0,0.22299477566072526,0.22008899143666452,0.2259278107280149
post_neuropil,GNG | GNG,3,300-400,350.0,69794,12802,33543.0,33543.0,0.1834255093561051,0.18057168437721152,0.1863141821909031
post_neuropil,GNG | GNG,4,400-500,450.0,68153,10183,25862.0,25862.0,0.14941381890745822,0.14675707645241026,0.15211008232156675
post_neuropil,GNG | GNG,5,500-600,550.0,63830,7904,18865.0,18865.0,0.12382892057026476,0.12129619294017752,0.12640692508742368
post_neuropil,GNG | GNG,6,600-700,650.0,64545,6843,15691.0,15691.0,0.10601905647222867,0.10366736468386956,0.10841764351556496
post_neuropil,GNG | GNG,7,700-800,750.0,61799,5498,12143.0,12143.0,0.08896584087121151,0.08674668695898638,0.09123609369037458
post_neuropil,GNG | GNG,8,800-900,850.0,60382,4641,10058.0,10058.0,0.07686065383723627,0.07476281707381674,0.07901232878752704
post_neuropil,GNG | GNG,9,900-1000,950.0,60187,3934,8303.0,8303.0,0.06536295213252032,0.06341590170784656,0.06736548281427981
post_neuropil,GNG | GNG,10,1000-1100,1050.0,57434,3296,6678.0,6678.0,0.05738761012640596,0.055514885920451826,0.05931954058766403
post_neuropil,GNG | GNG,11,1100-1200,1150.0,57385,2947,6098.0,6098.0,0.051354883680404285,0.049578801939829525,0.053191029887547855
post_neuropil,GNG | GNG,12,1200-1300,1250.0,55962,2474,5075.0,5075.0,0.04420857010114006,0.042536511464855806,0.04594320148919723
post_neuropil,GNG | GNG,13,1300-1400,1350.0,55078,2198,4453.0,4453.0,0.03990704092378082,0.038304132609723235,0.04157412621741083
post_neuropil,GNG | GNG,14,1400-1500,1450.0,54361,2003,3991.0,3991.0,0.0368462684645242,0.03529507259069346,0.03846292029565021
post_neuropil,GNG | GNG,15,1500-1600,1550.0,52757,1652,3146.0,3146.0,0.03131338021494778,0.029860984130827748,0.03283402792144399
post_neuropil,GNG | GNG,16,1600-1700,1650.0,52705,1479,3121.0,3121.0,0.028061853714068875,0.026685919248330702,0.029506581100605066
post_neuropil,GNG | GNG,17,1700-1800,1750.0,51557,1333,2695.0,2695.0,0.02585487906588824,0.02451988098243044,0.027260530608058418
post_neuropil,GNG | GNG,18,1800-1900,1850.0,50938,1219,2319.0,2319.0,0.02393105343751227,0.022639258231009006,0.02529465077788714
post_neuropil,GNG | GNG,19,1900-2000,1950.0,50153,1087,2092.0,2092.0,0.02167367854365641,0.02043540726069773,0.022985221521478222
post_neuropil,GNG | PRW,0,0-100,50.0,45563,18513,143738.0,143738.0,0.40631652876237295,0.4018147856434234,0.41083406821086704
post_neuropil,GNG | PRW,1,100-200,150.0,16885,3941,11115.0,11115.0,0.2334024281907018,0.22708319456809525,0.23984294440404128
post_neuropil,GNG | PRW,2,200-300,250.0,10908,1946,4625.0,4625.0,0.1784011734506784,0.17133000749504013,0.18569878221906277
post_neuropil,GNG | PRW,3,300-400,350.0,9579,1374,3037.0,3037.0,0.14343877231443783,0.13656212632869108,0.15060129709677805
post_neuropil,GNG | PRW,4,400-500,450.0,9322,1100,2158.0,2158.0,0.11800042909246942,0.11160820698826728,0.1247073658604073
post_neuropil,GNG | PRW,5,500-600,550.0,8797,813,1518.0,1518.0,0.09241786972831648,0.08654233638669748,0.09864922529304004
post_neuropil,GNG | PRW,6,600-700,650.0,8713,633,1184.0,1184.0,0.07265006312406748,0.0673861528791024,0.0782906482228013
post_neuropil,GNG | PRW,7,700-800,750.0,8227,490,825.0,825.0,0.05955998541388112,0.054648410533982894,0.06488269549532034
post_neuropil,GNG | PRW,8,800-900,850.0,8018,405,684.0,684.0,0.05051134946370666,0.04592931546277528,0.055523896976622654
post_neuropil,GNG | PRW,9,900-1000,950.0,7900,318,547.0,547.0,0.040253164556962026,0.03613759748495544,0.04481564429053763
post_neuropil,GNG | PRW,10,1000-1100,1050.0,7565,254,464.0,464.0,0.03357567746199604,0.029747274601140187,0.03787755189806941
post_neuropil,GNG | PRW,11,1100-1200,1150.0,7562,222,353.0,353.0,0.029357312880190427,0.025785006015876508,0.03340756285841767
post_neuropil,GNG | PRW,12,1200-1300,1250.0,7247,182,291.0,291.0,0.025113840209741962,0.021755065013109788,0.028975818419787164
post_neuropil,GNG | PRW,13,1300-1400,1350.0,6903,152,261.0,261.0,0.022019411849920324,0.018814207490059635,0.02575632385092261
post_neuropil,GNG | PRW,14,1400-1500,1450.0,7026,138,228.0,228.0,0.01964133219470538,0.01664937633298812,0.023158291595119968
post_neuropil,GNG | PRW,15,1500-1600,1550.0,6745,123,214.0,214.0,0.018235730170496664,0.015305883038676384,0.02171404049901637
post_neuropil,GNG | PRW,16,1600-1700,1650.0,6522,98,137.0,137.0,0.015026065624041705,0.012346079169494113,0.01827703616937651
post_neuropil,GNG | PRW,17,1700-1800,1750.0,6418,73,117.0,117.0,0.01137425989404799,0.009056535930932051,0.014276583964146022
post_neuropil,GNG | PRW,18,1800-1900,1850.0,6470,50,81.0,81.0,0.0077279752704791345,0.005867023621810552,0.010173158763869075
post_neuropil,GNG | PRW,19,1900-2000,1950.0,6252,68,123.0,123.0,0.010876519513755598,0.008589093303530103,0.013764669617832865
post_neuropil,GNG | SAD,0,0-100,50.0,27841,8331,61149.0,61149.0,0.2992349412736611,0.2938838839492944,0.30464139550497976
post_neuropil,GNG | SAD,1,100-200,150.0,11657,2390,9279.0,9279.0,0.20502702238998027,0.19779576791475376,0.21245263130884942
post_neuropil,GNG | SAD,2,200-300,250.0,7698,1310,4628.0,4628.0,0.1701740711873214,0.16194432538856798,0.1787328446015289
post_neuropil,GNG | SAD,3,300-400,350.0,7128,1084,3565.0,3565.0,0.1520763187429854,0.14392741325186856,0.1606000456866474
post_neuropil,GNG | SAD,4,400-500,450.0,7006,888,2804.0,2804.0,0.12674850128461318,0.1191620615059214,0.13474404672910634
post_neuropil,GNG | SAD,5,500-600,550.0,6961,798,2166.0,2166.0,0.11463870133601493,0.10736608780124947,0.12233642259037235
post_neuropil,GNG | SAD,6,600-700,650.0,7090,739,1968.0,1968.0,0.10423131170662905,0.09733170687814043,0.11155956579983987
post_neuropil,GNG | SAD,7,700-800,750.0,7149,660,1682.0,1682.0,0.09232060428031892,0.08582737925697849,0.0992517367128201
post_neuropil,GNG | SAD,8,800-900,850.0,7298,524,1515.0,1515.0,0.07180049328583174,0.06610009312628062,0.07795145682791177
post_neuropil,GNG | SAD,9,900-1000,950.0,7304,501,1256.0,1256.0,0.06859255202628696,0.06301968061209799,0.07461898960757397
post_neuropil,GNG | SAD,10,1000-1100,1050.0,7264,411,954.0,954.0,0.05658039647577093,0.05149784436703499,0.062131709694792675
post_neuropil,GNG | SAD,11,1100-1200,1150.0,7510,415,991.0,991.0,0.05525965379494008,0.05031566640621304,0.06065840576480532
post_neuropil,GNG | SAD,12,1200-1300,1250.0,7460,338,790.0,790.0,0.045308310991957104,0.04081813153730293,0.05026654528649248
post_neuropil,GNG | SAD,13,1300-1400,1350.0,7317,321,705.0,705.0,0.043870438704387046,0.03941210166929214,0.048807482264882865
post_neuropil,GNG | SAD,14,1400-1500,1450.0,7523,270,616.0,616.0,0.03588993752492357,0.03191772359779524,0.04033590267753384
post_neuropil,GNG | SAD,15,1500-1600,1550.0,7484,261,551.0,551.0,0.03487439871726349,0.03095068550025485,0.039275372700548976
post_neuropil,GNG | SAD,16,1600-1700,1650.0,7557,208,507.0,507.0,0.027524149794892153,0.024068605465199306,0.03145981613273498
post_neuropil,GNG | SAD,17,1700-1800,1750.0,7548,227,519.0,519.0,0.030074191838897722,0.02645374634891631,0.03417273713029226
post_neuropil,GNG | SAD,18,1800-1900,1850.0,7474,180,359.0,359.0,0.024083489430024082,0.0208445584365563,0.027811406675087674
post_neuropil,GNG | SAD,19,1900-2000,1950.0,7881,177,343.0,343.0,0.022459078797106968,0.019412910986259326,0.025970575220996887
post_neuropil,IB_L | IPS_L,2,200-300,250.0,101,11,27.0,27.0,0.10891089108910891,0.06191064333684265,0.1845716690277149
post_neuropil,IB_L | IPS_L,6,600-700,650.0,113,11,31.0,31.0,0.09734513274336283,0.05522791315533354,0.16593989009282467
post_neuropil,IB_L | IPS_L,8,800-900,850.0,111,3,7.0,7.0,0.02702702702702703,0.00923347121399111,0.07646369775613819
post_neuropil,IB_L | IPS_L,17,1700-1800,1750.0,109,1,3.0,3.0,0.009174311926605505,0.0016212895577145392,0.050146852687698494
post_neuropil,IB_L | IPS_L,18,1800-1900,1850.0,133,1,1.0,1.0,0.007518796992481203,0.0013284534153853028,0.04136031958931502
post_neuropil,IB_L | IPS_L,19,1900-2000,1950.0,126,3,5.0,5.0,0.023809523809523808,0.008129804755225335,0.06766716632338121
post_neuropil,ICL_L | LH_L,0,0-100,50.0,1507,443,2003.0,2003.0,0.29396151293961514,0.27150704973979567,0.3174637596422072
post_neuropil,ICL_L | LH_L,1,100-200,150.0,881,127,261.0,261.0,0.1441543700340522,0.12250397677982408,0.16889461930788244
post_neuropil,ICL_L | LH_L,2,200-300,250.0,570,76,136.0,136.0,0.13333333333333333,0.10786639827159275,0.1637095906424211
post_neuropil,ICL_L | LH_L,3,300-400,350.0,551,55,122.0,122.0,0.0998185117967332,0.07749323067684992,0.1276853283929819
post_neuropil,ICL_L | LH_L,4,400-500,450.0,529,36,81.0,81.0,0.06805293005671077,0.049558172334654246,0.09277605982739918
post_neuropil,ICL_L | LH_L,5,500-600,550.0,538,31,44.0,44.0,0.05762081784386617,0.04088708350297972,0.08062739600542275
post_neuropil,ICL_L | LH_L,6,600-700,650.0,607,38,53.0,53.0,0.06260296540362438,0.04594677932273469,0.08476075598592794
post_neuropil,ICL_L | LH_L,7,700-800,750.0,589,21,37.0,37.0,0.035653650254668934,0.02343593641809534,0.053889271529525065
post_neuropil,ICL_L | LH_L,9,900-1000,950.0,597,16,27.0,27.0,0.02680067001675042,0.01656280923200504,0.043089518436385435
post_neuropil,ICL_L | LH_L,10,1000-1100,1050.0,632,8,14.0,14.0,0.012658227848101266,0.006427697795040512,0.024777558356806114
post_neuropil,ICL_L | LH_L,12,1200-1300,1250.0,680,15,28.0,28.0,0.022058823529411766,0.013412608690186845,0.03607487496099788
post_neuropil,ICL_L | LH_L,13,1300-1400,1350.0,689,12,13.0,13.0,0.01741654571843251,0.009990473313675027,0.030194180725574348
post_neuropil,ICL_L | LH_L,14,1400-1500,1450.0,653,11,13.0,13.0,0.016845329249617153,0.00943162849621086,0.029910581254206897
post_neuropil,ICL_L | LH_L,16,1600-1700,1650.0,694,6,11.0,11.0,0.008645533141210375,0.003968122559749693,0.018732731043704157
post_neuropil,ICL_L | LH_L,17,1700-1800,1750.0,609,1,1.0,1.0,0.0016420361247947454,0.0002899110684848353,0.009242078926972392
post_neuropil,ICL_L | LH_L,18,1800-1900,1850.0,637,9,15.0,15.0,0.0141287284144427,0.007450565102467634,0.02663211617165689
post_neuropil,ICL_L | LH_L,19,1900-2000,1950.0,771,5,7.0,7.0,0.00648508430609598,0.0027730871397051247,0.015090693018716931
post_neuropil,ICL_L | MB_CA_L,4,400-500,450.0,39,1,1.0,1.0,0.02564102564102564,0.00454058606523737,0.13181286478627147
post_neuropil,ICL_L | MB_CA_L,6,600-700,650.0,58,1,1.0,1.0,0.017241379310344827,0.003049959884541757,0.09141072677298326
post_neuropil,ICL_L | MB_CA_L,7,700-800,750.0,94,0,0.0,0.0,0.0,3.469446951953614e-18,0.03926346257624569
post_neuropil,ICL_L | MB_CA_L,8,800-900,850.0,128,1,3.0,3.0,0.0078125,0.0013803963628788857,0.04292731834932121
post_neuropil,ICL_L | MB_CA_L,9,900-1000,950.0,132,0,0.0,0.0,0.0,0.0,0.028279996702041194
post_neuropil,ICL_L | MB_CA_L,10,1000-1100,1050.0,181,0,0.0,0.0,0.0,0.0,0.02078320031854301
post_neuropil,ICL_L | MB_CA_L,12,1200-1300,1250.0,276,0,0.0,0.0,0.0,0.0,0.013727765993333372
post_neuropil,ICL_L | MB_CA_L,13,1300-1400,1350.0,305,0,0.0,0.0,0.0,0.0,0.012438738822749264
post_neuropil,ICL_L | MB_CA_L,14,1400-1500,1450.0,419,0,0.0,0.0,0.0,0.0,0.009085198807307512
post_neuropil,ICL_L | MB_CA_L,15,1500-1600,1550.0,470,0,0.0,0.0,0.0,0.0,0.008107350642071106
post_neuropil,ICL_L | MB_CA_L,16,1600-1700,1650.0,544,1,1.0,1.0,0.001838235294117647,0.0003245590503952768,0.010338377097571579
post_neuropil,ICL_L | MB_CA_L,17,1700-1800,1750.0,545,0,0.0,0.0,0.0,0.0,0.00699946942797339
post_neuropil,ICL_L | MB_CA_L,18,1800-1900,1850.0,682,0,0.0,0.0,0.0,0.0,0.005601293359866185
post_neuropil,ICL_L | MB_CA_L,19,1900-2000,1950.0,730,1,1.0,1.0,0.0013698630136986301,0.0002418491785087908,0.007718451791073745
post_neuropil,ICL_R | LH_R,0,0-100,50.0,678,193,840.0,840.0,0.28466076696165193,0.25198082066824423,0.3197672216923275
post_neuropil,ICL_R | LH_R,1,100-200,150.0,408,70,171.0,171.0,0.1715686274509804,0.13809206952412562,0.2111723078481456
post_neuropil,ICL_R | LH_R,2,200-300,250.0,291,31,52.0,52.0,0.10652920962199312,0.07606898150694952,0.14724278996627543
post_neuropil,ICL_R | LH_R,3,300-400,350.0,250,23,43.0,43.0,0.092,0.06208656638760556,0.13426265296808712
post_neuropil,ICL_R | LH_R,7,700-800,750.0,302,10,11.0,11.0,0.033112582781456956,0.018083533244214522,0.05987054494527966
post_neuropil,ICL_R | LH_R,8,800-900,850.0,343,8,11.0,11.0,0.023323615160349854,0.011864662573673777,0.04534185475296755
post_neuropil,ICL_R | LH_R,11,1100-1200,1150.0,359,9,13.0,13.0,0.025069637883008356,0.013244023726877698,0.046951940572695444
post_neuropil,ICL_R | LH_R,12,1200-1300,1250.0,367,9,10.0,10.0,0.02452316076294278,0.012954151140019205,0.04594323254077605
post_neuropil,ICL_R | LH_R,13,1300-1400,1350.0,355,5,5.0,5.0,0.014084507042253521,0.006030577136995145,0.03254243112068736
post_neuropil,ICL_R | LH_R,14,1400-1500,1450.0,379,1,4.0,4.0,0.002638522427440633,0.00046590394921568277,0.014792625949311543
post_neuropil,ICL_R | LH_R,16,1600-1700,1650.0,408,0,0.0,0.0,0.0,0.0,0.009327858089129412
post_neuropil,ICL_R | LH_R,17,1700-1800,1750.0,345,2,3.0,3.0,0.005797101449275362,0.001591183229382601,0.02088778716864332
post_neuropil,ICL_R | LH_R,18,1800-1900,1850.0,344,0,0.0,0.0,0.0,0.0,0.011044107432808497
post_neuropil,ICL_R | LH_R,19,1900-2000,1950.0,373,2,2.0,2.0,0.005361930294906166,0.001471637530210474,0.019337105453579
post_neuropil,ICL_R | MB_CA_R,0,0-100,50.0,179,52,146.0,146.0,0.2905027932960894,0.22895085667241477,0.3608580270827044
post_neuropil,ICL_R | MB_CA_R,1,100-200,150.0,105,20,36.0,36.0,0.19047619047619047,0.12682403782859736,0.27597783204468634
post_neuropil,ICL_R | MB_CA_R,2,200-300,250.0,70,16,20.0,20.0,0.22857142857142856,0.14587940188627677,0.3395055301845342
post_neuropil,ICL_R | MB_CA_R,10,1000-1100,1050.0,184,3,7.0,7.0,0.016304347826086956,0.0055600783671788424,0.046833001759906956
post_neuropil,ICL_R | MB_CA_R,13,1300-1400,1350.0,280,4,4.0,4.0,0.014285714285714285,0.005568997959385648,0.036150045338002756
post_neuropil,ICL_R | MB_CA_R,14,1400-1500,1450.0,303,2,2.0,2.0,0.006600660066006601,0.0018119713889009192,0.023743885444070877
post_neuropil,ICL_R | MB_CA_R,15,1500-1600,1550.0,329,3,3.0,3.0,0.00911854103343465,0.0031058218387631908,0.026462597493435665
post_neuropil,ICL_R | MB_CA_R,16,1600-1700,1650.0,375,1,1.0,1.0,0.0026666666666666666,0.0004708752303397238,0.014948761895044606
post_neuropil,ICL_R | MB_CA_R,17,1700-1800,1750.0,438,1,10.0,10.0,0.00228310502283105,0.0004031274789038867,0.012817900147286133
post_neuropil,ICL_R | MB_CA_R,18,1800-1900,1850.0,455,1,1.0,1.0,0.002197802197802198,0.0003880614797145592,0.012343129414920974
post_neuropil,ICL_R | MB_CA_R,19,1900-2000,1950.0,518,2,2.0,2.0,0.003861003861003861,0.001059443692624549,0.013967338380709585
post_neuropil,IPS_L | IPS_L,0,0-100,50.0,43577,13119,94023.0,94023.0,0.30105330793767354,0.29676403603193635,0.30537765367788317
post_neuropil,IPS_L | IPS_L,1,100-200,150.0,15103,2606,8303.0,8303.0,0.17254850029795404,0.1666056525859754,0.17865788681593373
post_neuropil,IPS_L | IPS_L,2,200-300,250.0,9388,1290,3894.0,3894.0,0.1374094588836813,0.13059327289661507,0.14452226993792341
post_neuropil,IPS_L | IPS_L,3,300-400,350.0,7828,941,2298.0,2298.0,0.12020950434338273,0.11319088852764439,0.12760070255867179
post_neuropil,IPS_L | IPS_L,4,400-500,450.0,7384,758,1788.0,1788.0,0.10265438786565548,0.09593696675614338,0.10978504006111162
post_neuropil,IPS_L | IPS_L,5,500-600,550.0,6797,557,1401.0,1401.0,0.08194791819920554,0.07566084237389226,0.08870728524137231
post_neuropil,IPS_L | IPS_L,6,600-700,650.0,6666,487,991.0,991.0,0.07305730573057306,0.06705302373615077,0.07955339642231296
post_neuropil,IPS_L | IPS_L,7,700-800,750.0,6407,391,811.0,811.0,0.06102700171687217,0.05542430368797967,0.06715579562378618
post_neuropil,IPS_L | IPS_L,8,800-900,850.0,6025,321,712.0,712.0,0.05327800829875519,0.047886285789568654,0.05923903659408795
post_neuropil,IPS_L | IPS_L,9,900-1000,950.0,5791,258,495.0,495.0,0.04455189086513556,0.03953308009962485,0.05017456609384488
post_neuropil,IPS_L | IPS_L,10,1000-1100,1050.0,5418,215,477.0,477.0,0.03968253968253968,0.034802220725651076,0.04521516672439911
post_neuropil,IPS_L | IPS_L,11,1100-1200,1150.0,5152,169,334.0,334.0,0.032802795031055904,0.028276408468327612,0.03802539568329723
post_neuropil,IPS_L | IPS_L,12,1200-1300,1250.0,5127,156,256.0,256.0,0.030427150380339378,0.02606576497242612,0.0354916995963495
post_neuropil,IPS_L | IPS_L,13,1300-1400,1350.0,4812,131,262.0,262.0,0.027223607647547797,0.022989090788866882,0.032212392582180865
post_neuropil,IPS_L | IPS_L,14,1400-1500,1450.0,4527,100,176.0,176.0,0.02208968411751712,0.018196077312357107,0.02679371001545414
post_neuropil,IPS_L | IPS_L,15,1500-1600,1550.0,4225,93,191.0,191.0,0.02201183431952663,0.01800256620984249,0.026889538521628172
post_neuropil,IPS_L | IPS_L,16,1600-1700,1650.0,4102,81,161.0,161.0,0.019746465138956608,0.01591647489088263,0.0244751466465873
post_neuropil,IPS_L | IPS_L,17,1700-1800,1750.0,3900,74,160.0,160.0,0.018974358974358976,0.015141717395340634,0.02375371319794984
post_neuropil,IPS_L | IPS_L,18,1800-1900,1850.0,3892,65,149.0,149.0,0.01670092497430627,0.013125275899994612,0.021229714302892486
post_neuropil,IPS_L | IPS_L,19,1900-2000,1950.0,3707,61,118.0,118.0,0.016455354734286484,0.012832171100065745,0.021079704847428216
post_neuropil,IPS_L | LOP_R,0,0-100,50.0,1017,635,10280.0,10280.0,0.6243854473942969,0.594205603487155,0.6536291242512129
post_neuropil,IPS_L | LOP_R,1,100-200,150.0,451,209,1201.0,1201.0,0.4634146341463415,0.4178946603948657,0.5095526091600738
post_neuropil,IPS_L | LOP_R,6,600-700,650.0,278,65,288.0,288.0,0.23381294964028776,0.18789356083625036,0.2869887844243499
post_neuropil,IPS_L | LOP_R,11,1100-1200,1150.0,231,24,58.0,58.0,0.1038961038961039,0.07081601415348052,0.1499353348409055
post_neuropil,IPS_L | LOP_R,12,1200-1300,1250.0,247,23,75.0,75.0,0.0931174089068826,0.06285059489681502,0.1358469098232952
post_neuropil,IPS_L | LOP_R,13,1300-1400,1350.0,226,24,47.0,47.0,0.10619469026548672,0.07240620889645531,0.15314738975583392
post_neuropil,IPS_L | LOP_R,14,1400-1500,1450.0,248,23,76.0,76.0,0.09274193548387097,0.06259383727295131,0.13531468935648563
post_neuropil,IPS_L | LOP_R,15,1500-1600,1550.0,213,15,42.0,42.0,0.07042253521126761,0.04313778930137429,0.1129282054155066
post_neuropil,IPS_L | LOP_R,16,1600-1700,1650.0,249,19,72.0,72.0,0.07630522088353414,0.04939102679407255,0.11609439965473968
post_neuropil,IPS_L | LOP_R,18,1800-1900,1850.0,232,10,15.0,15.0,0.04310344827586207,0.023578533935250966,0.07751304617614585
post_neuropil,IPS_L | LOP_R,19,1900-2000,1950.0,232,15,56.0,56.0,0.06465517241379311,0.03956951837514469,0.10392340229703528
post_neuropil,IPS_R | LOP_L,0,0-100,50.0,878,602,9761.0,9761.0,0.6856492027334852,0.6541876440162446,0.7154932601279917
post_neuropil,IPS_R | LOP_L,1,100-200,150.0,443,243,1408.0,1408.0,0.5485327313769752,0.5019718883320438,0.5942590803154592
post_neuropil,IPS_R | LOP_L,2,200-300,250.0,265,105,470.0,470.0,0.39622641509433965,0.33922270197002063,0.4561958642042619
post_neuropil,IPS_R | LOP_L,5,500-600,550.0,236,66,317.0,317.0,0.2796610169491525,0.2262767980810222,0.34010367970098054
post_neuropil,IPS_R | LOP_L,8,800-900,850.0,245,46,117.0,117.0,0.18775510204081633,0.1438151913539711,0.2413358444856956
post_neuropil,IPS_R | LOP_L,10,1000-1100,1050.0,217,33,63.0,63.0,0.15207373271889402,0.1103797619104662,0.20587224858031092
post_neuropil,IPS_R | LOP_L,11,1100-1200,1150.0,200,32,86.0,86.0,0.16,0.11567342208544587,0.2171418619390124
post_neuropil,IPS_R | LOP_L,12,1200-1300,1250.0,209,29,55.0,55.0,0.13875598086124402,0.09837803339536333,0.19217418947836068
post_neuropil,IPS_R | LOP_L,18,1800-1900,1850.0,193,17,56.0,56.0,0.08808290155440414,0.05572082436293392,0.13652309155727804
post_neuropil,LAL_L | LAL_R,0,0-100,50.0,12663,7200,120624.0,120624.0,0.5685856432125089,0.5599396578138428,0.5771900273004008
post_neuropil,LAL_L | LAL_R,1,100-200,150.0,3709,1250,5238.0,5238.0,0.33701806416823943,0.3219809775545116,0.35239241882199956
post_neuropil,LAL_L | LAL_R,2,200-300,250.0,2187,607,1954.0,1954.0,0.27754915409236397,0.259184149879694,0.29669428514728363
post_neuropil,LAL_L | LAL_R,3,300-400,350.0,1834,445,1202.0,1202.0,0.24263904034896402,0.22357061852688082,0.26278337411318137
post_neuropil,LAL_L | LAL_R,4,400-500,450.0,1737,350,915.0,915.0,0.20149683362118595,0.18330109545083773,0.22101001476160204
post_neuropil,LAL_L | LAL_R,5,500-600,550.0,1485,258,663.0,663.0,0.17373737373737375,0.15531494548367586,0.1938434874886431
post_neuropil,LAL_L | LAL_R,6,600-700,650.0,1432,197,425.0,425.0,0.13756983240223464,0.1206964839000309,0.15638254765888204
post_neuropil,LAL_L | LAL_R,7,700-800,750.0,1290,143,335.0,335.0,0.11085271317829458,0.09486210544523026,0.12915418835765874
post_neuropil,LAL_L | LAL_R,8,800-900,850.0,1251,119,230.0,230.0,0.09512390087929656,0.08008306199161003,0.11264373316723711
post_neuropil,LAL_L | LAL_R,9,900-1000,950.0,1157,98,206.0,206.0,0.0847018150388937,0.06999972440890623,0.10215261747822119
post_neuropil,LAL_L | LAL_R,10,1000-1100,1050.0,1149,90,159.0,159.0,0.0783289817232376,0.06416028409332143,0.09530793773351061
post_neuropil,LAL_L | LAL_R,11,1100-1200,1150.0,1042,62,124.0,124.0,0.05950095969289827,0.04669079431575151,0.0755472195479158
post_neuropil,LAL_L | LAL_R,13,1300-1400,1350.0,940,41,61.0,61.0,0.043617021276595745,0.032312659978345475,0.05863649928736182
post_neuropil,LAL_L | LAL_R,14,1400-1500,1450.0,841,38,64.0,64.0,0.04518430439952437,0.0330942935039788,0.06141052254674596
post_neuropil,LAL_L | LAL_R,15,1500-1600,1550.0,883,47,86.0,86.0,0.053227633069082674,0.04026184454376828,0.0700640580751436
post_neuropil,LAL_L | LAL_R,16,1600-1700,1650.0,869,28,57.0,57.0,0.03222094361334868,0.022385137409662456,0.04617438129338744
post_neuropil,LAL_L | LAL_R,17,1700-1800,1750.0,760,24,40.0,40.0,0.031578947368421054,0.021311193069509987,0.04655837569972175
post_neuropil,LAL_L | LAL_R,18,1800-1900,1850.0,819,23,37.0,37.0,0.028083028083028084,0.018784811253932127,0.04178772178280302
post_neuropil,LAL_L | LAL_R,19,1900-2000,1950.0,742,18,23.0,23.0,0.02425876010781671,0.015398864042333977,0.03801944890776159
post_neuropil,LAL_L | MB_CA_L,6,600-700,650.0,104,2,4.0,4.0,0.019230769230769232,0.0052896007240565805,0.06742445396355932
post_neuropil,LAL_L | MB_CA_L,7,700-800,750.0,101,3,4.0,4.0,0.0297029702970297,0.010152296701083391,0.08371883842085293
post_neuropil,LAL_L | MB_CA_L,8,800-900,850.0,139,3,3.0,3.0,0.02158273381294964,0.007366681010400868,0.06153201516774331
post_neuropil,LAL_L | MB_CA_L,9,900-1000,950.0,146,3,3.0,3.0,0.02054794520547945,0.007012254487828041,0.05866777028499873
post_neuropil,LAL_L | MB_CA_L,12,1200-1300,1250.0,235,0,0.0,0.0,0.0,0.0,0.016084300222406814
post_neuropil,LAL_L | MB_CA_L,13,1300-1400,1350.0,236,1,1.0,1.0,0.00423728813559322,0.000748358156783412,0.02360771685272286
post_neuropil,LAL_L | MB_CA_L,15,1500-1600,1550.0,329,0,0.0,0.0,0.0,0.0,0.011541826502456422
post_neuropil,LAL_L | MB_CA_L,16,1600-1700,1650.0,328,2,2.0,2.0,0.006097560975609756,0.0016737318701209834,0.021956819573700406
post_neuropil,LAL_L | MB_CA_L,17,1700-1800,1750.0,387,0,0.0,0.0,0.0,0.0,0.009829045833401561
post_neuropil,LAL_L | MB_CA_L,18,1800-1900,1850.0,427,2,2.0,2.0,0.00468384074941452,0.001285392315689882,0.016915264259719738
post_neuropil,LAL_L | MB_CA_L,19,1900-2000,1950.0,463,2,2.0,2.0,0.004319654427645789,0.0011853806233280226,0.015611751423173404
post_neuropil,LAL_L | WED_L,0,0-100,50.0,534,137,615.0,615.0,0.2565543071161049,0.22134228754040508,0.29524400849917243
post_neuropil,LAL_L | WED_L,1,100-200,150.0,278,33,57.0,57.0,0.11870503597122302,0.08578479197757366,0.16201964853085377
post_neuropil,LAL_L | WED_L,2,200-300,250.0,187,19,39.0,39.0,0.10160427807486631,0.06601451806968045,0.15323327696033395
post_neuropil,LAL_L | WED_L,3,300-400,350.0,170,15,27.0,27.0,0.08823529411764706,0.05419991529001811,0.14046925480505695
post_neuropil,LAL_L | WED_L,4,400-500,450.0,177,11,20.0,20.0,0.062146892655367235,0.035052438203876365,0.1078438865355641
post_neuropil,LAL_L | WED_L,7,700-800,750.0,168,5,5.0,5.0,0.02976190476190476,0.012777935316137214,0.06777066292782699
post_neuropil,LAL_L | WED_L,9,900-1000,950.0,160,5,7.0,7.0,0.03125,0.013420318754525096,0.07106127810488057
post_neuropil,LAL_L | WED_L,10,1000-1100,1050.0,164,4,6.0,6.0,0.024390243902439025,0.00952468414578959,0.061027550818605406
post_neuropil,LAL_L | WED_L,11,1100-1200,1150.0,186,3,8.0,8.0,0.016129032258064516,0.005500129644394957,0.0463409842105241
post_neuropil,LAL_L | WED_L,12,1200-1300,1250.0,158,3,4.0,4.0,0.0189873417721519,0.006477966396770545,0.054332109628182246
post_neuropil,LAL_L | WED_L,15,1500-1600,1550.0,142,1,1.0,1.0,0.007042253521126761,0.0012441822045132188,0.03881023299663651
post_neuropil,LAL_L | WED_L,18,1800-1900,1850.0,171,1,2.0,2.0,0.005847953216374269,0.0010330277288595376,0.03237778525843868
post_neuropil,LAL_L | WED_L,19,1900-2000,1950.0,130,2,5.0,5.0,0.015384615384615385,0.0042291172310416104,0.054359542796931754
post_neuropil,LAL_R | MB_CA_R,0,0-100,50.0,33,8,13.0,13.0,0.24242424242424243,0.12831561346647294,0.4102494868549029
post_neuropil,LAL_R | MB_CA_R,1,100-200,150.0,26,3,3.0,3.0,0.11538461538461539,0.04003171821149494,0.28976293086898336
post_neuropil,LAL_R | MB_CA_R,10,1000-1100,1050.0,154,1,1.0,1.0,0.006493506493506494,0.0011471549639692283,0.03586209988392892
post_neuropil,LAL_R | MB_CA_R,11,1100-1200,1150.0,195,1,1.0,1.0,0.005128205128205128,0.0009058051336621794,0.028472353159169905
post_neuropil,LAL_R | MB_CA_R,14,1400-1500,1450.0,326,0,0.0,0.0,0.0,0.0,0.01164680258645362
post_neuropil,LAL_R | MB_CA_R,15,1500-1600,1550.0,356,0,0.0,0.0,0.0,0.0,0.01067580846683652
post_neuropil,LAL_R | MB_CA_R,18,1800-1900,1850.0,524,0,0.0,0.0,0.0,0.0,0.00727794095804499
post_neuropil,LAL_R | MB_CA_R,19,1900-2000,1950.0,551,1,1.0,1.0,0.0018148820326678765,0.0003204348704705876,0.010207975400136375
post_neuropil,LAL_R | MB_ML_R,0,0-100,50.0,548,145,1923.0,1923.0,0.2645985401459854,0.2293959738833703,0.30307856228787877
post_neuropil,LAL_R | MB_ML_R,1,100-200,150.0,251,19,77.0,77.0,0.07569721115537849,0.048993081555848916,0.11519361323809371
post_neuropil,LAL_R | MB_ML_R,2,200-300,250.0,151,10,30.0,30.0,0.06622516556291391,0.03636630775459303,0.11760781806172506
post_neuropil,LAL_R | MB_ML_R,3,300-400,350.0,182,21,64.0,64.0,0.11538461538461539,0.07671799714543637,0.16995228550387362
post_neuropil,LAL_R | MB_ML_R,4,400-500,450.0,174,10,16.0,16.0,0.05747126436781609,0.031513103919128885,0.10254776822777038
post_neuropil,LAL_R | MB_ML_R,10,1000-1100,1050.0,177,5,12.0,12.0,0.02824858757062147,0.01212500832291968,0.06441490284796135
post_neuropil,LAL_R | MB_ML_R,11,1100-1200,1150.0,185,1,1.0,1.0,0.005405405405405406,0.0009548003385717804,0.0299790616918283
post_neuropil,LAL_R | MB_ML_R,13,1300-1400,1350.0,200,2,3.0,3.0,0.01,0.0027466006037749346,0.03572248519617954
post_neuropil,LAL_R | MB_ML_R,15,1500-1600,1550.0,206,2,4.0,4.0,0.009708737864077669,0.002666480623550089,0.03470265876539852
post_neuropil,LAL_R | MB_ML_R,17,1700-1800,1750.0,240,1,1.0,1.0,0.004166666666666667,0.0007358790897501449,0.023220656628519416
post_neuropil,LAL_R | MB_ML_R,19,1900-2000,1950.0,235,0,0.0,0.0,0.0,0.0,0.016084300222406814
post_neuropil,LAL_R | SLP_L,0,0-100,50.0,197,43,166.0,166.0,0.2182741116751269,0.16628011560881734,0.28104553804062576
post_neuropil,LAL_R | SLP_L,5,500-600,550.0,85,5,8.0,8.0,0.058823529411764705,0.025384785707111474,0.1304161003642785
post_neuropil,LAL_R | SLP_L,13,1300-1400,1350.0,98,4,4.0,4.0,0.04081632653061224,0.015984990527160965,0.10028969486662703
post_neuropil,LA_L | LA_L,0,0-100,50.0,5879,4245,51960.0,51960.0,0.7220615750978058,0.7104677971704545,0.733365332723779
post_neuropil,LA_L | LA_L,1,100-200,150.0,1021,589,6408.0,6408.0,0.5768854064642507,0.5463474947586494,0.6068469110890443
post_neuropil,LA_L | LA_L,2,200-300,250.0,545,320,3198.0,3198.0,0.5871559633027523,0.5453504033710539,0.6277414322332444
post_neuropil,LA_L | LA_L,3,300-400,350.0,487,222,1921.0,1921.0,0.45585215605749485,0.41213517441329983,0.500260188978882
post_neuropil,LA_L | LA_L,4,400-500,450.0,516,194,1478.0,1478.0,0.375968992248062,0.3352365483666153,0.4185346003833116
post_neuropil,LA_L | LA_L,5,500-600,550.0,527,157,1156.0,1156.0,0.29791271347248577,0.26044196440432427,0.3383083972854905
post_neuropil,LA_L | LA_L,6,600-700,650.0,601,145,940.0,940.0,0.24126455906821964,0.2087704525207041,0.27704533792757197
post_neuropil,LA_L | LA_L,7,700-800,750.0,689,133,699.0,699.0,0.193033381712627,0.1652972915430596,0.22417354854506438
post_neuropil,LA_L | LA_L,8,800-900,850.0,747,127,563.0,563.0,0.17001338688085676,0.14477927210972255,0.19862418342603896
post_neuropil,LA_L | LA_L,9,900-1000,950.0,907,106,487.0,487.0,0.11686879823594266,0.09755827393347358,0.1394111398482421
post_neuropil,LA_L | LA_L,10,1000-1100,1050.0,940,91,295.0,295.0,0.09680851063829787,0.07951348340746699,0.1173856572958036
post_neuropil,LA_L | LA_L,11,1100-1200,1150.0,1040,79,346.0,346.0,0.07596153846153846,0.061374124186455124,0.09367008941836769
post_neuropil,LA_L | LA_L,12,1200-1300,1250.0,1090,59,127.0,127.0,0.05412844036697248,0.042193881636803515,0.06919482400394007
post_neuropil,LA_L | LA_L,13,1300-1400,1350.0,1224,46,109.0,109.0,0.03758169934640523,0.02829267490786961,0.04976429921647999
post_neuropil,LA_L | LA_L,14,1400-1500,1450.0,1324,44,133.0,133.0,0.03323262839879154,0.024847831938558614,0.04431824931691642
post_neuropil,LA_L | LA_L,15,1500-1600,1550.0,1331,43,59.0,59.0,0.032306536438767845,0.024072115950855864,0.04323294856016927
post_neuropil,LA_L | LA_L,16,1600-1700,1650.0,1464,42,153.0,153.0,0.028688524590163935,0.021293562982009892,0.038550496485987205
post_neuropil,LA_L | LA_L,17,1700-1800,1750.0,1469,25,50.0,50.0,0.01701837985023826,0.011553521176925464,0.02500275208423175
post_neuropil,LA_L | LA_L,18,1800-1900,1850.0,1516,32,59.0,59.0,0.021108179419525065,0.014991109623333037,0.0296461736303955
post_neuropil,LA_L | LA_L,19,1900-2000,1950.0,1602,34,89.0,89.0,0.02122347066167291,0.015226949776509511,0.02951071301663273
post_neuropil,LA_R | ME_R,0,0-100,50.0,47578,25543,269070.0,269070.0,0.5368657783008953,0.5323823497577866,0.5413432540027874
post_neuropil,LA_R | ME_R,1,100-200,150.0,13664,4215,17397.0,17397.0,0.3084748243559719,0.30078527808620964,0.3162720340207729
post_neuropil,LA_R | ME_R,2,200-300,250.0,8643,2278,8260.0,8260.0,0.26356589147286824,0.2543841219124983,0.27295774589736205
post_neuropil,LA_R | ME_R,3,300-400,350.0,7838,1745,5932.0,5932.0,0.22263332482776219,0.21356041689449662,0.23197798826788263
post_neuropil,LA_R | ME_R,4,400-500,450.0,8260,1522,4596.0,4596.0,0.18426150121065377,0.17604792151337978,0.19276863469941113
post_neuropil,LA_R | ME_R,5,500-600,550.0,8103,1190,3225.0,3225.0,0.14685918795507838,0.1393193860046965,0.15473367653448028
post_neuropil,LA_R | ME_R,6,600-700,650.0,8676,1148,2912.0,2912.0,0.13231904103273398,0.12535152648055672,0.13961201847630053
post_neuropil,LA_R | ME_R,7,700-800,750.0,8936,944,2471.0,2471.0,0.10564010743061773,0.0994355232807924,0.11218361771159387
post_neuropil,LA_R | ME_R,8,800-900,850.0,9275,800,2022.0,2022.0,0.0862533692722372,0.08070981133538112,0.0921395236505723
post_neuropil,LA_R | ME_R,9,900-1000,950.0,9697,680,1558.0,1558.0,0.07012478086005981,0.06521057567498899,0.07537945313240853
post_neuropil,LA_R | ME_R,10,1000-1100,1050.0,9933,640,1389.0,1389.0,0.06443169233866908,0.05976967972732772,0.06943048785912148
post_neuropil,LA_R | ME_R,11,1100-1200,1150.0,10450,567,1133.0,1133.0,0.054258373205741624,0.05007660777379194,0.0587677428044682
post_neuropil,LA_R | ME_R,12,1200-1300,1250.0,10320,513,955.0,955.0,0.04970930232558139,0.04568092208965581,0.054072797494728375
post_neuropil,LA_R | ME_R,13,1300-1400,1350.0,10593,417,854.0,854.0,0.03936561880487114,0.03582625704671216,0.04323896178226419
post_neuropil,LA_R | ME_R,14,1400-1500,1450.0,10824,402,733.0,733.0,0.03713968957871397,0.033738189586063796,0.04086962514221963
post_neuropil,LA_R | ME_R,15,1500-1600,1550.0,10703,370,606.0,606.0,0.03456974679996263,0.031272254617246295,0.038201230448601686
post_neuropil,LA_R | ME_R,16,1600-1700,1650.0,10679,346,692.0,692.0,0.0324000374566907,0.029206346706254552,0.03593003049136297
post_neuropil,LA_R | ME_R,17,1700-1800,1750.0,10610,312,540.0,540.0,0.0294062205466541,0.026357947703852184,0.03279514913527909
post_neuropil,LA_R | ME_R,18,1800-1900,1850.0,10609,289,577.0,577.0,0.0272410217739655,0.024310330115250106,0.030513968779402198
post_neuropil,LA_R | ME_R,19,1900-2000,1950.0,10756,264,451.0,451.0,0.024544440312383786,0.021785564706468943,0.027642820930732264
post_neuropil,LH_L | LH_L,0,0-100,50.0,161723,52000,180996.0,180996.0,0.3215374436536547,0.3192653042027949,0.32381806137255803
post_neuropil,LH_L | LH_L,1,100-200,150.0,69172,11881,23027.0,23027.0,0.17176024981206267,0.16896769505183626,0.17458926139869427
post_neuropil,LH_L | LH_L,2,200-300,250.0,40476,5247,8884.0,8884.0,0.129632374740587,0.12639509728147974,0.1329399491283857
post_neuropil,LH_L | LH_L,3,300-400,350.0,34147,3653,5880.0,5880.0,0.106978651126014,0.10374436820068152,0.11030135534599676
post_neuropil,LH_L | LH_L,4,400-500,450.0,31002,2713,4198.0,4198.0,0.0875104831946326,0.08441575770703952,0.09070742295192377
post_neuropil,LH_L | LH_L,5,500-600,550.0,27758,1942,2946.0,2946.0,0.06996181281072124,0.06702009738889075,0.07302254301000843
post_neuropil,LH_L | LH_L,6,600-700,650.0,26174,1514,2250.0,2250.0,0.05784366164896462,0.05507980953377528,0.06073728670841452
post_neuropil,LH_L | LH_L,7,700-800,750.0,23634,1117,1573.0,1573.0,0.04726241854954726,0.04462981276875687,0.05004218131043181
post_neuropil,LH_L | LH_L,8,800-900,850.0,21706,848,1170.0,1170.0,0.039067538929328294,0.03657040938166634,0.04172779432332983
post_neuropil,LH_L | LH_L,9,900-1000,950.0,20036,634,860.0,860.0,0.03164304252345777,0.02930753621892167,0.03415811512634645
post_neuropil,LH_L | LH_L,10,1000-1100,1050.0,18392,499,669.0,669.0,0.027131361461505,0.024880245336662905,0.02957997571677343
post_neuropil,LH_L | LH_L,11,1100-1200,1150.0,17104,406,559.0,559.0,0.023737137511693172,0.021560416318083905,0.02612775025928258
post_neuropil,LH_L | LH_L,12,1200-1300,1250.0,15570,296,396.0,396.0,0.01901091843288375,0.016981460122975557,0.021277667926715142
post_neuropil,LH_L | LH_L,13,1300-1400,1350.0,14377,221,308.0,308.0,0.01537177436182792,0.013486302956131287,0.017516166329115554
post_neuropil,LH_L | LH_L,14,1400-1500,1450.0,13641,212,272.0,272.0,0.015541382596583829,0.013597836345996563,0.017757720027776227
post_neuropil,LH_L | LH_L,15,1500-1600,1550.0,12428,158,196.0,196.0,0.012713228194399743,0.010888639987839281,0.014838972242998665
post_neuropil,LH_L | LH_L,16,1600-1700,1650.0,11970,141,166.0,166.0,0.011779448621553884,0.00999720712582477,0.013874964358387946
post_neuropil,LH_L | LH_L,17,1700-1800,1750.0,11197,100,129.0,129.0,0.00893096365097794,0.007348930401194335,0.010849844947972285
post_neuropil,LH_L | LH_L,18,1800-1900,1850.0,10415,108,133.0,133.0,0.010369659145463275,0.008596630472373858,0.012503757501659647
post_neuropil,LH_L | LH_L,19,1900-2000,1950.0,10039,74,98.0,98.0,0.0073712521167446955,0.005876129612135353,0.009243256518578886
post_neuropil,LH_L | SLP_L,0,0-100,50.0,68271,25258,101528.0,101528.0,0.3699667501574607,0.36635255669453604,0.37359557670398946
post_neuropil,LH_L | SLP_L,1,100-200,150.0,40028,9238,18946.0,18946.0,0.23078844808633955,0.22668673846209325,0.23494182673486735
post_neuropil,LH_L | SLP_L,2,200-300,250.0,27580,4969,8971.0,8971.0,0.18016678752719362,0.17567557387595353,0.18474708748387678
post_neuropil,LH_L | SLP_L,3,300-400,350.0,26214,3769,6205.0,6205.0,0.14377813382162202,0.13958286300862557,0.14807779628836246
post_neuropil,LH_L | SLP_L,4,400-500,450.0,26190,3030,4787.0,4787.0,0.1156930126002291,0.11187539378879334,0.11962335666558828
post_neuropil,LH_L | SLP_L,5,500-600,550.0,25218,2460,3606.0,3606.0,0.09754936949797763,0.09394837987893115,0.10127295558453478
post_neuropil,LH_L | SLP_L,6,600-700,650.0,25504,2006,2868.0,2868.0,0.0786543287327478,0.07541354271051802,0.08202202800433227
post_neuropil,LH_L | SLP_L,7,700-800,750.0,24953,1599,2155.0,2155.0,0.06408047128601771,0.061108442494144447,0.06718670203247705
post_neuropil,LH_L | SLP_L,8,800-900,850.0,24398,1336,1828.0,1828.0,0.05475858676940733,0.05197324074914536,0.05768412216070977
post_neuropil,LH_L | SLP_L,9,900-1000,950.0,23350,1001,1377.0,1377.0,0.042869379014989294,0.040345505082006315,0.04554364473564083
post_neuropil,LH_L | SLP_L,10,1000-1100,1050.0,22585,863,1170.0,1170.0,0.038211202125304405,0.03578847890242838,0.04079099474353318
post_neuropil,LH_L | SLP_L,11,1100-1200,1150.0,21764,687,931.0,931.0,0.03156588862341481,0.029324391053581124,0.03397272518416291
post_neuropil,LH_L | SLP_L,12,1200-1300,1250.0,20997,546,711.0,711.0,0.026003714816402342,0.02393622045508049,0.028244621668884674
post_neuropil,LH_L | SLP_L,13,1300-1400,1350.0,20377,497,620.0,620.0,0.024390243902439025,0.022360165101528384,0.026599618777072585
post_neuropil,LH_L | SLP_L,14,1400-1500,1450.0,19571,406,525.0,525.0,0.020744979817076285,0.018840127248496045,0.022837941809288814
post_neuropil,LH_L | SLP_L,15,1500-1600,1550.0,18755,292,373.0,373.0,0.015569181551586243,0.013893959573472002,0.017442815507564984
post_neuropil,LH_L | SLP_L,16,1600-1700,1650.0,18164,275,339.0,339.0,0.015139837040299493,0.013463774361418471,0.01702094761017776
post_neuropil,LH_L | SLP_L,17,1700-1800,1750.0,17540,240,305.0,305.0,0.013683010262257697,0.012067137628634178,0.015511861944640583
post_neuropil,LH_L | SLP_L,18,1800-1900,1850.0,16811,183,234.0,234.0,0.010885729581821426,0.009425081732972771,0.012569868252164166
post_neuropil,LH_L | SLP_L,19,1900-2000,1950.0,16336,170,197.0,197.0,0.010406464250734574,0.008961309815915922,0.012081831752849347
post_neuropil,LH_L | SPS_L,0,0-100,50.0,422,90,246.0,246.0,0.2132701421800948,0.17686549654569733,0.25484807958213984
post_neuropil,LH_L | SPS_L,2,200-300,250.0,147,19,38.0,38.0,0.1292517006802721,0.08432985363284276,0.19305781661197038
post_neuropil,LH_L | SPS_L,3,300-400,350.0,129,10,22.0,22.0,0.07751937984496124,0.04264931398826815,0.13682458575398126
post_neuropil,LH_L | SPS_L,4,400-500,450.0,146,8,9.0,9.0,0.0547945205479452,0.02802334056202123,0.10439382529846077
post_neuropil,LH_L | SPS_L,5,500-600,550.0,157,8,10.0,10.0,0.050955414012738856,0.026042771818301898,0.09731834868783584
post_neuropil,LH_L | SPS_L,8,800-900,850.0,198,4,6.0,6.0,0.020202020202020204,0.007883407186424475,0.05078437983072165
post_neuropil,LH_L | SPS_L,9,900-1000,950.0,161,8,14.0,14.0,0.049689440993788817,0.025390243011169274,0.0949774311681641
post_neuropil,LH_L | SPS_L,12,1200-1300,1250.0,166,2,2.0,2.0,0.012048192771084338,0.003310221981407086,0.042859856491711396
post_neuropil,LH_L | SPS_L,14,1400-1500,1450.0,185,3,4.0,4.0,0.016216216216216217,0.0055299415368799225,0.046585694001052405
post_neuropil,LH_L | SPS_L,17,1700-1800,1750.0,168,1,1.0,1.0,0.005952380952380952,0.0010514882493867714,0.03294260863984144
post_neuropil,LH_R | LH_R,0,0-100,50.0,185590,62313,217025.0,217025.0,0.3357562368662105,0.33361106103101124,0.33790821205245525
post_neuropil,LH_R | LH_R,1,100-200,150.0,73350,13019,25303.0,25303.0,0.1774914792092706,0.17474326378486799,0.18027347469771482
post_neuropil,LH_R | LH_R,2,200-300,250.0,41559,5422,9353.0,9353.0,0.13046512187492482,0.12726096819293994,0.1337375868240491
post_neuropil,LH_R | LH_R,3,300-400,350.0,33788,3458,5567.0,5567.0,0.10234402746537233,0.09915717894473966,0.10562129042403251
post_neuropil,LH_R | LH_R,4,400-500,450.0,30003,2540,4047.0,4047.0,0.084658200846582,0.08156120475996662,0.08786154448399242
post_neuropil,LH_R | LH_R,5,500-600,550.0,25960,1670,2463.0,2463.0,0.06432973805855162,0.06140922813269357,0.06737917119262046
post_neuropil,LH_R | LH_R,6,600-700,650.0,24160,1382,2069.0,2069.0,0.057201986754966884,0.05434342336931672,0.06020134338664479
post_neuropil,LH_R | LH_R,7,700-800,750.0,21223,907,1250.0,1250.0,0.04273665363049522,0.04009714520520605,0.045541671640725465
post_neuropil,LH_R | LH_R,8,800-900,850.0,19207,688,969.0,969.0,0.03582027385848909,0.033283451493588086,0.038542740649914885
post_neuropil,LH_R | LH_R,9,900-1000,950.0,17528,519,738.0,738.0,0.029609767229575538,0.027201536758521865,0.03222414274339653
post_neuropil,LH_R | LH_R,10,1000-1100,1050.0,15777,406,561.0,561.0,0.025733662927045698,0.023375943396912575,0.028322287957237763
post_neuropil,LH_R | LH_R,11,1100-1200,1150.0,14754,302,393.0,393.0,0.02046902534905788,0.01830588527239673,0.02288181794837777
post_neuropil,LH_R | LH_R,12,1200-1300,1250.0,13362,243,329.0,329.0,0.018185900314324203,0.0160547799618973,0.020593985948960124
post_neuropil,LH_R | LH_R,13,1300-1400,1350.0,12221,199,257.0,257.0,0.01628344652647083,0.014186723418179663,0.01868418101955146
post_neuropil,LH_R | LH_R,14,1400-1500,1450.0,11125,140,174.0,174.0,0.012584269662921348,0.010674627480908732,0.014830416997395283
post_neuropil,LH_R | LH_R,15,1500-1600,1550.0,10462,109,136.0,136.0,0.010418658000382336,0.008644718501983114,0.012552009719089905
post_neuropil,LH_R | LH_R,16,1600-1700,1650.0,9866,104,136.0,136.0,0.010541252787350497,0.008707911422983128,0.012755614394898288
post_neuropil,LH_R | LH_R,17,1700-1800,1750.0,9168,70,93.0,93.0,0.007635253054101222,0.006048125457174672,0.009634831823727347
post_neuropil,LH_R | LH_R,18,1800-1900,1850.0,8708,52,75.0,75.0,0.0059715204409738175,0.00455690027842737,0.007821837186220749
post_neuropil,LH_R | LH_R,19,1900-2000,1950.0,8067,55,76.0,76.0,0.0068179000867732735,0.005242067576413299,0.008863227217130907
post_neuropil,LH_R | SLP_R,0,0-100,50.0,85803,31556,140151.0,140151.0,0.36777268860063167,0.3645521787523135,0.3710050381677882
post_neuropil,LH_R | SLP_R,1,100-200,150.0,47366,10984,24006.0,24006.0,0.23189629692184266,0.22811729184351262,0.23571878735502957
post_neuropil,LH_R | SLP_R,2,200-300,250.0,32125,5667,10813.0,10813.0,0.1764046692607004,0.17227525057310486,0.18061147161733973
post_neuropil,LH_R | SLP_R,3,300-400,350.0,29985,4450,7755.0,7755.0,0.14840753710188428,0.1444286751743172,0.15247647770761338
post_neuropil,LH_R | SLP_R,4,400-500,450.0,29374,3487,5877.0,5877.0,0.1187104241846531,0.11506124102894001,0.12245932617297452
post_neuropil,LH_R | SLP_R,5,500-600,550.0,27805,2797,4406.0,4406.0,0.10059341844991908,0.0971128537199772,0.10418433371842369
post_neuropil,LH_R | SLP_R,6,600-700,650.0,28189,2273,3387.0,3387.0,0.08063428997126539,0.07751265052501419,0.08387021625206156
post_neuropil,LH_R | SLP_R,7,700-800,750.0,26797,1725,2541.0,2541.0,0.064372877560921,0.061496433635638795,0.06737420600875209
post_neuropil,LH_R | SLP_R,8,800-900,850.0,25884,1438,2095.0,2095.0,0.05555555555555555,0.05283036996462779,0.05841264691168065
post_neuropil,LH_R | SLP_R,9,900-1000,950.0,25017,1158,1614.0,1614.0,0.04628852380381341,0.04375379679937158,0.048962572900998536
post_neuropil,LH_R | SLP_R,10,1000-1100,1050.0,23669,878,1198.0,1198.0,0.03709493430225189,0.03476130684677205,0.039578801102076816
post_neuropil,LH_R | SLP_R,11,1100-1200,1150.0,23088,732,964.0,964.0,0.03170478170478171,0.029521425704307044,0.034043950562607936
post_neuropil,LH_R | SLP_R,12,1200-1300,1250.0,21935,603,841.0,841.0,0.027490312286300434,0.025407824547693404,0.029738277605667333
post_neuropil,LH_R | SLP_R,13,1300-1400,1350.0,21050,503,652.0,652.0,0.023895486935866985,0.021917544255786924,0.026047174924013504
post_neuropil,LH_R | SLP_R,14,1400-1500,1450.0,20328,431,528.0,528.0,0.02120228256591893,0.01931049979754589,0.023274998212629443
post_neuropil,LH_R | SLP_R,15,1500-1600,1550.0,19171,327,428.0,428.0,0.017057013197016326,0.015318455619681488,0.018989082023810694
post_neuropil,LH_R | SLP_R,16,1600-1700,1650.0,18836,278,383.0,383.0,0.014758972180930134,0.013133141465998857,0.016582692238250547
post_neuropil,LH_R | SLP_R,17,1700-1800,1750.0,18174,233,302.0,302.0,0.01282051282051282,0.011284788939448592,0.014562152096719311
post_neuropil,LH_R | SLP_R,18,1800-1900,1850.0,17364,224,314.0,314.0,0.0129002533978346,0.011326266649066318,0.01468972373168428
post_neuropil,LH_R | SLP_R,19,1900-2000,1950.0,16729,183,244.0,244.0,0.010939087811584673,0.009471312140991946,0.012631425029483626
post_neuropil,LH_R | SPS_R,0,0-100,50.0,667,169,705.0,705.0,0.25337331334332835,0.22184152509728916,0.28772973583822825
post_neuropil,LH_R | SPS_R,1,100-200,150.0,313,44,135.0,135.0,0.14057507987220447,0.10641263037725196,0.1834533468176618
post_neuropil,LH_R | SPS_R,2,200-300,250.0,201,24,78.0,78.0,0.11940298507462686,0.08156455592889678,0.1715168494106436
post_neuropil,LH_R | SPS_R,4,400-500,450.0,189,15,26.0,26.0,0.07936507936507936,0.04868345273517812,0.12680565334981597
post_neuropil,LH_R | SPS_R,5,500-600,550.0,169,6,8.0,8.0,0.03550295857988166,0.01637081664977746,0.07528304445773368
post_neuropil,LH_R | SPS_R,6,600-700,650.0,212,15,25.0,25.0,0.07075471698113207,0.04334350845014459,0.11344554426258549
post_neuropil,LH_R | SPS_R,9,900-1000,950.0,200,6,16.0,16.0,0.03,0.01382012583074833,0.06389511973247332
post_neuropil,LH_R | SPS_R,13,1300-1400,1350.0,207,5,8.0,8.0,0.024154589371980676,0.010360371106764996,0.05528891252606648
post_neuropil,LH_R | SPS_R,15,1500-1600,1550.0,210,0,0.0,0.0,0.0,0.0,0.017964699104383804
post_neuropil,LH_R | SPS_R,16,1600-1700,1650.0,237,3,3.0,3.0,0.012658227848101266,0.0043140292211805535,0.036549343219460934
post_neuropil,LH_R | SPS_R,17,1700-1800,1750.0,231,3,6.0,6.0,0.012987012987012988,0.004426327366291737,0.03748106893828122
post_neuropil,LOP_L | LOP_L,0,0-100,50.0,111800,50878,236914.0,236914.0,0.4550805008944544,0.452163017706494,0.4580010709664664
post_neuropil,LOP_L | LOP_L,1,100-200,150.0,23553,4696,8537.0,8537.0,0.19938012142826816,0.19432677879712415,0.2045315129697993
post_neuropil,LOP_L | LOP_L,2,200-300,250.0,12541,1808,2975.0,2975.0,0.14416713180767085,0.13812830413349278,0.15042389249209073
post_neuropil,LOP_L | LOP_L,3,300-400,350.0,10042,1221,1917.0,1917.0,0.1215893248356901,0.11534153172854456,0.12812653171374583
post_neuropil,LOP_L | LOP_L,4,400-500,450.0,9251,784,1153.0,1153.0,0.08474759485461031,0.07924313095418502,0.0905967936967134
post_neuropil,LOP_L | LOP_L,5,500-600,550.0,8196,584,818.0,818.0,0.07125427037579307,0.06588341224659322,0.07702686055672534
post_neuropil,LOP_L | LOP_L,6,600-700,650.0,7877,488,676.0,676.0,0.06195251999492193,0.056839318316368834,0.06749278347336894
post_neuropil,LOP_L | LOP_L,7,700-800,750.0,7320,330,490.0,490.0,0.045081967213114756,0.0405626581429824,0.05007851574586852
post_neuropil,LOP_L | LOP_L,8,800-900,850.0,6728,258,347.0,347.0,0.03834720570749108,0.03401571006121819,0.04320559591841151
post_neuropil,LOP_L | LOP_L,9,900-1000,950.0,6405,201,256.0,256.0,0.03138173302107728,0.027384843426980502,0.035940422717840426
post_neuropil,LOP_L | LOP_L,10,1000-1100,1050.0,5988,156,192.0,192.0,0.026052104208416832,0.02231119703308071,0.03040074381662399
post_neuropil,LOP_L | LOP_L,11,1100-1200,1150.0,5900,100,139.0,139.0,0.01694915254237288,0.013955813984440239,0.02057112860832851
post_neuropil,LOP_L | LOP_L,12,1200-1300,1250.0,5501,113,164.0,164.0,0.020541719687329575,0.017114306894549906,0.024638320465336348
post_neuropil,LOP_L | LOP_L,13,1300-1400,1350.0,5385,81,99.0,99.0,0.015041782729805013,0.012119286274510675,0.01865571368095285
post_neuropil,LOP_L | LOP_L,14,1400-1500,1450.0,5058,72,95.0,95.0,0.014234875444839857,0.011319417980253235,0.01788765953872721
post_neuropil,LOP_L | LOP_L,15,1500-1600,1550.0,4898,53,68.0,68.0,0.010820743160473663,0.008282560034749906,0.0141256711900208
post_neuropil,LOP_L | LOP_L,16,1600-1700,1650.0,4774,35,53.0,53.0,0.007331378299120235,0.005276290233200681,0.010178721921241609
post_neuropil,LOP_L | LOP_L,17,1700-1800,1750.0,4686,39,51.0,51.0,0.008322663252240717,0.006094285035150455,0.01135653889033138
post_neuropil,LOP_L | LOP_L,18,1800-1900,1850.0,4555,31,37.0,37.0,0.006805708013172338,0.0047987763444582825,0.009643839955261364
post_neuropil,LOP_L | LOP_L,19,1900-2000,1950.0,4409,18,37.0,37.0,0.0040825584032660464,0.0025840086488112925,0.006444550182758821
post_neuropil,LOP_L | LOP_R,0,0-100,50.0,845,571,10131.0,10131.0,0.6757396449704142,0.6434437717830838,0.7064448293410835
post_neuropil,LOP_L | LOP_R,2,200-300,250.0,341,153,839.0,839.0,0.44868035190615835,0.396754122556395,0.5017500022359734
post_neuropil,LOP_L | LOP_R,4,400-500,450.0,359,125,631.0,631.0,0.34818941504178275,0.30075119405173334,0.3988422373519426
post_neuropil,LOP_L | LOP_R,5,500-600,550.0,328,118,583.0,583.0,0.3597560975609756,0.3097163611356832,0.4130429312495994
post_neuropil,LOP_L | LOP_R,9,900-1000,950.0,349,90,373.0,373.0,0.25787965616045844,0.21479274938647847,0.3062387843102284
post_neuropil,LOP_L | LOP_R,11,1100-1200,1150.0,353,83,402.0,402.0,0.23512747875354106,0.1938854774603586,0.28207248259810985
post_neuropil,LOP_L | LOP_R,13,1300-1400,1350.0,280,55,244.0,244.0,0.19642857142857142,0.15413466232102815,0.2469397397398396
post_neuropil,LOP_L | LOP_R,14,1400-1500,1450.0,313,72,366.0,366.0,0.23003194888178913,0.18684876300762993,0.2797616820854386
post_neuropil,LOP_L | LOP_R,16,1600-1700,1650.0,259,35,158.0,158.0,0.13513513513513514,0.09879507690356609,0.18214066538380397
post_neuropil,LOP_L | LO_L,0,0-100,50.0,189447,95728,388050.0,388050.0,0.5053022745147719,0.5030507632443165,0.5075535707508932
post_neuropil,LOP_L | LO_L,1,100-200,150.0,70094,19972,42035.0,42035.0,0.28493166319513796,0.2816018795371963,0.2882850198049369
post_neuropil,LOP_L | LO_L,2,200-300,250.0,43110,8456,15085.0,15085.0,0.1961493852934354,0.19242810902759278,0.19992480994773698
post_neuropil,LOP_L | LO_L,3,300-400,350.0,37187,5572,9107.0,9107.0,0.1498373087369242,0.14624586794641634,0.15350108911088242
post_neuropil,LOP_L | LO_L,4,400-500,450.0,35371,4095,6255.0,6255.0,0.11577280823273303,0.1124800547136133,0.11914901355619345
post_neuropil,LOP_L | LO_L,5,500-600,550.0,32813,2777,3964.0,3964.0,0.08463109133575107,0.08166790682133701,0.08769152355114587
post_neuropil,LOP_L | LO_L,6,600-700,650.0,32588,1966,2766.0,2766.0,0.06032895544372162,0.05779530824416853,0.06296625068535204
post_neuropil,LOP_L | LO_L,7,700-800,750.0,30528,1460,2010.0,2010.0,0.04782494758909853,0.045487490241712406,0.0502761927455595
post_neuropil,LOP_L | LO_L,8,800-900,850.0,29786,1133,1487.0,1487.0,0.03803800443161217,0.035924510859761165,0.040270644202761906
post_neuropil,LOP_L | LO_L,9,900-1000,950.0,28657,844,1132.0,1132.0,0.02945179188330949,0.02755646273713952,0.031473262335553386
post_neuropil,LOP_L | LO_L,10,1000-1100,1050.0,27111,606,777.0,777.0,0.022352550625207482,0.020659349625066735,0.0241810967229584
post_neuropil,LOP_L | LO_L,11,1100-1200,1150.0,26259,463,621.0,621.0,0.01763204996382193,0.016109299516358908,0.019295917259574434
post_neuropil,LOP_L | LO_L,12,1200-1300,1250.0,25199,378,487.0,487.0,0.015000595261716735,0.01357196924769981,0.016577075533028406
post_neuropil,LOP_L | LO_L,13,1300-1400,1350.0,24665,306,388.0,388.0,0.012406243665112508,0.0110987801116959,0.013865570058682589
post_neuropil,LOP_L | LO_L,14,1400-1500,1450.0,23446,219,264.0,264.0,0.00934061247121044,0.00818715133784373,0.010654835211012103
post_neuropil,LOP_L | LO_L,15,1500-1600,1550.0,22683,164,205.0,205.0,0.007230084204029449,0.006207906993036661,0.008419144486883752
post_neuropil,LOP_L | LO_L,16,1600-1700,1650.0,22278,159,195.0,195.0,0.007137085914354969,0.006113484715062199,0.008330635559089647
post_neuropil,LOP_L | LO_L,17,1700-1800,1750.0,21685,141,192.0,192.0,0.006502190454231035,0.0055163615640691395,0.00766283930205734
post_neuropil,LOP_L | LO_L,18,1800-1900,1850.0,20997,114,170.0,170.0,0.005429347049578512,0.004521838283069861,0.006517795480940815
post_neuropil,LOP_L | LO_L,19,1900-2000,1950.0,20658,83,100.0,100.0,0.004017813921967276,0.0032425492871935684,0.004977511793905803
post_neuropil,LOP_L | ME_L,0,0-100,50.0,233035,119543,460871.0,460871.0,0.5129830283004699,0.510953424521721,0.5150122040338238
post_neuropil,LOP_L | ME_L,1,100-200,150.0,88567,25602,50845.0,50845.0,0.2890692921742861,0.28609287034283853,0.2920640114813485
post_neuropil,LOP_L | ME_L,2,200-300,250.0,55987,11333,19055.0,19055.0,0.20242199081929735,0.1991141178821668,0.20577069813745882
post_neuropil,LOP_L | ME_L,3,300-400,350.0,49105,7475,11749.0,11749.0,0.1522248243559719,0.14907460504208714,0.15542945395815605
post_neuropil,LOP_L | ME_L,4,400-500,450.0,47666,5387,7980.0,7980.0,0.11301556665128183,0.11020433778398002,0.11588916784243682
post_neuropil,LOP_L | ME_L,5,500-600,550.0,44729,3856,5512.0,5512.0,0.08620805294104496,0.08364234578787007,0.08884483195493624
post_neuropil,LOP_L | ME_L,6,600-700,650.0,44917,2954,4124.0,4124.0,0.0657657457087517,0.06351034134303693,0.06809542091409762
post_neuropil,LOP_L | ME_L,7,700-800,750.0,43832,2151,2923.0,2923.0,0.04907373608322687,0.04709059629070373,0.05113591066884327
post_neuropil,LOP_L | ME_L,8,800-900,850.0,43464,1571,2136.0,2136.0,0.03614485551260813,0.03443067819777624,0.03794102198804573
post_neuropil,LOP_L | ME_L,9,900-1000,950.0,42463,1217,1631.0,1631.0,0.028660245390104325,0.02711538482072116,0.03029038184688992
post_neuropil,LOP_L | ME_L,10,1000-1100,1050.0,40325,966,1318.0,1318.0,0.023955362678239306,0.022507623285270593,0.025493795133849088
post_neuropil,LOP_L | ME_L,11,1100-1200,1150.0,39874,783,1066.0,1066.0,0.01963685609670462,0.018320525466009922,0.02104573752651874
post_neuropil,LOP_L | ME_L,12,1200-1300,1250.0,38715,597,805.0,805.0,0.015420379697791553,0.014240168940241838,0.01669674834604392
post_neuropil,LOP_L | ME_L,13,1300-1400,1350.0,37789,441,611.0,611.0,0.01167006271666358,0.010635787096246851,0.012803614718937109
post_neuropil,LOP_L | ME_L,14,1400-1500,1450.0,37106,395,519.0,519.0,0.010645178677302861,0.009650455667105706,0.011741217424810695
post_neuropil,LOP_L | ME_L,15,1500-1600,1550.0,36276,304,376.0,376.0,0.008380196273017974,0.007492765883691592,0.009371739941493712
post_neuropil,LOP_L | ME_L,16,1600-1700,1650.0,36007,303,414.0,414.0,0.008415030410753465,0.007522536851182443,0.009412407540675368
post_neuropil,LOP_L | ME_L,17,1700-1800,1750.0,35059,209,263.0,263.0,0.005961379389029921,0.005207928461629176,0.006823087301793717
post_neuropil,LOP_L | ME_L,18,1800-1900,1850.0,34575,188,237.0,237.0,0.005437454808387563,0.004715341718679683,0.006269456569068627
post_neuropil,LOP_L | ME_L,19,1900-2000,1950.0,34316,132,166.0,166.0,0.0038466021680848583,0.003244873293141534,0.004559405150847554
post_neuropil,LOP_L | PLP_R,2,200-300,250.0,139,69,232.0,232.0,0.49640287769784175,0.4145045407192233,0.5784946975979057
post_neuropil,LOP_L | PLP_R,4,400-500,450.0,137,44,184.0,184.0,0.32116788321167883,0.2487767776546171,0.4033146498781574
post_neuropil,LOP_L | PLP_R,7,700-800,750.0,116,31,58.0,58.0,0.2672413793103448,0.19512298408590828,0.3542822307977381
post_neuropil,LOP_L | PLP_R,8,800-900,850.0,129,23,34.0,34.0,0.17829457364341086,0.12184608409727599,0.25334963772480384
post_neuropil,LOP_L | PLP_R,10,1000-1100,1050.0,130,19,66.0,66.0,0.14615384615384616,0.09560570341282686,0.21701458803616952
post_neuropil,LOP_L | PLP_R,11,1100-1200,1150.0,115,16,33.0,33.0,0.1391304347826087,0.08748856525656708,0.21410279669076449
post_neuropil,LOP_L | PLP_R,14,1400-1500,1450.0,125,8,12.0,12.0,0.064,0.032783186697971346,0.12121676362863126
post_neuropil,LOP_L | PLP_R,18,1800-1900,1850.0,113,3,4.0,4.0,0.02654867256637168,0.009069309551816493,0.07516096459711677
post_neuropil,LOP_R | LOP_R,0,0-100,50.0,175027,82384,451358.0,451358.0,0.4706930930656413,0.4683553218228278,0.4730321507721733
post_neuropil,LOP_R | LOP_R,1,100-200,150.0,32877,6432,12858.0,12858.0,0.19563828816497855,0.19138587374513064,0.1999618221727257
post_neuropil,LOP_R | LOP_R,2,200-300,250.0,16945,2331,4180.0,4180.0,0.13756270286220124,0.13245858784129766,0.14283111691350986
post_neuropil,LOP_R | LOP_R,3,300-400,350.0,13201,1478,2634.0,2634.0,0.11196121505946519,0.10669469164326356,0.11745351775290214
post_neuropil,LOP_R | LOP_R,4,400-500,450.0,11481,1014,1772.0,1772.0,0.08831983276718056,0.08326599018737116,0.09364908367834066
post_neuropil,LOP_R | LOP_R,5,500-600,550.0,10317,762,1267.0,1267.0,0.07385867984879325,0.06896891315246677,0.07906568123564982
post_neuropil,LOP_R | LOP_R,6,600-700,650.0,9645,555,877.0,877.0,0.05754276827371695,0.053068890136406636,0.062368967191461615
post_neuropil,LOP_R | LOP_R,7,700-800,750.0,9156,406,652.0,652.0,0.04434250764525994,0.040313543972540535,0.04875367308501207
post_neuropil,LOP_R | LOP_R,8,800-900,850.0,8499,320,497.0,497.0,0.037651488410401224,0.03380893921346929,0.04191181748038703
post_neuropil,LOP_R | LOP_R,9,900-1000,950.0,7963,253,391.0,391.0,0.03177194524676629,0.028139666930327198,0.035855781403928616
post_neuropil,LOP_R | LOP_R,10,1000-1100,1050.0,7647,204,314.0,314.0,0.026677128285602196,0.023296210547403946,0.030533370762971107
post_neuropil,LOP_R | LOP_R,11,1100-1200,1150.0,7271,169,285.0,285.0,0.02324302021730161,0.02002318614583691,0.026966373049513825
post_neuropil,LOP_R | LOP_R,12,1200-1300,1250.0,6801,120,184.0,184.0,0.0176444640494045,0.014776806480249939,0.021056738858997937
post_neuropil,LOP_R | LOP_R,13,1300-1400,1350.0,6398,116,173.0,173.0,0.018130665833072834,0.015138642544797807,0.021701006846089964
post_neuropil,LOP_R | LOP_R,14,1400-1500,1450.0,6405,72,132.0,132.0,0.011241217798594848,0.008936437795820469,0.01413194323578437
post_neuropil,LOP_R | LOP_R,15,1500-1600,1550.0,6165,73,123.0,123.0,0.01184103811841038,0.009428600754214122,0.014861470172554363
post_neuropil,LOP_R | LOP_R,16,1600-1700,1650.0,5897,53,95.0,95.0,0.008987620824147871,0.006878132825517951,0.011736432256181577
post_neuropil,LOP_R | LOP_R,17,1700-1800,1750.0,5695,45,78.0,78.0,0.007901668129938543,0.005910790093378176,0.01055599501607284
post_neuropil,LOP_R | LOP_R,18,1800-1900,1850.0,5487,60,84.0,84.0,0.010934937124111536,0.008505117728289276,0.014049093269165105
post_neuropil,LOP_R | LOP_R,19,1900-2000,1950.0,5333,40,72.0,72.0,0.007500468779298706,0.005513141579837532,0.010196824404537945
post_neuropil,LOP_R | LO_R,0,0-100,50.0,246871,130827,601582.0,601582.0,0.5299407382803164,0.5279714450570335,0.5319090996926507
post_neuropil,LOP_R | LO_R,1,100-200,150.0,84791,23933,51939.0,51939.0,0.28225873028977133,0.2792390227719332,0.2852981671884523
post_neuropil,LOP_R | LO_R,2,200-300,250.0,51967,9806,17813.0,17813.0,0.1886966728885639,0.1853556520122106,0.19208371583516326
post_neuropil,LOP_R | LO_R,3,300-400,350.0,44291,6180,10038.0,10038.0,0.1395317333092502,0.13633596005709891,0.14279003189587836
post_neuropil,LOP_R | LO_R,4,400-500,450.0,41374,4366,6672.0,6672.0,0.10552520906849712,0.10260131593120016,0.10852234983294161
post_neuropil,LOP_R | LO_R,5,500-600,550.0,37925,2903,4260.0,4260.0,0.07654581410678972,0.07391264574801089,0.07926476107266038
post_neuropil,LOP_R | LO_R,6,600-700,650.0,37282,2207,3131.0,3131.0,0.05919746794699855,0.05684701599256795,0.06163875261081527
post_neuropil,LOP_R | LO_R,7,700-800,750.0,35550,1524,2077.0,2077.0,0.04286919831223629,0.04081243511414786,0.04502474766724813
post_neuropil,LOP_R | LO_R,8,800-900,850.0,33913,1046,1387.0,1387.0,0.030843629286704213,0.029055957992477982,0.03273757882080831
post_neuropil,LOP_R | LO_R,9,900-1000,950.0,32750,812,1033.0,1033.0,0.024793893129770993,0.023164693247073643,0.026534564015011915
post_neuropil,LOP_R | LO_R,10,1000-1100,1050.0,30997,590,779.0,779.0,0.01903410007420073,0.017571417351832642,0.02061598463147352
post_neuropil,LOP_R | LO_R,11,1100-1200,1150.0,29958,452,562.0,562.0,0.01508778957206756,0.013768232285698586,0.016531694271552818
post_neuropil,LOP_R | LO_R,12,1200-1300,1250.0,28664,290,389.0,389.0,0.01011722020653084,0.009022547835311855,0.011343184895679653
post_neuropil,LOP_R | LO_R,13,1300-1400,1350.0,27283,247,325.0,325.0,0.009053256606678151,0.007996404972798191,0.010248344906938715
post_neuropil,LOP_R | LO_R,14,1400-1500,1450.0,26757,181,236.0,236.0,0.006764584968419479,0.005850747745297919,0.007820033071998947
post_neuropil,LOP_R | LO_R,15,1500-1600,1550.0,25424,151,191.0,191.0,0.005939269981120201,0.005066527058315059,0.006961296805429633
post_neuropil,LOP_R | LO_R,16,1600-1700,1650.0,24950,132,171.0,171.0,0.005290581162324649,0.0044634319441179465,0.0062700496693904135
post_neuropil,LOP_R | LO_R,17,1700-1800,1750.0,24376,118,160.0,160.0,0.004840827042993108,0.0040441061986974175,0.005793595125826363
post_neuropil,LOP_R | LO_R,18,1800-1900,1850.0,23575,109,136.0,136.0,0.004623541887592789,0.0038345819299189336,0.005573920988222729
post_neuropil,LOP_R | LO_R,19,1900-2000,1950.0,22949,79,134.0,134.0,0.0034424157915377575,0.0027632393956207716,0.00428780913337705
post_neuropil,LOP_R | ME_R,0,0-100,50.0,335362,175023,745985.0,745985.0,0.5218927606586315,0.5202018744741085,0.5235831452820597
post_neuropil,LOP_R | ME_R,1,100-200,150.0,116570,32086,64606.0,64606.0,0.27525092219267394,0.27269434317471897,0.2778223140716525
post_neuropil,LOP_R | ME_R,2,200-300,250.0,71176,13579,23120.0,23120.0,0.19078060020231538,0.18791069909966263,0.19368387865505948
post_neuropil,LOP_R | ME_R,3,300-400,350.0,61598,8809,13800.0,13800.0,0.1430078898665541,0.14026549261171734,0.14579481244253928
post_neuropil,LOP_R | ME_R,4,400-500,450.0,58951,6206,9141.0,9141.0,0.10527387152041526,0.10282202734499962,0.10777715777773675
post_neuropil,LOP_R | ME_R,5,500-600,550.0,54315,4343,6200.0,6200.0,0.07995949553530332,0.07770804003097274,0.08227036422130056
post_neuropil,LOP_R | ME_R,6,600-700,650.0,54690,3305,4601.0,4601.0,0.06043152313037118,0.058465137017764596,0.06245965828862324
post_neuropil,LOP_R | ME_R,7,700-800,750.0,51985,2331,3183.0,3183.0,0.044839857651245554,0.043094192208765765,0.046652789189642614
post_neuropil,LOP_R | ME_R,8,800-900,850.0,51594,1738,2421.0,2421.0,0.0336860875295577,0.032163647878855,0.03527796386484242
post_neuropil,LOP_R | ME_R,9,900-1000,950.0,50266,1322,1790.0,1790.0,0.02630008355548482,0.024936893389670683,0.027735673615195317
post_neuropil,LOP_R | ME_R,10,1000-1100,1050.0,47720,939,1242.0,1242.0,0.019677284157585916,0.018469241309439968,0.020962655556130038
post_neuropil,LOP_R | ME_R,11,1100-1200,1150.0,47699,795,1072.0,1072.0,0.01666701608000168,0.015556431009483992,0.01785544858806184
post_neuropil,LOP_R | ME_R,12,1200-1300,1250.0,46314,631,874.0,874.0,0.013624390033251286,0.012608208332081811,0.014721251683170717
post_neuropil,LOP_R | ME_R,13,1300-1400,1350.0,45171,484,639.0,639.0,0.010714839166722012,0.009806109494353227,0.011706784974766503
post_neuropil,LOP_R | ME_R,14,1400-1500,1450.0,43708,374,511.0,511.0,0.008556785943076782,0.007735429689593439,0.009464522828536113
post_neuropil,LOP_R | ME_R,15,1500-1600,1550.0,42816,309,423.0,423.0,0.007216928251121076,0.0064581742700230834,0.008064102711029551
post_neuropil,LOP_R | ME_R,16,1600-1700,1650.0,42619,284,400.0,400.0,0.006663694596306812,0.005934483274145793,0.007481834796960946
post_neuropil,LOP_R | ME_R,17,1700-1800,1750.0,41311,257,367.0,367.0,0.00622110333809397,0.005507431529336824,0.0070266017610147
post_neuropil,LOP_R | ME_R,18,1800-1900,1850.0,40827,195,255.0,255.0,0.004776251010360791,0.004152470181077284,0.005493218826714315
post_neuropil,LOP_R | ME_R,19,1900-2000,1950.0,40484,165,217.0,217.0,0.004075684220926786,0.0035003641209469987,0.004745113701708779
post_neuropil,LOP_R | PVLP_R,0,0-100,50.0,3089,2347,25630.0,25630.0,0.759792813208158,0.7444103837772618,0.7745298684490405
post_neuropil,LOP_R | PVLP_R,1,100-200,150.0,699,259,510.0,510.0,0.37052932761087265,0.3355251957133264,0.406948784199075
post_neuropil,LOP_R | PVLP_R,2,200-300,250.0,534,142,314.0,314.0,0.26591760299625467,0.2302121077404894,0.30496702306679657
post_neuropil,LOP_R | PVLP_R,3,300-400,350.0,424,69,162.0,162.0,0.16273584905660377,0.13065591059846904,0.20087239333457535
post_neuropil,LOP_R | PVLP_R,4,400-500,450.0,428,78,119.0,119.0,0.1822429906542056,0.14854925311743372,0.22159016837415024
post_neuropil,LOP_R | PVLP_R,6,600-700,650.0,442,41,54.0,54.0,0.09276018099547512,0.06911328596319655,0.12342505052222788
post_neuropil,LOP_R | PVLP_R,8,800-900,850.0,462,32,48.0,48.0,0.06926406926406926,0.049487086413973924,0.09614524869736005
post_neuropil,LOP_R | PVLP_R,9,900-1000,950.0,465,18,27.0,27.0,0.03870967741935484,0.02462356400109277,0.0603552433402353
post_neuropil,LOP_R | PVLP_R,11,1100-1200,1150.0,471,12,22.0,22.0,0.025477707006369428,0.014633119126643683,0.04400032832193707
post_neuropil,LOP_R | PVLP_R,12,1200-1300,1250.0,463,8,11.0,11.0,0.017278617710583154,0.008780666951403107,0.033721115237673446
post_neuropil,LOP_R | PVLP_R,14,1400-1500,1450.0,510,7,7.0,7.0,0.013725490196078431,0.006664104351913391,0.02805788001058275
post_neuropil,LOP_R | PVLP_R,15,1500-1600,1550.0,517,6,6.0,6.0,0.01160541586073501,0.005329349265630426,0.025086039981311446
post_neuropil,LOP_R | PVLP_R,16,1600-1700,1650.0,527,7,12.0,12.0,0.013282732447817837,0.006448648846741617,0.02716137719492505
post_neuropil,LOP_R | PVLP_R,17,1700-1800,1750.0,480,4,4.0,4.0,0.008333333333333333,0.0032452534639503556,0.021228871952301574
post_neuropil,LOP_R | PVLP_R,19,1900-2000,1950.0,489,6,7.0,7.0,0.012269938650306749,0.005635148350930836,0.026508242142079492
post_neuropil,LO_L | LO_L,0,0-100,50.0,771439,295829,1113887.0,1113887.0,0.38347685299809836,0.3823923863133103,0.38456248019743755
post_neuropil,LO_L | LO_L,1,100-200,150.0,207277,32710,56940.0,56940.0,0.1578081504460215,0.1562450323362111,0.15938395245077466
post_neuropil,LO_L | LO_L,2,200-300,250.0,111363,11568,18589.0,18589.0,0.1038765119474152,0.10209819541648947,0.10568215704346572
post_neuropil,LO_L | LO_L,3,300-400,350.0,89177,6988,10507.0,10507.0,0.07836101236866008,0.07661527595762894,0.08014307425735716
post_neuropil,LO_L | LO_L,4,400-500,450.0,79477,4586,6729.0,6729.0,0.05770222831762648,0.05610234503817624,0.05934486733759205
post_neuropil,LO_L | LO_L,5,500-600,550.0,70367,3109,4417.0,4417.0,0.04418264243182173,0.042688968114067354,0.0457260836109926
post_neuropil,LO_L | LO_L,6,600-700,650.0,66307,2189,3043.0,3043.0,0.03301310570527999,0.03167995838708488,0.034400361124347766
post_neuropil,LO_L | LO_L,7,700-800,750.0,62084,1552,2183.0,2183.0,0.0249983892790413,0.023799390661393072,0.026256168042390244
post_neuropil,LO_L | LO_L,8,800-900,850.0,58059,1110,1565.0,1565.0,0.019118482922544307,0.018035956082216455,0.020264642695229526
post_neuropil,LO_L | LO_L,9,900-1000,950.0,56016,828,1142.0,1142.0,0.014781491002570694,0.013814877694583068,0.01581465271094382
post_neuropil,LO_L | LO_L,10,1000-1100,1050.0,52773,620,875.0,875.0,0.011748431963314574,0.010863983099619615,0.012703960003667567
post_neuropil,LO_L | LO_L,11,1100-1200,1150.0,51797,512,693.0,693.0,0.009884742359596115,0.009068366514126201,0.010773813038416048
post_neuropil,LO_L | LO_L,12,1200-1300,1250.0,49490,378,485.0,485.0,0.007637906647807638,0.0069081581857588685,0.008444087173186959
post_neuropil,LO_L | LO_L,13,1300-1400,1350.0,48595,308,408.0,408.0,0.006338100627636588,0.005670471853618999,0.007083774535661191
post_neuropil,LO_L | LO_L,14,1400-1500,1450.0,47874,275,374.0,374.0,0.00574424531060701,0.005105796040076504,0.006462010308152863
post_neuropil,LO_L | LO_L,15,1500-1600,1550.0,47059,202,281.0,281.0,0.004292483903185363,0.003740903146394954,0.004924990924905661
post_neuropil,LO_L | LO_L,16,1600-1700,1650.0,46345,205,279.0,279.0,0.0044233466393354196,0.003858871011938214,0.0050699735009740576
post_neuropil,LO_L | LO_L,17,1700-1800,1750.0,45270,158,199.0,199.0,0.0034901700905677047,0.0029874230676242394,0.0040771773439299665
post_neuropil,LO_L | LO_L,18,1800-1900,1850.0,44675,144,214.0,214.0,0.0032232792389479577,0.0027386633934741666,0.0037933233266112536
post_neuropil,LO_L | LO_L,19,1900-2000,1950.0,44263,117,172.0,172.0,0.0026432912364729006,0.0022061941472441547,0.0031667123309085583
post_neuropil,LO_L | LO_R,0,0-100,50.0,13020,7905,54191.0,54191.0,0.6071428571428571,0.5987233703873299,0.6154991367414421
post_neuropil,LO_L | LO_R,1,100-200,150.0,6227,2594,8398.0,8398.0,0.4165729885980408,0.40438318641357507,0.42886566395039505
post_neuropil,LO_L | LO_R,2,200-300,250.0,4032,1367,3515.0,3515.0,0.33903769841269843,0.32458511701526327,0.35379671045784666
post_neuropil,LO_L | LO_R,3,300-400,350.0,3404,958,2369.0,2369.0,0.28143360752056407,0.2665793444195431,0.29678064273478943
post_neuropil,LO_L | LO_R,4,400-500,450.0,3202,798,1809.0,1809.0,0.24921923797626483,0.23454292393560539,0.2644965794509624
post_neuropil,LO_L | LO_R,5,500-600,550.0,2808,584,1218.0,1218.0,0.20797720797720798,0.1933692793572944,0.22338307255328269
post_neuropil,LO_L | LO_R,6,600-700,650.0,2737,469,989.0,989.0,0.17135549872122763,0.1577012041677712,0.18593105827307913
post_neuropil,LO_L | LO_R,7,700-800,750.0,2507,407,838.0,838.0,0.16234543278819305,0.14842835861197878,0.1772957332622358
post_neuropil,LO_L | LO_R,8,800-900,850.0,2413,311,599.0,599.0,0.12888520513883134,0.11610316353284407,0.1428470299759072
post_neuropil,LO_L | LO_R,9,900-1000,950.0,2301,285,601.0,601.0,0.12385919165580182,0.11102262552006836,0.13794962489401646
post_neuropil,LO_L | LO_R,10,1000-1100,1050.0,2145,221,434.0,434.0,0.10303030303030303,0.09086679653097388,0.11661317779565869
post_neuropil,LO_L | LO_R,11,1100-1200,1150.0,2072,182,333.0,333.0,0.08783783783783784,0.07639985454103251,0.10080133460557675
post_neuropil,LO_L | LO_R,12,1200-1300,1250.0,1941,148,253.0,253.0,0.0762493560020608,0.06526140765869687,0.08891135376310738
post_neuropil,LO_L | LO_R,13,1300-1400,1350.0,1874,152,266.0,266.0,0.08110992529348986,0.06958920615295874,0.09434453564933168
post_neuropil,LO_L | LO_R,14,1400-1500,1450.0,1740,116,198.0,198.0,0.06666666666666667,0.05587462546478296,0.07936793326302809
post_neuropil,LO_L | LO_R,15,1500-1600,1550.0,1705,93,195.0,195.0,0.05454545454545454,0.0447331509245646,0.06636058649381285
post_neuropil,LO_L | LO_R,16,1600-1700,1650.0,1638,84,151.0,151.0,0.05128205128205128,0.041610991520445686,0.06305294195523185
post_neuropil,LO_L | LO_R,17,1700-1800,1750.0,1577,77,143.0,143.0,0.04882688649334179,0.03924326782137381,0.06060329492090221
post_neuropil,LO_L | LO_R,18,1800-1900,1850.0,1565,68,137.0,137.0,0.043450479233226834,0.03441838170350625,0.054718469333590175
post_neuropil,LO_L | LO_R,19,1900-2000,1950.0,1585,49,85.0,85.0,0.030914826498422712,0.02346277975361527,0.0406352398349957
post_neuropil,LO_L | ME_L,0,0-100,50.0,968333,491358,1875515.0,1875515.0,0.5074266806976525,0.5064308677125404,0.5084224347562933
post_neuropil,LO_L | ME_L,1,100-200,150.0,423652,117951,245400.0,245400.0,0.278414831040571,0.2770671319645648,0.27976654866890904
post_neuropil,LO_L | ME_L,2,200-300,250.0,268117,50901,91948.0,91948.0,0.1898462238500356,0.18836617712567322,0.19133515825906544
post_neuropil,LO_L | ME_L,3,300-400,350.0,233939,33082,56235.0,56235.0,0.14141293243110384,0.14000679804866317,0.14283084360542542
post_neuropil,LO_L | ME_L,4,400-500,450.0,222664,24091,38594.0,38594.0,0.1081944095138864,0.10691092833076439,0.10949141003007058
post_neuropil,LO_L | ME_L,5,500-600,550.0,204240,16496,25655.0,25655.0,0.08076772424598512,0.07959386716162915,0.08195735191806529
post_neuropil,LO_L | ME_L,6,600-700,650.0,201684,12354,18574.0,18574.0,0.061254239305051465,0.060216016939262956,0.06230917547669872
post_neuropil,LO_L | ME_L,7,700-800,750.0,191923,9128,13457.0,13457.0,0.047560740505306814,0.04661754690563374,0.04852204611729443
post_neuropil,LO_L | ME_L,8,800-900,850.0,183998,6693,9751.0,9751.0,0.036375395384732445,0.03552955413476527,0.037240595791821124
post_neuropil,LO_L | ME_L,9,900-1000,950.0,178479,5205,7642.0,7642.0,0.029163094817877735,0.028392528594981613,0.029953929286603356
post_neuropil,LO_L | ME_L,10,1000-1100,1050.0,169854,4033,5837.0,5837.0,0.02374392125001472,0.023030557725074452,0.02447882732294561
post_neuropil,LO_L | ME_L,11,1100-1200,1150.0,166816,3134,4564.0,4564.0,0.01878716669863802,0.018146608960014497,0.019449887594865347
post_neuropil,LO_L | ME_L,12,1200-1300,1250.0,160515,2508,3645.0,3645.0,0.015624707971217643,0.015029481987203453,0.016243118474921978
post_neuropil,LO_L | ME_L,13,1300-1400,1350.0,156731,2006,2864.0,2864.0,0.01279899955975525,0.012254314208319007,0.013367567684723972
post_neuropil,LO_L | ME_L,14,1400-1500,1450.0,152043,1614,2333.0,2333.0,0.010615418006748091,0.010112502420837789,0.011143063074578593
post_neuropil,LO_L | ME_L,15,1500-1600,1550.0,148227,1319,1892.0,1892.0,0.00889851376604802,0.008432987515226427,0.009389495117159839
post_neuropil,LO_L | ME_L,16,1600-1700,1650.0,146212,1131,1598.0,1598.0,0.0077353432002845186,0.00729902218697945,0.00819753123162085
post_neuropil,LO_L | ME_L,17,1700-1800,1750.0,143263,1024,1437.0,1437.0,0.0071476934030419575,0.006724485805100646,0.007597331979706301
post_neuropil,LO_L | ME_L,18,1800-1900,1850.0,141455,793,1147.0,1147.0,0.005606023116892298,0.0052301299165801755,0.006008768847312996
post_neuropil,LO_L | ME_L,19,1900-2000,1950.0,139577,760,1110.0,1110.0,0.005445023177171024,0.005072332314665442,0.005844936721202013
post_neuropil,LO_L | PLP_L,0,0-100,50.0,30773,13798,94566.0,94566.0,0.4483800734410035,0.4428301939613617,0.4539428394352816
post_neuropil,LO_L | PLP_L,1,100-200,150.0,14262,3951,10553.0,10553.0,0.2770298695835086,0.2697456977740212,0.28443412713024524
post_neuropil,LO_L | PLP_L,2,200-300,250.0,9291,1929,4198.0,4198.0,0.20762027768808525,0.19949436126064457,0.21598787783420997
post_neuropil,LO_L | PLP_L,3,300-400,350.0,8480,1427,2995.0,2995.0,0.16827830188679246,0.16046618018255518,0.17639083987307622
post_neuropil,LO_L | PLP_L,4,400-500,450.0,8496,1139,2224.0,2224.0,0.13406308851224105,0.12698309117044027,0.1414738645450639
post_neuropil,LO_L | PLP_L,5,500-600,550.0,7883,823,1490.0,1490.0,0.10440187745782063,0.09784319454732034,0.11134594397931118
post_neuropil,LO_L | PLP_L,6,600-700,650.0,8087,740,1271.0,1271.0,0.09150488438234203,0.08541320112921542,0.09798448150493723
post_neuropil,LO_L | PLP_L,7,700-800,750.0,7683,595,1127.0,1127.0,0.07744370688533125,0.07167569083684554,0.08363407904315305
post_neuropil,LO_L | PLP_L,8,800-900,850.0,7704,441,733.0,733.0,0.05724299065420561,0.05227275136736163,0.06265457147746693
post_neuropil,LO_L | PLP_L,9,900-1000,950.0,7653,394,668.0,668.0,0.05148307853129492,0.046753214800416915,0.05666300318690569
post_neuropil,LO_L | PLP_L,10,1000-1100,1050.0,7329,326,564.0,564.0,0.04448082958111611,0.03999470065036334,0.04944424209183362
post_neuropil,LO_L | PLP_L,11,1100-1200,1150.0,7482,263,413.0,413.0,0.03515102913659449,0.03121086125461036,0.03956830137153979
post_neuropil,LO_L | PLP_L,12,1200-1300,1250.0,7232,212,366.0,366.0,0.0293141592920354,0.025669250532164418,0.033458854206889016
post_neuropil,LO_L | PLP_L,13,1300-1400,1350.0,6948,186,336.0,336.0,0.02677029360967185,0.023228424178898095,0.030835178190868215
post_neuropil,LO_L | PLP_L,14,1400-1500,1450.0,7198,150,239.0,239.0,0.020839121978327314,0.017785687481793315,0.024403743621495604
post_neuropil,LO_L | PLP_L,15,1500-1600,1550.0,7019,102,184.0,184.0,0.014531984613192762,0.011986098888569783,0.01760898695246642
post_neuropil,LO_L | PLP_L,16,1600-1700,1650.0,7044,110,183.0,183.0,0.015616127200454287,0.01297348075081975,0.01878682441835431
post_neuropil,LO_L | PLP_L,17,1700-1800,1750.0,6827,89,152.0,152.0,0.013036472828475172,0.010606448350032133,0.016014224569685404
post_neuropil,LO_L | PLP_L,18,1800-1900,1850.0,6852,67,98.0,98.0,0.009778166958552248,0.007707442101570127,0.012398273293021253
post_neuropil,LO_L | PLP_L,19,1900-2000,1950.0,6876,72,100.0,100.0,0.010471204188481676,0.008323711861142804,0.013165387539052689
post_neuropil,LO_L | PVLP_L,0,0-100,50.0,57179,42617,380532.0,380532.0,0.7453260812536071,0.7417385722533805,0.7488806277550362
post_neuropil,LO_L | PVLP_L,1,100-200,150.0,15117,6134,15492.0,15492.0,0.4057683402791559,0.39796542927430784,0.41361913226226704
post_neuropil,LO_L | PVLP_L,2,200-300,250.0,8986,2435,5052.0,5052.0,0.2709770754507011,0.26188650789639506,0.28026337825955244
post_neuropil,LO_L | PVLP_L,3,300-400,350.0,7716,1541,2864.0,2864.0,0.19971487817522032,0.19094481008382144,0.20878380610954714
post_neuropil,LO_L | PVLP_L,4,400-500,450.0,7320,1155,1958.0,1958.0,0.15778688524590165,0.14961548515572473,0.1663172897966992
post_neuropil,LO_L | PVLP_L,5,500-600,550.0,6915,839,1512.0,1512.0,0.12133044107013738,0.11384408825926522,0.1292372969252142
post_neuropil,LO_L | PVLP_L,6,600-700,650.0,6901,670,1147.0,1147.0,0.0970873786407767,0.09032428163131449,0.10429880718798586
post_neuropil,LO_L | PVLP_L,7,700-800,750.0,6935,490,769.0,769.0,0.07065609228550829,0.06485968816827184,0.07692789781726209
post_neuropil,LO_L | PVLP_L,8,800-900,850.0,6554,360,576.0,576.0,0.0549282880683552,0.04966835363053979,0.060709670748701074
post_neuropil,LO_L | PVLP_L,9,900-1000,950.0,6612,308,436.0,436.0,0.04658197217180883,0.04176018579304728,0.05193032819991169
post_neuropil,LO_L | PVLP_L,10,1000-1100,1050.0,6323,202,304.0,304.0,0.031946860667404715,0.027888373804573804,0.03657374264860247
post_neuropil,LO_L | PVLP_L,11,1100-1200,1150.0,6576,181,249.0,249.0,0.02752433090024331,0.023837394512594305,0.031762971307762226
post_neuropil,LO_L | PVLP_L,12,1200-1300,1250.0,6331,158,267.0,267.0,0.024956562944242616,0.021392427232258586,0.029096854141406697
post_neuropil,LO_L | PVLP_L,13,1300-1400,1350.0,6366,130,224.0,224.0,0.020420986490732013,0.017224834863329493,0.024195598574136203
post_neuropil,LO_L | PVLP_L,14,1400-1500,1450.0,6384,116,173.0,173.0,0.018170426065162906,0.015171887381142871,0.021748502128828694
post_neuropil,LO_L | PVLP_L,15,1500-1600,1550.0,5940,87,115.0,115.0,0.014646464646464647,0.011889977239387553,0.0180303355764856
post_neuropil,LO_L | PVLP_L,16,1600-1700,1650.0,6248,90,133.0,133.0,0.01440460947503201,0.011734358482597115,0.01767163286561619
post_neuropil,LO_L | PVLP_L,17,1700-1800,1750.0,6015,60,82.0,82.0,0.00997506234413965,0.0077578030833085,0.012817850544127055
post_neuropil,LO_L | PVLP_L,18,1800-1900,1850.0,5964,57,94.0,94.0,0.009557344064386318,0.007384457357454693,0.012361643142263663
post_neuropil,LO_L | PVLP_L,19,1900-2000,1950.0,5999,57,73.0,73.0,0.009501583597266211,0.007341333269607752,0.012289636169932349
post_neuropil,LO_L | PVLP_R,0,0-100,50.0,3344,2655,12095.0,12095.0,0.7939593301435407,0.779916960298551,0.8073270717966354
post_neuropil,LO_L | PVLP_R,1,100-200,150.0,1146,594,1379.0,1379.0,0.518324607329843,0.4893821220786332,0.5471446482173798
post_neuropil,LO_L | PVLP_R,2,200-300,250.0,758,272,569.0,569.0,0.35883905013192613,0.325482442152509,0.3936192713795428
post_neuropil,LO_L | PVLP_R,3,300-400,350.0,631,190,359.0,359.0,0.3011093502377179,0.26660723909017014,0.33801854472739945
post_neuropil,LO_L | PVLP_R,5,500-600,550.0,524,103,150.0,150.0,0.1965648854961832,0.1647988472015141,0.23274768948676516
post_neuropil,LO_L | PVLP_R,6,600-700,650.0,535,71,122.0,122.0,0.13271028037383178,0.10656366056051067,0.1640939872528727
post_neuropil,LO_L | PVLP_R,7,700-800,750.0,516,50,77.0,77.0,0.09689922480620156,0.0742740934519118,0.12548213998535065
post_neuropil,LO_L | PVLP_R,8,800-900,850.0,494,51,71.0,71.0,0.10323886639676114,0.07939745444062472,0.1332035013653987
post_neuropil,LO_L | PVLP_R,9,900-1000,950.0,516,30,40.0,40.0,0.05813953488372093,0.041025195214081094,0.08178452220753349
post_neuropil,LO_L | PVLP_R,10,1000-1100,1050.0,534,38,55.0,55.0,0.07116104868913857,0.05228122023745639,0.09616694740149158
post_neuropil,LO_L | PVLP_R,11,1100-1200,1150.0,516,19,27.0,27.0,0.03682170542635659,0.02369746032395914,0.05679167328904913
post_neuropil,LO_L | PVLP_R,12,1200-1300,1250.0,527,21,31.0,31.0,0.03984819734345351,0.026208497431155376,0.06014795993767179
post_neuropil,LO_L | PVLP_R,13,1300-1400,1350.0,499,19,25.0,25.0,0.03807615230460922,0.024509208434856152,0.0587010907925745
post_neuropil,LO_L | PVLP_R,14,1400-1500,1450.0,488,10,11.0,11.0,0.020491803278688523,0.011167969342947438,0.0373061735518382
post_neuropil,LO_L | PVLP_R,15,1500-1600,1550.0,507,12,19.0,19.0,0.023668639053254437,0.013590192675887961,0.0409112418196582
post_neuropil,LO_L | PVLP_R,16,1600-1700,1650.0,500,12,14.0,14.0,0.024,0.013781177149521824,0.04147745969189818
post_neuropil,LO_L | PVLP_R,17,1700-1800,1750.0,497,7,7.0,7.0,0.014084507042253521,0.006838833561378231,0.028784405402797267
post_neuropil,LO_L | PVLP_R,18,1800-1900,1850.0,507,7,14.0,14.0,0.013806706114398421,0.006703629300003164,0.0282222655370657
post_neuropil,LO_R | LO_R,0,0-100,50.0,748326,289806,1138605.0,1138605.0,0.3872723919788969,0.3861692692759424,0.38837667207089255
post_neuropil,LO_R | LO_R,1,100-200,150.0,192872,30057,52459.0,52459.0,0.15583910572815132,0.15422723996969984,0.15746468111949896
post_neuropil,LO_R | LO_R,2,200-300,250.0,102375,10359,16479.0,16479.0,0.10118681318681319,0.09935437395341237,0.10304918205634819
post_neuropil,LO_R | LO_R,3,300-400,350.0,81987,6070,9233.0,9233.0,0.07403612767877835,0.07226375075731312,0.07584842083430038
post_neuropil,LO_R | LO_R,4,400-500,450.0,71890,4114,6105.0,6105.0,0.05722631798581165,0.05555191347072111,0.0589480411401339
post_neuropil,LO_R | LO_R,5,500-600,550.0,63803,2701,3951.0,3951.0,0.0423334325972133,0.04079841933120387,0.04392355505970533
post_neuropil,LO_R | LO_R,6,600-700,650.0,60869,1913,2665.0,2665.0,0.03142814897566906,0.030071384126862197,0.032844055654414575
post_neuropil,LO_R | LO_R,7,700-800,750.0,56308,1294,1852.0,1852.0,0.02298074873907793,0.02177523605932672,0.024251346029936727
post_neuropil,LO_R | LO_R,8,800-900,850.0,53238,968,1356.0,1356.0,0.01818250122093242,0.01708179689998281,0.01935273544722285
post_neuropil,LO_R | LO_R,9,900-1000,950.0,51799,766,1071.0,1071.0,0.01478793026892411,0.013783853850096067,0.015863971492365455
post_neuropil,LO_R | LO_R,10,1000-1100,1050.0,48516,551,779.0,779.0,0.011357078077335311,0.010452108576748172,0.012339425021333481
post_neuropil,LO_R | LO_R,11,1100-1200,1150.0,47948,454,656.0,656.0,0.009468590973554684,0.00864017630087361,0.010375602229726142
post_neuropil,LO_R | LO_R,12,1200-1300,1250.0,45890,340,503.0,503.0,0.007409021573327523,0.006664578736842388,0.00823593026739839
post_neuropil,LO_R | LO_R,13,1300-1400,1350.0,44924,271,363.0,363.0,0.006032410292939186,0.005357375089000379,0.006791919881804538
post_neuropil,LO_R | LO_R,14,1400-1500,1450.0,44455,223,300.0,300.0,0.0050163086267011586,0.004400972619417618,0.005717185744834502
post_neuropil,LO_R | LO_R,15,1500-1600,1550.0,43331,179,244.0,244.0,0.004130991668782166,0.003569451324080354,0.004780448817241496
post_neuropil,LO_R | LO_R,16,1600-1700,1650.0,42762,133,171.0,171.0,0.003110238061830597,0.002625239226016252,0.003684506821399309
post_neuropil,LO_R | LO_R,17,1700-1800,1750.0,41922,135,172.0,172.0,0.0032202662086732504,0.0027215521388762112,0.0038100185952936183
post_neuropil,LO_R | LO_R,18,1800-1900,1850.0,41537,113,140.0,140.0,0.0027204660904735535,0.0022634496071691455,0.003269457073277117
post_neuropil,LO_R | LO_R,19,1900-2000,1950.0,40942,96,132.0,132.0,0.002344780421083484,0.0019206686737851507,0.0028622736799995617
post_neuropil,LO_R | ME_R,0,0-100,50.0,950122,485253,1899722.0,1899722.0,0.510727043474417,0.5097218393101408,0.5117321608943728
post_neuropil,LO_R | ME_R,1,100-200,150.0,411947,117450,253148.0,253148.0,0.2851094922405067,0.2837328289988212,0.28649016335542005
post_neuropil,LO_R | ME_R,2,200-300,250.0,258518,50609,94490.0,94490.0,0.19576586543296792,0.1942408172758284,0.19729995534723035
post_neuropil,LO_R | ME_R,3,300-400,350.0,224694,33217,57885.0,57885.0,0.14783216285259063,0.14637058509952672,0.14930578244774395
post_neuropil,LO_R | ME_R,4,400-500,450.0,211724,23555,39057.0,39057.0,0.11125332980672951,0.1099209575977615,0.11259980889174111
post_neuropil,LO_R | ME_R,5,500-600,550.0,194977,16326,26397.0,26397.0,0.08373295311754719,0.08251165327137103,0.08497065592387248
post_neuropil,LO_R | ME_R,6,600-700,650.0,191146,12076,18643.0,18643.0,0.06317683864689819,0.06209495375892882,0.06427628148670897
post_neuropil,LO_R | ME_R,7,700-800,750.0,182792,9040,13907.0,13907.0,0.049455118385924986,0.04847059112739713,0.0504585827625192
post_neuropil,LO_R | ME_R,8,800-900,850.0,174752,6818,10297.0,10297.0,0.0390152902398828,0.03811751363337638,0.039933334195907284
post_neuropil,LO_R | ME_R,9,900-1000,950.0,170461,5146,7683.0,7683.0,0.03018872352033603,0.0293869642728306,0.03101165812556078
post_neuropil,LO_R | ME_R,10,1000-1100,1050.0,160873,3899,5703.0,5703.0,0.024236509544796205,0.02349630588178213,0.02499943485011448
post_neuropil,LO_R | ME_R,11,1100-1200,1150.0,158099,3049,4672.0,4672.0,0.0192853844742851,0.018619054828532985,0.019975075031812294
post_neuropil,LO_R | ME_R,12,1200-1300,1250.0,151822,2383,3441.0,3441.0,0.015696012435615393,0.0150829126541743,0.01633362059032181
post_neuropil,LO_R | ME_R,13,1300-1400,1350.0,148068,1988,2921.0,2921.0,0.013426263608612259,0.012852529345075482,0.014025245368844195
post_neuropil,LO_R | ME_R,14,1400-1500,1450.0,144759,1634,2398.0,2398.0,0.011287726497143527,0.010756332035562225,0.011845059066171988
post_neuropil,LO_R | ME_R,15,1500-1600,1550.0,140441,1318,1907.0,1907.0,0.009384723834207959,0.008893691308192024,0.009902596045091585
post_neuropil,LO_R | ME_R,16,1600-1700,1650.0,138700,1090,1652.0,1652.0,0.007858687815428983,0.007407417501409177,0.008337219235458247
post_neuropil,LO_R | ME_R,17,1700-1800,1750.0,135828,993,1475.0,1475.0,0.007310716494389964,0.006871390912555658,0.007777910580828496
post_neuropil,LO_R | ME_R,18,1800-1900,1850.0,133647,819,1238.0,1238.0,0.0061280836831354235,0.005723632695300403,0.006560925937811863
post_neuropil,LO_R | ME_R,19,1900-2000,1950.0,131729,686,1020.0,1020.0,0.005207661183186694,0.004833138648668623,0.005611042037706246
post_neuropil,LO_R | PLP_R,0,0-100,50.0,27414,12063,80635.0,80635.0,0.44003064127817904,0.4341632915284055,0.44591479601879225
post_neuropil,LO_R | PLP_R,1,100-200,150.0,12844,3312,8878.0,8878.0,0.25786359389598257,0.2503711890907655,0.2655007998665081
post_neuropil,LO_R | PLP_R,2,200-300,250.0,8603,1724,3938.0,3938.0,0.20039521097291643,0.19207089575456646,0.2089869789482746
post_neuropil,LO_R | PLP_R,3,300-400,350.0,7751,1173,2578.0,2578.0,0.1513353115727003,0.14352974728939674,0.15948631947333378
post_neuropil,LO_R | PLP_R,4,400-500,450.0,7640,977,1808.0,1808.0,0.12787958115183246,0.12057758748380457,0.13555561129938323
post_neuropil,LO_R | PLP_R,5,500-600,550.0,7379,746,1289.0,1289.0,0.1010977097167638,0.0944255838889667,0.10818496649856972
post_neuropil,LO_R | PLP_R,6,600-700,650.0,7564,600,1001.0,1001.0,0.07932310946589106,0.07344422505540571,0.08562908324428178
post_neuropil,LO_R | PLP_R,7,700-800,750.0,7328,528,941.0,941.0,0.07205240174672489,0.06635355897719776,0.07819970032944083
post_neuropil,LO_R | PLP_R,8,800-900,850.0,7279,421,668.0,668.0,0.05783761505701333,0.05270443447600334,0.06343726493978515
post_neuropil,LO_R | PLP_R,9,900-1000,950.0,7180,336,539.0,539.0,0.0467966573816156,0.04214897600505049,0.05192904486890641
post_neuropil,LO_R | PLP_R,10,1000-1100,1050.0,6926,259,402.0,402.0,0.03739532197516604,0.03317730064989779,0.04212623875567823
post_neuropil,LO_R | PLP_R,11,1100-1200,1150.0,6880,207,380.0,380.0,0.03008720930232558,0.026305432048195458,0.034393466078687644
post_neuropil,LO_R | PLP_R,12,1200-1300,1250.0,6698,200,396.0,396.0,0.029859659599880562,0.026045333394295926,0.03421296933849323
post_neuropil,LO_R | PLP_R,13,1300-1400,1350.0,6846,157,259.0,259.0,0.022933099620216186,0.019645627197824533,0.02675567936669515
post_neuropil,LO_R | PLP_R,14,1400-1500,1450.0,6700,121,181.0,181.0,0.018059701492537314,0.015136127056366135,0.021535622467071296
post_neuropil,LO_R | PLP_R,15,1500-1600,1550.0,6589,120,185.0,185.0,0.018212171801487327,0.01525289982266146,0.021732912182893173
post_neuropil,LO_R | PLP_R,16,1600-1700,1650.0,6442,86,149.0,149.0,0.01334989133809376,0.010823156591735491,0.016456694653755866
post_neuropil,LO_R | PLP_R,17,1700-1800,1750.0,6515,85,155.0,155.0,0.013046815042210284,0.010564191825610313,0.016103368251321144
post_neuropil,LO_R | PLP_R,18,1800-1900,1850.0,6374,59,134.0,134.0,0.009256353937872608,0.007183149773805422,0.011920742677835276
post_neuropil,LO_R | PLP_R,19,1900-2000,1950.0,6206,70,111.0,111.0,0.011279407025459234,0.008937790715670864,0.014225698671884529
post_neuropil,LO_R | PVLP_L,0,0-100,50.0,4352,3471,19381.0,19381.0,0.7975643382352942,0.7853661071385952,0.8092377003093157
post_neuropil,LO_R | PVLP_L,1,100-200,150.0,1371,683,1867.0,1867.0,0.49817651349380015,0.47175162694913425,0.5246115904571472
post_neuropil,LO_R | PVLP_L,2,200-300,250.0,821,309,724.0,724.0,0.3763702801461632,0.3438780878132712,0.41001405341723907
post_neuropil,LO_R | PVLP_L,3,300-400,350.0,735,225,409.0,409.0,0.30612244897959184,0.27388223865407213,0.3403787883373697
post_neuropil,LO_R | PVLP_L,4,400-500,450.0,690,134,259.0,259.0,0.19420289855072465,0.16641218089160054,0.225379836191261
post_neuropil,LO_R | PVLP_L,5,500-600,550.0,663,110,240.0,240.0,0.16591251885369532,0.1395364886535923,0.19613783040508664
post_neuropil,LO_R | PVLP_L,6,600-700,650.0,660,82,161.0,161.0,0.12424242424242424,0.10122996948095261,0.15160383906614658
post_neuropil,LO_R | PVLP_L,7,700-800,750.0,572,49,104.0,104.0,0.08566433566433566,0.06540295874645405,0.11145401025335422
post_neuropil,LO_R | PVLP_L,8,800-900,850.0,622,66,89.0,89.0,0.10610932475884244,0.08427711284991407,0.13277717053425211
post_neuropil,LO_R | PVLP_L,9,900-1000,950.0,670,40,87.0,87.0,0.05970149253731343,0.044146724791233716,0.0802765818137607
post_neuropil,LO_R | PVLP_L,10,1000-1100,1050.0,602,36,50.0,50.0,0.059800664451827246,0.04350510533491524,0.08167877111067716
post_neuropil,LO_R | PVLP_L,11,1100-1200,1150.0,629,32,73.0,73.0,0.05087440381558029,0.03626441075158261,0.07093713857766502
post_neuropil,LO_R | PVLP_L,12,1200-1300,1250.0,664,26,43.0,43.0,0.0391566265060241,0.026859381272426555,0.05675565558661308
post_neuropil,LO_R | PVLP_L,13,1300-1400,1350.0,639,25,37.0,37.0,0.03912363067292645,0.026638394285501125,0.05711723073938837
post_neuropil,LO_R | PVLP_L,14,1400-1500,1450.0,573,19,35.0,35.0,0.03315881326352531,0.021328904051237104,0.051206779921624784
post_neuropil,LO_R | PVLP_L,15,1500-1600,1550.0,624,23,34.0,34.0,0.03685897435897436,0.02468453869994946,0.054701089777042196
post_neuropil,LO_R | PVLP_L,16,1600-1700,1650.0,626,17,26.0,26.0,0.027156549520766772,0.01702305346820058,0.04305808439249328
post_neuropil,LO_R | PVLP_L,17,1700-1800,1750.0,618,23,36.0,36.0,0.0372168284789644,0.024925412198950638,0.055226189109163853
post_neuropil,LO_R | PVLP_L,18,1800-1900,1850.0,568,12,20.0,20.0,0.02112676056338028,0.01212581415524564,0.0365617944412608
post_neuropil,LO_R | PVLP_L,19,1900-2000,1950.0,588,17,42.0,42.0,0.02891156462585034,0.01812785687544151,0.04581087267651969
post_neuropil,LO_R | PVLP_R,0,0-100,50.0,43521,32119,309703.0,309703.0,0.7380115346614278,0.7338594268555566,0.7421216276050756
post_neuropil,LO_R | PVLP_R,1,100-200,150.0,10781,4095,11292.0,11292.0,0.37983489472219645,0.3707174966129378,0.3890378993309395
post_neuropil,LO_R | PVLP_R,2,200-300,250.0,6240,1598,3691.0,3691.0,0.25608974358974357,0.2454123117619707,0.2670673129613727
post_neuropil,LO_R | PVLP_R,3,300-400,350.0,5419,1035,2080.0,2080.0,0.1909946484591253,0.1807489195156698,0.20167818290974504
post_neuropil,LO_R | PVLP_R,4,400-500,450.0,5088,803,1480.0,1480.0,0.15782232704402516,0.14806322618152398,0.16809774787548512
post_neuropil,LO_R | PVLP_R,5,500-600,550.0,4777,548,907.0,907.0,0.11471634917312121,0.10598710082246271,0.12406477958286175
post_neuropil,LO_R | PVLP_R,6,600-700,650.0,4842,451,814.0,814.0,0.09314332920280875,0.0852764381115172,0.10165530146494767
post_neuropil,LO_R | PVLP_R,7,700-800,750.0,4627,298,547.0,547.0,0.0644045818024638,0.05768656108296023,0.07184531493715675
post_neuropil,LO_R | PVLP_R,8,800-900,850.0,4762,289,516.0,516.0,0.060688786224275516,0.05425497670688145,0.0678308265644652
post_neuropil,LO_R | PVLP_R,9,900-1000,950.0,4486,196,288.0,288.0,0.043691484618814086,0.03809004824712286,0.05007377472605285
post_neuropil,LO_R | PVLP_R,10,1000-1100,1050.0,4483,171,275.0,275.0,0.03814409993308052,0.032920878769823914,0.044158196185708265
post_neuropil,LO_R | PVLP_R,11,1100-1200,1150.0,4369,118,212.0,212.0,0.027008468757152668,0.022601226275566412,0.032246770047922646
post_neuropil,LO_R | PVLP_R,12,1200-1300,1250.0,4424,110,170.0,170.0,0.024864376130198915,0.020671617048054057,0.0298815915400761
post_neuropil,LO_R | PVLP_R,13,1300-1400,1350.0,4186,91,143.0,143.0,0.021739130434782608,0.01774015812356717,0.026615122515204474
post_neuropil,LO_R | PVLP_R,14,1400-1500,1450.0,4228,78,116.0,116.0,0.018448438978240302,0.014807674975103123,0.022963493019464536
post_neuropil,LO_R | PVLP_R,15,1500-1600,1550.0,4155,62,96.0,96.0,0.014921780986762936,0.011657899647672127,0.019081814026443284
post_neuropil,LO_R | PVLP_R,16,1600-1700,1650.0,4067,44,77.0,77.0,0.010818785345463487,0.008069158251698325,0.014491680273681782
post_neuropil,LO_R | PVLP_R,17,1700-1800,1750.0,4019,45,66.0,66.0,0.011196815128141328,0.008378702331783158,0.01494849006873293
post_neuropil,LO_R | PVLP_R,18,1800-1900,1850.0,3938,38,55.0,55.0,0.009649568308786187,0.007038468296826802,0.013216429819830143
post_neuropil,LO_R | PVLP_R,19,1900-2000,1950.0,3942,42,55.0,55.0,0.0106544901065449,0.007892162352100857,0.014369653732964494
post_neuropil,MB_CA_L | MB_CA_L,0,0-100,50.0,183899,57790,106090.0,106090.0,0.31424858210213213,0.31213076905034454,0.31637415558481663
post_neuropil,MB_CA_L | MB_CA_L,1,100-200,150.0,67679,11016,14478.0,14478.0,0.16276836241670237,0.1600062862816527,0.16556872030908715
post_neuropil,MB_CA_L | MB_CA_L,2,200-300,250.0,50825,6072,7506.0,7506.0,0.11946876537137235,0.11667769429916719,0.12231735688846407
post_neuropil,MB_CA_L | MB_CA_L,3,300-400,350.0,48813,4709,5616.0,5616.0,0.09647020260996046,0.09388274401186941,0.0991211720792527
post_neuropil,MB_CA_L | MB_CA_L,4,400-500,450.0,49820,3669,4211.0,4211.0,0.07364512244078683,0.07138426347912526,0.07597172843619905
post_neuropil,MB_CA_L | MB_CA_L,5,500-600,550.0,48429,2845,3181.0,3181.0,0.05874579281009312,0.056686252596039675,0.06087533189707418
post_neuropil,MB_CA_L | MB_CA_L,6,600-700,650.0,49298,2319,2562.0,2562.0,0.04704044788835247,0.04520646023289648,0.04894502476964347
post_neuropil,MB_CA_L | MB_CA_L,7,700-800,750.0,47296,1807,1961.0,1961.0,0.038206190798376186,0.03651572592907863,0.039971667635469804
post_neuropil,MB_CA_L | MB_CA_L,8,800-900,850.0,45908,1422,1553.0,1553.0,0.030974993465191253,0.02942898042524161,0.032599496341414604
post_neuropil,MB_CA_L | MB_CA_L,9,900-1000,950.0,44058,1135,1215.0,1215.0,0.02576149620954197,0.02432301106266751,0.027282675795414248
post_neuropil,MB_CA_L | MB_CA_L,10,1000-1100,1050.0,41330,854,900.0,900.0,0.02066295669005565,0.019335378935723176,0.022079634373855104
post_neuropil,MB_CA_L | MB_CA_L,11,1100-1200,1150.0,40537,748,802.0,802.0,0.018452278165626466,0.017187056964553266,0.019808761099569017
post_neuropil,MB_CA_L | MB_CA_L,12,1200-1300,1250.0,37551,573,603.0,603.0,0.015259247423504034,0.01406804474893414,0.016549621336495443
post_neuropil,MB_CA_L | MB_CA_L,13,1300-1400,1350.0,35723,415,440.0,440.0,0.01161716541163956,0.010557292685680914,0.012782066817063373
post_neuropil,MB_CA_L | MB_CA_L,14,1400-1500,1450.0,34225,416,436.0,436.0,0.012154857560262966,0.01104746066911905,0.013371758940112482
post_neuropil,MB_CA_L | MB_CA_L,15,1500-1600,1550.0,32034,289,307.0,307.0,0.009021664481488419,0.008043484188099673,0.010117589434288173
post_neuropil,MB_CA_L | MB_CA_L,16,1600-1700,1650.0,30620,284,295.0,295.0,0.009274983670803396,0.008261137490588948,0.01041194760008106
post_neuropil,MB_CA_L | MB_CA_L,17,1700-1800,1750.0,28470,210,222.0,222.0,0.007376185458377239,0.006446532116368277,0.008438765271814148
post_neuropil,MB_CA_L | MB_CA_L,18,1800-1900,1850.0,27195,180,186.0,186.0,0.006618863761720904,0.005722358375732817,0.007654740743076713
post_neuropil,MB_CA_L | MB_CA_L,19,1900-2000,1950.0,25894,150,158.0,158.0,0.005792847763960763,0.0049389630325421974,0.006793350597795244
post_neuropil,MB_CA_L | MB_ML_L,0,0-100,50.0,63611,30443,196188.0,196188.0,0.4785807486126613,0.47470010928234907,0.4824639748926244
post_neuropil,MB_CA_L | MB_ML_L,1,100-200,150.0,18829,3423,4975.0,4975.0,0.18179404110680333,0.17635024607202812,0.18736765404560465
post_neuropil,MB_CA_L | MB_ML_L,2,200-300,250.0,14258,1814,2359.0,2359.0,0.12722682003085986,0.1218573045789171,0.13279715743670367
post_neuropil,MB_CA_L | MB_ML_L,3,300-400,350.0,13760,1308,1622.0,1622.0,0.09505813953488372,0.09026991346975376,0.10007241072554936
post_neuropil,MB_CA_L | MB_ML_L,4,400-500,450.0,14273,1024,1210.0,1210.0,0.07174385202830519,0.06762434325878262,0.07609383037424276
post_neuropil,MB_CA_L | MB_ML_L,5,500-600,550.0,14389,771,898.0,898.0,0.053582597817777466,0.050020769324717024,0.05738273326090165
post_neuropil,MB_CA_L | MB_ML_L,6,600-700,650.0,15172,623,715.0,715.0,0.04106248352227788,0.03801935567995857,0.04433796149182847
post_neuropil,MB_CA_L | MB_ML_L,7,700-800,750.0,15259,470,525.0,525.0,0.030801494200144178,0.028175910633745728,0.033663268775676956
post_neuropil,MB_CA_L | MB_ML_L,8,800-900,850.0,15489,357,405.0,405.0,0.023048615146232812,0.02080099990632063,0.025532759808875836
post_neuropil,MB_CA_L | MB_ML_L,9,900-1000,950.0,16051,325,347.0,347.0,0.02024795962868357,0.01818101068660974,0.02254449855790376
post_neuropil,MB_CA_L | MB_ML_L,10,1000-1100,1050.0,15846,246,264.0,264.0,0.01552442256720939,0.013713609361817078,0.017570084981222922
post_neuropil,MB_CA_L | MB_ML_L,11,1100-1200,1150.0,16203,198,212.0,212.0,0.012219959266802444,0.010640134023215316,0.014031027074576865
post_neuropil,MB_CA_L | MB_ML_L,12,1200-1300,1250.0,16367,168,183.0,183.0,0.010264556730005498,0.008831197214549915,0.011927759979196314
post_neuropil,MB_CA_L | MB_ML_L,13,1300-1400,1350.0,16759,126,132.0,132.0,0.0075183483501402235,0.006318660908526691,0.00894376333343477
post_neuropil,MB_CA_L | MB_ML_L,14,1400-1500,1450.0,16758,97,104.0,104.0,0.00578828022437045,0.004747532255677648,0.007055562220528354
post_neuropil,MB_CA_L | MB_ML_L,15,1500-1600,1550.0,16810,81,90.0,90.0,0.004818560380725759,0.0038788774874231784,0.005984519822088767
post_neuropil,MB_CA_L | MB_ML_L,16,1600-1700,1650.0,17032,85,92.0,92.0,0.004990605918271489,0.004038167785722764,0.006166294317282466
post_neuropil,MB_CA_L | MB_ML_L,17,1700-1800,1750.0,17159,67,74.0,74.0,0.0039046564485109856,0.0030760676861727467,0.004955329632089516
post_neuropil,MB_CA_L | MB_ML_L,18,1800-1900,1850.0,17226,51,52.0,52.0,0.0029606408916753742,0.0022526593987333113,0.0038902641670875127
post_neuropil,MB_CA_L | MB_ML_L,19,1900-2000,1950.0,17296,41,44.0,44.0,0.002370490286771508,0.0017479495377825394,0.0032140380910521656
post_neuropil,MB_CA_L | MB_PED_L,0,0-100,50.0,6940,5657,19524.0,19524.0,0.8151296829971182,0.8058229969914352,0.8240876853029306
post_neuropil,MB_CA_L | MB_PED_L,1,100-200,150.0,974,373,778.0,778.0,0.38295687885010266,0.35294448991294236,0.41388891132504946
post_neuropil,MB_CA_L | MB_PED_L,3,300-400,350.0,605,127,272.0,272.0,0.20991735537190082,0.17934668746462104,0.24414868473070853
post_neuropil,MB_CA_L | MB_PED_L,5,500-600,550.0,583,84,241.0,241.0,0.14408233276157806,0.11790388968871292,0.1749206135503213
post_neuropil,MB_CA_L | MB_PED_L,6,600-700,650.0,490,56,101.0,101.0,0.11428571428571428,0.08906510918572078,0.14550727191785573
post_neuropil,MB_CA_L | MB_PED_L,7,700-800,750.0,464,48,75.0,75.0,0.10344827586206896,0.07891642570453505,0.1344925571648806
post_neuropil,MB_CA_L | MB_PED_L,8,800-900,850.0,459,32,69.0,69.0,0.06971677559912855,0.04981337944872137,0.09676290064364719
post_neuropil,MB_CA_L | MB_PED_L,9,900-1000,950.0,420,32,130.0,130.0,0.0761904761904762,0.05448353570089691,0.10558003521805019
post_neuropil,MB_CA_L | MB_PED_L,13,1300-1400,1350.0,310,8,14.0,14.0,0.025806451612903226,0.013133166086347667,0.050088535561872316
post_neuropil,MB_CA_L | MB_PED_L,15,1500-1600,1550.0,254,11,12.0,12.0,0.04330708661417323,0.024351135076300268,0.07587163735452546
post_neuropil,MB_CA_L | MB_VL_L,0,0-100,50.0,4701,4100,17402.0,17402.0,0.872154860667943,0.8623045230716243,0.8813974540576376
post_neuropil,MB_CA_L | MB_VL_L,1,100-200,150.0,473,258,469.0,469.0,0.5454545454545454,0.5003941114450436,0.5897825845479234
post_neuropil,MB_CA_L | MB_VL_L,3,300-400,350.0,250,87,113.0,113.0,0.348,0.29165649607070654,0.4089441934931789
post_neuropil,MB_CA_L | MB_VL_L,4,400-500,450.0,253,72,126.0,126.0,0.2845849802371542,0.23252958586133501,0.3430843333791619
post_neuropil,MB_CA_L | MB_VL_L,11,1100-1200,1150.0,122,5,5.0,5.0,0.040983606557377046,0.017630459445038327,0.09236178477308984
post_neuropil,MB_CA_L | MB_VL_L,12,1200-1300,1250.0,98,5,9.0,9.0,0.05102040816326531,0.02198698716599007,0.11392603855238045
post_neuropil,MB_CA_L | MB_VL_L,16,1600-1700,1650.0,107,1,1.0,1.0,0.009345794392523364,0.0016516291511190044,0.05105060538898146
post_neuropil,MB_CA_L | MB_VL_R,0,0-100,50.0,2314,1889,4690.0,4690.0,0.8163353500432152,0.8000385247305878,0.8315835843902425
post_neuropil,MB_CA_L | MB_VL_R,1,100-200,150.0,326,177,312.0,312.0,0.5429447852760736,0.488681513743353,0.596207717936338
post_neuropil,MB_CA_L | MB_VL_R,3,300-400,350.0,129,48,72.0,72.0,0.37209302325581395,0.29351051285070046,0.45807332835566866
post_neuropil,MB_CA_L | MB_VL_R,5,500-600,550.0,62,12,15.0,15.0,0.1935483870967742,0.11433696420146605,0.3085203175170827
post_neuropil,MB_CA_L | PLP_L,0,0-100,50.0,3370,1278,2285.0,2285.0,0.3792284866468843,0.36299310969120335,0.39573889479887114
post_neuropil,MB_CA_L | PLP_L,1,100-200,150.0,1620,329,437.0,437.0,0.20308641975308642,0.1842089661912541,0.2233687187257969
post_neuropil,MB_CA_L | PLP_L,2,200-300,250.0,1427,206,232.0,232.0,0.14435879467414156,0.12707787665934345,0.1635494017200383
post_neuropil,MB_CA_L | PLP_L,3,300-400,350.0,1630,173,217.0,217.0,0.10613496932515337,0.09209698646450314,0.12202511692667016
post_neuropil,MB_CA_L | PLP_L,4,400-500,450.0,1862,175,227.0,227.0,0.09398496240601503,0.08155370754105823,0.10808811414412664
post_neuropil,MB_CA_L | PLP_L,5,500-600,550.0,1990,133,152.0,152.0,0.06683417085427136,0.05667504950454091,0.07866248182191951
post_neuropil,MB_CA_L | PLP_L,6,600-700,650.0,2173,114,124.0,124.0,0.05246203405430281,0.0438523878776,0.06265127320642191
post_neuropil,MB_CA_L | PLP_L,7,700-800,750.0,2313,91,101.0,101.0,0.039342844790315606,0.032153555100928016,0.04805978360984098
post_neuropil,MB_CA_L | PLP_L,8,800-900,850.0,2352,89,100.0,100.0,0.03784013605442177,0.030851814763024753,0.046335717709447076
post_neuropil,MB_CA_L | PLP_L,9,900-1000,950.0,2420,69,72.0,72.0,0.028512396694214875,0.022591844517479115,0.035927491069466834
post_neuropil,MB_CA_L | PLP_L,10,1000-1100,1050.0,2538,58,68.0,68.0,0.022852639873916468,0.017719803628694457,0.029427744825937803
post_neuropil,MB_CA_L | PLP_L,11,1100-1200,1150.0,2658,51,54.0,54.0,0.019187358916478554,0.014623744669090602,0.025138801682277563
post_neuropil,MB_CA_L | PLP_L,12,1200-1300,1250.0,2756,38,39.0,39.0,0.013788098693759071,0.010061940071627279,0.01886783618799574
post_neuropil,MB_CA_L | PLP_L,13,1300-1400,1350.0,2812,43,49.0,49.0,0.015291607396870554,0.011372457093070835,0.02053331487932988
post_neuropil,MB_CA_L | PLP_L,14,1400-1500,1450.0,2837,38,42.0,42.0,0.013394430736693691,0.009774214922704572,0.01833069596004229
post_neuropil,MB_CA_L | PLP_L,15,1500-1600,1550.0,3061,19,19.0,19.0,0.006207121855602744,0.003977368104317135,0.009674756690647799
post_neuropil,MB_CA_L | PLP_L,16,1600-1700,1650.0,3213,30,42.0,42.0,0.009337068160597572,0.006548162406273119,0.013297887831326394
post_neuropil,MB_CA_L | PLP_L,17,1700-1800,1750.0,3158,28,31.0,31.0,0.008866371120962635,0.006141481756834181,0.01278470353973476
post_neuropil,MB_CA_L | PLP_L,18,1800-1900,1850.0,3350,19,19.0,19.0,0.005671641791044776,0.0036339716151205254,0.008841751746412111
post_neuropil,MB_CA_L | PLP_L,19,1900-2000,1950.0,3383,12,12.0,12.0,0.0035471475022169673,0.002030295072323517,0.006190225190566841
post_neuropil,MB_CA_L | SCL_L,0,0-100,50.0,563,199,284.0,284.0,0.35346358792184723,0.31508969801575487,0.39382369154492664
post_neuropil,MB_CA_L | SCL_L,1,100-200,150.0,310,66,84.0,84.0,0.2129032258064516,0.17099093421356196,0.26184397358706096
post_neuropil,MB_CA_L | SCL_L,3,300-400,350.0,315,34,48.0,48.0,0.10793650793650794,0.07827384807041093,0.14704681272165634
post_neuropil,MB_CA_L | SCL_L,4,400-500,450.0,351,39,44.0,44.0,0.1111111111111111,0.08235187480504297,0.14829075559680394
post_neuropil,MB_CA_L | SCL_L,5,500-600,550.0,414,30,31.0,31.0,0.07246376811594203,0.05122707784531118,0.10156192162242973
post_neuropil,MB_CA_L | SCL_L,6,600-700,650.0,439,16,16.0,16.0,0.03644646924829157,0.02255639636750323,0.0583790893682542
post_neuropil,MB_CA_L | SCL_L,8,800-900,850.0,481,11,11.0,11.0,0.02286902286902287,0.012816631358794312,0.04048242548781292
post_neuropil,MB_CA_L | SCL_L,9,900-1000,950.0,524,13,14.0,14.0,0.02480916030534351,0.01455477870248347,0.041980363658406614
post_neuropil,MB_CA_L | SCL_L,10,1000-1100,1050.0,547,10,11.0,11.0,0.018281535648994516,0.009959797074036212,0.03332233702767288
post_neuropil,MB_CA_L | SCL_L,11,1100-1200,1150.0,563,17,18.0,18.0,0.03019538188277087,0.01893639911075949,0.047822286208031514
post_neuropil,MB_CA_L | SCL_L,12,1200-1300,1250.0,597,11,11.0,11.0,0.018425460636515914,0.010318945560373487,0.032690060473829205
post_neuropil,MB_CA_L | SCL_L,13,1300-1400,1350.0,593,10,10.0,10.0,0.016863406408094434,0.009185081312903015,0.030761195890294614
post_neuropil,MB_CA_L | SCL_L,14,1400-1500,1450.0,691,7,8.0,8.0,0.010130246020260492,0.004915517940217794,0.0207617011554725
post_neuropil,MB_CA_L | SCL_L,16,1600-1700,1650.0,705,5,6.0,6.0,0.0070921985815602835,0.0030330122695526214,0.01649405837641398
post_neuropil,MB_CA_L | SCL_L,18,1800-1900,1850.0,793,6,6.0,6.0,0.007566204287515763,0.003472091566899139,0.0164083966003853
post_neuropil,MB_CA_L | SCL_L,19,1900-2000,1950.0,840,10,10.0,10.0,0.011904761904761904,0.006479015776213559,0.021774628035610838
post_neuropil,MB_CA_L | SIP_L,0,0-100,50.0,251,54,202.0,202.0,0.2151394422310757,0.1687992885560132,0.27006783517888727
post_neuropil,MB_CA_L | SIP_L,12,1200-1300,1250.0,216,2,2.0,2.0,0.009259259259259259,0.0025428530753729747,0.0331264651974198
post_neuropil,MB_CA_L | SIP_L,14,1400-1500,1450.0,241,0,0.0,0.0,0.0,0.0,0.01569014415850901
post_neuropil,MB_CA_L | SIP_L,16,1600-1700,1650.0,312,0,0.0,0.0,0.0,0.0,0.012163058951069143
post_neuropil,MB_CA_L | SIP_L,18,1800-1900,1850.0,342,0,0.0,0.0,0.0,0.0,0.011107975443093023
post_neuropil,MB_CA_L | SIP_L,19,1900-2000,1950.0,380,0,0.0,0.0,0.0,0.0,0.010008295088390629
post_neuropil,MB_CA_L | SLP_L,0,0-100,50.0,1025,398,1050.0,1050.0,0.3882926829268293,0.35892627991900433,0.4184932956502572
post_neuropil,MB_CA_L | SLP_L,1,100-200,150.0,547,155,324.0,324.0,0.283363802559415,0.24721171676819875,0.32253755416558694
post_neuropil,MB_CA_L | SLP_L,2,200-300,250.0,375,64,111.0,111.0,0.17066666666666666,0.13597442580765293,0.2120380416721592
post_neuropil,MB_CA_L | SLP_L,3,300-400,350.0,361,51,87.0,87.0,0.14127423822714683,0.10911173647024208,0.18099114653432757
post_neuropil,MB_CA_L | SLP_L,4,400-500,450.0,397,55,82.0,82.0,0.1385390428211587,0.10800627272560143,0.17600017770269744
post_neuropil,MB_CA_L | SLP_L,5,500-600,550.0,390,48,68.0,68.0,0.12307692307692308,0.09409962232018673,0.1594073713544276
post_neuropil,MB_CA_L | SLP_L,8,800-900,850.0,482,28,38.0,38.0,0.058091286307053944,0.04049379745988583,0.08267721136274281
post_neuropil,MB_CA_L | SLP_L,9,900-1000,950.0,533,10,15.0,15.0,0.01876172607879925,0.010222203632217574,0.03418866169565568
post_neuropil,MB_CA_L | SLP_L,13,1300-1400,1350.0,729,9,10.0,10.0,0.012345679012345678,0.006508390024928734,0.023295594901691155
post_neuropil,MB_CA_L | SLP_L,14,1400-1500,1450.0,809,7,8.0,8.0,0.00865265760197775,0.004197495320708087,0.017752168672867042
post_neuropil,MB_CA_L | SLP_L,15,1500-1600,1550.0,878,8,8.0,8.0,0.009111617312072893,0.004624031397327401,0.017876154577115177
post_neuropil,MB_CA_L | SLP_L,16,1600-1700,1650.0,979,8,9.0,9.0,0.008171603677221655,0.004146336196579503,0.01604165747401808
post_neuropil,MB_CA_L | SLP_L,17,1700-1800,1750.0,1030,5,6.0,6.0,0.0048543689320388345,0.002075194629644005,0.011313316724513148
post_neuropil,MB_CA_L | SLP_L,18,1800-1900,1850.0,1060,0,0.0,0.0,0.0,0.0,0.0036110639027464235
post_neuropil,MB_CA_L | SLP_L,19,1900-2000,1950.0,1124,0,0.0,0.0,0.0,0.0,0.0034061520695814022
post_neuropil,MB_CA_L | SMP_L,0,0-100,50.0,2722,1266,2597.0,2597.0,0.4650991917707568,0.44642360021471233,0.4838731565740901
post_neuropil,MB_CA_L | SMP_L,1,100-200,150.0,1226,314,502.0,502.0,0.2561174551386623,0.23247223145118168,0.2812862883451889
post_neuropil,MB_CA_L | SMP_L,2,200-300,250.0,1021,187,252.0,252.0,0.1831537708129285,0.16063038518478023,0.20805254103523263
post_neuropil,MB_CA_L | SMP_L,3,300-400,350.0,1019,168,193.0,193.0,0.1648675171736997,0.14335105481654062,0.18890136823703876
post_neuropil,MB_CA_L | SMP_L,4,400-500,450.0,1141,140,164.0,164.0,0.12269938650306748,0.10491784608168883,0.14301304671605714
post_neuropil,MB_CA_L | SMP_L,6,600-700,650.0,1320,94,106.0,106.0,0.07121212121212121,0.05854669815606174,0.08636610712215283
post_neuropil,MB_CA_L | SMP_L,7,700-800,750.0,1414,89,113.0,113.0,0.06294200848656294,0.051429443393730775,0.07682296505584495
post_neuropil,MB_CA_L | SMP_L,8,800-900,850.0,1550,80,89.0,89.0,0.05161290322580645,0.04166493753547312,0.0637779853467563
post_neuropil,MB_CA_L | SMP_L,9,900-1000,950.0,1634,64,66.0,66.0,0.03916768665850673,0.030791368284651226,0.04970579334563096
post_neuropil,MB_CA_L | SMP_L,10,1000-1100,1050.0,1769,50,58.0,58.0,0.02826455624646693,0.021504689738352574,0.03706884553970046
post_neuropil,MB_CA_L | SMP_L,11,1100-1200,1150.0,1960,62,67.0,67.0,0.03163265306122449,0.024753938448687268,0.04034377615314213
post_neuropil,MB_CA_L | SMP_L,12,1200-1300,1250.0,2073,32,34.0,34.0,0.015436565364206465,0.010955507216799968,0.021710248322765496
post_neuropil,MB_CA_L | SMP_L,13,1300-1400,1350.0,2209,40,46.0,46.0,0.01810774105930285,0.013325916691672142,0.02456274194525876
post_neuropil,MB_CA_L | SMP_L,14,1400-1500,1450.0,2421,40,48.0,48.0,0.016522098306484923,0.012156813720189154,0.022419300447433177
post_neuropil,MB_CA_L | SMP_L,15,1500-1600,1550.0,2559,20,22.0,22.0,0.007815552950371238,0.005065059846839523,0.012041576786497473
post_neuropil,MB_CA_L | SMP_L,16,1600-1700,1650.0,2835,32,34.0,34.0,0.011287477954144622,0.008006801397882736,0.015890833468395114
post_neuropil,MB_CA_L | SMP_L,17,1700-1800,1750.0,3022,19,23.0,23.0,0.00628722700198544,0.004028742970175593,0.00979934373469356
post_neuropil,MB_CA_L | SMP_L,18,1800-1900,1850.0,3218,14,18.0,18.0,0.00435052827843381,0.002593307897683495,0.007289735390354006
post_neuropil,MB_CA_L | SMP_L,19,1900-2000,1950.0,3527,15,15.0,15.0,0.0042529061525375675,0.0025790373848627655,0.007005533047297093
post_neuropil,MB_CA_R | MB_CA_R,0,0-100,50.0,150726,47104,86824.0,86824.0,0.3125140984302642,0.3101788326183943,0.3148589210204311
post_neuropil,MB_CA_R | MB_CA_R,1,100-200,150.0,56665,9330,12522.0,12522.0,0.1646519015265155,0.1616210284756679,0.1677282413001237
post_neuropil,MB_CA_R | MB_CA_R,2,200-300,250.0,43079,5518,6923.0,6923.0,0.12809025279138328,0.12496752637845224,0.13127930391419032
post_neuropil,MB_CA_R | MB_CA_R,3,300-400,350.0,42068,4389,5356.0,5356.0,0.10433108300846249,0.10144592533913886,0.10728849811429038
post_neuropil,MB_CA_R | MB_CA_R,4,400-500,450.0,43627,3523,4137.0,4137.0,0.08075274485983451,0.07823284333860991,0.08334647398539971
post_neuropil,MB_CA_R | MB_CA_R,5,500-600,550.0,43084,2827,3276.0,3276.0,0.06561600594188098,0.06331640413498962,0.06799306484523426
post_neuropil,MB_CA_R | MB_CA_R,6,600-700,650.0,44819,2372,2665.0,2665.0,0.052923983132153775,0.050889300557539686,0.055035300171031705
post_neuropil,MB_CA_R | MB_CA_R,7,700-800,750.0,43871,1973,2185.0,2185.0,0.0449727610494404,0.04307295591542088,0.04695224887073155
post_neuropil,MB_CA_R | MB_CA_R,8,800-900,850.0,42945,1528,1686.0,1686.0,0.0355803935266038,0.033869503562096163,0.03737436439824481
post_neuropil,MB_CA_R | MB_CA_R,9,900-1000,950.0,42175,1258,1358.0,1358.0,0.02982809721398933,0.028246879268461655,0.03149496058329946
post_neuropil,MB_CA_R | MB_CA_R,10,1000-1100,1050.0,40409,1029,1124.0,1124.0,0.025464624217377316,0.02397316765385073,0.02704629839626736
post_neuropil,MB_CA_R | MB_CA_R,11,1100-1200,1150.0,39007,849,903.0,903.0,0.021765324172584408,0.02036365629789111,0.023261180547464205
post_neuropil,MB_CA_R | MB_CA_R,12,1200-1300,1250.0,37423,714,752.0,752.0,0.01907917590786415,0.017741666521480796,0.020515411521674205
post_neuropil,MB_CA_R | MB_CA_R,13,1300-1400,1350.0,36253,589,631.0,631.0,0.016246931288445093,0.014995841308423822,0.017600533550659325
post_neuropil,MB_CA_R | MB_CA_R,14,1400-1500,1450.0,34590,474,497.0,497.0,0.01370338248048569,0.012531087545930329,0.014983682597435308
post_neuropil,MB_CA_R | MB_CA_R,15,1500-1600,1550.0,32873,423,446.0,446.0,0.012867702978127947,0.01170500861356763,0.01414423841385972
post_neuropil,MB_CA_R | MB_CA_R,16,1600-1700,1650.0,31698,348,362.0,362.0,0.010978610637895136,0.009889268962467402,0.012186470637468015
post_neuropil,MB_CA_R | MB_CA_R,17,1700-1800,1750.0,29613,281,294.0,294.0,0.009489075743761186,0.00844671778137841,0.010658682032759773
post_neuropil,MB_CA_R | MB_CA_R,18,1800-1900,1850.0,28600,275,286.0,286.0,0.009615384615384616,0.008548416024113244,0.010814074082810021
post_neuropil,MB_CA_R | MB_CA_R,19,1900-2000,1950.0,27333,216,226.0,226.0,0.007902535396773132,0.006919768812031471,0.009023609226198081
post_neuropil,MB_CA_R | MB_ML_R,0,0-100,50.0,47584,21320,149302.0,149302.0,0.4480497646267653,0.4435858742030895,0.45252204257202244
post_neuropil,MB_CA_R | MB_ML_R,1,100-200,150.0,14890,2514,3721.0,3721.0,0.16883814640698455,0.16290663918827342,0.17494048817744257
post_neuropil,MB_CA_R | MB_ML_R,2,200-300,250.0,11207,1378,1810.0,1810.0,0.12295886499509236,0.11700776604796098,0.12916836402955256
post_neuropil,MB_CA_R | MB_ML_R,3,300-400,350.0,11043,1102,1432.0,1432.0,0.0997917232636059,0.09433988666285863,0.10552190912861902
post_neuropil,MB_CA_R | MB_ML_R,4,400-500,450.0,11905,899,1104.0,1104.0,0.0755144897102058,0.070903897163353,0.08039894659938544
post_neuropil,MB_CA_R | MB_ML_R,5,500-600,550.0,11855,659,779.0,779.0,0.05558835934204977,0.051605917326695463,0.059858730282730394
post_neuropil,MB_CA_R | MB_ML_R,6,600-700,650.0,12598,571,652.0,652.0,0.045324654707096367,0.041828713663300134,0.04909780615583489
post_neuropil,MB_CA_R | MB_ML_R,7,700-800,750.0,13019,428,491.0,491.0,0.032875028804055614,0.029947216882800682,0.036078434538775385
post_neuropil,MB_CA_R | MB_ML_R,8,800-900,850.0,13704,340,383.0,383.0,0.024810274372446,0.02233609700314745,0.02755079401549403
post_neuropil,MB_CA_R | MB_ML_R,9,900-1000,950.0,13924,280,316.0,316.0,0.02010916403332376,0.017906463765906724,0.022576592847833053
post_neuropil,MB_CA_R | MB_ML_R,10,1000-1100,1050.0,13798,230,249.0,249.0,0.01666908247572112,0.014663419602723467,0.01894380568234285
post_neuropil,MB_CA_R | MB_ML_R,11,1100-1200,1150.0,14240,163,176.0,176.0,0.011446629213483146,0.009826477573131345,0.013330309006129689
post_neuropil,MB_CA_R | MB_ML_R,12,1200-1300,1250.0,14422,153,167.0,167.0,0.010608792123145194,0.009062175206799973,0.012416058687020127
post_neuropil,MB_CA_R | MB_ML_R,13,1300-1400,1350.0,14558,121,127.0,127.0,0.008311581261162248,0.00696099017549607,0.009921599729890627
post_neuropil,MB_CA_R | MB_ML_R,14,1400-1500,1450.0,14732,103,112.0,112.0,0.006991582948683139,0.005768641359727385,0.008471576857601987
post_neuropil,MB_CA_R | MB_ML_R,15,1500-1600,1550.0,14642,85,87.0,87.0,0.005805217866411692,0.004697642317519891,0.007172047711081812
post_neuropil,MB_CA_R | MB_ML_R,16,1600-1700,1650.0,14962,66,71.0,71.0,0.0044111749766074055,0.00346904349554095,0.005607733048719683
post_neuropil,MB_CA_R | MB_ML_R,17,1700-1800,1750.0,14843,74,77.0,77.0,0.0049855150576029105,0.003973437321456088,0.006253761438447163
post_neuropil,MB_CA_R | MB_ML_R,18,1800-1900,1850.0,15278,35,38.0,38.0,0.0022908757690797226,0.0016477320687549014,0.0031842510084679394
post_neuropil,MB_CA_R | MB_ML_R,19,1900-2000,1950.0,15321,40,41.0,41.0,0.0026107956399712812,0.001917980020164815,0.003552980280005596
post_neuropil,MB_CA_R | MB_PED_L,0,0-100,50.0,3268,2618,6170.0,6170.0,0.8011015911872705,0.7870655887297119,0.8144305228179866
post_neuropil,MB_CA_R | MB_PED_L,1,100-200,150.0,405,227,402.0,402.0,0.5604938271604938,0.5118108234619163,0.6080399940674153
post_neuropil,MB_CA_R | MB_PED_L,3,300-400,350.0,196,62,95.0,95.0,0.3163265306122449,0.25528365513222434,0.3844309988737484
post_neuropil,MB_CA_R | MB_PED_L,9,900-1000,950.0,123,4,4.0,4.0,0.032520325203252036,0.0127175527444634,0.08063983158370654
post_neuropil,MB_CA_R | MB_PED_L,12,1200-1300,1250.0,119,4,5.0,5.0,0.03361344537815126,0.013147540181404155,0.08324977147848957
post_neuropil,MB_CA_R | MB_PED_L,13,1300-1400,1350.0,112,0,0.0,0.0,0.0,0.0,0.03316252537948371
post_neuropil,MB_CA_R | MB_PED_R,0,0-100,50.0,3088,2526,10374.0,10374.0,0.8180051813471503,0.8040038193016773,0.8312163032298262
post_neuropil,MB_CA_R | MB_PED_R,1,100-200,150.0,534,196,305.0,305.0,0.36704119850187267,0.32724421524833663,0.4087375310502019
post_neuropil,MB_CA_R | MB_PED_R,2,200-300,250.0,320,83,112.0,112.0,0.259375,0.21440740478884296,0.3100514664617932
post_neuropil,MB_CA_R | MB_PED_R,3,300-400,350.0,325,80,103.0,103.0,0.24615384615384617,0.20246558928783223,0.29577307637977185
post_neuropil,MB_CA_R | MB_PED_R,4,400-500,450.0,345,64,86.0,86.0,0.1855072463768116,0.14803266620729696,0.22990849677326494
post_neuropil,MB_CA_R | MB_PED_R,6,600-700,650.0,258,27,36.0,36.0,0.10465116279069768,0.07292351972651615,0.14797949950343053
post_neuropil,MB_CA_R | MB_PED_R,7,700-800,750.0,212,25,31.0,31.0,0.1179245283018868,0.08116350052848445,0.16828609584218737
post_neuropil,MB_CA_R | MB_PED_R,8,800-900,850.0,181,23,26.0,26.0,0.1270718232044199,0.0861866739141477,0.18345825450023523
post_neuropil,MB_CA_R | MB_PED_R,12,1200-1300,1250.0,173,9,9.0,9.0,0.05202312138728324,0.027607516565911747,0.09590188393713732
post_neuropil,MB_CA_R | MB_PED_R,13,1300-1400,1350.0,165,6,6.0,6.0,0.03636363636363636,0.016770196391116012,0.07705502203846532
post_neuropil,MB_CA_R | MB_VL_R,0,0-100,50.0,8392,6945,31967.0,31967.0,0.8275738798856054,0.8193422794832405,0.8355057109790857
post_neuropil,MB_CA_R | MB_VL_R,1,100-200,150.0,1050,447,771.0,771.0,0.4257142857142857,0.39613061014388773,0.455839553114044
post_neuropil,MB_CA_R | MB_VL_R,3,300-400,350.0,600,160,224.0,224.0,0.26666666666666666,0.23284793093030254,0.3034543046228625
post_neuropil,MB_CA_R | MB_VL_R,5,500-600,550.0,472,68,94.0,94.0,0.1440677966101695,0.11525867362153172,0.17862399657796327
post_neuropil,MB_CA_R | MB_VL_R,7,700-800,750.0,494,44,68.0,68.0,0.08906882591093117,0.0670179955768101,0.11746156579371417
post_neuropil,MB_CA_R | MB_VL_R,8,800-900,850.0,469,36,57.0,57.0,0.0767590618336887,0.055957555823351664,0.1044378070212035
post_neuropil,MB_CA_R | MB_VL_R,9,900-1000,950.0,458,24,28.0,28.0,0.05240174672489083,0.03546334118005517,0.07678639985669855
post_neuropil,MB_CA_R | MB_VL_R,10,1000-1100,1050.0,452,24,34.0,34.0,0.05309734513274336,0.03593749948721475,0.07778972505745164
post_neuropil,MB_CA_R | MB_VL_R,11,1100-1200,1150.0,508,12,14.0,14.0,0.023622047244094488,0.013563340454136185,0.04083161298458392
post_neuropil,MB_CA_R | MB_VL_R,12,1200-1300,1250.0,486,10,18.0,18.0,0.0205761316872428,0.011214082075374244,0.037457978443781334
post_neuropil,MB_CA_R | MB_VL_R,13,1300-1400,1350.0,497,8,9.0,9.0,0.01609657947686117,0.008178357002554218,0.03143816047522718
post_neuropil,MB_CA_R | MB_VL_R,14,1400-1500,1450.0,468,7,10.0,10.0,0.014957264957264958,0.007263683505438313,0.030549006176861845
post_neuropil,MB_CA_R | MB_VL_R,15,1500-1600,1550.0,503,3,4.0,4.0,0.005964214711729622,0.0020303648274184877,0.017387141549327224
post_neuropil,MB_CA_R | MB_VL_R,16,1600-1700,1650.0,512,3,3.0,3.0,0.005859375,0.001994639685501602,0.017084085256418552
post_neuropil,MB_CA_R | MB_VL_R,17,1700-1800,1750.0,479,4,5.0,5.0,0.008350730688935281,0.0032520382508943093,0.021272774855515743
post_neuropil,MB_CA_R | MB_VL_R,18,1800-1900,1850.0,533,0,0.0,0.0,0.0,0.0,0.007155928303618796
post_neuropil,MB_CA_R | MB_VL_R,19,1900-2000,1950.0,503,3,3.0,3.0,0.005964214711729622,0.0020303648274184877,0.017387141549327224
post_neuropil,MB_CA_R | PLP_R,0,0-100,50.0,2671,965,2206.0,2206.0,0.36128790715087983,0.343281218010401,0.3796930321283736
post_neuropil,MB_CA_R | PLP_R,1,100-200,150.0,1462,249,427.0,427.0,0.17031463748290013,0.15191527692839088,0.19044204189787242
post_neuropil,MB_CA_R | PLP_R,2,200-300,250.0,1302,154,197.0,197.0,0.11827956989247312,0.10185072944581965,0.13695434461523037
post_neuropil,MB_CA_R | PLP_R,3,300-400,350.0,1357,137,162.0,162.0,0.10095799557848195,0.08603778735044365,0.11813116221723566
post_neuropil,MB_CA_R | PLP_R,4,400-500,450.0,1659,122,134.0,134.0,0.07353827606992164,0.06193900912980942,0.08710801976338162
post_neuropil,MB_CA_R | PLP_R,5,500-600,550.0,1785,126,148.0,148.0,0.07058823529411765,0.05960492607465667,0.08341589812800049
post_neuropil,MB_CA_R | PLP_R,6,600-700,650.0,1901,106,128.0,128.0,0.05576012624934245,0.046312609723886906,0.06699948929789003
post_neuropil,MB_CA_R | PLP_R,7,700-800,750.0,2115,106,129.0,129.0,0.050118203309692674,0.04160762586598675,0.060260111675130054
post_neuropil,MB_CA_R | PLP_R,8,800-900,850.0,2355,92,106.0,106.0,0.03906581740976645,0.03196152731955559,0.04767145863422783
post_neuropil,MB_CA_R | PLP_R,9,900-1000,950.0,2447,80,120.0,120.0,0.032693093583980384,0.026346996032362915,0.040504162361553686
post_neuropil,MB_CA_R | PLP_R,10,1000-1100,1050.0,2529,60,63.0,63.0,0.02372479240806643,0.018476247163630142,0.030418085588958883
post_neuropil,MB_CA_R | PLP_R,11,1100-1200,1150.0,2780,67,88.0,88.0,0.02410071942446043,0.0190226496065504,0.03049223658525017
post_neuropil,MB_CA_R | PLP_R,12,1200-1300,1250.0,2915,64,68.0,68.0,0.021955403087478557,0.017231279813312704,0.027937872222892346
post_neuropil,MB_CA_R | PLP_R,13,1300-1400,1350.0,2992,49,52.0,52.0,0.016377005347593582,0.012410104740827968,0.02158421592018428
post_neuropil,MB_CA_R | PLP_R,14,1400-1500,1450.0,3225,48,54.0,54.0,0.014883720930232559,0.011244519354095877,0.01967728244627736
post_neuropil,MB_CA_R | PLP_R,15,1500-1600,1550.0,3335,34,36.0,36.0,0.010194902548725637,0.007304760923162541,0.014212162790738711
post_neuropil,MB_CA_R | PLP_R,16,1600-1700,1650.0,3555,29,29.0,29.0,0.008157524613220815,0.005685829029598992,0.011691061248406076
post_neuropil,MB_CA_R | PLP_R,17,1700-1800,1750.0,3595,29,29.0,29.0,0.008066759388038943,0.0056225013487297085,0.011561250222887115
post_neuropil,MB_CA_R | PLP_R,18,1800-1900,1850.0,3907,27,28.0,28.0,0.006910673150755055,0.004753818318803707,0.010036246305649504
post_neuropil,MB_CA_R | PLP_R,19,1900-2000,1950.0,3884,30,31.0,31.0,0.007723995880535531,0.005415818041589577,0.01100501556438861
post_neuropil,MB_CA_R | SLP_R,0,0-100,50.0,1289,423,1626.0,1626.0,0.3281613653995345,0.3030716161276473,0.354272330725548
post_neuropil,MB_CA_R | SLP_R,2,200-300,250.0,506,81,137.0,137.0,0.1600790513833992,0.1307082934894984,0.1945723426924059
post_neuropil,MB_CA_R | SLP_R,3,300-400,350.0,534,76,115.0,115.0,0.14232209737827714,0.11523900919518396,0.17451470267834904
post_neuropil,MB_CA_R | SLP_R,4,400-500,450.0,501,56,87.0,87.0,0.11177644710578842,0.08708613306822174,0.14237514746016575
post_neuropil,MB_CA_R | SLP_R,5,500-600,550.0,477,33,49.0,49.0,0.06918238993710692,0.04968246949447647,0.09556619451462758
post_neuropil,MB_CA_R | SLP_R,6,600-700,650.0,508,39,45.0,45.0,0.07677165354330709,0.0566659982893416,0.10323034464175268
post_neuropil,MB_CA_R | SLP_R,9,900-1000,950.0,578,18,20.0,20.0,0.031141868512110725,0.019787811233484588,0.048687182648011675
post_neuropil,MB_CA_R | SLP_R,11,1100-1200,1150.0,710,22,31.0,31.0,0.030985915492957747,0.020550127178158545,0.04646978312126923
post_neuropil,MB_CA_R | SLP_R,12,1200-1300,1250.0,744,13,16.0,16.0,0.01747311827956989,0.010239272287208563,0.02966436506059343
post_neuropil,MB_CA_R | SLP_R,13,1300-1400,1350.0,869,21,24.0,24.0,0.024165707710011506,0.015859246124056654,0.03666070709540493
post_neuropil,MB_CA_R | SLP_R,14,1400-1500,1450.0,824,8,9.0,9.0,0.009708737864077669,0.0049275535038581795,0.019040316678070345
post_neuropil,MB_CA_R | SLP_R,15,1500-1600,1550.0,1007,5,5.0,5.0,0.004965243296921549,0.0021226327907348554,0.011570511614877262
post_neuropil,MB_CA_R | SLP_R,16,1600-1700,1650.0,1061,2,2.0,2.0,0.001885014137606032,0.0005170803388748952,0.006847019636182427
post_neuropil,MB_CA_R | SLP_R,17,1700-1800,1750.0,1092,10,15.0,15.0,0.009157509157509158,0.004981642803448123,0.016774786227900938
post_neuropil,MB_CA_R | SLP_R,18,1800-1900,1850.0,1193,2,5.0,5.0,0.0016764459346186086,0.0004598527673889217,0.006092058529811977
post_neuropil,MB_CA_R | SLP_R,19,1900-2000,1950.0,1309,3,3.0,3.0,0.002291825821237586,0.0007797128915940257,0.006716697947306874
post_neuropil,MB_ML_L | MB_ML_L,0,0-100,50.0,34956,23449,125530.0,125530.0,0.6708147385284358,0.665869950470208,0.675721986262137
post_neuropil,MB_ML_L | MB_ML_L,1,100-200,150.0,8528,2965,4271.0,4271.0,0.3476782363977486,0.33764116904060393,0.35785247444194734
post_neuropil,MB_ML_L | MB_ML_L,2,200-300,250.0,5531,1444,1939.0,1939.0,0.26107394684505514,0.24966719611669774,0.27281236318993163
post_neuropil,MB_ML_L | MB_ML_L,3,300-400,350.0,4746,936,1185.0,1185.0,0.1972187104930468,0.1861450437526987,0.20878214708246517
post_neuropil,MB_ML_L | MB_ML_L,4,400-500,450.0,4393,663,787.0,787.0,0.1509219212383337,0.1406413049211421,0.16181252921288722
post_neuropil,MB_ML_L | MB_ML_L,5,500-600,550.0,4184,466,570.0,570.0,0.11137667304015296,0.10219816633971375,0.12126816533816061
post_neuropil,MB_ML_L | MB_ML_L,6,600-700,650.0,4201,363,425.0,425.0,0.0864079980956915,0.07828498241606342,0.09528674023812643
post_neuropil,MB_ML_L | MB_ML_L,7,700-800,750.0,4094,239,276.0,276.0,0.0583781143136297,0.0516015591217758,0.06598268327549012
post_neuropil,MB_ML_L | MB_ML_L,8,800-900,850.0,3857,161,185.0,185.0,0.041742286751361164,0.035873038895050044,0.04852348231939191
post_neuropil,MB_ML_L | MB_ML_L,9,900-1000,950.0,3910,124,138.0,138.0,0.031713554987212275,0.026663908114777965,0.03768248750838675
post_neuropil,MB_ML_L | MB_ML_L,10,1000-1100,1050.0,3924,103,111.0,111.0,0.026248725790010193,0.021690798326136174,0.031733351975647896
post_neuropil,MB_ML_L | MB_ML_L,11,1100-1200,1150.0,3940,66,70.0,70.0,0.016751269035532996,0.013188969819727205,0.02125500987763184
post_neuropil,MB_ML_L | MB_ML_L,12,1200-1300,1250.0,3968,57,61.0,61.0,0.014364919354838709,0.011104359169180095,0.01856490055154995
post_neuropil,MB_ML_L | MB_ML_L,13,1300-1400,1350.0,3938,42,44.0,44.0,0.010665312341289994,0.007900188287764906,0.014384218066868926
post_neuropil,MB_ML_L | MB_ML_L,14,1400-1500,1450.0,3973,47,49.0,49.0,0.01182985149760886,0.008908082530445383,0.015694758075526952
post_neuropil,MB_ML_L | MB_ML_L,15,1500-1600,1550.0,4012,39,42.0,42.0,0.009720837487537388,0.007119235592937392,0.013260452689588496
post_neuropil,MB_ML_L | MB_ML_L,16,1600-1700,1650.0,4035,19,21.0,21.0,0.004708798017348203,0.0030166427906513677,0.007343159386289665
post_neuropil,MB_ML_L | MB_ML_L,17,1700-1800,1750.0,3953,8,8.0,8.0,0.002023779408044523,0.0010258315980045808,0.003988672899724113
post_neuropil,MB_ML_L | MB_ML_L,18,1800-1900,1850.0,3925,18,22.0,22.0,0.0045859872611464965,0.002902856790805303,0.007237943998923658
post_neuropil,MB_ML_L | MB_ML_L,19,1900-2000,1950.0,3899,8,8.0,8.0,0.0020518081559374197,0.0010400439050849922,0.004043841641282043
post_neuropil,MB_ML_L | MB_ML_R,0,0-100,50.0,12548,8657,30272.0,30272.0,0.6899107427478482,0.6817606656803418,0.6979445721550369
post_neuropil,MB_ML_L | MB_ML_R,1,100-200,150.0,3001,1194,1865.0,1865.0,0.39786737754081974,0.3804965582721329,0.41549934380803
post_neuropil,MB_ML_L | MB_ML_R,2,200-300,250.0,2012,554,755.0,755.0,0.2753479125248509,0.2562713822849553,0.2952806841075629
post_neuropil,MB_ML_L | MB_ML_R,3,300-400,350.0,1842,443,583.0,583.0,0.24049945711183496,0.22153451002757477,0.26054455894562434
post_neuropil,MB_ML_L | MB_ML_R,4,400-500,450.0,1871,383,491.0,491.0,0.20470336718332444,0.1870342098612782,0.22358266571903748
post_neuropil,MB_ML_L | MB_ML_R,5,500-600,550.0,1767,263,322.0,322.0,0.1488398415393322,0.1330061678330758,0.16619710365094617
post_neuropil,MB_ML_L | MB_ML_R,6,600-700,650.0,1645,207,259.0,259.0,0.12583586626139817,0.11067486433257442,0.1427403818620873
post_neuropil,MB_ML_L | MB_ML_R,7,700-800,750.0,1644,176,217.0,217.0,0.1070559610705596,0.09301545790893621,0.12292859884991729
post_neuropil,MB_ML_L | MB_ML_R,8,800-900,850.0,1476,108,125.0,125.0,0.07317073170731707,0.0609642225271067,0.08759329876436125
post_neuropil,MB_ML_L | MB_ML_R,9,900-1000,950.0,1518,85,98.0,98.0,0.055994729907773384,0.04550995545762374,0.06872111826253216
post_neuropil,MB_ML_L | MB_ML_R,10,1000-1100,1050.0,1457,61,68.0,68.0,0.041866849691146193,0.03273043236515144,0.053412788090782995
post_neuropil,MB_ML_L | MB_ML_R,11,1100-1200,1150.0,1443,59,66.0,66.0,0.040887040887040885,0.03182943705000267,0.05238268402807525
post_neuropil,MB_ML_L | MB_ML_R,12,1200-1300,1250.0,1358,47,52.0,52.0,0.03460972017673049,0.026125870143711045,0.045719196125376345
post_neuropil,MB_ML_L | MB_ML_R,13,1300-1400,1350.0,1365,29,32.0,32.0,0.021245421245421246,0.014832548017266058,0.03034550618564537
post_neuropil,MB_ML_L | MB_ML_R,14,1400-1500,1450.0,1307,24,25.0,25.0,0.018362662586074982,0.012370217818171096,0.02717811510016168
post_neuropil,MB_ML_L | MB_ML_R,15,1500-1600,1550.0,1335,21,21.0,21.0,0.015730337078651686,0.010311306605162645,0.023928442144801502
post_neuropil,MB_ML_L | MB_ML_R,16,1600-1700,1650.0,1358,18,19.0,19.0,0.013254786450662739,0.00840048693602806,0.020855191551102898
post_neuropil,MB_ML_L | MB_ML_R,17,1700-1800,1750.0,1268,8,8.0,8.0,0.006309148264984227,0.0032003182611495297,0.012400366604009777
post_neuropil,MB_ML_L | MB_ML_R,18,1800-1900,1850.0,1288,11,12.0,12.0,0.008540372670807454,0.004775389162914462,0.015228301692063424
post_neuropil,MB_ML_L | MB_ML_R,19,1900-2000,1950.0,1279,10,12.0,12.0,0.007818608287724784,0.004252366499587717,0.014332624819683502
post_neuropil,MB_ML_L | MB_VL_L,0,0-100,50.0,2462,2089,12254.0,12254.0,0.8484971567831032,0.8337920978819334,0.8621163497653123
post_neuropil,MB_ML_L | MB_VL_L,7,700-800,750.0,174,14,22.0,22.0,0.08045977011494253,0.048530652689047146,0.13051407025541578
post_neuropil,MB_ML_L | MB_VL_L,8,800-900,850.0,191,9,12.0,12.0,0.04712041884816754,0.02498510790877515,0.08711415631406022
post_neuropil,MB_ML_L | MB_VL_L,9,900-1000,950.0,193,6,9.0,9.0,0.031088082901554404,0.01432407677048586,0.06615484638396928
post_neuropil,MB_ML_L | MB_VL_L,12,1200-1300,1250.0,170,4,4.0,4.0,0.023529411764705882,0.009187146558505471,0.05893003598008137
post_neuropil,MB_ML_L | MB_VL_L,16,1600-1700,1650.0,109,1,1.0,1.0,0.009174311926605505,0.0016212895577145392,0.050146852687698494
post_neuropil,MB_ML_L | MB_VL_R,0,0-100,50.0,1336,1051,4070.0,4070.0,0.7866766467065869,0.7639038350793014,0.8078055371330558
post_neuropil,MB_ML_L | MB_VL_R,1,100-200,150.0,245,119,224.0,224.0,0.4857142857142857,0.42383505835886304,0.5480345968756316
post_neuropil,MB_ML_L | MB_VL_R,5,500-600,550.0,81,12,20.0,20.0,0.14814814814814814,0.08682622816663449,0.24133354251190053
post_neuropil,MB_ML_L | MB_VL_R,8,800-900,850.0,74,4,5.0,5.0,0.05405405405405406,0.021218668760240082,0.1309056452312503
post_neuropil,MB_ML_L | MB_VL_R,9,900-1000,950.0,66,1,1.0,1.0,0.015151515151515152,0.0026795715344567483,0.08096112398225534
post_neuropil,MB_ML_L | MB_VL_R,10,1000-1100,1050.0,65,1,1.0,1.0,0.015384615384615385,0.002720874527486622,0.08213479413797146
post_neuropil,MB_ML_L | MB_VL_R,11,1100-1200,1150.0,64,5,9.0,9.0,0.078125,0.03383067809543547,0.1701975287864777
post_neuropil,MB_ML_L | MB_VL_R,14,1400-1500,1450.0,62,2,2.0,2.0,0.03225806451612903,0.008891184997076404,0.11020677131018222
post_neuropil,MB_ML_L | MB_VL_R,15,1500-1600,1550.0,72,2,2.0,2.0,0.027777777777777776,0.007650861466140461,0.09574358168906721
post_neuropil,MB_ML_L | MB_VL_R,16,1600-1700,1650.0,59,0,0.0,0.0,0.0,0.0,0.06113147978409207
post_neuropil,MB_ML_L | MB_VL_R,18,1800-1900,1850.0,62,0,0.0,0.0,0.0,0.0,0.05834609122500061
post_neuropil,MB_ML_L | SLP_L,0,0-100,50.0,2747,749,2981.0,2981.0,0.27266108481980345,0.2563336257290719,0.28962350971631323
post_neuropil,MB_ML_L | SLP_L,1,100-200,150.0,1726,270,557.0,557.0,0.1564310544611819,0.1400581973264792,0.1743298946236739
post_neuropil,MB_ML_L | SLP_L,2,200-300,250.0,1278,151,322.0,322.0,0.11815336463223787,0.10158982747888892,0.13700564328754583
post_neuropil,MB_ML_L | SLP_L,3,300-400,350.0,1206,102,185.0,185.0,0.0845771144278607,0.07016142559596955,0.10163098094716799
post_neuropil,MB_ML_L | SLP_L,4,400-500,450.0,1360,108,171.0,171.0,0.07941176470588235,0.06619772483984009,0.09499518788550866
post_neuropil,MB_ML_L | SLP_L,5,500-600,550.0,1336,79,125.0,125.0,0.05913173652694611,0.04770267687799498,0.07308891520274054
post_neuropil,MB_ML_L | SLP_L,6,600-700,650.0,1227,61,95.0,95.0,0.04971475142624287,0.03889612504145038,0.06334416322959928
post_neuropil,MB_ML_L | SLP_L,7,700-800,750.0,1292,55,85.0,85.0,0.04256965944272446,0.03285022771144447,0.05500125043218049
post_neuropil,MB_ML_L | SLP_L,8,800-900,850.0,1223,34,62.0,62.0,0.027800490596892886,0.01996148706682418,0.03859668376794373
post_neuropil,MB_ML_L | SLP_L,9,900-1000,950.0,1280,40,51.0,51.0,0.03125,0.023032145923860114,0.04227310668674231
post_neuropil,MB_ML_L | SLP_L,10,1000-1100,1050.0,1194,27,34.0,34.0,0.022613065326633167,0.01558684557654658,0.03270134211037297
post_neuropil,MB_ML_L | SLP_L,11,1100-1200,1150.0,1245,17,21.0,21.0,0.013654618473895583,0.008542499723259867,0.02175886115389221
post_neuropil,MB_ML_L | SLP_L,12,1200-1300,1250.0,1216,14,14.0,14.0,0.011513157894736841,0.006870342198015316,0.019232719051904344
post_neuropil,MB_ML_L | SLP_L,13,1300-1400,1350.0,1190,15,18.0,18.0,0.012605042016806723,0.007653466888103058,0.020693342269828777
post_neuropil,MB_ML_L | SLP_L,14,1400-1500,1450.0,1095,13,15.0,15.0,0.011872146118721462,0.006951069295901592,0.02020625711037935
post_neuropil,MB_ML_L | SLP_L,15,1500-1600,1550.0,1107,19,33.0,33.0,0.017163504968383016,0.01101500182309035,0.026651574581682387
post_neuropil,MB_ML_L | SLP_L,16,1600-1700,1650.0,1172,11,12.0,12.0,0.00938566552901024,0.005248744505594527,0.016728365336411404
post_neuropil,MB_ML_L | SLP_L,17,1700-1800,1750.0,1041,4,5.0,5.0,0.0038424591738712775,0.0014952170159573102,0.009838175528903079
post_neuropil,MB_ML_L | SLP_L,18,1800-1900,1850.0,1114,9,12.0,12.0,0.00807899461400359,0.004256094592696767,0.015282988583309563
post_neuropil,MB_ML_L | SLP_R,0,0-100,50.0,1053,229,600.0,600.0,0.2174738841405508,0.19360804659267175,0.24339367627667782
post_neuropil,MB_ML_L | SLP_R,1,100-200,150.0,588,86,148.0,148.0,0.14625850340136054,0.11999285088818502,0.1771163756345873
post_neuropil,MB_ML_L | SLP_R,2,200-300,250.0,430,44,78.0,78.0,0.10232558139534884,0.07711084935549277,0.1345830038849526
post_neuropil,MB_ML_L | SLP_R,3,300-400,350.0,431,45,73.0,73.0,0.10440835266821345,0.07894975433626711,0.13685664505146397
post_neuropil,MB_ML_L | SLP_R,4,400-500,450.0,393,28,36.0,36.0,0.07124681933842239,0.04974995598695564,0.10104471876488488
post_neuropil,MB_ML_L | SLP_R,5,500-600,550.0,351,17,30.0,30.0,0.04843304843304843,0.030455860994362243,0.07618777943562115
post_neuropil,MB_ML_L | SLP_R,6,600-700,650.0,389,28,34.0,34.0,0.07197943444730077,0.05026637749515593,0.10206372196477907
post_neuropil,MB_ML_L | SLP_R,7,700-800,750.0,402,19,26.0,26.0,0.0472636815920398,0.030463467946577952,0.07263488372560155
post_neuropil,MB_ML_L | SLP_R,8,800-900,850.0,360,11,14.0,14.0,0.030555555555555555,0.017145635257466024,0.053878678619781656
post_neuropil,MB_ML_L | SLP_R,10,1000-1100,1050.0,320,4,6.0,6.0,0.0125,0.004871372962806259,0.031694651908612356
post_neuropil,MB_ML_L | SLP_R,11,1100-1200,1150.0,307,4,5.0,5.0,0.013029315960912053,0.0050781159115414285,0.03301717120575561
post_neuropil,MB_ML_L | SLP_R,12,1200-1300,1250.0,286,2,4.0,4.0,0.006993006993006993,0.0019197940246487091,0.025134983481409773
post_neuropil,MB_ML_L | SLP_R,14,1400-1500,1450.0,294,1,2.0,2.0,0.003401360544217687,0.0006006607448315292,0.019012449042384225
post_neuropil,MB_ML_L | SLP_R,15,1500-1600,1550.0,252,4,4.0,4.0,0.015873015873015872,0.006189471067791767,0.04009541770713772
post_neuropil,MB_ML_L | SLP_R,16,1600-1700,1650.0,297,2,2.0,2.0,0.006734006734006734,0.0018486155014349904,0.02421692862544108
post_neuropil,MB_ML_L | SLP_R,19,1900-2000,1950.0,264,1,1.0,1.0,0.003787878787878788,0.0006689496360342308,0.0211409559200855
post_neuropil,MB_ML_R | MB_VL_R,0,0-100,50.0,5048,4180,20996.0,20996.0,0.8280507131537242,0.8173928358121105,0.838209667639304
post_neuropil,MB_ML_R | MB_VL_R,1,100-200,150.0,842,407,939.0,939.0,0.4833729216152019,0.44977074069276346,0.5171261345614213
post_neuropil,MB_ML_R | MB_VL_R,3,300-400,350.0,406,127,226.0,226.0,0.312807881773399,0.2696406656261714,0.35948434266971663
post_neuropil,MB_ML_R | MB_VL_R,5,500-600,550.0,382,66,100.0,100.0,0.17277486910994763,0.13816964947787494,0.2138960686821161
post_neuropil,MB_ML_R | MB_VL_R,6,600-700,650.0,402,43,60.0,60.0,0.10696517412935323,0.08038628934264522,0.14098480716397216
post_neuropil,MB_ML_R | MB_VL_R,7,700-800,750.0,314,30,36.0,36.0,0.09554140127388536,0.06774453437743716,0.13311526496915563
post_neuropil,MB_ML_R | MB_VL_R,8,800-900,850.0,373,30,36.0,36.0,0.08042895442359249,0.05691659725445905,0.11249569692962255
post_neuropil,MB_ML_R | MB_VL_R,10,1000-1100,1050.0,338,17,18.0,18.0,0.05029585798816568,0.03163601710583,0.07906320733028309
post_neuropil,MB_ML_R | MB_VL_R,11,1100-1200,1150.0,344,15,17.0,17.0,0.0436046511627907,0.026600131056852466,0.07069012979751343
post_neuropil,MB_ML_R | MB_VL_R,12,1200-1300,1250.0,337,3,3.0,3.0,0.008902077151335312,0.0030319826699087924,0.02584242702656018
post_neuropil,MB_ML_R | MB_VL_R,14,1400-1500,1450.0,319,6,6.0,6.0,0.018808777429467086,0.008647917561404133,0.04042134736604017
post_neuropil,MB_ML_R | MB_VL_R,17,1700-1800,1750.0,309,1,1.0,1.0,0.003236245954692557,0.0005714907829671729,0.018101217705929443
post_neuropil,ME_L | ME_L,0,0-100,50.0,3066708,1378499,6275910.0,6275910.0,0.4495044849395508,0.4489477940013804,0.4500613023868819
post_neuropil,ME_L | ME_L,1,100-200,150.0,1053458,220567,445261.0,445261.0,0.20937427026041855,0.20859837805278786,0.21015228208502873
post_neuropil,ME_L | ME_L,2,200-300,250.0,640109,91651,167239.0,167239.0,0.14318030210479776,0.14232438777509743,0.14404049929983792
post_neuropil,ME_L | ME_L,3,300-400,350.0,554566,60670,104835.0,104835.0,0.10940086482041812,0.10858202470110787,0.11022511643355706
post_neuropil,ME_L | ME_L,4,400-500,450.0,527454,44266,72319.0,72319.0,0.08392390616053723,0.08317863890079688,0.08467523418114234
post_neuropil,ME_L | ME_L,5,500-600,550.0,492482,31609,50079.0,50079.0,0.06418305643658043,0.06350196111769452,0.06487095087222858
post_neuropil,ME_L | ME_L,6,600-700,650.0,487377,24318,37721.0,37721.0,0.04989566598341735,0.049287925272229215,0.0505105022579185
post_neuropil,ME_L | ME_L,7,700-800,750.0,470260,18274,28062.0,28062.0,0.038859354399693784,0.03831074313344179,0.03941549981060003
post_neuropil,ME_L | ME_L,8,800-900,850.0,457672,14117,21338.0,21338.0,0.030845234141481236,0.030348237411052807,0.031350106773518197
post_neuropil,ME_L | ME_L,9,900-1000,950.0,448119,11128,16764.0,16764.0,0.024832689531129007,0.02438111826327371,0.025292407684482848
post_neuropil,ME_L | ME_L,10,1000-1100,1050.0,430671,8509,12657.0,12657.0,0.019757541139291943,0.019346165498564764,0.020177484261802395
post_neuropil,ME_L | ME_L,11,1100-1200,1150.0,424275,6802,9885.0,9885.0,0.016032054681515525,0.015658477773723214,0.016414395690066315
post_neuropil,ME_L | ME_L,12,1200-1300,1250.0,411838,5473,8115.0,8115.0,0.013289205949912343,0.012943984513380878,0.013643507319551912
post_neuropil,ME_L | ME_L,13,1300-1400,1350.0,402097,4291,6330.0,6330.0,0.01067155437618286,0.010358600649616247,0.010993858016811965
post_neuropil,ME_L | ME_L,14,1400-1500,1450.0,396516,3738,5398.0,5398.0,0.009427110129225555,0.009131040433107212,0.009732685452129802
post_neuropil,ME_L | ME_L,15,1500-1600,1550.0,384710,3036,4445.0,4445.0,0.007891658651971615,0.007616920656723284,0.008176224645070297
post_neuropil,ME_L | ME_L,16,1600-1700,1650.0,380937,2577,3865.0,3865.0,0.00676489813276211,0.006509518775311506,0.007030225554376037
post_neuropil,ME_L | ME_L,17,1700-1800,1750.0,372359,2234,3324.0,3324.0,0.0059995864206317025,0.005756587655950479,0.006252778210914794
post_neuropil,ME_L | ME_L,18,1800-1900,1850.0,367503,1895,2719.0,2719.0,0.005156420491805509,0.004929969327036091,0.005393216993748854
post_neuropil,ME_L | ME_L,19,1900-2000,1950.0,364120,1669,2493.0,2493.0,0.004583653740525101,0.004369416656477934,0.0048083443638265375
post_neuropil,ME_L | ME_R,0,0-100,50.0,22165,11054,67448.0,67448.0,0.4987141890367697,0.4921324836628783,0.5052963400425515
post_neuropil,ME_L | ME_R,1,100-200,150.0,13805,4806,16034.0,16034.0,0.3481347337921043,0.3402312089225726,0.3561227560617169
post_neuropil,ME_L | ME_R,2,200-300,250.0,10701,3045,9014.0,9014.0,0.2845528455284553,0.2760823697845711,0.29317795444105776
post_neuropil,ME_L | ME_R,3,300-400,350.0,10595,2609,7470.0,7470.0,0.24624823029731005,0.2381375401612354,0.2545428674787844
post_neuropil,ME_L | ME_R,4,400-500,450.0,11309,2429,6649.0,6649.0,0.21478468476434698,0.20731317716627132,0.22244989845214805
post_neuropil,ME_L | ME_R,5,500-600,550.0,10945,2016,5108.0,5108.0,0.1841936957514847,0.17704254874598466,0.19156645551616483
post_neuropil,ME_L | ME_R,6,600-700,650.0,11612,1873,4468.0,4468.0,0.16129865656217707,0.15472091014995148,0.1681004341080487
post_neuropil,ME_L | ME_R,7,700-800,750.0,11806,1635,3639.0,3639.0,0.13848890394714553,0.13237562012607793,0.14483737822607615
post_neuropil,ME_L | ME_R,8,800-900,850.0,12153,1559,3496.0,3496.0,0.12828108286019912,0.1224528880577954,0.13434420634540878
post_neuropil,ME_L | ME_R,9,900-1000,950.0,12367,1293,2717.0,2717.0,0.10455243793967818,0.0992819185903212,0.11006855923003986
post_neuropil,ME_L | ME_R,10,1000-1100,1050.0,12182,1205,2580.0,2580.0,0.09891643408307339,0.09374052377376839,0.10434522846512499
post_neuropil,ME_L | ME_R,11,1100-1200,1150.0,12487,1071,2173.0,2173.0,0.08576919996796668,0.08098412797171936,0.09080906809282766
post_neuropil,ME_L | ME_R,12,1200-1300,1250.0,12356,997,2032.0,2032.0,0.08068954354159923,0.0760164650817957,0.08562327632071547
post_neuropil,ME_L | ME_R,13,1300-1400,1350.0,12379,829,1753.0,1753.0,0.06696825268600048,0.062697749063967,0.07150744015528299
post_neuropil,ME_L | ME_R,14,1400-1500,1450.0,12485,753,1483.0,1483.0,0.060312374849819786,0.056270112069985126,0.06462513573266136
post_neuropil,ME_L | ME_R,15,1500-1600,1550.0,12320,671,1382.0,1382.0,0.054464285714285715,0.05059414461276159,0.05861219247615392
post_neuropil,ME_L | ME_R,16,1600-1700,1650.0,12511,650,1272.0,1272.0,0.051954280233394615,0.04820100238366944,0.05598262547782903
post_neuropil,ME_L | ME_R,17,1700-1800,1750.0,12389,585,1139.0,1139.0,0.0472193074501574,0.0436225740535403,0.05109675165784457
post_neuropil,ME_L | ME_R,18,1800-1900,1850.0,12273,521,964.0,964.0,0.042450908498329665,0.03902475438921122,0.04616340996732817
post_neuropil,ME_L | ME_R,19,1900-2000,1950.0,12440,502,1039.0,1039.0,0.040353697749196143,0.037035076144246,0.04395611872920851
post_neuropil,ME_L | PVLP_L,0,0-100,50.0,6320,3645,18443.0,18443.0,0.5767405063291139,0.5645162701849649,0.5888715060047487
post_neuropil,ME_L | PVLP_L,1,100-200,150.0,3194,1328,4522.0,4522.0,0.41577958672510956,0.3987981148309533,0.43296340831640956
post_neuropil,ME_L | PVLP_L,2,200-300,250.0,2181,726,2124.0,2124.0,0.3328748280605227,0.31340634896257763,0.3529310184694597
post_neuropil,ME_L | PVLP_L,3,300-400,350.0,2005,619,1708.0,1708.0,0.3087281795511222,0.2888885802420968,0.3292993346238638
post_neuropil,ME_L | PVLP_L,4,400-500,450.0,1990,540,1553.0,1553.0,0.271356783919598,0.2522742019697186,0.29132043463531554
post_neuropil,ME_L | PVLP_L,5,500-600,550.0,1862,452,1248.0,1248.0,0.24274973147153597,0.223817780532666,0.26274099273083074
post_neuropil,ME_L | PVLP_L,6,600-700,650.0,1855,419,1055.0,1055.0,0.22587601078167116,0.20742439589935907,0.24546066972430675
post_neuropil,ME_L | PVLP_L,7,700-800,750.0,1829,357,923.0,923.0,0.1951886276653909,0.17767080567436488,0.21398420695738674
post_neuropil,ME_L | PVLP_L,8,800-900,850.0,1758,329,823.0,823.0,0.18714448236632536,0.16960144833593224,0.206051845354034
post_neuropil,ME_L | PVLP_L,9,900-1000,950.0,1771,263,631.0,631.0,0.14850367024280067,0.13270315330372304,0.16582579711078152
post_neuropil,ME_L | PVLP_L,10,1000-1100,1050.0,1671,259,628.0,628.0,0.1549970077797726,0.13843783798966297,0.1731388508148186
post_neuropil,ME_L | PVLP_L,11,1100-1200,1150.0,1706,245,581.0,581.0,0.14361078546307152,0.1277693139687687,0.16105369747275897
post_neuropil,ME_L | PVLP_L,12,1200-1300,1250.0,1630,204,441.0,441.0,0.12515337423312883,0.1099656014243746,0.1421038770366953
post_neuropil,ME_L | PVLP_L,13,1300-1400,1350.0,1644,194,447.0,447.0,0.11800486618004866,0.10329305976946848,0.1344977570177761
post_neuropil,ME_L | PVLP_L,15,1500-1600,1550.0,1528,151,337.0,337.0,0.09882198952879581,0.08484975428426669,0.11480639815342661
post_neuropil,ME_L | PVLP_L,16,1600-1700,1650.0,1517,152,368.0,368.0,0.1001977587343441,0.08608294261818082,0.11633235165046622
post_neuropil,ME_L | PVLP_L,17,1700-1800,1750.0,1488,149,348.0,348.0,0.10013440860215053,0.08589668830080957,0.11643149453039717
post_neuropil,ME_L | PVLP_L,18,1800-1900,1850.0,1558,137,310.0,310.0,0.08793324775353016,0.07486508480694688,0.10302849927994133
post_neuropil,ME_L | PVLP_L,19,1900-2000,1950.0,1511,111,224.0,224.0,0.07346128391793515,0.061360393068961565,0.08772555756772546
post_neuropil,ME_R | ME_R,0,0-100,50.0,3262927,1478532,7125285.0,7125285.0,0.4531305787717592,0.4525904948183347,0.45367077308827586
post_neuropil,ME_R | ME_R,1,100-200,150.0,1093068,226669,467810.0,467810.0,0.20736953236212202,0.20661051464881636,0.20813060697445612
post_neuropil,ME_R | ME_R,2,200-300,250.0,664888,95202,175858.0,175858.0,0.14318501762702893,0.1423451527132439,0.14402900573905622
post_neuropil,ME_R | ME_R,3,300-400,350.0,574184,62186,109125.0,109125.0,0.10830326167221657,0.10750205873948673,0.10910970589387989
post_neuropil,ME_R | ME_R,4,400-500,450.0,544558,45580,76798.0,76798.0,0.08370090972862394,0.08296828388945245,0.08443940911405969
post_neuropil,ME_R | ME_R,5,500-600,550.0,506227,32181,52711.0,52711.0,0.0635702955393529,0.06290147981317377,0.06424573507512589
post_neuropil,ME_R | ME_R,6,600-700,650.0,502102,25194,40298.0,40298.0,0.05017705565801371,0.04957663287662357,0.05078436160896619
post_neuropil,ME_R | ME_R,7,700-800,750.0,481889,18405,28676.0,28676.0,0.038193442888300004,0.037655960042875254,0.03873828868215084
post_neuropil,ME_R | ME_R,8,800-900,850.0,468921,14159,22165.0,22165.0,0.03019485158480853,0.02970889163255531,0.030688509160638245
post_neuropil,ME_R | ME_R,9,900-1000,950.0,459198,11117,17173.0,17173.0,0.024209600216028814,0.0237690069130353,0.024658154272809558
post_neuropil,ME_R | ME_R,10,1000-1100,1050.0,439797,8522,13107.0,13107.0,0.019377121717519673,0.01897389576440889,0.01978874402040774
post_neuropil,ME_R | ME_R,11,1100-1200,1150.0,434211,6822,10425.0,10425.0,0.015711255587721178,0.015345627215014377,0.016085453191427446
post_neuropil,ME_R | ME_R,12,1200-1300,1250.0,418656,5444,8382.0,8382.0,0.013003516013146832,0.012664782171202042,0.013351187161740066
post_neuropil,ME_R | ME_R,13,1300-1400,1350.0,409495,4388,6596.0,6596.0,0.010715637553572082,0.01040483953281,0.01103561574587961
post_neuropil,ME_R | ME_R,14,1400-1500,1450.0,403429,3697,5516.0,5516.0,0.009163942106293796,0.008874534708695349,0.00946269725948163
post_neuropil,ME_R | ME_R,15,1500-1600,1550.0,390829,2951,4491.0,4491.0,0.007550616765900176,0.007284016457756346,0.007826897906099408
post_neuropil,ME_R | ME_R,16,1600-1700,1650.0,386138,2553,3943.0,3943.0,0.006611625895405269,0.0063608664603521025,0.006872202452426397
post_neuropil,ME_R | ME_R,17,1700-1800,1750.0,377186,2098,3173.0,3173.0,0.005562242501047229,0.005329874502251196,0.005804681991064505
post_neuropil,ME_R | ME_R,18,1800-1900,1850.0,371975,1864,2811.0,2811.0,0.005011089454936488,0.004789224190497745,0.005243178684752243
post_neuropil,ME_R | ME_R,19,1900-2000,1950.0,366414,1515,2366.0,2366.0,0.0041346673434967006,0.003932028427195023,0.004347703768028954
post_neuropil,OCG | OCG,0,0-100,50.0,860,623,4438.0,4438.0,0.7244186046511628,0.6936078261326094,0.753233354009676
post_neuropil,OCG | OCG,6,600-700,650.0,194,54,156.0,156.0,0.27835051546391754,0.22005283416067448,0.3452559785460567
post_neuropil,OCG | OCG,7,700-800,750.0,136,32,70.0,70.0,0.23529411764705882,0.17188509908899885,0.3132466499756571
post_neuropil,OCG | OCG,10,1000-1100,1050.0,144,20,54.0,54.0,0.1388888888888889,0.09174107374377487,0.20480333594876093
post_neuropil,PB | PB,0,0-100,50.0,2221,1255,10956.0,10956.0,0.565060783430887,0.5443480821438584,0.5855488057963885
post_neuropil,PB | PB,2,200-300,250.0,277,108,403.0,403.0,0.3898916967509025,0.33433517763436277,0.448460533542329
post_neuropil,PB | PB,4,400-500,450.0,160,42,119.0,119.0,0.2625,0.20046534399003782,0.33567199841872775
post_neuropil,PB | PB,6,600-700,650.0,113,23,62.0,62.0,0.20353982300884957,0.1396323173788541,0.2869417795181416
post_neuropil,PB | PB,8,800-900,850.0,65,12,19.0,19.0,0.18461538461538463,0.10888765378062985,0.29554222582704914
post_neuropil,PB | PB,10,1000-1100,1050.0,52,7,16.0,16.0,0.1346153846153846,0.06676796994292626,0.2527357692049491
post_neuropil,PB | SPS_L,1,100-200,150.0,186,8,28.0,28.0,0.043010752688172046,0.021952525315166324,0.08256408221447946
post_neuropil,PB | SPS_L,2,200-300,250.0,130,5,8.0,8.0,0.038461538461538464,0.016538182454457935,0.08687958900075479
post_neuropil,PB | SPS_L,3,300-400,350.0,142,2,2.0,2.0,0.014084507042253521,0.003870935121581952,0.049896988433837074
post_neuropil,PB | SPS_L,7,700-800,750.0,168,5,8.0,8.0,0.02976190476190476,0.012777935316137214,0.06777066292782699
post_neuropil,PB | SPS_L,8,800-900,850.0,168,1,1.0,1.0,0.005952380952380952,0.0010514882493867714,0.03294260863984144
post_neuropil,PB | SPS_L,9,900-1000,950.0,184,3,4.0,4.0,0.016304347826086956,0.0055600783671788424,0.046833001759906956
post_neuropil,PB | SPS_L,11,1100-1200,1150.0,188,2,6.0,6.0,0.010638297872340425,0.00292220835550212,0.03795318050697609
post_neuropil,PB | SPS_L,14,1400-1500,1450.0,187,1,2.0,2.0,0.0053475935828877,0.0009445818095611402,0.02966509658340978
post_neuropil,PB | SPS_L,16,1600-1700,1650.0,188,2,2.0,2.0,0.010638297872340425,0.00292220835550212,0.03795318050697609
post_neuropil,PB | SPS_L,17,1700-1800,1750.0,220,0,0.0,0.0,0.0,0.0,0.017162136081943655
post_neuropil,PB | SPS_L,18,1800-1900,1850.0,218,0,0.0,0.0,0.0,0.0,0.017316860318353274
post_neuropil,PB | SPS_L,19,1900-2000,1950.0,204,0,0.0,0.0,0.0,0.0,0.01848330651804066
post_neuropil,PB | SPS_R,1,100-200,150.0,187,6,6.0,6.0,0.03208556149732621,0.014786232211873217,0.06822292302472088
post_neuropil,PB | SPS_R,5,500-600,550.0,147,2,4.0,4.0,0.013605442176870748,0.0037389889438848856,0.048246670184631385
post_neuropil,PB | SPS_R,6,600-700,650.0,176,5,6.0,6.0,0.028409090909090908,0.012194241714798201,0.06477126570951297
post_neuropil,PB | SPS_R,11,1100-1200,1150.0,209,2,2.0,2.0,0.009569377990430622,0.002628148299936312,0.034214273482271684
post_neuropil,PB | SPS_R,13,1300-1400,1350.0,199,2,2.0,2.0,0.010050251256281407,0.0027604243911927527,0.0358983122782084
post_neuropil,PB | SPS_R,14,1400-1500,1450.0,192,1,1.0,1.0,0.005208333333333333,0.0009199674643243817,0.02890822021388086
post_neuropil,PB | SPS_R,16,1600-1700,1650.0,205,4,5.0,5.0,0.01951219512195122,0.007613308587699281,0.049088038270397955
post_neuropil,PB | SPS_R,18,1800-1900,1850.0,211,3,3.0,3.0,0.014218009478672985,0.004846891069657241,0.04096174189528064
post_neuropil,PB | SPS_R,19,1900-2000,1950.0,171,2,2.0,2.0,0.011695906432748537,0.00321325400608612,0.041636484271303245
post_neuropil,PRW | PRW,0,0-100,50.0,34533,17657,163673.0,163673.0,0.5113080242087279,0.5060347872627087,0.5165787455277362
post_neuropil,PRW | PRW,1,100-200,150.0,10061,2986,9852.0,9852.0,0.2967895835404035,0.2879415756805311,0.3057927161736
post_neuropil,PRW | PRW,2,200-300,250.0,6020,1403,3697.0,3697.0,0.23305647840531563,0.22254879403145053,0.24390463993666708
post_neuropil,PRW | PRW,3,300-400,350.0,4971,954,2278.0,2278.0,0.19191309595654799,0.18120512978772757,0.20309687492333706
post_neuropil,PRW | PRW,4,400-500,450.0,4489,715,1695.0,1695.0,0.15927823568723545,0.14886520749640123,0.1702739315286648
post_neuropil,PRW | PRW,5,500-600,550.0,3969,530,1177.0,1177.0,0.13353489543965735,0.12330593394210752,0.14447257502235766
post_neuropil,PRW | PRW,6,600-700,650.0,3874,444,875.0,875.0,0.11461022199277233,0.10495846042323394,0.1250255595532396
post_neuropil,PRW | PRW,7,700-800,750.0,3563,299,568.0,568.0,0.08391804658995229,0.07525583004651798,0.09347652969718354
post_neuropil,PRW | PRW,8,800-900,850.0,3236,261,504.0,504.0,0.08065512978986403,0.07176250121869991,0.09054222380242456
post_neuropil,PRW | PRW,9,900-1000,950.0,2861,176,334.0,334.0,0.06151695211464523,0.05328665309566394,0.07092321595957458
post_neuropil,PRW | PRW,10,1000-1100,1050.0,2771,165,312.0,312.0,0.059545290508841574,0.05132897826141568,0.068981168451103
post_neuropil,PRW | PRW,11,1100-1200,1150.0,2494,130,217.0,217.0,0.052125100240577385,0.044069633735449074,0.06155820111204485
post_neuropil,PRW | PRW,12,1200-1300,1250.0,2359,104,198.0,198.0,0.04408647732089869,0.036517066840210645,0.053138371763883675
post_neuropil,PRW | PRW,13,1300-1400,1350.0,2179,66,148.0,148.0,0.030289123451124368,0.023878726465733677,0.03835281612535493
post_neuropil,PRW | PRW,14,1400-1500,1450.0,2104,71,108.0,108.0,0.03374524714828897,0.026839472047809523,0.042350546784725135
post_neuropil,PRW | PRW,15,1500-1600,1550.0,1929,54,94.0,94.0,0.027993779160186624,0.02151832105175553,0.03634549976004819
post_neuropil,PRW | PRW,16,1600-1700,1650.0,1861,60,105.0,105.0,0.032240730789897906,0.0251294496428787,0.04127919332175702
post_neuropil,PRW | PRW,17,1700-1800,1750.0,1715,39,57.0,57.0,0.022740524781341108,0.016679298580499345,0.030935094741142394
post_neuropil,PRW | PRW,18,1800-1900,1850.0,1680,42,76.0,76.0,0.025,0.018548125033591142,0.03361925223039853
post_neuropil,PRW | PRW,19,1900-2000,1950.0,1499,30,64.0,64.0,0.0200133422281521,0.014054187635822165,0.028426403798431452
post_neuropil,PVLP_L | PVLP_L,0,0-100,50.0,35636,16965,109610.0,109610.0,0.4760635312605231,0.4708809770096158,0.4812512457104761
post_neuropil,PVLP_L | PVLP_L,1,100-200,150.0,6977,1438,3455.0,3455.0,0.2061057761215422,0.19677695199828552,0.2157580638370544
post_neuropil,PVLP_L | PVLP_L,2,200-300,250.0,3585,517,1019.0,1019.0,0.14421199442119945,0.13309275664528986,0.15609292377036288
post_neuropil,PVLP_L | PVLP_L,3,300-400,350.0,2881,323,619.0,619.0,0.11211384935786185,0.10110540350781182,0.12415535257668169
post_neuropil,PVLP_L | PVLP_L,4,400-500,450.0,2421,237,459.0,459.0,0.09789343246592318,0.08668509583922329,0.11037585857528362
post_neuropil,PVLP_L | PVLP_L,5,500-600,550.0,2018,150,264.0,264.0,0.07433102081268583,0.06367731649361565,0.08660230976395074
post_neuropil,PVLP_L | PVLP_L,6,600-700,650.0,1940,101,202.0,202.0,0.052061855670103095,0.04303164336107144,0.0628625817650911
post_neuropil,PVLP_L | PVLP_L,7,700-800,750.0,1613,76,105.0,105.0,0.047117172969621826,0.037808948570306686,0.058577487800454686
post_neuropil,PVLP_L | PVLP_L,8,800-900,850.0,1520,57,125.0,125.0,0.0375,0.029055981981926358,0.0482759401811121
post_neuropil,PVLP_L | PVLP_L,9,900-1000,950.0,1378,43,79.0,79.0,0.031204644412191583,0.023248212459084996,0.041767633061848816
post_neuropil,PVLP_L | PVLP_L,10,1000-1100,1050.0,1258,33,53.0,53.0,0.026232114467408585,0.018738727969953118,0.0366102159862455
post_neuropil,PVLP_L | PVLP_L,11,1100-1200,1150.0,1144,17,24.0,24.0,0.01486013986013986,0.009298321635571132,0.023669293408177066
post_neuropil,PVLP_L | PVLP_L,12,1200-1300,1250.0,1083,20,34.0,34.0,0.018467220683287166,0.01198595618978378,0.028352580723046944
post_neuropil,PVLP_L | PVLP_L,13,1300-1400,1350.0,1009,17,30.0,30.0,0.01684836471754212,0.010545455144023838,0.026816359378602404
post_neuropil,PVLP_L | PVLP_L,14,1400-1500,1450.0,1005,14,16.0,16.0,0.013930348258706468,0.008315829674721257,0.023246707001006624
post_neuropil,PVLP_L | PVLP_L,15,1500-1600,1550.0,868,13,23.0,23.0,0.014976958525345621,0.008773127472345611,0.0254551084824425
post_neuropil,PVLP_L | PVLP_L,16,1600-1700,1650.0,871,10,13.0,13.0,0.011481056257175661,0.006247990567562606,0.021004485766438888
post_neuropil,PVLP_L | PVLP_L,17,1700-1800,1750.0,778,3,3.0,3.0,0.0038560411311053984,0.0013122262605484792,0.011275489716703179
post_neuropil,PVLP_L | PVLP_L,18,1800-1900,1850.0,773,6,12.0,12.0,0.007761966364812419,0.003562045018611853,0.016830271767718848
post_neuropil,PVLP_L | PVLP_L,19,1900-2000,1950.0,762,6,9.0,9.0,0.007874015748031496,0.003613534870287912,0.01707168254281683
post_neuropil,PVLP_L | PVLP_R,0,0-100,50.0,7531,4207,37804.0,37804.0,0.5586243526756075,0.5473824226144035,0.5698065040911029
post_neuropil,PVLP_L | PVLP_R,1,100-200,150.0,2388,788,2441.0,2441.0,0.32998324958123953,0.31141009895250915,0.3491025370013098
post_neuropil,PVLP_L | PVLP_R,2,200-300,250.0,1375,362,1058.0,1058.0,0.26327272727272727,0.2406765477864439,0.2871880017020543
post_neuropil,PVLP_L | PVLP_R,3,300-400,350.0,1290,284,755.0,755.0,0.22015503875968992,0.19839273245657582,0.24357914416263324
post_neuropil,PVLP_L | PVLP_R,4,400-500,450.0,1148,216,547.0,547.0,0.18815331010452963,0.1665983297158889,0.21178842068451337
post_neuropil,PVLP_L | PVLP_R,5,500-600,550.0,1115,166,457.0,457.0,0.14887892376681613,0.12919115738312906,0.17097787458708016
post_neuropil,PVLP_L | PVLP_R,6,600-700,650.0,1049,128,254.0,254.0,0.12202097235462345,0.10358085680851517,0.14321942159993678
post_neuropil,PVLP_L | PVLP_R,7,700-800,750.0,1013,107,233.0,233.0,0.10562685093780849,0.08816620652529704,0.1260673574830991
post_neuropil,PVLP_L | PVLP_R,8,800-900,850.0,930,89,174.0,174.0,0.0956989247311828,0.0784208014997688,0.11630344295453696
post_neuropil,PVLP_L | PVLP_R,9,900-1000,950.0,906,82,167.0,167.0,0.09050772626931568,0.07351372373149023,0.11095970548959619
post_neuropil,PVLP_L | PVLP_R,10,1000-1100,1050.0,857,51,93.0,93.0,0.059509918319719954,0.04554989999968452,0.07740140718621355
post_neuropil,PVLP_L | PVLP_R,11,1100-1200,1150.0,839,59,139.0,139.0,0.07032181168057211,0.05490737623165032,0.08965312007038317
post_neuropil,PVLP_L | PVLP_R,12,1200-1300,1250.0,834,38,63.0,63.0,0.045563549160671464,0.03337355213512842,0.06192083286556861
post_neuropil,PVLP_L | PVLP_R,13,1300-1400,1350.0,753,37,90.0,90.0,0.049136786188579015,0.03585634595982572,0.0669942373062104
post_neuropil,PVLP_L | PVLP_R,15,1500-1600,1550.0,705,28,60.0,60.0,0.03971631205673759,0.027619118597333882,0.056802563200122703
post_neuropil,PVLP_L | PVLP_R,16,1600-1700,1650.0,663,24,35.0,35.0,0.03619909502262444,0.02444432006968661,0.05329768042938243
post_neuropil,PVLP_L | PVLP_R,17,1700-1800,1750.0,680,23,36.0,36.0,0.033823529411764704,0.02264231874437328,0.05024239607847458
post_neuropil,PVLP_L | PVLP_R,18,1800-1900,1850.0,654,13,19.0,19.0,0.019877675840978593,0.0116526910256742,0.033710204844699464
post_neuropil,PVLP_L | PVLP_R,19,1900-2000,1950.0,615,18,33.0,33.0,0.02926829268292683,0.01859227054420632,0.045788663122825764
post_neuropil,PVLP_R | PVLP_R,0,0-100,50.0,16446,8768,64733.0,64733.0,0.5331387571445945,0.5255069024982554,0.5407551337270661
post_neuropil,PVLP_R | PVLP_R,1,100-200,150.0,2927,650,1681.0,1681.0,0.22207037922787837,0.20738238469564452,0.23748696614201253
post_neuropil,PVLP_R | PVLP_R,2,200-300,250.0,1412,216,556.0,556.0,0.1529745042492918,0.13514223487897334,0.17268994069772967
post_neuropil,PVLP_R | PVLP_R,3,300-400,350.0,1142,131,241.0,241.0,0.11471103327495621,0.09750580408441326,0.13449973664652198
post_neuropil,PVLP_R | PVLP_R,4,400-500,450.0,994,107,231.0,231.0,0.10764587525150905,0.08986658093332045,0.12844622542792966
post_neuropil,PVLP_R | PVLP_R,5,500-600,550.0,907,80,167.0,167.0,0.08820286659316427,0.07144070181649839,0.1084386537157917
post_neuropil,PVLP_R | PVLP_R,6,600-700,650.0,759,64,107.0,107.0,0.08432147562582346,0.06658523816745925,0.10624435057022887
post_neuropil,PVLP_R | PVLP_R,7,700-800,750.0,767,51,107.0,107.0,0.06649282920469361,0.0509329490119495,0.08637360008970771
post_neuropil,PVLP_R | PVLP_R,8,800-900,850.0,631,29,49.0,49.0,0.04595879556259905,0.0321873468356073,0.06522529909055759
post_neuropil,PVLP_R | PVLP_R,9,900-1000,950.0,573,25,52.0,52.0,0.04363001745200698,0.029724593502692225,0.06361402839975032
post_neuropil,PVLP_R | PVLP_R,10,1000-1100,1050.0,579,25,45.0,45.0,0.04317789291882556,0.02941478631462891,0.06296297120988545
post_neuropil,PVLP_R | PVLP_R,11,1100-1200,1150.0,456,10,25.0,25.0,0.021929824561403508,0.0119544870613515,0.039892931701979176
post_neuropil,PVLP_R | PVLP_R,12,1200-1300,1250.0,501,9,11.0,11.0,0.017964071856287425,0.00947907053696018,0.033785192946873155
post_neuropil,PVLP_R | PVLP_R,14,1400-1500,1450.0,421,7,13.0,13.0,0.0166270783847981,0.008076884470594823,0.033919002937794554
post_neuropil,PVLP_R | PVLP_R,16,1600-1700,1650.0,373,7,8.0,8.0,0.01876675603217158,0.009119587369457187,0.03822550404295588
post_neuropil,PVLP_R | PVLP_R,17,1700-1800,1750.0,360,7,8.0,8.0,0.019444444444444445,0.009449995950304772,0.0395867277228541
post_neuropil,PVLP_R | PVLP_R,18,1800-1900,1850.0,338,3,9.0,9.0,0.008875739644970414,0.0030229989080035637,0.02576694356827785
post_neuropil,PVLP_R | PVLP_R,19,1900-2000,1950.0,358,4,7.0,7.0,0.0111731843575419,0.004353304629856988,0.028372617431066907
post_neuropil,SAD | SAD,0,0-100,50.0,53481,21097,152475.0,152475.0,0.39447654307137114,0.39034205158393465,0.3986261932056321
post_neuropil,SAD | SAD,1,100-200,150.0,15547,4030,14317.0,14317.0,0.25921399626937675,0.25238583108457235,0.2661611265283198
post_neuropil,SAD | SAD,2,200-300,250.0,9078,2110,7061.0,7061.0,0.23243005067195419,0.22385540674347976,0.24123105765818958
post_neuropil,SAD | SAD,3,300-400,350.0,7654,1511,4887.0,4887.0,0.19741311732427488,0.18864830006711775,0.20648152345913545
post_neuropil,SAD | SAD,4,400-500,450.0,7514,1300,3551.0,3551.0,0.17301038062283736,0.16462525871439332,0.18172968443843923
post_neuropil,SAD | SAD,5,500-600,550.0,7011,1023,2624.0,2624.0,0.14591356439880188,0.13784394818815957,0.15437100360775838
post_neuropil,SAD | SAD,6,600-700,650.0,6935,866,2188.0,2188.0,0.12487382840663303,0.11730045893474474,0.13286256539484936
post_neuropil,SAD | SAD,7,700-800,750.0,6502,684,1618.0,1618.0,0.10519840049215626,0.09797245817673184,0.11289059142472171
post_neuropil,SAD | SAD,8,800-900,850.0,6329,566,1352.0,1352.0,0.08942960973297519,0.08264589357481356,0.09671144263267978
post_neuropil,SAD | SAD,9,900-1000,950.0,5987,479,1074.0,1074.0,0.08000668114247536,0.07340055105881631,0.08715144884717353
post_neuropil,SAD | SAD,10,1000-1100,1050.0,5701,375,830.0,830.0,0.06577793369584284,0.05963090250933079,0.07250976902132139
post_neuropil,SAD | SAD,11,1100-1200,1150.0,5488,297,684.0,684.0,0.05411807580174927,0.04843791903255318,0.06042203060619826
post_neuropil,SAD | SAD,12,1200-1300,1250.0,5373,287,632.0,632.0,0.053415224269495624,0.0477154142841684,0.059753178430186425
post_neuropil,SAD | SAD,13,1300-1400,1350.0,5069,217,497.0,497.0,0.04280923259025449,0.0375741544044143,0.048736760566792374
post_neuropil,SAD | SAD,14,1400-1500,1450.0,4961,191,366.0,366.0,0.03850030235839549,0.033493568111241864,0.04422121739168333
post_neuropil,SAD | SAD,15,1500-1600,1550.0,4767,162,366.0,366.0,0.033983637507866586,0.029203758406388912,0.03951401247915045
post_neuropil,SAD | SAD,16,1600-1700,1650.0,4597,147,325.0,325.0,0.031977376549923865,0.02726921388399886,0.03746711609528146
post_neuropil,SAD | SAD,17,1700-1800,1750.0,4479,132,298.0,298.0,0.029470864032150032,0.024906840115598,0.03484133389974084
post_neuropil,SAD | SAD,18,1800-1900,1850.0,4229,123,254.0,254.0,0.02908489004492788,0.024431777236578918,0.03459277969463249
post_neuropil,SAD | SAD,19,1900-2000,1950.0,4048,104,222.0,222.0,0.025691699604743084,0.021249053568213952,0.031033740507447838
post_neuropil,SAD | VES_L,0,0-100,50.0,733,126,558.0,558.0,0.17189631650750342,0.14631091088712883,0.20090292720236014
post_neuropil,SAD | VES_L,1,100-200,150.0,311,40,176.0,176.0,0.12861736334405144,0.09589247438699558,0.17040524484705735
post_neuropil,SAD | VES_L,4,400-500,450.0,211,20,61.0,61.0,0.0947867298578199,0.062198530751518356,0.14186623138021032
post_neuropil,SAD | VES_L,7,700-800,750.0,207,11,30.0,30.0,0.05314009661835749,0.02992810250717169,0.09263594557442131
post_neuropil,SAD | VES_L,8,800-900,850.0,210,7,10.0,10.0,0.03333333333333333,0.016238515070291053,0.0671952040938005
post_neuropil,SAD | VES_L,10,1000-1100,1050.0,209,4,6.0,6.0,0.019138755980861243,0.0074671168089693075,0.04816862357261023
post_neuropil,SAD | VES_L,11,1100-1200,1150.0,242,6,16.0,16.0,0.024793388429752067,0.011411302429498855,0.05302693747782358
post_neuropil,SAD | VES_L,12,1200-1300,1250.0,241,2,3.0,3.0,0.008298755186721992,0.002278728252552608,0.0297485089489687
post_neuropil,SAD | VES_L,13,1300-1400,1350.0,267,5,6.0,6.0,0.018726591760299626,0.00802463001619148,0.043081256228757595
post_neuropil,SAD | VES_L,14,1400-1500,1450.0,247,5,7.0,7.0,0.020242914979757085,0.008676679434452814,0.04650396045940849
post_neuropil,SAD | VES_L,18,1800-1900,1850.0,272,4,4.0,4.0,0.014705882352941176,0.005733207656477533,0.037195777674234
post_neuropil,SIP_L | SIP_L,0,0-100,50.0,1580,784,5304.0,5304.0,0.4962025316455696,0.471587793149264,0.5208356916234558
post_neuropil,SIP_L | SIP_L,1,100-200,150.0,483,134,275.0,275.0,0.2774327122153209,0.2393779482805117,0.3189999717657619
post_neuropil,SIP_L | SIP_L,2,200-300,250.0,292,66,175.0,175.0,0.22602739726027396,0.18179070115901347,0.2773793411879722
post_neuropil,SIP_L | SIP_L,6,600-700,650.0,161,12,27.0,27.0,0.07453416149068323,0.04314758976698398,0.1257515230783172
post_neuropil,SIP_L | SIP_L,8,800-900,850.0,142,5,7.0,7.0,0.035211267605633804,0.015131966133144728,0.07977648248508216
post_neuropil,SIP_L | SIP_L,11,1100-1200,1150.0,88,4,5.0,5.0,0.045454545454545456,0.017815960935119883,0.11111907503986312
post_neuropil,SIP_L | SIP_L,18,1800-1900,1850.0,74,0,0.0,0.0,0.0,0.0,0.049351503566216516
post_neuropil,SLP_L | SLP_L,0,0-100,50.0,84571,33710,131647.0,131647.0,0.39859999290536946,0.3953048090991318,0.401904388393471
post_neuropil,SLP_L | SLP_L,1,100-200,150.0,40617,9579,19274.0,19274.0,0.23583721102001626,0.23173372783932075,0.23999065908229347
post_neuropil,SLP_L | SLP_L,2,200-300,250.0,26699,4812,8199.0,8199.0,0.1802314693434211,0.17566684691259418,0.1848880986704257
post_neuropil,SLP_L | SLP_L,3,300-400,350.0,24180,3389,5528.0,5528.0,0.1401571546732837,0.13583861441291822,0.14459001690924528
post_neuropil,SLP_L | SLP_L,4,400-500,450.0,23225,2674,4089.0,4089.0,0.11513455328310011,0.11109298706855547,0.11930341806255534
post_neuropil,SLP_L | SLP_L,5,500-600,550.0,21283,1921,2815.0,2815.0,0.09025983179063102,0.08648354833958445,0.09418400546041185
post_neuropil,SLP_L | SLP_L,6,600-700,650.0,20864,1509,2145.0,2145.0,0.07232553680981595,0.06888890754982059,0.07591962885386765
post_neuropil,SLP_L | SLP_L,7,700-800,750.0,19285,1091,1522.0,1522.0,0.05657246564687581,0.05339926660660682,0.05992229231998003
post_neuropil,SLP_L | SLP_L,8,800-900,850.0,18009,895,1162.0,1162.0,0.049697373535454496,0.04661828052457948,0.05296853869221751
post_neuropil,SLP_L | SLP_L,9,900-1000,950.0,17152,709,934.0,934.0,0.041336287313432835,0.03845837090812716,0.044419615095194306
post_neuropil,SLP_L | SLP_L,10,1000-1100,1050.0,15777,506,674.0,674.0,0.03207200354947075,0.02943454910986021,0.03493727754861155
post_neuropil,SLP_L | SLP_L,11,1100-1200,1150.0,14998,406,510.0,510.0,0.027070276036804907,0.024591565905036375,0.029791197341843927
post_neuropil,SLP_L | SLP_L,12,1200-1300,1250.0,13862,318,433.0,433.0,0.02294041263886885,0.020577104339776036,0.02556806437468555
post_neuropil,SLP_L | SLP_L,13,1300-1400,1350.0,13043,247,310.0,310.0,0.01893736103657134,0.016735824064540834,0.021422192661898154
post_neuropil,SLP_L | SLP_L,14,1400-1500,1450.0,12404,178,227.0,227.0,0.014350209609803289,0.012402518336535742,0.016598625585224187
post_neuropil,SLP_L | SLP_L,15,1500-1600,1550.0,11620,154,194.0,194.0,0.01325301204819277,0.011328726528713565,0.01549903065614002
post_neuropil,SLP_L | SLP_L,16,1600-1700,1650.0,11098,112,136.0,136.0,0.010091908451973329,0.008394449446389927,0.012128415877143424
post_neuropil,SLP_L | SLP_L,17,1700-1800,1750.0,10186,121,157.0,157.0,0.011879049676025918,0.00995141427956615,0.014174731116060022
post_neuropil,SLP_L | SLP_L,18,1800-1900,1850.0,9976,84,112.0,112.0,0.008420208500400962,0.0068067272932613955,0.010412143194622902
post_neuropil,SLP_L | SLP_L,19,1900-2000,1950.0,9570,84,101.0,101.0,0.00877742946708464,0.007095716328550997,0.010853358575717315
post_neuropil,SLP_L | SMP_L,0,0-100,50.0,52829,18297,77972.0,77972.0,0.34634386416551516,0.3422977645887111,0.3504123091393695
post_neuropil,SLP_L | SMP_L,1,100-200,150.0,27597,5629,11937.0,11937.0,0.20397144617168533,0.19925863712092792,0.20876666019464377
post_neuropil,SLP_L | SMP_L,2,200-300,250.0,18985,2775,5148.0,5148.0,0.14616802739004478,0.14121429540914524,0.15126492565086927
post_neuropil,SLP_L | SMP_L,3,300-400,350.0,17301,1988,3315.0,3315.0,0.11490665279463615,0.11023977824509819,0.11974450545964259
post_neuropil,SLP_L | SMP_L,4,400-500,450.0,17634,1548,2490.0,2490.0,0.08778496087104458,0.08369747492193441,0.09205201134173632
post_neuropil,SLP_L | SMP_L,5,500-600,550.0,16561,1211,1774.0,1774.0,0.07312360364712275,0.06925674080804989,0.07718846274886185
post_neuropil,SLP_L | SMP_L,6,600-700,650.0,16800,935,1405.0,1405.0,0.0556547619047619,0.052288539904246346,0.059224151336547064
post_neuropil,SLP_L | SMP_L,7,700-800,750.0,16286,743,1090.0,1090.0,0.045622006631462604,0.04252298294048287,0.048935340386614415
post_neuropil,SLP_L | SMP_L,8,800-900,850.0,15704,618,845.0,845.0,0.03935303107488538,0.03642293653295941,0.04250844255606833
post_neuropil,SLP_L | SMP_L,9,900-1000,950.0,15443,499,682.0,682.0,0.03231237453862591,0.029637649853190194,0.035219725262250874
post_neuropil,SLP_L | SMP_L,10,1000-1100,1050.0,14695,380,517.0,517.0,0.025859135760462743,0.023414207028762835,0.028551901647447402
post_neuropil,SLP_L | SMP_L,11,1100-1200,1150.0,14412,322,452.0,452.0,0.02234249236747155,0.020053770156110883,0.024885791332966523
post_neuropil,SLP_L | SMP_L,12,1200-1300,1250.0,14001,262,352.0,352.0,0.018712949075066068,0.016596762063840597,0.021093175107601603
post_neuropil,SLP_L | SMP_L,13,1300-1400,1350.0,13499,211,268.0,268.0,0.0156307874657382,0.013671811843626714,0.01786537215177763
post_neuropil,SLP_L | SMP_L,14,1400-1500,1450.0,13084,164,206.0,206.0,0.012534393151941303,0.010766061443292008,0.014588890896595725
post_neuropil,SLP_L | SMP_L,15,1500-1600,1550.0,12716,132,176.0,176.0,0.010380622837370242,0.008760887426901108,0.012296104351990222
post_neuropil,SLP_L | SMP_L,16,1600-1700,1650.0,12497,125,162.0,162.0,0.010002400576138272,0.00840205506103902,0.011903905779229524
post_neuropil,SLP_L | SMP_L,17,1700-1800,1750.0,12144,99,122.0,122.0,0.008152173913043478,0.006701103969369591,0.009914325062895694
post_neuropil,SLP_L | SMP_L,18,1800-1900,1850.0,11652,82,109.0,109.0,0.007037418468932372,0.005673619332204673,0.008726164549552952
post_neuropil,SLP_L | SMP_L,19,1900-2000,1950.0,11720,85,114.0,114.0,0.007252559726962458,0.00586957530675729,0.00895846535868466
post_neuropil,SLP_R | SLP_R,0,0-100,50.0,120685,46259,198508.0,198508.0,0.3833036417118946,0.3805643292771796,0.38605038318021473
post_neuropil,SLP_R | SLP_R,1,100-200,150.0,53184,11729,25481.0,25481.0,0.2205362515042118,0.21703276845289965,0.2240801042303942
post_neuropil,SLP_R | SLP_R,2,200-300,250.0,33466,5552,10392.0,10392.0,0.1658997191179107,0.16195258029969983,0.16992355263066927
post_neuropil,SLP_R | SLP_R,3,300-400,350.0,29040,4011,6770.0,6770.0,0.1381198347107438,0.13419933073219134,0.14213606974733753
post_neuropil,SLP_R | SLP_R,4,400-500,450.0,27783,3046,5061.0,5061.0,0.10963538854695318,0.10601532771657939,0.11336338713527337
post_neuropil,SLP_R | SLP_R,5,500-600,550.0,25330,2172,3345.0,3345.0,0.08574812475325701,0.08236250006133637,0.0892593829775155
post_neuropil,SLP_R | SLP_R,6,600-700,650.0,24565,1718,2512.0,2512.0,0.06993690209647872,0.06681430148420558,0.0731939925983286
post_neuropil,SLP_R | SLP_R,7,700-800,750.0,22108,1202,1620.0,1620.0,0.05436945901935951,0.05145718115341372,0.05743658009711912
post_neuropil,SLP_R | SLP_R,8,800-900,850.0,20713,949,1291.0,1291.0,0.04581663689470381,0.04305238720662066,0.04874932835990663
post_neuropil,SLP_R | SLP_R,9,900-1000,950.0,19244,716,981.0,981.0,0.037206401995427144,0.03462330299672675,0.039974235254003634
post_neuropil,SLP_R | SLP_R,10,1000-1100,1050.0,17698,543,713.0,713.0,0.03068143293027461,0.028240749638801847,0.03332581640707216
post_neuropil,SLP_R | SLP_R,11,1100-1200,1150.0,16616,440,626.0,626.0,0.026480500722195474,0.024146442259594954,0.029033462896661172
post_neuropil,SLP_R | SLP_R,12,1200-1300,1250.0,15380,296,386.0,386.0,0.019245773732119636,0.017191451172447247,0.021540200874724115
post_neuropil,SLP_R | SLP_R,13,1300-1400,1350.0,14259,267,345.0,345.0,0.018725015779507678,0.016626231702190273,0.021083056186136265
post_neuropil,SLP_R | SLP_R,14,1400-1500,1450.0,13534,200,247.0,247.0,0.014777597162701345,0.01287803629083998,0.016952538769219816
post_neuropil,SLP_R | SLP_R,15,1500-1600,1550.0,12593,166,199.0,199.0,0.013181926467084888,0.011333120966972823,0.015327657239526178
post_neuropil,SLP_R | SLP_R,16,1600-1700,1650.0,12023,132,172.0,172.0,0.010978956999085087,0.009266260619138884,0.013004058464468237
post_neuropil,SLP_R | SLP_R,17,1700-1800,1750.0,11387,126,166.0,166.0,0.011065249846315975,0.009302013483759222,0.013158276017588948
post_neuropil,SLP_R | SLP_R,18,1800-1900,1850.0,10708,84,100.0,100.0,0.007844602166604408,0.0063411037280585265,0.00970110511117599
post_neuropil,SLP_R | SLP_R,19,1900-2000,1950.0,10279,80,106.0,106.0,0.007782858254694036,0.006258295113095402,0.009675199379321948
post_neuropil,SLP_R | SMP_R,0,0-100,50.0,66552,22493,103723.0,103723.0,0.3379763192691429,0.33439195032659697,0.3415793922099234
post_neuropil,SLP_R | SMP_R,1,100-200,150.0,33841,6459,14208.0,14208.0,0.19086315416211105,0.1867112994524277,0.19508518678079495
post_neuropil,SLP_R | SMP_R,2,200-300,250.0,22192,3248,6195.0,6195.0,0.14635904830569574,0.1417696951842532,0.1510708159860914
post_neuropil,SLP_R | SMP_R,3,300-400,350.0,20395,2317,3992.0,3992.0,0.113606276048051,0.10932363948849401,0.11803444735502559
post_neuropil,SLP_R | SMP_R,4,400-500,450.0,20406,1864,3038.0,3038.0,0.0913456826423601,0.08746928199545245,0.09537591950772825
post_neuropil,SLP_R | SMP_R,5,500-600,550.0,19082,1383,2172.0,2172.0,0.07247667959333404,0.06888329952472029,0.07624216353057407
post_neuropil,SLP_R | SMP_R,6,600-700,650.0,19287,1119,1661.0,1661.0,0.058018354331933426,0.054806181246651625,0.06140656086616528
post_neuropil,SLP_R | SMP_R,7,700-800,750.0,18496,874,1311.0,1311.0,0.04725346020761246,0.04428845246095295,0.05040649887311685
post_neuropil,SLP_R | SMP_R,8,800-900,850.0,18007,727,975.0,975.0,0.0403731882045871,0.03759489061677616,0.043347556847755424
post_neuropil,SLP_R | SMP_R,9,900-1000,950.0,17418,514,744.0,744.0,0.029509702606499023,0.027098338817007524,0.03212855715017886
post_neuropil,SLP_R | SMP_R,10,1000-1100,1050.0,16439,384,535.0,535.0,0.023359085102500152,0.02115908417407187,0.025781804680565033
post_neuropil,SLP_R | SMP_R,11,1100-1200,1150.0,16255,347,528.0,528.0,0.02134727776068902,0.019235737707278815,0.02368500764274662
post_neuropil,SLP_R | SMP_R,12,1200-1300,1250.0,15434,273,352.0,352.0,0.01768822081119606,0.015725420613425155,0.01989106090300652
post_neuropil,SLP_R | SMP_R,13,1300-1400,1350.0,14794,249,302.0,302.0,0.016831147762606462,0.014880130240500514,0.01903303179794163
post_neuropil,SLP_R | SMP_R,14,1400-1500,1450.0,14525,192,259.0,259.0,0.013218588640275388,0.011485709066010093,0.015208889903256664
post_neuropil,SLP_R | SMP_R,15,1500-1600,1550.0,13804,138,196.0,196.0,0.00999710228919154,0.00846844961953367,0.011798410915714652
post_neuropil,SLP_R | SMP_R,16,1600-1700,1650.0,13745,127,160.0,160.0,0.009239723535831211,0.0077716551863672885,0.010982041125036864
post_neuropil,SLP_R | SMP_R,17,1700-1800,1750.0,13163,135,201.0,201.0,0.010256020663982375,0.008672046458593836,0.012125773422523294
post_neuropil,SLP_R | SMP_R,18,1800-1900,1850.0,12894,102,134.0,134.0,0.007910656119125175,0.006521314377364806,0.00959313379511081
post_neuropil,SLP_R | SMP_R,19,1900-2000,1950.0,12717,80,104.0,104.0,0.00629079185342455,0.005057842333493433,0.00782193442593104
post_neuropil,SMP_L | SMP_L,0,0-100,50.0,129222,54099,296901.0,296901.0,0.4186516227886892,0.4159642027296359,0.4213438794643514
post_neuropil,SMP_L | SMP_L,1,100-200,150.0,49136,11326,25419.0,25419.0,0.2305030934549007,0.22680034802090715,0.23424797574902545
post_neuropil,SMP_L | SMP_L,2,200-300,250.0,30014,5189,9954.0,9954.0,0.17288598653961484,0.1686497616172735,0.17720593774786678
post_neuropil,SMP_L | SMP_L,3,300-400,350.0,26211,3478,6221.0,6221.0,0.13269238106138645,0.1286391636616692,0.13685325113896044
post_neuropil,SMP_L | SMP_L,4,400-500,450.0,24730,2646,4325.0,4325.0,0.10699555196118075,0.10320381016319984,0.11090937474536693
post_neuropil,SMP_L | SMP_L,5,500-600,550.0,23092,1919,2963.0,2963.0,0.08310237311623073,0.07961098988975242,0.08673244398624023
post_neuropil,SMP_L | SMP_L,6,600-700,650.0,22281,1458,2145.0,2145.0,0.06543691934832369,0.062264082048678136,0.06875958203695753
post_neuropil,SMP_L | SMP_L,7,700-800,750.0,20912,1136,1631.0,1631.0,0.05432287681713849,0.05133192642193618,0.05747754170866966
post_neuropil,SMP_L | SMP_L,8,800-900,850.0,19632,853,1192.0,1192.0,0.04344947025264874,0.040685865074661084,0.046391716565638966
post_neuropil,SMP_L | SMP_L,9,900-1000,950.0,18520,685,964.0,964.0,0.036987041036717065,0.034363481059681414,0.03980264655393412
post_neuropil,SMP_L | SMP_L,10,1000-1100,1050.0,17352,492,724.0,724.0,0.028354080221300138,0.02598684981641096,0.030930101995364043
post_neuropil,SMP_L | SMP_L,11,1100-1200,1150.0,16685,391,509.0,509.0,0.02343422235540905,0.02124611090733481,0.025841734902167034
post_neuropil,SMP_L | SMP_L,12,1200-1300,1250.0,15508,278,357.0,357.0,0.017926231622388444,0.015954159452589843,0.020137080674565655
post_neuropil,SMP_L | SMP_L,13,1300-1400,1350.0,14751,243,313.0,313.0,0.01647345942647956,0.014541620610206083,0.01865708211256662
post_neuropil,SMP_L | SMP_L,14,1400-1500,1450.0,13982,194,254.0,254.0,0.013874982119868403,0.012065291040696955,0.015951728685881385
post_neuropil,SMP_L | SMP_L,15,1500-1600,1550.0,13571,162,221.0,221.0,0.011937219070075897,0.010243149793864209,0.013907526115311776
post_neuropil,SMP_L | SMP_L,16,1600-1700,1650.0,12998,112,142.0,142.0,0.008616710263117403,0.007166564951637252,0.010357229523754601
post_neuropil,SMP_L | SMP_L,17,1700-1800,1750.0,12583,105,135.0,135.0,0.008344591909719463,0.006898372636150775,0.010090925139710646
post_neuropil,SMP_L | SMP_L,18,1800-1900,1850.0,12163,100,130.0,130.0,0.008221655841486476,0.00676488281935537,0.009988980401811247
post_neuropil,SMP_L | SMP_L,19,1900-2000,1950.0,11834,74,102.0,102.0,0.00625316883555856,0.004984324345776555,0.00784247340424571
post_neuropil,SMP_L | SMP_R,0,0-100,50.0,57267,28469,158745.0,158745.0,0.4971274905268305,0.49303269998846627,0.5012226664282201
post_neuropil,SMP_L | SMP_R,1,100-200,150.0,27208,8686,23445.0,23445.0,0.31924433990002943,0.31373076117738646,0.32480895456166153
post_neuropil,SMP_L | SMP_R,2,200-300,250.0,17679,4375,10070.0,10070.0,0.2474687482323661,0.24116270951182858,0.2538845118578409
post_neuropil,SMP_L | SMP_R,3,300-400,350.0,16214,3423,6933.0,6933.0,0.21111385222647094,0.20490096313962883,0.21746360108203674
post_neuropil,SMP_L | SMP_R,4,400-500,450.0,15787,2664,5034.0,5034.0,0.16874643694178754,0.16298479211772415,0.17466925666964378
post_neuropil,SMP_L | SMP_R,5,500-600,550.0,15119,2094,3644.0,3644.0,0.13850122362590117,0.13308682935276975,0.14409927831630745
post_neuropil,SMP_L | SMP_R,6,600-700,650.0,14970,1775,3010.0,3010.0,0.11857047428189713,0.1134892939237964,0.12384736923417371
post_neuropil,SMP_L | SMP_R,7,700-800,750.0,14156,1366,2200.0,2200.0,0.09649618536309693,0.09174094721375756,0.10147036667551648
post_neuropil,SMP_L | SMP_R,8,800-900,850.0,13856,1062,1569.0,1569.0,0.07664549653579676,0.07233229766649199,0.08119338187662772
post_neuropil,SMP_L | SMP_R,9,900-1000,950.0,13270,831,1249.0,1249.0,0.0626224566691786,0.058625360296514314,0.06687271706490304
post_neuropil,SMP_L | SMP_R,10,1000-1100,1050.0,12957,686,1036.0,1036.0,0.05294435440302539,0.04921947290841522,0.0569342509361845
post_neuropil,SMP_L | SMP_R,11,1100-1200,1150.0,12579,568,840.0,840.0,0.04515462278400509,0.04166269008327136,0.04892428829846399
post_neuropil,SMP_L | SMP_R,12,1200-1300,1250.0,11885,442,652.0,652.0,0.03718973496003366,0.03393451324582822,0.04074404921394921
post_neuropil,SMP_L | SMP_R,13,1300-1400,1350.0,11609,399,574.0,574.0,0.03436988543371522,0.03120688398346921,0.03784095354149969
post_neuropil,SMP_L | SMP_R,14,1400-1500,1450.0,11334,313,425.0,425.0,0.027616022586906652,0.024755427094158195,0.030796733733348857
post_neuropil,SMP_L | SMP_R,15,1500-1600,1550.0,10724,271,374.0,374.0,0.025270421484520703,0.02246561534542572,0.028415225400768743
post_neuropil,SMP_L | SMP_R,16,1600-1700,1650.0,10583,215,294.0,294.0,0.020315600491354058,0.01779663982177683,0.023182683038782445
post_neuropil,SMP_L | SMP_R,17,1700-1800,1750.0,10279,183,254.0,254.0,0.01780328825761261,0.01542116373149174,0.020545703637154685
post_neuropil,SMP_L | SMP_R,18,1800-1900,1850.0,9955,150,227.0,227.0,0.015067805123053743,0.012854911772573831,0.01765482140763862
post_neuropil,SMP_L | SMP_R,19,1900-2000,1950.0,9765,148,218.0,218.0,0.015156169994879672,0.012916569898155775,0.017777100065742506
post_neuropil,SMP_R | SMP_R,0,0-100,50.0,131210,54105,311884.0,311884.0,0.4123542412925844,0.4096932657362342,0.41502034892863804
post_neuropil,SMP_R | SMP_R,1,100-200,150.0,48615,10868,25807.0,25807.0,0.22355240152216393,0.2198707899674823,0.2272776998887631
post_neuropil,SMP_R | SMP_R,2,200-300,250.0,29663,5003,9978.0,9978.0,0.1686612952162627,0.1644429298024121,0.1729654716365871
post_neuropil,SMP_R | SMP_R,3,300-400,350.0,26075,3395,6252.0,6252.0,0.13020134228187918,0.1261710459444269,0.1343405865967976
post_neuropil,SMP_R | SMP_R,4,400-500,450.0,24427,2596,4362.0,4362.0,0.1062758423056454,0.10247264527095643,0.11020286075827512
post_neuropil,SMP_R | SMP_R,5,500-600,550.0,22112,1888,3162.0,3162.0,0.085383502170767,0.08177174113716806,0.08913930391209651
post_neuropil,SMP_R | SMP_R,6,600-700,650.0,21844,1442,2330.0,2330.0,0.06601355063175243,0.06279637873386867,0.06938334193931675
post_neuropil,SMP_R | SMP_R,7,700-800,750.0,20289,1134,1723.0,1723.0,0.05589235546355168,0.052814695630054975,0.05913816167702618
post_neuropil,SMP_R | SMP_R,8,800-900,850.0,19102,792,1147.0,1147.0,0.041461627054758664,0.03872548404458144,0.04438216613084972
post_neuropil,SMP_R | SMP_R,9,900-1000,950.0,17943,671,946.0,946.0,0.03739619907484813,0.034717582934943925,0.04027285995167519
post_neuropil,SMP_R | SMP_R,10,1000-1100,1050.0,16651,489,679.0,679.0,0.029367605549216264,0.026909690676069048,0.03204263223284412
post_neuropil,SMP_R | SMP_R,11,1100-1200,1150.0,16087,401,573.0,573.0,0.024926959656865793,0.022628805673183792,0.0274519557955016
post_neuropil,SMP_R | SMP_R,12,1200-1300,1250.0,15144,280,397.0,397.0,0.018489170628631802,0.01646251780819162,0.02076005256777534
post_neuropil,SMP_R | SMP_R,13,1300-1400,1350.0,14527,226,306.0,306.0,0.015557238246024644,0.01366903652733369,0.01770158965855771
post_neuropil,SMP_R | SMP_R,14,1400-1500,1450.0,13658,161,215.0,215.0,0.0117879630985503,0.010110181517581758,0.013740307277428136
post_neuropil,SMP_R | SMP_R,15,1500-1600,1550.0,13054,178,235.0,235.0,0.01363566722843573,0.011784420789595008,0.015773089174379442
post_neuropil,SMP_R | SMP_R,16,1600-1700,1650.0,12434,153,212.0,212.0,0.01230497024288242,0.010512283618252717,0.014398919624599323
post_neuropil,SMP_R | SMP_R,17,1700-1800,1750.0,12319,116,159.0,159.0,0.009416348729604675,0.007857194133055937,0.011281378580562324
post_neuropil,SMP_R | SMP_R,18,1800-1900,1850.0,11496,81,121.0,121.0,0.007045929018789144,0.005672984149280408,0.00874822318282754
post_neuropil,SMP_R | SMP_R,19,1900-2000,1950.0,11416,69,94.0,94.0,0.006044148563419761,0.004779036433503747,0.007641591187110537
post_neuropil,VES_L | VES_L,0,0-100,50.0,8398,4085,46589.0,46589.0,0.48642533936651583,0.4757439806586945,0.49711911164240297
post_neuropil,VES_L | VES_L,1,100-200,150.0,1455,341,1189.0,1189.0,0.23436426116838488,0.21331505378033258,0.2568124775431504
post_neuropil,VES_L | VES_L,2,200-300,250.0,721,149,476.0,476.0,0.20665742024965325,0.1786936582567671,0.2377305646355172
post_neuropil,VES_L | VES_L,3,300-400,350.0,585,101,277.0,277.0,0.17264957264957265,0.14418357908376606,0.20538683170242844
post_neuropil,VES_L | VES_L,4,400-500,450.0,466,68,206.0,206.0,0.1459227467811159,0.11676478010773791,0.18087084858073918
post_neuropil,VES_L | VES_L,6,600-700,650.0,404,48,112.0,112.0,0.1188118811881188,0.09079457660380358,0.15401026919907673
post_neuropil,VES_L | VES_L,8,800-900,850.0,265,20,65.0,65.0,0.07547169811320754,0.04938433310242273,0.11369161942873315
post_neuropil,VES_L | VES_L,9,900-1000,950.0,263,17,39.0,39.0,0.06463878326996197,0.04074510851378986,0.10106786217743667
post_neuropil,VES_L | VES_L,11,1100-1200,1150.0,220,10,20.0,20.0,0.045454545454545456,0.024874302834645305,0.08163672996712165
post_neuropil,VES_L | VES_L,12,1200-1300,1250.0,216,15,20.0,20.0,0.06944444444444445,0.042532186232427285,0.11140410244087205
post_neuropil,VES_L | VES_L,13,1300-1400,1350.0,181,10,28.0,28.0,0.055248618784530384,0.030283147803634218,0.09870080386092611
post_neuropil,VES_L | VES_L,14,1400-1500,1450.0,162,7,13.0,13.0,0.043209876543209874,0.02108577416788205,0.08649640063023858
post_neuropil,VES_L | VES_R,0,0-100,50.0,2698,1478,20602.0,20602.0,0.5478131949592291,0.5289778096207669,0.5665126143922472
post_neuropil,VES_L | VES_R,1,100-200,150.0,1019,373,1835.0,1835.0,0.366045142296369,0.3370217884499756,0.3960747144689514
post_neuropil,VES_L | VES_R,2,200-300,250.0,530,144,537.0,537.0,0.27169811320754716,0.23556986509622738,0.31111214694629613
post_neuropil,VES_L | VES_R,4,400-500,450.0,444,83,258.0,258.0,0.18693693693693694,0.15341466853649327,0.22583013587649559
post_neuropil,VES_L | VES_R,5,500-600,550.0,390,76,178.0,178.0,0.19487179487179487,0.15861470443134096,0.23708143330525155
post_neuropil,VES_L | VES_R,8,800-900,850.0,335,32,54.0,54.0,0.0955223880597015,0.06847649438821621,0.13173977185536193
post_neuropil,VES_L | VES_R,10,1000-1100,1050.0,308,18,31.0,31.0,0.05844155844155844,0.037283023595249425,0.09047927623902541
post_neuropil,VES_L | VES_R,11,1100-1200,1150.0,264,16,24.0,24.0,0.06060606060606061,0.0376456759836811,0.0961707289362417
post_neuropil,VES_L | VES_R,12,1200-1300,1250.0,264,18,29.0,29.0,0.06818181818181818,0.043559696877190815,0.10519090795790574
post_neuropil,VES_L | VES_R,17,1700-1800,1750.0,201,3,4.0,4.0,0.014925373134328358,0.005088637553631408,0.042956290820292634
post_neuropil,VES_R | VES_R,0,0-100,50.0,9363,4707,56604.0,56604.0,0.5027234860621596,0.49259671591615245,0.5128480222547163
post_neuropil,VES_R | VES_R,1,100-200,150.0,1613,498,2062.0,2062.0,0.3087414755114693,0.2866727873323523,0.331719020498421
post_neuropil,VES_R | VES_R,2,200-300,250.0,817,190,636.0,636.0,0.23255813953488372,0.20488156145486164,0.2627380133815014
post_neuropil,VES_R | VES_R,4,400-500,450.0,565,107,413.0,413.0,0.18938053097345134,0.15921143000197566,0.22374509075881258
post_neuropil,VES_R | VES_R,5,500-600,550.0,483,84,219.0,219.0,0.17391304347826086,0.14271812252776778,0.2102541789353775
post_neuropil,VES_R | VES_R,6,600-700,650.0,417,58,141.0,141.0,0.13908872901678657,0.10915806914806689,0.1756084558342542
post_neuropil,VES_R | VES_R,7,700-800,750.0,341,56,123.0,123.0,0.16422287390029325,0.12868214470641157,0.20724484322079903
post_neuropil,VES_R | VES_R,8,800-900,850.0,337,29,100.0,100.0,0.08605341246290801,0.06058252272976963,0.12085542381196704
post_neuropil,VES_R | VES_R,10,1000-1100,1050.0,275,17,55.0,55.0,0.06181818181818182,0.03895062404354385,0.09675939913807613
post_neuropil,VES_R | VES_R,14,1400-1500,1450.0,220,13,22.0,22.0,0.05909090909090909,0.03485440469545523,0.0984612971222587
post_neuropil,WED_L | WED_L,0,0-100,50.0,4389,2219,19803.0,19803.0,0.5055821371610846,0.49079208761397136,0.5203624233977618
post_neuropil,WED_L | WED_L,3,300-400,350.0,162,21,45.0,45.0,0.12962962962962962,0.08637142881967508,0.19004655074636867
post_neuropil,WED_L | WED_L,4,400-500,450.0,125,11,19.0,19.0,0.088,0.04984773128723959,0.15072102911312799
post_neuropil,WED_L | WED_L,5,500-600,550.0,97,6,16.0,16.0,0.061855670103092786,0.02865449519831168,0.12843940255816977
post_neuropil,WED_L | WED_L,11,1100-1200,1150.0,59,4,6.0,6.0,0.06779661016949153,0.026678187098391565,0.16175749881667106
post_neuropil,WED_L | WED_L,15,1500-1600,1550.0,46,2,2.0,2.0,0.043478260869565216,0.012005193588830829,0.1453252291905342
post_neuropil,WED_L | WED_R,0,0-100,50.0,1204,797,8016.0,8016.0,0.6619601328903655,0.6347621797989037,0.6881278415416431
post_neuropil,WED_L | WED_R,1,100-200,150.0,514,250,1239.0,1239.0,0.48638132295719844,0.4434328988516132,0.5295318069580398
post_neuropil,WED_L | WED_R,2,200-300,250.0,336,132,621.0,621.0,0.39285714285714285,0.3421286859096295,0.4460079047843878
post_neuropil,WED_L | WED_R,3,300-400,350.0,297,105,358.0,358.0,0.35353535353535354,0.30135061311387834,0.409460657667822
post_neuropil,WED_L | WED_R,4,400-500,450.0,275,84,350.0,350.0,0.3054545454545455,0.25400530279120187,0.36226429256329334
post_neuropil,WED_L | WED_R,5,500-600,550.0,275,69,182.0,182.0,0.2509090909090909,0.2033387115015572,0.30534291993363755
post_neuropil,WED_L | WED_R,6,600-700,650.0,272,48,128.0,128.0,0.17647058823529413,0.13576271812062388,0.22618993876651713
post_neuropil,WED_L | WED_R,7,700-800,750.0,265,45,146.0,146.0,0.16981132075471697,0.12939946126637167,0.21965961292452732
post_neuropil,WED_L | WED_R,12,1200-1300,1250.0,241,28,72.0,72.0,0.11618257261410789,0.08161659796103758,0.16279284879964362
post_neuropil,WED_L | WED_R,13,1300-1400,1350.0,219,18,63.0,63.0,0.0821917808219178,0.0526203194616329,0.1261685601730493
post_neuropil,WED_L | WED_R,14,1400-1500,1450.0,193,13,24.0,24.0,0.06735751295336788,0.03978285574420911,0.11181924462481854
post_neuropil,WED_L | WED_R,16,1600-1700,1650.0,199,8,9.0,9.0,0.04020100502512563,0.020508627929396412,0.07730957109881083
post_neuropil,WED_L | WED_R,17,1700-1800,1750.0,188,9,20.0,20.0,0.047872340425531915,0.025387019131789597,0.08846524231723918
post_neuropil,WED_L | WED_R,18,1800-1900,1850.0,170,9,14.0,14.0,0.052941176470588235,0.02809906344307142,0.09754174980301003
post_neuropil,AL_L | LAL_L,6,600-700,650.0,117,11,36.0,36.0,0.09401709401709402,0.053309912054020296,0.1605369751106647
post_neuropil,AL_L | LAL_L,11,1100-1200,1150.0,192,5,5.0,5.0,0.026041666666666668,0.01117344421564433,0.059504082928741736
post_neuropil,AL_L | LAL_L,12,1200-1300,1250.0,191,3,4.0,4.0,0.015706806282722512,0.0053557651415026,0.045155008738408046
post_neuropil,AL_L | LAL_L,15,1500-1600,1550.0,295,5,6.0,6.0,0.01694915254237288,0.007260733538282677,0.0390567804892155
post_neuropil,AL_L | LAL_L,17,1700-1800,1750.0,361,2,2.0,2.0,0.00554016620498615,0.0015205986757415666,0.019972564384611202
post_neuropil,AL_R | SAD,1,100-200,150.0,171,79,557.0,557.0,0.4619883040935672,0.3889186720910832,0.5367283135233243
post_neuropil,AL_R | SAD,2,200-300,250.0,127,52,387.0,387.0,0.4094488188976378,0.32780741642427286,0.49640751216113116
post_neuropil,AL_R | SAD,3,300-400,350.0,142,53,394.0,394.0,0.3732394366197183,0.2980091971868539,0.45514765243629873
post_neuropil,AL_R | SAD,12,1200-1300,1250.0,114,15,66.0,66.0,0.13157894736842105,0.08138578986699035,0.20579293139952332
post_neuropil,AMMC_L | AVLP_R,6,600-700,650.0,204,39,84.0,84.0,0.19117647058823528,0.1431200696215402,0.2506490314631319
post_neuropil,AMMC_L | AVLP_R,10,1000-1100,1050.0,227,23,39.0,39.0,0.1013215859030837,0.06846780974169736,0.14744474674725436
post_neuropil,AMMC_L | AVLP_R,11,1100-1200,1150.0,236,17,31.0,31.0,0.07203389830508475,0.045457291563128,0.11232017489806972
post_neuropil,AMMC_L | WED_L,6,600-700,650.0,194,29,73.0,73.0,0.14948453608247422,0.1061404110308832,0.20644096720301705
post_neuropil,AMMC_L | WED_L,16,1600-1700,1650.0,200,6,10.0,10.0,0.03,0.01382012583074833,0.06389511973247332
post_neuropil,AOTU_L | AOTU_R,4,400-500,450.0,112,37,130.0,130.0,0.33035714285714285,0.25014641827449424,0.4218194385506877
post_neuropil,AOTU_L | AOTU_R,12,1200-1300,1250.0,99,8,15.0,15.0,0.08080808080808081,0.041513905489623,0.15141969336531508
post_neuropil,AOTU_L | AOTU_R,19,1900-2000,1950.0,97,3,15.0,15.0,0.030927835051546393,0.010573153364052894,0.08702149011641547
post_neuropil,AOTU_L | EB,2,200-300,250.0,103,20,83.0,83.0,0.1941747572815534,0.12936210686118582,0.28097993219476247
post_neuropil,AOTU_L | EB,4,400-500,450.0,88,18,53.0,53.0,0.20454545454545456,0.133486198004829,0.30032157537891
post_neuropil,AOTU_L | EB,10,1000-1100,1050.0,82,5,11.0,11.0,0.06097560975609756,0.02632356690332186,0.13492226262455276
post_neuropil,AOTU_L | FB,8,800-900,850.0,141,6,9.0,9.0,0.0425531914893617,0.01964589254224454,0.08972600061552229
post_neuropil,AOTU_L | FB,11,1100-1200,1150.0,197,5,5.0,5.0,0.025380710659898477,0.010888601159973543,0.058029391925124366
post_neuropil,AOTU_L | FB,13,1300-1400,1350.0,179,1,1.0,1.0,0.00558659217877095,0.0009868269560098213,0.03096213870607146
post_neuropil,AOTU_L | FB,15,1500-1600,1550.0,177,0,0.0,0.0,0.0,0.0,0.02124289986374816
post_neuropil,AOTU_L | LO_L,13,1300-1400,1350.0,1182,18,35.0,35.0,0.015228426395939087,0.009654057187995614,0.023943684702658244
post_neuropil,AOTU_L | SLP_L,1,100-200,150.0,159,33,89.0,89.0,0.20754716981132076,0.15177548839413274,0.2771173743632954
post_neuropil,AOTU_L | SLP_L,2,200-300,250.0,99,15,25.0,25.0,0.15151515151515152,0.09402242321177301,0.2350428577640189
post_neuropil,AOTU_L | SLP_L,9,900-1000,950.0,128,3,6.0,6.0,0.0234375,0.008002271440112167,0.06664488090027204
post_neuropil,AOTU_L | SLP_L,11,1100-1200,1150.0,134,5,8.0,8.0,0.03731343283582089,0.016041274761645144,0.08437543543324523
post_neuropil,AOTU_L | SLP_L,17,1700-1800,1750.0,173,0,0.0,0.0,0.0,0.0,0.021723395400177335
post_neuropil,AOTU_R | EB,1,100-200,150.0,168,69,452.0,452.0,0.4107142857142857,0.33912610275529104,0.4862945171644491
post_neuropil,AOTU_R | EB,3,300-400,350.0,104,17,43.0,43.0,0.16346153846153846,0.10463449497334909,0.24626534330798205
post_neuropil,AOTU_R | EB,4,400-500,450.0,89,15,74.0,74.0,0.16853932584269662,0.1048816181698591,0.25962739503111976
post_neuropil,AOTU_R | EB,9,900-1000,950.0,108,5,14.0,14.0,0.046296296296296294,0.019934521435234435,0.1038262259074359
post_neuropil,AOTU_R | EB,10,1000-1100,1050.0,91,7,15.0,15.0,0.07692307692307693,0.03775902099480837,0.15036096011052938
post_neuropil,AOTU_R | EB,16,1600-1700,1650.0,92,3,11.0,11.0,0.03260869565217391,0.011150975342623229,0.09153512338694722
post_neuropil,AOTU_R | FB,11,1100-1200,1150.0,207,1,1.0,1.0,0.004830917874396135,0.0008532632907628131,0.026852844042894296
post_neuropil,AOTU_R | FB,13,1300-1400,1350.0,189,1,1.0,1.0,0.005291005291005291,0.0009345796874724033,0.02935763941877853
post_neuropil,AOTU_R | LO_R,14,1400-1500,1450.0,1109,17,32.0,32.0,0.015329125338142471,0.009592431966917865,0.024412048095653484
post_neuropil,AOTU_R | LO_R,18,1800-1900,1850.0,1068,4,12.0,12.0,0.003745318352059925,0.0014573923081486638,0.009590508799626963
post_neuropil,AOTU_R | SLP_R,0,0-100,50.0,584,170,1421.0,1421.0,0.2910958904109589,0.2557127692476805,0.3292094274801455
post_neuropil,AOTU_R | SLP_R,5,500-600,550.0,199,16,26.0,26.0,0.08040201005025126,0.050093713503231656,0.12660376867005038
post_neuropil,AOTU_R | SLP_R,10,1000-1100,1050.0,212,5,5.0,5.0,0.02358490566037736,0.010115020526077427,0.0540134885287109
post_neuropil,AOTU_R | SLP_R,17,1700-1800,1750.0,280,3,3.0,3.0,0.010714285714285714,0.003650321368179693,0.03102253842404245
post_neuropil,AVLP_L | FB,2,200-300,250.0,149,18,44.0,44.0,0.12080536912751678,0.07779663227338414,0.18287585479819846
post_neuropil,AVLP_L | FB,3,300-400,350.0,185,25,54.0,54.0,0.13513513513513514,0.09323567080582337,0.19187947331496355
post_neuropil,AVLP_L | FB,6,600-700,650.0,192,14,16.0,16.0,0.07291666666666667,0.04392834361238834,0.1186601973309046
post_neuropil,AVLP_L | FB,8,800-900,850.0,242,11,22.0,22.0,0.045454545454545456,0.025567561958883746,0.07954727621333771
post_neuropil,AVLP_L | FB,9,900-1000,950.0,228,4,4.0,4.0,0.017543859649122806,0.006842969432663999,0.0442332826290885
post_neuropil,AVLP_L | MB_CA_L,0,0-100,50.0,81,17,91.0,91.0,0.20987654320987653,0.1353706249001661,0.3106558526768715
post_neuropil,AVLP_L | MB_CA_L,2,200-300,250.0,34,3,8.0,8.0,0.08823529411764706,0.030465390304310128,0.22960817952360413
post_neuropil,AVLP_L | MB_CA_L,10,1000-1100,1050.0,340,1,2.0,2.0,0.0029411764705882353,0.0005193653137751005,0.01646985297743806
post_neuropil,AVLP_L | MB_CA_L,12,1200-1300,1250.0,479,0,0.0,0.0,0.0,0.0,0.00795623243730449
post_neuropil,AVLP_L | MB_CA_R,8,800-900,850.0,54,0,0.0,0.0,0.0,0.0,0.0664158667810019
post_neuropil,AVLP_L | MB_CA_R,9,900-1000,950.0,77,2,4.0,4.0,0.025974025974025976,0.0071520098481384214,0.08984755473247355
post_neuropil,AVLP_L | MB_CA_R,11,1100-1200,1150.0,109,0,0.0,0.0,0.0,0.0,0.03404418228738337
post_neuropil,AVLP_L | MB_CA_R,14,1400-1500,1450.0,212,1,1.0,1.0,0.0047169811320754715,0.0008331274072520493,0.026231164184359577
post_neuropil,AVLP_L | MB_CA_R,17,1700-1800,1750.0,290,0,0.0,0.0,0.0,0.0,0.013073710461690924
post_neuropil,AVLP_L | MB_CA_R,18,1800-1900,1850.0,306,0,0.0,0.0,0.0,0.0,0.012398593345761188
post_neuropil,AVLP_R | MB_CA_L,9,900-1000,950.0,128,0,0.0,0.0,0.0,0.0,0.02913799589810803
post_neuropil,AVLP_R | MB_CA_L,11,1100-1200,1150.0,165,0,0.0,0.0,0.0,0.0,0.02275268654170536
post_neuropil,AVLP_R | MB_CA_L,16,1600-1700,1650.0,355,1,1.0,1.0,0.0028169014084507044,0.0004974126546710604,0.015781636374204076
post_neuropil,AVLP_R | MB_CA_R,11,1100-1200,1150.0,496,4,4.0,4.0,0.008064516129032258,0.003140422729647388,0.02055028248576485
post_neuropil,CRE_L | IPS_L,8,800-900,850.0,349,19,22.0,22.0,0.054441260744985676,0.035126266052868955,0.08345839063160362
post_neuropil,CRE_L | IPS_L,13,1300-1400,1350.0,379,12,19.0,19.0,0.0316622691292876,0.018203060852499463,0.05452048852144527
post_neuropil,CRE_L | IPS_L,17,1700-1800,1750.0,369,2,2.0,2.0,0.005420054200542005,0.0014876037820079,0.019544384064841804
post_neuropil,CRE_R | MB_CA_L,18,1800-1900,1850.0,1138,9,9.0,9.0,0.007908611599297012,0.004166218586077968,0.01496217890793521
post_neuropil,CRE_R | WED_R,1,100-200,150.0,319,54,174.0,174.0,0.16927899686520376,0.1321191689190292,0.21430954410927944
post_neuropil,CRE_R | WED_R,2,200-300,250.0,213,22,28.0,28.0,0.10328638497652583,0.06920213731653324,0.15142711463512182
post_neuropil,CRE_R | WED_R,5,500-600,550.0,205,14,22.0,22.0,0.06829268292682927,0.04111261707817787,0.11135509050498565
post_neuropil,CRE_R | WED_R,7,700-800,750.0,215,11,15.0,15.0,0.05116279069767442,0.028805182727279728,0.0892783991876761
post_neuropil,CRE_R | WED_R,11,1100-1200,1150.0,210,6,7.0,7.0,0.02857142857142857,0.013158766465437628,0.060922235547267105
post_neuropil,CRE_R | WED_R,12,1200-1300,1250.0,217,2,2.0,2.0,0.009216589861751152,0.002531117911770518,0.03297668496594817
post_neuropil,EB | MB_ML_L,9,900-1000,950.0,51,0,0.0,0.0,0.0,0.0,0.07004901388726806
post_neuropil,EB | MB_ML_L,12,1200-1300,1250.0,103,0,0.0,0.0,0.0,0.0,0.03595603210734395
post_neuropil,EB | MB_ML_R,0,0-100,50.0,42,16,162.0,162.0,0.38095238095238093,0.24999520898785943,0.5318623178000363
post_neuropil,EB | MB_ML_R,12,1200-1300,1250.0,199,1,1.0,1.0,0.005025125628140704,0.0008875866694877336,0.02791123960677907
post_neuropil,EB | MB_ML_R,13,1300-1400,1350.0,235,0,0.0,0.0,0.0,0.0,0.016084300222406814
post_neuropil,EB | PB,11,1100-1200,1150.0,214,7,10.0,10.0,0.03271028037383177,0.0159332866950027,0.06596842537468463
post_neuropil,EB | PB,14,1400-1500,1450.0,201,5,5.0,5.0,0.024875621890547265,0.010670974467623117,0.056901237426835824
post_neuropil,EB | SMP_L,1,100-200,150.0,224,32,92.0,92.0,0.14285714285714285,0.10304380239571204,0.1947139380695937
post_neuropil,EB | SMP_L,5,500-600,550.0,146,10,22.0,22.0,0.0684931506849315,0.03762604753049559,0.1214859747650485
post_neuropil,EB | SMP_L,9,900-1000,950.0,158,3,3.0,3.0,0.0189873417721519,0.006477966396770545,0.054332109628182246
post_neuropil,EB | SMP_L,10,1000-1100,1050.0,173,5,12.0,12.0,0.028901734104046242,0.012406768562089943,0.0658644074507939
post_neuropil,EB | SMP_L,15,1500-1600,1550.0,189,1,4.0,4.0,0.005291005291005291,0.0009345796874724033,0.02935763941877853
post_neuropil,EB | SMP_L,16,1600-1700,1650.0,183,6,18.0,18.0,0.03278688524590164,0.015111268614645863,0.06967498883551514
post_neuropil,EB | SMP_L,18,1800-1900,1850.0,196,3,3.0,3.0,0.015306122448979591,0.005218785274458761,0.04402821835241372
post_neuropil,FB | ICL_L,5,500-600,550.0,151,10,15.0,15.0,0.06622516556291391,0.03636630775459303,0.11760781806172506
post_neuropil,FB | ICL_R,0,0-100,50.0,263,43,108.0,108.0,0.1634980988593156,0.1237058670518085,0.2129792674999256
post_neuropil,FB | ICL_R,5,500-600,550.0,153,5,9.0,9.0,0.032679738562091505,0.014037827460974803,0.07421426892161757
post_neuropil,FB | ICL_R,14,1400-1500,1450.0,265,0,0.0,0.0,0.0,0.0,0.014289455203361383
post_neuropil,FB | MB_CA_L,9,900-1000,950.0,271,2,2.0,2.0,0.007380073800738007,0.002026178617710348,0.026505164526850013
post_neuropil,FB | MB_CA_L,14,1400-1500,1450.0,622,1,1.0,1.0,0.001607717041800643,0.000283850629615859,0.009050140591165885
post_neuropil,FB | MB_CA_R,0,0-100,50.0,147,47,154.0,154.0,0.3197278911564626,0.24975113406371527,0.39888690743146915
post_neuropil,FB | MB_CA_R,4,400-500,450.0,116,5,6.0,6.0,0.04310344827586207,0.018549292808975083,0.09694983270336788
post_neuropil,FB | MB_CA_R,8,800-900,850.0,229,3,3.0,3.0,0.013100436681222707,0.0044650706710715575,0.03780229048775917
post_neuropil,FB | MB_ML_L,1,100-200,150.0,601,75,190.0,190.0,0.12479201331114809,0.10072943183307378,0.15362079804529435
post_neuropil,FB | MB_ML_L,14,1400-1500,1450.0,596,7,7.0,7.0,0.01174496644295302,0.005700590625671801,0.024043261751355738
post_neuropil,FB | MB_ML_R,11,1100-1200,1150.0,431,5,8.0,8.0,0.01160092807424594,0.004965049822769496,0.026866311298153617
post_neuropil,FB | ME_L,2,200-300,250.0,104,16,39.0,39.0,0.15384615384615385,0.09697218287895283,0.23538193649613065
post_neuropil,FB | ME_L,3,300-400,350.0,90,5,7.0,7.0,0.05555555555555555,0.023960618284343177,0.12353899809048416
post_neuropil,FB | ME_L,4,400-500,450.0,85,7,9.0,9.0,0.08235294117647059,0.04046320889853023,0.16036162991571895
post_neuropil,FB | ME_L,6,600-700,650.0,100,5,15.0,15.0,0.05,0.02154336145631356,0.11175196527208817
post_neuropil,FB | ME_L,12,1200-1300,1250.0,95,2,4.0,4.0,0.021052631578947368,0.0057923854515239195,0.07354263138349293
post_neuropil,FB | ME_L,13,1300-1400,1350.0,111,1,1.0,1.0,0.009009009009009009,0.0015920445055909102,0.04927454042530521
post_neuropil,FB | SCL_L,0,0-100,50.0,194,45,175.0,175.0,0.23195876288659795,0.17811770724140163,0.2962092290551104
post_neuropil,FB | SCL_L,17,1700-1800,1750.0,95,3,4.0,4.0,0.031578947368421054,0.010796943829702532,0.08877246823970955
post_neuropil,FB | SCL_R,2,200-300,250.0,114,12,27.0,27.0,0.10526315789473684,0.06124627210871391,0.1750166435339793
post_neuropil,FB | SCL_R,3,300-400,350.0,113,19,49.0,49.0,0.168141592920354,0.11036645711875295,0.24773887522863022
post_neuropil,FB | SCL_R,6,600-700,650.0,107,7,13.0,13.0,0.06542056074766354,0.032047896397421095,0.12891693990952502
post_neuropil,FB | SCL_R,10,1000-1100,1050.0,111,1,1.0,1.0,0.009009009009009009,0.0015920445055909102,0.04927454042530521
post_neuropil,FB | SCL_R,12,1200-1300,1250.0,123,6,9.0,9.0,0.04878048780487805,0.022545466884545534,0.10234731277134022
post_neuropil,FB | SCL_R,13,1300-1400,1350.0,107,2,2.0,2.0,0.018691588785046728,0.005140857096348456,0.06560514440489296
post_neuropil,FB | SCL_R,14,1400-1500,1450.0,137,3,3.0,3.0,0.021897810218978103,0.0074746229459378005,0.06240245882535704
post_neuropil,FB | SCL_R,16,1600-1700,1650.0,133,0,0.0,0.0,0.0,0.0,0.028073334424619414
post_neuropil,IB_L | IPS_L,0,0-100,50.0,289,62,361.0,361.0,0.21453287197231835,0.17111229346614013,0.2654431685993588
post_neuropil,IB_L | IPS_L,4,400-500,450.0,105,8,25.0,25.0,0.0761904761904762,0.03911018406047029,0.14318776084294899
post_neuropil,IB_L | IPS_L,7,700-800,750.0,131,9,18.0,18.0,0.06870229007633588,0.03656213057709769,0.12541755521719722
post_neuropil,IB_L | IPS_L,9,900-1000,950.0,143,4,6.0,6.0,0.027972027972027972,0.010930213279755858,0.06971178462819394
post_neuropil,IB_L | IPS_L,10,1000-1100,1050.0,111,6,12.0,12.0,0.05405405405405406,0.02500597339497708,0.11293707163400198
post_neuropil,IB_L | IPS_L,13,1300-1400,1350.0,105,4,9.0,9.0,0.0380952380952381,0.014912218047781596,0.09388441853234952
post_neuropil,IB_L | IPS_L,16,1600-1700,1650.0,91,2,2.0,2.0,0.02197802197802198,0.0060478793071208625,0.0766331383054036
post_neuropil,ICL_L | LH_L,8,800-900,850.0,561,24,33.0,33.0,0.0427807486631016,0.02891444211696042,0.06286633323669624
post_neuropil,ICL_L | LH_L,11,1100-1200,1150.0,607,10,12.0,12.0,0.016474464579901153,0.008972667295428808,0.03005807324352596
post_neuropil,ICL_L | LH_L,15,1500-1600,1550.0,674,9,12.0,12.0,0.013353115727002967,0.007040658021523561,0.025181619277479632
post_neuropil,ICL_L | MB_CA_L,5,500-600,550.0,62,3,4.0,4.0,0.04838709677419355,0.016591385000846108,0.13288250384754152
post_neuropil,ICL_L | MB_CA_L,11,1100-1200,1150.0,242,4,23.0,23.0,0.01652892561983471,0.00644596454774005,0.04172163605362278
post_neuropil,ICL_R | LH_R,4,400-500,450.0,263,20,42.0,42.0,0.07604562737642585,0.04976403271225038,0.11453418765518855
post_neuropil,ICL_R | LH_R,6,600-700,650.0,316,20,23.0,23.0,0.06329113924050633,0.04134108801406569,0.09573176304720968
post_neuropil,ICL_R | LH_R,10,1000-1100,1050.0,356,3,5.0,5.0,0.008426966292134831,0.002869933919783024,0.02447987777514052
post_neuropil,ICL_R | LH_R,15,1500-1600,1550.0,350,4,6.0,6.0,0.011428571428571429,0.004453004597499359,0.029012817397427178
post_neuropil,ICL_R | MB_CA_R,6,600-700,650.0,138,9,11.0,11.0,0.06521739130434782,0.034686920773421094,0.11929893387006854
post_neuropil,ICL_R | MB_CA_R,7,700-800,750.0,145,5,5.0,5.0,0.034482758620689655,0.014817001068388777,0.07817850556416554
post_neuropil,ICL_R | MB_CA_R,8,800-900,850.0,172,4,4.0,4.0,0.023255813953488372,0.009079888383639646,0.05826253798190753
post_neuropil,ICL_R | MB_CA_R,11,1100-1200,1150.0,243,4,4.0,4.0,0.01646090534979424,0.006419362513815918,0.04155310241916134
post_neuropil,IPS_L | LOP_R,2,200-300,250.0,323,142,725.0,725.0,0.43962848297213625,0.3865227304160268,0.494153413624389
post_neuropil,IPS_L | LOP_R,3,300-400,350.0,283,101,405.0,405.0,0.3568904593639576,0.30333119846856166,0.41428298301696903
post_neuropil,IPS_L | LOP_R,4,400-500,450.0,299,102,398.0,398.0,0.3411371237458194,0.2897181181660101,0.39658653746914707
post_neuropil,IPS_L | LOP_R,5,500-600,550.0,247,69,282.0,282.0,0.2793522267206478,0.22710300291683025,0.33835982302591605
post_neuropil,IPS_L | LOP_R,7,700-800,750.0,290,59,166.0,166.0,0.20344827586206896,0.16113311474032188,0.25351749974040516
post_neuropil,IPS_L | LOP_R,8,800-900,850.0,258,39,114.0,114.0,0.1511627906976744,0.11259175949064457,0.19996972806519073
post_neuropil,IPS_L | LOP_R,9,900-1000,950.0,261,45,195.0,195.0,0.1724137931034483,0.13142388792886378,0.22290715372018233
post_neuropil,IPS_L | LOP_R,10,1000-1100,1050.0,242,38,91.0,91.0,0.15702479338842976,0.11658959807122862,0.2081788707314476
post_neuropil,IPS_L | LOP_R,17,1700-1800,1750.0,250,10,23.0,23.0,0.04,0.02186967487695694,0.07205346459269657
post_neuropil,IPS_R | LOP_L,3,300-400,350.0,266,110,467.0,467.0,0.41353383458646614,0.3559923453628404,0.47353727497738884
post_neuropil,IPS_R | LOP_L,13,1300-1400,1350.0,225,19,46.0,46.0,0.08444444444444445,0.05472521269573428,0.12811566938165025
post_neuropil,IPS_R | LOP_L,15,1500-1600,1550.0,200,25,65.0,65.0,0.125,0.0861191515921568,0.1780153528465839
post_neuropil,IPS_R | LOP_L,16,1600-1700,1650.0,197,21,54.0,54.0,0.1065989847715736,0.0707850643169573,0.15746247005839126
post_neuropil,IPS_R | LOP_L,17,1700-1800,1750.0,205,17,77.0,77.0,0.08292682926829269,0.05241787752543189,0.12877973827525152
post_neuropil,LAL_L | LAL_R,12,1200-1300,1250.0,1009,49,105.0,105.0,0.048562933597621406,0.036926747058235614,0.06362362528034131
post_neuropil,LAL_L | MB_CA_L,0,0-100,50.0,89,41,154.0,154.0,0.4606741573033708,0.3608954818482133,0.563707282429869
post_neuropil,LAL_L | MB_CA_L,5,500-600,550.0,78,4,4.0,4.0,0.05128205128205128,0.020120686846503345,0.1245685665405272
post_neuropil,LAL_L | MB_CA_L,14,1400-1500,1450.0,281,0,0.0,0.0,0.0,0.0,0.013486794063788433
post_neuropil,LAL_L | WED_L,17,1700-1800,1750.0,139,2,5.0,5.0,0.014388489208633094,0.003954669579790876,0.050942503232611104
post_neuropil,LAL_R | MB_CA_R,5,500-600,550.0,54,2,3.0,3.0,0.037037037037037035,0.010216153585413057,0.12535409343403314
post_neuropil,LAL_R | MB_CA_R,8,800-900,850.0,119,2,2.0,2.0,0.01680672268907563,0.004621078613443862,0.059213974007166756
post_neuropil,LAL_R | MB_CA_R,12,1200-1300,1250.0,210,1,1.0,1.0,0.004761904761904762,0.0008410666306054131,0.026476349625165214
post_neuropil,LAL_R | MB_CA_R,13,1300-1400,1350.0,285,2,2.0,2.0,0.007017543859649123,0.0019265375531811822,0.02522190643826603
post_neuropil,LAL_R | MB_CA_R,17,1700-1800,1750.0,464,0,0.0,0.0,0.0,0.0,0.00821132622665449
post_neuropil,LAL_R | MB_ML_R,7,700-800,750.0,162,9,18.0,18.0,0.05555555555555555,0.029499705764149557,0.10220186971510292
post_neuropil,LAL_R | MB_ML_R,9,900-1000,950.0,194,4,7.0,7.0,0.020618556701030927,0.008046531964217115,0.051807411796852346
post_neuropil,LAL_R | MB_ML_R,12,1200-1300,1250.0,174,4,5.0,5.0,0.022988505747126436,0.008975105790863708,0.05760999015969005
post_neuropil,LAL_R | MB_ML_R,18,1800-1900,1850.0,197,0,0.0,0.0,0.0,1.734723475976807e-18,0.01912751143189459
post_neuropil,LAL_R | SLP_L,3,300-400,350.0,88,11,14.0,14.0,0.125,0.07125200897954588,0.21011939569981514
post_neuropil,LAL_R | SLP_L,7,700-800,750.0,94,5,22.0,22.0,0.05319148936170213,0.022931410525010874,0.11853806667078312
post_neuropil,LAL_R | SLP_L,8,800-900,850.0,89,6,7.0,7.0,0.06741573033707865,0.03126095907688764,0.139369447982017
post_neuropil,LAL_R | SLP_L,15,1500-1600,1550.0,86,0,0.0,0.0,0.0,0.0,0.042759701519118086
post_neuropil,LAL_R | SLP_L,18,1800-1900,1850.0,99,1,2.0,2.0,0.010101010101010102,0.0017852613200520333,0.05501665541403222
post_neuropil,LH_L | SPS_L,1,100-200,150.0,211,29,75.0,75.0,0.13744075829383887,0.09742806423915076,0.19041935451029066
post_neuropil,LH_L | SPS_L,10,1000-1100,1050.0,176,6,6.0,6.0,0.03409090909090909,0.01571584526106743,0.07237055966415565
post_neuropil,LH_L | SPS_L,11,1100-1200,1150.0,166,2,3.0,3.0,0.012048192771084338,0.003310221981407086,0.042859856491711396
post_neuropil,LH_L | SPS_L,15,1500-1600,1550.0,162,3,3.0,3.0,0.018518518518518517,0.0063175154296968815,0.053025858006159984
post_neuropil,LH_R | SPS_R,7,700-800,750.0,207,16,21.0,21.0,0.07729468599033816,0.04813467549874949,0.12185834295681143
post_neuropil,LH_R | SPS_R,8,800-900,850.0,188,4,6.0,6.0,0.02127659574468085,0.008304282568452677,0.053421641318754265
post_neuropil,LH_R | SPS_R,10,1000-1100,1050.0,207,6,9.0,9.0,0.028985507246376812,0.013350430916343803,0.06178464679128125
post_neuropil,LH_R | SPS_R,11,1100-1200,1150.0,213,1,4.0,4.0,0.004694835680751174,0.0008292137381074073,0.026110266509225207
post_neuropil,LH_R | SPS_R,14,1400-1500,1450.0,211,6,12.0,12.0,0.02843601895734597,0.013096095468480774,0.06064008970236136
post_neuropil,LH_R | SPS_R,18,1800-1900,1850.0,248,1,1.0,1.0,0.004032258064516129,0.0007121292102298671,0.022483403219678455
post_neuropil,LH_R | SPS_R,19,1900-2000,1950.0,228,1,1.0,1.0,0.0043859649122807015,0.0007746305902254884,0.024421882891392997
post_neuropil,LOP_L | LOP_R,1,100-200,150.0,432,213,1247.0,1247.0,0.4930555555555556,0.4461792374185577,0.540054293295353
post_neuropil,LOP_L | LOP_R,3,300-400,350.0,379,162,790.0,790.0,0.42744063324538256,0.37860755638925053,0.4777298949222057
post_neuropil,LOP_L | LOP_R,6,600-700,650.0,370,130,579.0,579.0,0.35135135135135137,0.30446117588517163,0.40129655680161336
post_neuropil,LOP_L | LOP_R,7,700-800,750.0,332,96,467.0,467.0,0.2891566265060241,0.24301956042188444,0.34011725169430373
post_neuropil,LOP_L | LOP_R,8,800-900,850.0,318,91,424.0,424.0,0.2861635220125786,0.2392711073526034,0.33816077218068263
post_neuropil,LOP_L | LOP_R,10,1000-1100,1050.0,336,91,385.0,385.0,0.2708333333333333,0.22610501728829085,0.3207426905850241
post_neuropil,LOP_L | LOP_R,12,1200-1300,1250.0,301,70,279.0,279.0,0.23255813953488372,0.18838381038940852,0.2834730490418502
post_neuropil,LOP_L | LOP_R,15,1500-1600,1550.0,274,43,171.0,171.0,0.15693430656934307,0.11864473345835523,0.20471073238981152
post_neuropil,LOP_L | LOP_R,17,1700-1800,1750.0,266,35,142.0,142.0,0.13157894736842105,0.09615141284971783,0.177496534686911
post_neuropil,LOP_L | LOP_R,18,1800-1900,1850.0,234,39,92.0,92.0,0.16666666666666666,0.12438188617587306,0.21971939804017657
post_neuropil,LOP_L | PLP_R,5,500-600,550.0,113,34,113.0,113.0,0.3008849557522124,0.22401098815624218,0.3908522112521877
post_neuropil,LOP_R | PVLP_R,5,500-600,550.0,401,44,56.0,56.0,0.10972568578553615,0.08275869408309222,0.14409941536020607
post_neuropil,LOP_R | PVLP_R,7,700-800,750.0,457,34,54.0,54.0,0.07439824945295405,0.053725559159443756,0.10216661724129784
post_neuropil,LOP_R | PVLP_R,10,1000-1100,1050.0,417,17,27.0,27.0,0.0407673860911271,0.025606343944168157,0.0643125233921408
post_neuropil,LOP_R | PVLP_R,18,1800-1900,1850.0,484,3,3.0,3.0,0.006198347107438017,0.002110152246552772,0.018063609072695115
post_neuropil,LO_L | PVLP_R,4,400-500,450.0,581,131,234.0,234.0,0.22547332185886404,0.19335958484766885,0.26119357963310674
post_neuropil,LO_L | PVLP_R,19,1900-2000,1950.0,513,3,3.0,3.0,0.005847953216374269,0.0019907476787910505,0.01705106319711367
post_neuropil,MB_CA_L | MB_PED_L,2,200-300,250.0,706,196,451.0,451.0,0.2776203966005666,0.24585735571017034,0.31179043500820963
post_neuropil,MB_CA_L | MB_PED_L,4,400-500,450.0,575,107,234.0,234.0,0.18608695652173912,0.15639726307652013,0.2199433454768388
post_neuropil,MB_CA_L | MB_PED_L,10,1000-1100,1050.0,372,18,57.0,57.0,0.04838709677419355,0.030823070281159076,0.07518328984502175
post_neuropil,MB_CA_L | MB_PED_L,11,1100-1200,1150.0,342,16,27.0,27.0,0.04678362573099415,0.028999011431509777,0.07463687274205406
post_neuropil,MB_CA_L | MB_PED_L,16,1600-1700,1650.0,236,5,5.0,5.0,0.0211864406779661,0.009082588371157985,0.048628834501271145
post_neuropil,MB_CA_L | MB_PED_L,18,1800-1900,1850.0,240,6,6.0,6.0,0.025,0.011506807509485621,0.053459957800453296
post_neuropil,MB_CA_L | MB_PED_L,19,1900-2000,1950.0,255,4,5.0,5.0,0.01568627450980392,0.006116456526536161,0.03963198576403846
post_neuropil,MB_CA_L | MB_VL_L,2,200-300,250.0,276,128,202.0,202.0,0.463768115942029,0.4058346184807323,0.5226963790550165
post_neuropil,MB_CA_L | MB_VL_L,7,700-800,750.0,138,18,24.0,24.0,0.13043478260869565,0.08412291616249357,0.19676506028447266
post_neuropil,MB_CA_L | MB_VL_L,10,1000-1100,1050.0,129,9,10.0,10.0,0.06976744186046512,0.03713573649300738,0.12728263847387045
post_neuropil,MB_CA_L | MB_VL_L,14,1400-1500,1450.0,119,2,2.0,2.0,0.01680672268907563,0.004621078613443862,0.059213974007166756
post_neuropil,MB_CA_L | MB_VL_L,17,1700-1800,1750.0,102,3,5.0,5.0,0.029411764705882353,0.010052266068000588,0.0829319669745838
post_neuropil,MB_CA_L | MB_VL_R,14,1400-1500,1450.0,22,1,1.0,1.0,0.045454545454545456,0.008069219301147859,0.21798489499518053
post_neuropil,MB_CA_L | SCL_L,15,1500-1600,1550.0,723,10,10.0,10.0,0.013831258644536652,0.007529838030327661,0.0252718067847187
post_neuropil,MB_CA_L | SCL_L,17,1700-1800,1750.0,746,7,7.0,7.0,0.00938337801608579,0.004552538261251776,0.019241286994642268
post_neuropil,MB_CA_L | SIP_L,4,400-500,450.0,135,3,3.0,3.0,0.022222222222222223,0.007585775259412838,0.06329787920725997
post_neuropil,MB_CA_L | SIP_L,11,1100-1200,1150.0,184,1,1.0,1.0,0.005434782608695652,0.0009599929623922178,0.030138549639459552
post_neuropil,MB_CA_L | SIP_L,13,1300-1400,1350.0,271,2,2.0,2.0,0.007380073800738007,0.002026178617710348,0.026505164526850013
post_neuropil,MB_CA_L | SIP_L,15,1500-1600,1550.0,265,0,0.0,0.0,0.0,0.0,0.014289455203361383
post_neuropil,MB_CA_L | SIP_L,17,1700-1800,1750.0,329,0,0.0,0.0,0.0,0.0,0.011541826502456422
post_neuropil,MB_CA_L | SLP_L,6,600-700,650.0,419,34,40.0,40.0,0.081145584725537,0.05864730663189703,0.11125461408735103
post_neuropil,MB_CA_L | SLP_L,7,700-800,750.0,450,31,51.0,51.0,0.06888888888888889,0.04895281317533607,0.09612335436858235
post_neuropil,MB_CA_L | SLP_L,10,1000-1100,1050.0,555,18,23.0,23.0,0.032432432432432434,0.02061170945859125,0.05068147988164397
post_neuropil,MB_CA_L | SLP_L,11,1100-1200,1150.0,668,13,18.0,18.0,0.019461077844311378,0.011407735439142782,0.033009877283856216
post_neuropil,MB_CA_L | SLP_L,12,1200-1300,1250.0,658,8,8.0,8.0,0.0121580547112462,0.006173199643072299,0.023806179108580662
post_neuropil,MB_CA_L | SMP_L,5,500-600,550.0,1219,127,151.0,151.0,0.10418375717801477,0.08825911380752113,0.12259534191266375
post_neuropil,MB_CA_R | MB_PED_L,4,400-500,450.0,162,30,41.0,41.0,0.18518518518518517,0.1329085654983166,0.25204671713282056
post_neuropil,MB_CA_R | MB_PED_L,5,500-600,550.0,136,45,56.0,56.0,0.33088235294117646,0.257402273981231,0.41365412125452133
post_neuropil,MB_CA_R | MB_PED_R,14,1400-1500,1450.0,165,4,4.0,4.0,0.024242424242424242,0.009466715939676306,0.06066765852727969
post_neuropil,MB_CA_R | MB_PED_R,16,1600-1700,1650.0,173,0,0.0,0.0,0.0,0.0,0.021723395400177335
post_neuropil,MB_CA_R | MB_VL_R,4,400-500,450.0,569,113,161.0,161.0,0.19859402460456943,0.167882921563663,0.23334771531745743
post_neuropil,MB_CA_R | MB_VL_R,6,600-700,650.0,520,55,70.0,70.0,0.10576923076923077,0.08216546695633677,0.13515518875332816
post_neuropil,MB_CA_R | SLP_R,1,100-200,150.0,684,137,266.0,266.0,0.20029239766081872,0.1720099272469831,0.23192260605719622
post_neuropil,MB_CA_R | SLP_R,7,700-800,750.0,535,32,35.0,35.0,0.059813084112149535,0.042683826151924995,0.08321885099846578
post_neuropil,MB_CA_R | SLP_R,10,1000-1100,1050.0,593,19,21.0,21.0,0.03204047217537943,0.020606244939439418,0.04949878795371012
post_neuropil,MB_ML_L | MB_VL_L,4,400-500,450.0,194,44,64.0,64.0,0.2268041237113402,0.17351471243697053,0.2907031264806282
post_neuropil,MB_ML_L | MB_VL_L,6,600-700,650.0,178,24,42.0,42.0,0.1348314606741573,0.09230748131279093,0.192784598827287
post_neuropil,MB_ML_L | MB_VL_L,11,1100-1200,1150.0,169,7,8.0,8.0,0.04142011834319527,0.02020615182262136,0.08301899767842469
post_neuropil,MB_ML_L | MB_VL_L,13,1300-1400,1350.0,140,0,0.0,0.0,0.0,0.0,0.02670715564899167
post_neuropil,MB_ML_L | MB_VL_L,17,1700-1800,1750.0,124,0,0.0,0.0,0.0,0.0,0.030049686487027695
post_neuropil,MB_ML_L | MB_VL_R,3,300-400,350.0,108,35,48.0,48.0,0.32407407407407407,0.24316531824673593,0.4170684409269525
post_neuropil,MB_ML_L | MB_VL_R,6,600-700,650.0,72,11,13.0,13.0,0.1527777777777778,0.08750619034775439,0.25322501785460416
post_neuropil,MB_ML_L | MB_VL_R,12,1200-1300,1250.0,67,2,2.0,2.0,0.029850746268656716,0.008224522347453904,0.10246750041883029
post_neuropil,MB_ML_L | SLP_L,19,1900-2000,1950.0,1153,7,9.0,9.0,0.006071118820468344,0.0029438789530378704,0.012478802942219008
post_neuropil,MB_ML_L | SLP_R,9,900-1000,950.0,314,10,14.0,14.0,0.03184713375796178,0.017388831611610995,0.05762211723838222
post_neuropil,MB_ML_L | SLP_R,13,1300-1400,1350.0,279,8,10.0,10.0,0.02867383512544803,0.01459946787017824,0.055551457594817
post_neuropil,MB_ML_L | SLP_R,18,1800-1900,1850.0,260,0,0.0,0.0,0.0,0.0,0.014560251302296528
post_neuropil,MB_ML_R | MB_VL_R,15,1500-1600,1550.0,308,4,5.0,5.0,0.012987012987012988,0.005061591607756408,0.032911533209458485
post_neuropil,MB_ML_R | MB_VL_R,18,1800-1900,1850.0,267,3,3.0,3.0,0.011235955056179775,0.003828388842882346,0.03250871742144337
post_neuropil,ME_L | PVLP_L,14,1400-1500,1450.0,1592,178,377.0,377.0,0.11180904522613065,0.09725376427553345,0.12823327654355535
post_neuropil,OCG | OCG,2,200-300,250.0,271,120,427.0,427.0,0.44280442804428044,0.3848732193507475,0.5023345395911304
post_neuropil,OCG | OCG,3,300-400,350.0,227,89,260.0,260.0,0.3920704845814978,0.33086027551141717,0.45687295801321615
post_neuropil,OCG | OCG,5,500-600,550.0,175,53,229.0,229.0,0.3028571428571429,0.2396144335527129,0.3745692910393284
post_neuropil,PB | SPS_L,4,400-500,450.0,166,0,0.0,0.0,0.0,0.0,0.022618722386034986
post_neuropil,PB | SPS_L,6,600-700,650.0,162,2,2.0,2.0,0.012345679012345678,0.003392114427184602,0.043891558668106324
post_neuropil,PB | SPS_L,15,1500-1600,1550.0,199,3,3.0,3.0,0.01507537688442211,0.005139909827913115,0.04337873723462238
post_neuropil,PB | SPS_R,2,200-300,250.0,142,7,12.0,12.0,0.04929577464788732,0.024080963350659727,0.09825450197610572
post_neuropil,PB | SPS_R,3,300-400,350.0,144,7,9.0,9.0,0.04861111111111111,0.02374368582632414,0.0969368262893456
post_neuropil,PB | SPS_R,7,700-800,750.0,166,0,0.0,0.0,0.0,0.0,0.022618722386034986
post_neuropil,PB | SPS_R,8,800-900,850.0,164,2,3.0,3.0,0.012195121951219513,0.0033506679012033427,0.043369573087919736
post_neuropil,PB | SPS_R,10,1000-1100,1050.0,189,1,1.0,1.0,0.005291005291005291,0.0009345796874724033,0.02935763941877853
post_neuropil,PB | SPS_R,12,1200-1300,1250.0,202,3,6.0,6.0,0.01485148514851485,0.005063383108685284,0.042748137983261145
post_neuropil,PB | SPS_R,15,1500-1600,1550.0,185,1,1.0,1.0,0.005405405405405406,0.0009548003385717804,0.0299790616918283
post_neuropil,PB | SPS_R,17,1700-1800,1750.0,175,1,2.0,2.0,0.005714285714285714,0.0010093989597420756,0.031654142408709104
post_neuropil,PVLP_L | PVLP_R,14,1400-1500,1450.0,714,29,62.0,62.0,0.04061624649859944,0.028426225455619212,0.05772314231576657
post_neuropil,PVLP_R | PVLP_R,13,1300-1400,1350.0,451,6,8.0,8.0,0.013303769401330377,0.006111033991945427,0.028717794329826376
post_neuropil,PVLP_R | PVLP_R,15,1500-1600,1550.0,425,11,14.0,14.0,0.02588235294117647,0.01451243511063991,0.045746644232408894
post_neuropil,SAD | VES_L,2,200-300,250.0,211,18,57.0,57.0,0.08530805687203792,0.05464097508525626,0.13080541890920291
post_neuropil,SAD | VES_L,5,500-600,550.0,199,7,14.0,14.0,0.035175879396984924,0.0171415481339399,0.07081674050113299
post_neuropil,SAD | VES_L,16,1600-1700,1650.0,263,3,7.0,7.0,0.011406844106463879,0.003886727215210434,0.03299507832035823
post_neuropil,SIP_L | SIP_L,3,300-400,350.0,187,28,49.0,49.0,0.1497326203208556,0.10567088261451651,0.2078959707340196
post_neuropil,SIP_L | SIP_L,5,500-600,550.0,161,19,29.0,29.0,0.11801242236024845,0.07686519603194157,0.17696393447880326
post_neuropil,SIP_L | SIP_L,7,700-800,750.0,127,10,11.0,11.0,0.07874015748031496,0.0433298959009003,0.1388873805616315
post_neuropil,SIP_L | SIP_L,13,1300-1400,1350.0,67,0,0.0,0.0,0.0,0.0,0.05422802421176257
post_neuropil,VES_L | VES_L,5,500-600,550.0,406,51,144.0,144.0,0.12561576354679804,0.09684725685203133,0.16140275973974472
post_neuropil,VES_L | VES_L,7,700-800,750.0,301,22,53.0,53.0,0.07308970099667775,0.048759413257792164,0.10817979713868918
post_neuropil,VES_L | VES_L,16,1600-1700,1650.0,135,6,23.0,23.0,0.044444444444444446,0.020525829072354243,0.09357253914005473
post_neuropil,VES_L | VES_R,3,300-400,350.0,503,106,381.0,381.0,0.21073558648111332,0.17735456583467368,0.24850155962937664
post_neuropil,VES_L | VES_R,6,600-700,650.0,381,45,88.0,88.0,0.11811023622047244,0.08945254341141017,0.1543921968661482
post_neuropil,VES_L | VES_R,13,1300-1400,1350.0,209,7,12.0,12.0,0.03349282296650718,0.01631665827157977,0.06750906000905711
post_neuropil,VES_L | VES_R,14,1400-1500,1450.0,233,7,9.0,9.0,0.030042918454935622,0.014627311557531504,0.06070404914937134
post_neuropil,VES_L | VES_R,16,1600-1700,1650.0,248,8,13.0,13.0,0.03225806451612903,0.01643435656807312,0.06235167401623066
post_neuropil,VES_L | VES_R,18,1800-1900,1850.0,171,4,7.0,7.0,0.023391812865497075,0.00913320257216747,0.05859438628540417
post_neuropil,VES_R | VES_R,3,300-400,350.0,622,129,399.0,399.0,0.20739549839228297,0.1773756393242358,0.24100754261828763
post_neuropil,VES_R | VES_R,9,900-1000,950.0,291,23,95.0,95.0,0.07903780068728522,0.05324165015509216,0.11580369487084718
post_neuropil,VES_R | VES_R,11,1100-1200,1150.0,282,15,23.0,23.0,0.05319148936170213,0.032496103679712035,0.08589674046893533
post_neuropil,VES_R | VES_R,13,1300-1400,1350.0,222,15,23.0,23.0,0.06756756756756757,0.04137060724334188,0.10847601091735126
post_neuropil,VES_R | VES_R,16,1600-1700,1650.0,169,10,28.0,28.0,0.05917159763313609,0.03245464956703631,0.10548436511461437
post_neuropil,VES_R | VES_R,18,1800-1900,1850.0,123,7,16.0,16.0,0.056910569105691054,0.027837625142034084,0.1128228521777096
post_neuropil,WED_L | WED_L,1,100-200,150.0,482,94,198.0,198.0,0.1950207468879668,0.16211747864567472,0.23274702040092815
post_neuropil,WED_L | WED_L,2,200-300,250.0,219,32,63.0,63.0,0.1461187214611872,0.10544206869273676,0.1989965998503001
post_neuropil,WED_L | WED_L,7,700-800,750.0,79,2,3.0,3.0,0.02531645569620253,0.006970221164761904,0.08768753532473128
post_neuropil,WED_L | WED_R,8,800-900,850.0,244,42,107.0,107.0,0.1721311475409836,0.12994120756736582,0.2244851679886345
post_neuropil,WED_L | WED_R,10,1000-1100,1050.0,230,23,70.0,70.0,0.1,0.067562041870206,0.14558052985355918
post_neuropil,WED_L | WED_R,15,1500-1600,1550.0,191,14,27.0,27.0,0.07329842931937172,0.044161001144628335,0.11926200503064424
post_neuropil,AL_L | LAL_L,4,400-500,450.0,95,11,37.0,37.0,0.11578947368421053,0.06589789764646396,0.19554667629811
post_neuropil,AL_L | LAL_L,9,900-1000,950.0,121,6,55.0,55.0,0.049586776859504134,0.022921361584731126,0.10397223798464317
post_neuropil,AL_L | LAL_L,10,1000-1100,1050.0,154,3,4.0,4.0,0.01948051948051948,0.006646780059633525,0.05570433650279361
post_neuropil,AL_R | SAD,4,400-500,450.0,119,34,237.0,237.0,0.2857142857142857,0.21224633789191133,0.372584859357229
post_neuropil,AL_R | SAD,15,1500-1600,1550.0,122,18,41.0,41.0,0.14754098360655737,0.09540970329114055,0.22119148423349355
post_neuropil,AMMC_L | AVLP_R,8,800-900,850.0,233,30,69.0,69.0,0.12875536480686695,0.09169809784869817,0.17785589942205152
post_neuropil,AMMC_L | AVLP_R,15,1500-1600,1550.0,219,11,19.0,19.0,0.0502283105022831,0.02827474342538187,0.08768924175512302
post_neuropil,AOTU_L | AOTU_R,2,200-300,250.0,158,45,171.0,171.0,0.2848101265822785,0.220196337626779,0.3596397490159631
post_neuropil,AOTU_L | AOTU_R,8,800-900,850.0,99,11,22.0,22.0,0.1111111111111111,0.0631849839688701,0.18809076436643388
post_neuropil,AOTU_L | EB,3,300-400,350.0,82,13,48.0,48.0,0.15853658536585366,0.09505500489170983,0.2525806402966371
post_neuropil,AOTU_L | EB,5,500-600,550.0,72,13,39.0,39.0,0.18055555555555555,0.10866714144495851,0.2848055701012113
post_neuropil,AOTU_L | FB,1,100-200,150.0,117,14,27.0,27.0,0.11965811965811966,0.07263082821640884,0.1908678344957698
post_neuropil,AOTU_L | FB,3,300-400,350.0,69,7,8.0,8.0,0.10144927536231885,0.050016002571615495,0.19492095652867886
post_neuropil,AOTU_L | FB,6,600-700,650.0,114,3,4.0,4.0,0.02631578947368421,0.008989398451945727,0.07452610031928616
post_neuropil,AOTU_L | FB,7,700-800,750.0,139,2,3.0,3.0,0.014388489208633094,0.003954669579790876,0.050942503232611104
post_neuropil,AOTU_L | FB,12,1200-1300,1250.0,176,3,3.0,3.0,0.017045454545454544,0.005813537343171981,0.048910175079315346
post_neuropil,AOTU_L | FB,14,1400-1500,1450.0,218,0,0.0,0.0,0.0,0.0,0.017316860318353274
post_neuropil,AOTU_L | SLP_L,0,0-100,50.0,253,57,184.0,184.0,0.22529644268774704,0.17814645147903216,0.28066395929554633
post_neuropil,AOTU_L | SLP_L,7,700-800,750.0,138,12,17.0,17.0,0.08695652173913043,0.05044151102507098,0.14584505088624417
post_neuropil,AOTU_R | EB,5,500-600,550.0,108,12,39.0,39.0,0.1111111111111111,0.0647120300165129,0.18422575342006164
post_neuropil,AOTU_R | EB,17,1700-1800,1750.0,64,0,0.0,0.0,0.0,0.0,0.056626022971156334
post_neuropil,AOTU_R | EB,18,1800-1900,1850.0,94,2,4.0,4.0,0.02127659574468085,0.005854213528540098,0.07429165489552492
post_neuropil,AOTU_R | FB,4,400-500,450.0,108,12,16.0,16.0,0.1111111111111111,0.0647120300165129,0.18422575342006164
post_neuropil,AOTU_R | FB,12,1200-1300,1250.0,205,4,4.0,4.0,0.01951219512195122,0.007613308587699281,0.049088038270397955
post_neuropil,AOTU_R | FB,14,1400-1500,1450.0,231,0,0.0,0.0,0.0,0.0,0.016358260206028232
post_neuropil,AOTU_R | FB,16,1600-1700,1650.0,225,2,2.0,2.0,0.008888888888888889,0.002440997100615027,0.03182549989993032
post_neuropil,AOTU_R | FB,18,1800-1900,1850.0,235,3,3.0,3.0,0.01276595744680851,0.00435082340847915,0.036854728723142806
post_neuropil,AOTU_R | SLP_R,6,600-700,650.0,194,10,19.0,19.0,0.05154639175257732,0.0282364742204858,0.09227205381406306
post_neuropil,AVLP_L | FB,11,1100-1200,1150.0,300,5,13.0,13.0,0.016666666666666666,0.0071393720427721935,0.038415943621705605
post_neuropil,AVLP_L | MB_CA_L,3,300-400,350.0,46,3,19.0,19.0,0.06521739130434782,0.022427454466343574,0.17503009103781358
post_neuropil,AVLP_L | MB_CA_L,4,400-500,450.0,53,2,2.0,2.0,0.03773584905660377,0.010410068833819265,0.12754523150959116
post_neuropil,AVLP_L | MB_CA_R,6,600-700,650.0,32,0,0.0,0.0,0.0,0.0,0.1071827150573635
post_neuropil,AVLP_L | MB_CA_R,10,1000-1100,1050.0,85,1,1.0,1.0,0.011764705882352941,0.0020797335877093294,0.06367324699796226
post_neuropil,AVLP_L | MB_CA_R,12,1200-1300,1250.0,127,0,0.0,0.0,0.0,0.0,0.02936069262375269
post_neuropil,AVLP_L | MB_CA_R,13,1300-1400,1350.0,174,0,0.0,0.0,0.0,0.0,0.021601245152990077
post_neuropil,AVLP_R | MB_CA_R,3,300-400,350.0,124,13,16.0,16.0,0.10483870967741936,0.06229725933736693,0.17112910578947751
post_neuropil,AVLP_R | MB_CA_R,4,400-500,450.0,136,21,27.0,27.0,0.15441176470588236,0.10326721361886773,0.22454368099332203
post_neuropil,AVLP_R | MB_CA_R,9,900-1000,950.0,345,10,10.0,10.0,0.028985507246376812,0.015818936705538796,0.05252612305797563
post_neuropil,CRE_L | IPS_L,5,500-600,550.0,330,21,36.0,36.0,0.06363636363636363,0.04199511356107576,0.09532030788430429
post_neuropil,CRE_R | WED_R,9,900-1000,950.0,252,12,14.0,14.0,0.047619047619047616,0.027446661288615858,0.08137692330435103
post_neuropil,CRE_R | WED_R,16,1600-1700,1650.0,194,2,3.0,3.0,0.010309278350515464,0.0028316844929604373,0.03680406451028256
post_neuropil,CRE_R | WED_R,17,1700-1800,1750.0,209,2,4.0,4.0,0.009569377990430622,0.002628148299936312,0.034214273482271684
post_neuropil,CRE_R | WED_R,18,1800-1900,1850.0,186,3,5.0,5.0,0.016129032258064516,0.005500129644394957,0.0463409842105241
post_neuropil,EB | MB_ML_L,10,1000-1100,1050.0,86,0,0.0,0.0,0.0,0.0,0.042759701519118086
post_neuropil,EB | MB_ML_L,15,1500-1600,1550.0,171,1,4.0,4.0,0.005847953216374269,0.0010330277288595376,0.03237778525843868
post_neuropil,EB | MB_ML_L,19,1900-2000,1950.0,282,0,0.0,0.0,0.0,0.0,0.01343961130920062
post_neuropil,EB | MB_ML_R,5,500-600,550.0,33,2,5.0,5.0,0.06060606060606061,0.016780530429070947,0.19606581717798194
post_neuropil,EB | PB,10,1000-1100,1050.0,197,9,12.0,12.0,0.04568527918781726,0.024218293620032146,0.08453208478762841
post_neuropil,EB | SMP_L,0,0-100,50.0,437,123,799.0,799.0,0.2814645308924485,0.24134492816021327,0.32539287516869214
post_neuropil,EB | SMP_L,2,200-300,250.0,133,13,28.0,28.0,0.09774436090225563,0.058014251309182426,0.16005978465648882
post_neuropil,EB | SMP_L,3,300-400,350.0,137,15,28.0,28.0,0.10948905109489052,0.06748228691188912,0.17279899361886317
post_neuropil,FB | ICL_L,3,300-400,350.0,140,15,26.0,26.0,0.10714285714285714,0.06601153090085868,0.16925837710906336
post_neuropil,FB | ICL_L,7,700-800,750.0,222,13,17.0,17.0,0.05855855855855856,0.03453747531112644,0.09759761406124778
post_neuropil,FB | ICL_L,14,1400-1500,1450.0,296,1,1.0,1.0,0.0033783783783783786,0.0005966005300711164,0.018885686117278686
post_neuropil,FB | ICL_R,9,900-1000,950.0,168,3,3.0,3.0,0.017857142857142856,0.006091208386598133,0.05118013917999807
post_neuropil,FB | ICL_R,11,1100-1200,1150.0,167,3,4.0,4.0,0.017964071856287425,0.006127793507236419,0.051478784750049855
post_neuropil,FB | ICL_R,19,1900-2000,1950.0,410,1,1.0,1.0,0.0024390243902439024,0.00043066643972597494,0.013684879218322902
post_neuropil,FB | MB_CA_R,5,500-600,550.0,124,8,9.0,9.0,0.06451612903225806,0.0330505136894899,0.12215405196050196
post_neuropil,FB | MB_CA_R,6,600-700,650.0,167,7,8.0,8.0,0.041916167664670656,0.02044989293327537,0.08398368764663022
post_neuropil,FB | MB_CA_R,10,1000-1100,1050.0,352,7,7.0,7.0,0.019886363636363636,0.009665495945948227,0.04047366709738341
post_neuropil,FB | MB_ML_L,0,0-100,50.0,1150,311,2096.0,2096.0,0.27043478260869563,0.24555783866467754,0.29684035533352815
post_neuropil,FB | MB_ML_L,8,800-900,850.0,487,5,6.0,6.0,0.01026694045174538,0.00439310862021826,0.023806620172125335
post_neuropil,FB | MB_ML_R,3,300-400,350.0,311,30,64.0,64.0,0.09646302250803858,0.0684062857871682,0.13436742645416203
post_neuropil,FB | MB_ML_R,4,400-500,450.0,343,21,29.0,29.0,0.061224489795918366,0.040389597968547394,0.09177909229236707
post_neuropil,FB | MB_ML_R,9,900-1000,950.0,392,13,20.0,20.0,0.03316326530612245,0.019481265769382,0.055906465080533735
post_neuropil,FB | ME_L,15,1500-1600,1550.0,102,2,2.0,2.0,0.0196078431372549,0.005393639125345434,0.06869443210562613
post_neuropil,FB | SCL_L,2,200-300,250.0,87,6,11.0,11.0,0.06896551724137931,0.031988403572147155,0.14239866138487695
post_neuropil,FB | SCL_L,7,700-800,750.0,95,7,17.0,17.0,0.07368421052631578,0.03614850970030849,0.1443584833066845
post_neuropil,FB | SCL_L,9,900-1000,950.0,100,4,4.0,4.0,0.04,0.015663050551848016,0.09837217232607373
post_neuropil,FB | SCL_L,10,1000-1100,1050.0,83,2,3.0,3.0,0.024096385542168676,0.006633027079790216,0.08366471041007639
post_neuropil,IB_L | IPS_L,1,100-200,150.0,162,14,35.0,35.0,0.08641975308641975,0.05217501001847842,0.13982506716360377
post_neuropil,IB_L | IPS_L,15,1500-1600,1550.0,104,1,2.0,2.0,0.009615384615384616,0.001699329104420888,0.05246900667694734
post_neuropil,ICL_R | LH_R,5,500-600,550.0,315,18,20.0,20.0,0.05714285714285714,0.03644752123821354,0.08850982435282602
post_neuropil,ICL_R | LH_R,9,900-1000,950.0,303,9,9.0,9.0,0.0297029702970297,0.015703850583924206,0.05547815342074791
post_neuropil,ICL_R | MB_CA_R,5,500-600,550.0,115,6,6.0,6.0,0.05217391304347826,0.02412822014507672,0.10917190371727449
post_neuropil,ICL_R | MB_CA_R,12,1200-1300,1250.0,285,2,2.0,2.0,0.007017543859649123,0.0019265375531811822,0.02522190643826603
post_neuropil,IPS_R | LOP_L,7,700-800,750.0,221,55,197.0,197.0,0.248868778280543,0.19648228121133327,0.3098368341125215
post_neuropil,IPS_R | LOP_L,9,900-1000,950.0,220,42,135.0,135.0,0.19090909090909092,0.14445419953456484,0.24797330277063667
post_neuropil,IPS_R | LOP_L,14,1400-1500,1450.0,211,20,64.0,64.0,0.0947867298578199,0.062198530751518356,0.14186623138021032
post_neuropil,LAL_L | MB_CA_L,2,200-300,250.0,38,7,7.0,7.0,0.18421052631578946,0.09221648453257492,0.33419168341511346
post_neuropil,LAL_L | MB_CA_L,10,1000-1100,1050.0,172,2,2.0,2.0,0.011627906976744186,0.003194538170137408,0.04140014249700848
post_neuropil,LAL_L | MB_CA_L,11,1100-1200,1150.0,204,4,5.0,5.0,0.0196078431372549,0.007650755366888737,0.04932340187593464
post_neuropil,LAL_L | WED_L,5,500-600,550.0,169,12,26.0,26.0,0.07100591715976332,0.041081448211808286,0.12000014325691219
post_neuropil,LAL_R | MB_CA_R,2,200-300,250.0,26,3,4.0,4.0,0.11538461538461539,0.04003171821149494,0.28976293086898336
post_neuropil,LAL_R | MB_CA_R,7,700-800,750.0,75,2,2.0,2.0,0.02666666666666667,0.00734353502360055,0.09211664843284882
post_neuropil,LAL_R | MB_CA_R,9,900-1000,950.0,136,0,0.0,0.0,0.0,0.0,0.02747108156657246
post_neuropil,LAL_R | MB_ML_R,5,500-600,550.0,170,10,20.0,20.0,0.058823529411764705,0.032261865536997426,0.10488367385058298
post_neuropil,LAL_R | MB_ML_R,8,800-900,850.0,174,6,25.0,25.0,0.034482758620689655,0.015897570022231685,0.0731794513271039
post_neuropil,LAL_R | MB_ML_R,16,1600-1700,1650.0,222,3,3.0,3.0,0.013513513513513514,0.0046061821625874855,0.038971263268192315
post_neuropil,LAL_R | SLP_L,19,1900-2000,1950.0,110,2,2.0,2.0,0.01818181818181818,0.005000250085743785,0.06388142410014258
post_neuropil,LH_L | SPS_L,6,600-700,650.0,146,9,16.0,16.0,0.06164383561643835,0.03276635005485378,0.11299824402315925
post_neuropil,LH_L | SPS_L,16,1600-1700,1650.0,175,2,3.0,3.0,0.011428571428571429,0.0031396763424969137,0.04070694547256177
post_neuropil,LH_R | SPS_R,3,300-400,350.0,204,14,25.0,25.0,0.06862745098039216,0.04131633022712568,0.11188495382765452
post_neuropil,LH_R | SPS_R,12,1200-1300,1250.0,208,3,8.0,8.0,0.014423076923076924,0.004916968346132377,0.0415403846950078
post_neuropil,LOP_L | PLP_R,0,0-100,50.0,435,306,4889.0,4889.0,0.7034482758620689,0.6588967000790777,0.7444378971879086
post_neuropil,LOP_L | PLP_R,1,100-200,150.0,214,100,557.0,557.0,0.4672897196261682,0.4016081859947096,0.5341249338501685
post_neuropil,LOP_L | PLP_R,9,900-1000,950.0,132,17,45.0,45.0,0.12878787878787878,0.08198597266755395,0.1965855400354766
post_neuropil,LOP_L | PLP_R,15,1500-1600,1550.0,134,6,70.0,70.0,0.04477611940298507,0.020680206883838287,0.0942459112111345
post_neuropil,LOP_L | PLP_R,17,1700-1800,1750.0,127,9,11.0,11.0,0.07086614173228346,0.03772763102767921,0.12920398705097466
post_neuropil,MB_CA_L | MB_PED_L,14,1400-1500,1450.0,253,6,35.0,35.0,0.023715415019762844,0.010913126237076368,0.05076535575338
post_neuropil,MB_CA_L | MB_PED_L,17,1700-1800,1750.0,252,2,2.0,2.0,0.007936507936507936,0.002179136157687991,0.028471078662732144
post_neuropil,MB_CA_L | MB_VL_L,8,800-900,850.0,145,13,14.0,14.0,0.0896551724137931,0.05314302364985655,0.1473493118262469
post_neuropil,MB_CA_L | MB_VL_L,13,1300-1400,1350.0,128,1,1.0,1.0,0.0078125,0.0013803963628788857,0.04292731834932121
post_neuropil,MB_CA_L | MB_VL_R,2,200-300,250.0,170,68,96.0,96.0,0.4,0.3293505795694918,0.4750690760250264
post_neuropil,MB_CA_L | MB_VL_R,4,400-500,450.0,91,26,33.0,33.0,0.2857142857142857,0.2030608259873361,0.3857272163906922
post_neuropil,MB_CA_L | MB_VL_R,6,600-700,650.0,27,11,13.0,13.0,0.4074074074074074,0.24514513372857344,0.5927361694463591
post_neuropil,MB_CA_L | MB_VL_R,8,800-900,850.0,40,7,9.0,9.0,0.175,0.08745302996883063,0.3195029205439244
post_neuropil,MB_CA_L | MB_VL_R,9,900-1000,950.0,26,2,3.0,3.0,0.07692307692307693,0.02135463918337556,0.24141947480515052
post_neuropil,MB_CA_L | SCL_L,2,200-300,250.0,288,30,41.0,41.0,0.10416666666666667,0.07394416745420873,0.1448101156911688
post_neuropil,MB_CA_L | SIP_L,1,100-200,150.0,119,10,18.0,18.0,0.08403361344537816,0.04628430944499089,0.14779977933275218
post_neuropil,MB_CA_R | MB_PED_L,2,200-300,250.0,213,80,119.0,119.0,0.3755868544600939,0.31329542916721403,0.4422865255868553
post_neuropil,MB_CA_R | MB_PED_L,6,600-700,650.0,122,13,18.0,18.0,0.10655737704918032,0.06333639360136176,0.1737998157284624
post_neuropil,MB_CA_R | MB_PED_L,7,700-800,750.0,144,17,17.0,17.0,0.11805555555555555,0.07502767620322826,0.1809327571254154
post_neuropil,MB_CA_R | MB_PED_L,10,1000-1100,1050.0,142,2,2.0,2.0,0.014084507042253521,0.003870935121581952,0.049896988433837074
post_neuropil,MB_CA_R | MB_PED_L,11,1100-1200,1150.0,125,3,3.0,3.0,0.024,0.008195108073434175,0.06819015879689341
post_neuropil,MB_CA_R | MB_PED_L,14,1400-1500,1450.0,122,3,3.0,3.0,0.02459016393442623,0.008397468237782701,0.0698087847024215
post_neuropil,MB_CA_R | MB_PED_L,15,1500-1600,1550.0,137,0,0.0,0.0,0.0,0.0,0.027276032081430486
post_neuropil,MB_CA_R | MB_PED_L,18,1800-1900,1850.0,139,3,3.0,3.0,0.02158273381294964,0.007366681010400868,0.06153201516774331
post_neuropil,MB_CA_R | MB_PED_R,5,500-600,550.0,254,48,60.0,60.0,0.1889763779527559,0.14560024570211125,0.24162043552233034
post_neuropil,MB_CA_R | MB_PED_R,10,1000-1100,1050.0,157,9,12.0,12.0,0.05732484076433121,0.030448304960363402,0.10534740958114827
post_neuropil,MB_CA_R | MB_PED_R,11,1100-1200,1150.0,149,8,8.0,8.0,0.053691275167785234,0.027453913454500024,0.10236414655010606
post_neuropil,MB_CA_R | MB_PED_R,17,1700-1800,1750.0,187,0,0.0,0.0,0.0,0.0,0.020129783024246284
post_neuropil,MB_CA_R | MB_PED_R,18,1800-1900,1850.0,186,0,0.0,0.0,0.0,0.0,0.02023581765008302
post_neuropil,MB_CA_R | MB_PED_R,19,1900-2000,1950.0,193,0,0.0,0.0,0.0,0.0,0.019516199827678698
post_neuropil,MB_CA_R | MB_VL_R,2,200-300,250.0,629,184,287.0,287.0,0.29252782193958665,0.25832055681167654,0.329253964205905
post_neuropil,MB_CA_R | SLP_R,8,800-900,850.0,580,30,34.0,34.0,0.05172413793103448,0.03646839441572053,0.07287907243145172
post_neuropil,MB_ML_L | MB_VL_L,2,200-300,250.0,222,73,134.0,134.0,0.32882882882882886,0.27040023188714896,0.39308072113479203
post_neuropil,MB_ML_L | MB_VL_L,18,1800-1900,1850.0,134,1,1.0,1.0,0.007462686567164179,0.0013185304171489005,0.04106054817741181
post_neuropil,MB_ML_L | MB_VL_R,2,200-300,250.0,158,55,79.0,79.0,0.34810126582278483,0.27822547307779205,0.42518823514061416
post_neuropil,MB_ML_L | SLP_R,17,1700-1800,1750.0,205,4,4.0,4.0,0.01951219512195122,0.007613308587699281,0.049088038270397955
post_neuropil,MB_ML_R | MB_VL_R,2,200-300,250.0,548,207,385.0,385.0,0.3777372262773723,0.3381282655085541,0.41904843157263727
post_neuropil,MB_ML_R | MB_VL_R,9,900-1000,950.0,351,22,30.0,30.0,0.06267806267806268,0.04175228785569759,0.0930729412042548
post_neuropil,MB_ML_R | MB_VL_R,13,1300-1400,1350.0,326,8,8.0,8.0,0.024539877300613498,0.012485928555014167,0.047669006419834375
post_neuropil,MB_ML_R | MB_VL_R,16,1600-1700,1650.0,308,8,10.0,10.0,0.025974025974025976,0.01321881979231353,0.05040835502977564
post_neuropil,OCG | OCG,1,100-200,150.0,309,154,696.0,696.0,0.49838187702265374,0.44299513694342996,0.5538083572210292
post_neuropil,OCG | OCG,9,900-1000,950.0,120,22,69.0,69.0,0.18333333333333332,0.12430210244218537,0.26201073589323665
post_neuropil,OCG | OCG,11,1100-1200,1150.0,134,11,21.0,21.0,0.08208955223880597,0.046453846040667636,0.14101931155471722
post_neuropil,OCG | OCG,12,1200-1300,1250.0,130,9,37.0,37.0,0.06923076923076923,0.036846700857790585,0.12634321916707464
post_neuropil,OCG | OCG,16,1600-1700,1650.0,131,8,13.0,13.0,0.061068702290076333,0.031265849149484756,0.1158816186942667
post_neuropil,OCG | OCG,18,1800-1900,1850.0,151,2,3.0,3.0,0.013245033112582781,0.003639736608919388,0.047002984726949
post_neuropil,PB | PB,1,100-200,150.0,576,262,1042.0,1042.0,0.4548611111111111,0.4146274063309704,0.49569292942969245
post_neuropil,PB | PB,3,300-400,350.0,179,57,146.0,146.0,0.31843575418994413,0.25461500802011916,0.38988602456765076
post_neuropil,PB | SPS_L,0,0-100,50.0,240,23,121.0,121.0,0.09583333333333334,0.0647086419470061,0.1396929039746086
post_neuropil,PB | SPS_L,5,500-600,550.0,143,4,6.0,6.0,0.027972027972027972,0.010930213279755858,0.06971178462819394
post_neuropil,PB | SPS_L,12,1200-1300,1250.0,209,0,0.0,0.0,0.0,0.0,0.018049103182836437
post_neuropil,PB | SPS_L,13,1300-1400,1350.0,186,1,3.0,3.0,0.005376344086021506,0.000949663586606142,0.029821252798422227
post_neuropil,PB | SPS_R,4,400-500,450.0,155,6,8.0,8.0,0.03870967741935484,0.017859441234565628,0.08187261888066868
post_neuropil,SAD | VES_L,9,900-1000,950.0,208,11,27.0,27.0,0.052884615384615384,0.029782972336779123,0.09220251115654797
post_neuropil,SAD | VES_L,17,1700-1800,1750.0,252,5,12.0,12.0,0.01984126984126984,0.008503930426446045,0.045598295325738114
post_neuropil,SIP_L | SIP_L,9,900-1000,950.0,106,2,3.0,3.0,0.018867924528301886,0.0051895000190881335,0.0662005744153702
post_neuropil,SIP_L | SIP_L,16,1600-1700,1650.0,71,0,0.0,0.0,0.0,0.0,0.05132974174790491
post_neuropil,VES_L | VES_R,7,700-800,750.0,358,43,99.0,99.0,0.12011173184357542,0.09040619529323365,0.15788366413697005
post_neuropil,VES_L | VES_R,15,1500-1600,1550.0,202,10,13.0,13.0,0.04950495049504951,0.02710900995263599,0.08871597391845713
post_neuropil,VES_L | VES_R,19,1900-2000,1950.0,184,2,3.0,3.0,0.010869565217391304,0.002985843055377687,0.03875996830909109
post_neuropil,VES_R | VES_R,12,1200-1300,1250.0,223,16,39.0,39.0,0.07174887892376682,0.04464301566013649,0.11335974926481554
post_neuropil,WED_L | WED_L,12,1200-1300,1250.0,44,1,2.0,2.0,0.022727272727272728,0.004023148385637013,0.11807979131537633
post_neuropil,WED_L | WED_R,9,900-1000,950.0,248,44,125.0,125.0,0.1774193548387097,0.13490149525325623,0.2297785258393671
post_neuropil,AL_L | LAL_L,3,300-400,350.0,113,16,27.0,27.0,0.1415929203539823,0.08907227229207428,0.2176814866430995
post_neuropil,AL_R | SAD,7,700-800,750.0,115,33,98.0,98.0,0.28695652173913044,0.21222458930478513,0.375461877387013
post_neuropil,AL_R | SAD,8,800-900,850.0,122,29,114.0,114.0,0.23770491803278687,0.17090769515915238,0.3205164443940637
post_neuropil,AL_R | SAD,11,1100-1200,1150.0,109,12,39.0,39.0,0.11009174311926606,0.06410740604439105,0.18262429573934827
post_neuropil,AMMC_L | AVLP_R,16,1600-1700,1650.0,231,11,35.0,35.0,0.047619047619047616,0.026794513517255675,0.08324391238343652
post_neuropil,AOTU_L | AOTU_R,9,900-1000,950.0,141,9,13.0,13.0,0.06382978723404255,0.03394088582358967,0.11685557044311823
post_neuropil,AOTU_L | AOTU_R,17,1700-1800,1750.0,80,2,2.0,2.0,0.025,0.006882748898125228,0.08664600055322111
post_neuropil,AOTU_L | EB,11,1100-1200,1150.0,91,4,5.0,5.0,0.04395604395604396,0.017224087727905874,0.10763251528174392
post_neuropil,AOTU_L | EB,14,1400-1500,1450.0,88,3,3.0,3.0,0.03409090909090909,0.011660785880160493,0.09549762599419709
post_neuropil,AOTU_L | EB,15,1500-1600,1550.0,83,2,4.0,4.0,0.024096385542168676,0.006633027079790216,0.08366471041007639
post_neuropil,AOTU_L | FB,2,200-300,250.0,76,6,9.0,9.0,0.07894736842105263,0.03668350552145426,0.1617293519363121
post_neuropil,AOTU_L | FB,9,900-1000,950.0,147,2,2.0,2.0,0.013605442176870748,0.0037389889438848856,0.048246670184631385
post_neuropil,AOTU_L | FB,16,1600-1700,1650.0,216,2,2.0,2.0,0.009259259259259259,0.0025428530753729747,0.0331264651974198
post_neuropil,AOTU_L | SLP_L,3,300-400,350.0,103,9,11.0,11.0,0.08737864077669903,0.04665069238646754,0.15777904284774835
post_neuropil,AOTU_L | SLP_L,4,400-500,450.0,110,9,18.0,18.0,0.08181818181818182,0.04364015135431728,0.14821941492022558
post_neuropil,AOTU_R | EB,19,1900-2000,1950.0,80,1,1.0,1.0,0.0125,0.002209918618306224,0.06746432423965451
post_neuropil,AOTU_R | FB,1,100-200,150.0,142,20,36.0,36.0,0.14084507042253522,0.09306085211498925,0.20755022181727695
post_neuropil,AOTU_R | FB,3,300-400,350.0,105,8,11.0,11.0,0.0761904761904762,0.03911018406047029,0.14318776084294899
post_neuropil,AOTU_R | FB,5,500-600,550.0,136,6,7.0,7.0,0.04411764705882353,0.020373739216141287,0.09290871750632185
post_neuropil,AOTU_R | FB,6,600-700,650.0,132,7,9.0,9.0,0.05303030303030303,0.025922087095231,0.10541912207780582
post_neuropil,AOTU_R | FB,7,700-800,750.0,134,3,6.0,6.0,0.022388059701492536,0.007642600401146293,0.06375529399357924
post_neuropil,CRE_R | WED_R,15,1500-1600,1550.0,223,3,3.0,3.0,0.013452914798206279,0.004585479755120431,0.0387998604999298
post_neuropil,CRE_R | WED_R,19,1900-2000,1950.0,194,4,6.0,6.0,0.020618556701030927,0.008046531964217115,0.051807411796852346
post_neuropil,EB | MB_ML_L,0,0-100,50.0,59,18,159.0,159.0,0.3050847457627119,0.20253473477602124,0.4314656725974384
post_neuropil,EB | MB_ML_R,4,400-500,450.0,22,2,3.0,3.0,0.09090909090909091,0.025294896282837792,0.2781538065838578
post_neuropil,EB | PB,12,1200-1300,1250.0,177,12,15.0,15.0,0.06779661016949153,0.039204174692770155,0.11475155230809689
post_neuropil,EB | SMP_L,12,1200-1300,1250.0,169,8,17.0,17.0,0.047337278106508875,0.024178611011922285,0.09061782688265864
post_neuropil,FB | MB_CA_L,4,400-500,450.0,101,5,5.0,5.0,0.04950495049504951,0.021328195361982306,0.11069573407060934
post_neuropil,FB | MB_CA_L,6,600-700,650.0,121,3,4.0,4.0,0.024793388429752067,0.008467160919079428,0.07036553587429713
post_neuropil,FB | ME_L,7,700-800,750.0,86,2,2.0,2.0,0.023255813953488372,0.006400792019477797,0.08088171408014642
post_neuropil,FB | ME_L,18,1800-1900,1850.0,102,0,0.0,0.0,0.0,0.0,0.03629574760774591
post_neuropil,FB | SCL_L,14,1400-1500,1450.0,99,2,3.0,3.0,0.020202020202020204,0.005557603625523107,0.07069169626868313
post_neuropil,FB | SCL_R,9,900-1000,950.0,121,5,9.0,9.0,0.04132231404958678,0.01777722390103202,0.0930960747430097
post_neuropil,FB | SCL_R,11,1100-1200,1150.0,130,5,8.0,8.0,0.038461538461538464,0.016538182454457935,0.08687958900075479
post_neuropil,FB | SCL_R,17,1700-1800,1750.0,150,2,2.0,2.0,0.013333333333333334,0.0036640523882232115,0.047307856380276334
post_neuropil,ICL_R | MB_CA_R,9,900-1000,950.0,205,4,6.0,6.0,0.01951219512195122,0.007613308587699281,0.049088038270397955
post_neuropil,IPS_R | LOP_L,4,400-500,450.0,255,89,337.0,337.0,0.34901960784313724,0.29314769231335647,0.4093730771456485
post_neuropil,IPS_R | LOP_L,6,600-700,650.0,235,63,248.0,248.0,0.2680851063829787,0.21551340326277862,0.32811718705314624
post_neuropil,IPS_R | LOP_L,19,1900-2000,1950.0,195,9,25.0,25.0,0.046153846153846156,0.024468614069101245,0.08537560363986912
post_neuropil,LAL_L | WED_L,6,600-700,650.0,158,6,9.0,9.0,0.0379746835443038,0.017518093902477175,0.08036526859517486
post_neuropil,LAL_L | WED_L,13,1300-1400,1350.0,155,3,3.0,3.0,0.01935483870967742,0.006603757117780048,0.05535482300228925
post_neuropil,LAL_R | MB_CA_R,3,300-400,350.0,35,2,2.0,2.0,0.05714285714285714,0.015812829614043955,0.1860738073937003
post_neuropil,LAL_R | MB_CA_R,16,1600-1700,1650.0,411,1,1.0,1.0,0.0024330900243309003,0.00042961827422093816,0.013651901033389483
post_neuropil,LAL_R | MB_ML_R,14,1400-1500,1450.0,185,2,2.0,2.0,0.010810810810810811,0.0029696759631392747,0.03855507282102693
post_neuropil,LAL_R | SLP_L,4,400-500,450.0,78,5,5.0,5.0,0.0641025641025641,0.027688907083923665,0.14143779620633457
post_neuropil,LAL_R | SLP_L,9,900-1000,950.0,122,3,8.0,8.0,0.02459016393442623,0.008397468237782701,0.0698087847024215
post_neuropil,LAL_R | SLP_L,12,1200-1300,1250.0,106,4,4.0,4.0,0.03773584905660377,0.014770608109942171,0.09303554183689035
post_neuropil,LH_L | SPS_L,7,700-800,750.0,147,5,5.0,5.0,0.034013605442176874,0.014614209257501933,0.07714827536212554
post_neuropil,LH_L | SPS_L,18,1800-1900,1850.0,164,0,0.0,0.0,0.0,0.0,0.022888247013851153
post_neuropil,LH_L | SPS_L,19,1900-2000,1950.0,179,2,2.0,2.0,0.0111731843575419,0.003069392848568487,0.039818002580042935
post_neuropil,LOP_L | PLP_R,3,300-400,350.0,135,52,226.0,226.0,0.3851851851851852,0.30735221805583346,0.4693717609245298
post_neuropil,LOP_L | PLP_R,6,600-700,650.0,115,33,72.0,72.0,0.28695652173913044,0.21222458930478513,0.375461877387013
post_neuropil,LOP_L | PLP_R,13,1300-1400,1350.0,131,10,14.0,14.0,0.07633587786259542,0.041989786186872775,0.1348221175579656
post_neuropil,MB_CA_L | MB_PED_L,12,1200-1300,1250.0,339,7,34.0,34.0,0.02064896755162242,0.010037453114853875,0.042002906048094854
post_neuropil,MB_CA_L | MB_VL_L,5,500-600,550.0,208,48,66.0,66.0,0.23076923076923078,0.17870468909413195,0.29259839774055973
post_neuropil,MB_CA_L | MB_VL_L,6,600-700,650.0,156,34,49.0,49.0,0.21794871794871795,0.16036567945065483,0.2890892809601518
post_neuropil,MB_CA_L | MB_VL_L,9,900-1000,950.0,129,10,12.0,12.0,0.07751937984496124,0.04264931398826815,0.13682458575398126
post_neuropil,MB_CA_L | MB_VL_R,7,700-800,750.0,42,8,13.0,13.0,0.19047619047619047,0.09981889609856436,0.33301067354996444
post_neuropil,MB_CA_L | MB_VL_R,18,1800-1900,1850.0,31,0,0.0,0.0,0.0,0.0,0.11025900073475385
post_neuropil,MB_CA_L | SCL_L,7,700-800,750.0,420,26,27.0,27.0,0.06190476190476191,0.042592015252066365,0.08915909176527219
post_neuropil,MB_CA_L | SIP_L,8,800-900,850.0,161,1,1.0,1.0,0.006211180124223602,0.0010972402944831212,0.034340416219406575
post_neuropil,MB_CA_L | SIP_L,10,1000-1100,1050.0,197,0,0.0,0.0,0.0,1.734723475976807e-18,0.01912751143189459
post_neuropil,MB_CA_R | MB_PED_L,16,1600-1700,1650.0,136,2,2.0,2.0,0.014705882352941176,0.004042106772879195,0.05203276651232348
post_neuropil,MB_CA_R | MB_PED_L,17,1700-1800,1750.0,138,2,2.0,2.0,0.014492753623188406,0.003983391943439229,0.05130081240845753
post_neuropil,MB_CA_R | MB_PED_L,19,1900-2000,1950.0,134,1,1.0,1.0,0.007462686567164179,0.0013185304171489005,0.04106054817741181
post_neuropil,MB_CA_R | MB_PED_R,9,900-1000,950.0,200,10,12.0,12.0,0.05,0.027382349028644986,0.08957905629784384
post_neuropil,MB_ML_L | MB_VL_L,14,1400-1500,1450.0,150,0,0.0,0.0,0.0,0.0,0.02497113914571871
post_neuropil,MB_ML_L | MB_VL_L,15,1500-1600,1550.0,125,2,2.0,2.0,0.016,0.004398708009065916,0.05646362217000669
post_neuropil,MB_ML_L | MB_VL_R,4,400-500,450.0,114,25,35.0,35.0,0.21929824561403508,0.15318272840957875,0.3037153449363364
post_neuropil,MB_ML_L | MB_VL_R,17,1700-1800,1750.0,68,1,1.0,1.0,0.014705882352941176,0.0026006166023507804,0.07871160361546173
post_neuropil,OCG | OCG,4,400-500,450.0,209,73,261.0,261.0,0.3492822966507177,0.28789586409210843,0.41610936796778975
post_neuropil,OCG | OCG,15,1500-1600,1550.0,118,6,6.0,6.0,0.05084745762711865,0.023509310875761358,0.1065086796956034
post_neuropil,OCG | OCG,17,1700-1800,1750.0,158,7,12.0,12.0,0.04430379746835443,0.02162368008397879,0.08861744457123964
post_neuropil,PB | PB,5,500-600,550.0,140,34,79.0,79.0,0.24285714285714285,0.17931156147719365,0.3201378328565735
post_neuropil,PB | PB,12,1200-1300,1250.0,55,2,10.0,10.0,0.03636363636363636,0.010029330855724924,0.1232369297490173
post_neuropil,PB | SPS_L,10,1000-1100,1050.0,172,4,8.0,8.0,0.023255813953488372,0.009079888383639646,0.05826253798190753
post_neuropil,PB | SPS_R,0,0-100,50.0,287,12,181.0,181.0,0.041811846689895474,0.02407710072228134,0.07165060810616689
post_neuropil,PB | SPS_R,9,900-1000,950.0,179,4,5.0,5.0,0.0223463687150838,0.008723433291780467,0.056040821669891286
post_neuropil,SAD | VES_L,3,300-400,350.0,198,21,58.0,58.0,0.10606060606060606,0.07042200910563365,0.15669470023476
post_neuropil,SAD | VES_L,19,1900-2000,1950.0,267,1,1.0,1.0,0.003745318352059925,0.0006614298649481216,0.020906896418754234
post_neuropil,SIP_L | SIP_L,4,400-500,450.0,171,23,43.0,43.0,0.13450292397660818,0.091325378033924,0.19374179133537944
post_neuropil,SIP_L | SIP_L,19,1900-2000,1950.0,77,1,1.0,1.0,0.012987012987012988,0.0022961581721549496,0.06996366845176145
post_neuropil,VES_L | VES_L,18,1800-1900,1850.0,110,3,3.0,3.0,0.02727272727272727,0.009317801045153465,0.07713214343911239
post_neuropil,VES_L | VES_L,19,1900-2000,1950.0,120,1,1.0,1.0,0.008333333333333333,0.001472517830674952,0.045697415374322405
post_neuropil,VES_R | VES_R,15,1500-1600,1550.0,189,9,13.0,13.0,0.047619047619047616,0.02525161955850501,0.08801024924988489
post_neuropil,VES_R | VES_R,17,1700-1800,1750.0,136,7,16.0,16.0,0.051470588235294115,0.025152853298995935,0.10243149928278228
post_neuropil,WED_L | WED_L,6,600-700,650.0,83,6,12.0,12.0,0.07228915662650602,0.033549838417288064,0.14886964717487056
post_neuropil,WED_L | WED_L,14,1400-1500,1450.0,39,0,0.0,0.0,0.0,0.0,0.08966985360023902
post_neuropil,AL_L | LAL_L,0,0-100,50.0,361,146,1853.0,1853.0,0.40443213296398894,0.35506759361319196,0.4558092362220023
post_neuropil,AL_L | LAL_L,1,100-200,150.0,158,33,213.0,213.0,0.2088607594936709,0.15276372327031879,0.2787792174816263
post_neuropil,AMMC_L | AVLP_R,3,300-400,350.0,212,71,183.0,183.0,0.33490566037735847,0.274811658759314,0.4008764384378899
post_neuropil,AMMC_L | WED_L,13,1300-1400,1350.0,207,13,24.0,24.0,0.06280193236714976,0.03706523966421769,0.1044703965669625
post_neuropil,AOTU_L | AOTU_R,5,500-600,550.0,109,21,49.0,49.0,0.1926605504587156,0.1296063745018461,0.2766409669041602
post_neuropil,AOTU_L | AOTU_R,13,1300-1400,1350.0,100,5,15.0,15.0,0.05,0.02154336145631356,0.11175196527208817
post_neuropil,AOTU_L | FB,4,400-500,450.0,104,4,5.0,5.0,0.038461538461538464,0.015056569723581409,0.09474892277652985
post_neuropil,AOTU_L | FB,18,1800-1900,1850.0,211,0,0.0,0.0,0.0,0.0,0.017881080759033628
post_neuropil,AOTU_L | SLP_L,5,500-600,550.0,136,12,18.0,18.0,0.08823529411764706,0.051194082025518985,0.1478997498528348
post_neuropil,AOTU_L | SLP_L,8,800-900,850.0,135,4,5.0,5.0,0.02962962962962963,0.011581269352682073,0.0737072896959028
post_neuropil,AOTU_L | SLP_L,16,1600-1700,1650.0,176,1,1.0,1.0,0.005681818181818182,0.0010036597035756045,0.03147825771708791
post_neuropil,AOTU_R | EB,2,200-300,250.0,111,24,184.0,184.0,0.21621621621621623,0.1498210872799431,0.30159721410213447
post_neuropil,AOTU_R | EB,7,700-800,750.0,91,6,14.0,14.0,0.06593406593406594,0.030565869950639868,0.13646631845613524
post_neuropil,AOTU_R | EB,11,1100-1200,1150.0,104,5,19.0,19.0,0.04807692307692308,0.020707736946876366,0.10764347445948261
post_neuropil,AVLP_L | FB,10,1000-1100,1050.0,277,5,19.0,19.0,0.018050541516245487,0.007734025791942847,0.04155211985029819
post_neuropil,AVLP_L | MB_CA_L,5,500-600,550.0,63,2,13.0,13.0,0.031746031746031744,0.00874934404029698,0.10856681834959193
post_neuropil,EB | MB_ML_L,16,1600-1700,1650.0,233,0,0.0,0.0,0.0,0.0,0.016220123491819
post_neuropil,EB | SMP_L,4,400-500,450.0,144,15,35.0,35.0,0.10416666666666667,0.0641474746869393,0.16475697439910955
post_neuropil,EB | SMP_L,14,1400-1500,1450.0,165,1,1.0,1.0,0.006060606060606061,0.001070620565756266,0.03352748795726175
post_neuropil,FB | ICL_R,7,700-800,750.0,136,8,9.0,9.0,0.058823529411764705,0.03010472430974894,0.11178152413134437
post_neuropil,FB | MB_CA_R,7,700-800,750.0,207,7,12.0,12.0,0.033816425120772944,0.01647522295112535,0.06814564883129329
post_neuropil,FB | ME_L,19,1900-2000,1950.0,107,2,2.0,2.0,0.018691588785046728,0.005140857096348456,0.06560514440489296
post_neuropil,FB | SCL_R,4,400-500,450.0,114,9,10.0,10.0,0.07894736842105263,0.04208813714490404,0.14325897287396874
post_neuropil,FB | SCL_R,7,700-800,750.0,107,10,14.0,14.0,0.09345794392523364,0.05155771001191554,0.1635384271784534
post_neuropil,FB | SCL_R,19,1900-2000,1950.0,133,0,0.0,0.0,0.0,0.0,0.028073334424619414
post_neuropil,IB_L | IPS_L,11,1100-1200,1150.0,110,2,3.0,3.0,0.01818181818181818,0.005000250085743785,0.06388142410014258
post_neuropil,IB_L | IPS_L,14,1400-1500,1450.0,116,4,10.0,10.0,0.034482758620689655,0.013489609312281076,0.08532082045501174
post_neuropil,LAL_L | WED_L,14,1400-1500,1450.0,149,0,0.0,0.0,0.0,0.0,0.025134518351024853
post_neuropil,LAL_R | MB_ML_R,6,600-700,650.0,183,7,13.0,13.0,0.03825136612021858,0.018650132009463204,0.07684037973952632
post_neuropil,LOP_L | PLP_R,16,1600-1700,1650.0,122,6,16.0,16.0,0.04918032786885246,0.022731860243578907,0.10315337961351129
post_neuropil,LOP_R | PVLP_R,13,1300-1400,1350.0,480,13,20.0,20.0,0.027083333333333334,0.015894597351338923,0.045781785993954244
post_neuropil,MB_CA_L | MB_VL_L,19,1900-2000,1950.0,85,1,1.0,1.0,0.011764705882352941,0.0020797335877093294,0.06367324699796226
post_neuropil,MB_CA_L | MB_VL_R,16,1600-1700,1650.0,33,0,0.0,0.0,0.0,0.0,0.10427343003561192
post_neuropil,MB_CA_L | MB_VL_R,19,1900-2000,1950.0,33,1,1.0,1.0,0.030303030303030304,0.005369272089651725,0.15319061673168066
post_neuropil,MB_CA_L | SIP_L,2,200-300,250.0,92,6,11.0,11.0,0.06521739130434782,0.03022979137398394,0.13505960279305834
post_neuropil,MB_CA_L | SIP_L,6,600-700,650.0,108,0,0.0,0.0,0.0,0.0,0.03434857870416732
post_neuropil,MB_CA_L | SIP_L,9,900-1000,950.0,195,1,1.0,1.0,0.005128205128205128,0.0009058051336621794,0.028472353159169905
post_neuropil,MB_ML_L | MB_VL_L,1,100-200,150.0,334,180,402.0,402.0,0.5389221556886228,0.4853220518648633,0.5916370911181206
post_neuropil,MB_ML_L | MB_VL_L,3,300-400,350.0,215,61,106.0,106.0,0.2837209302325581,0.2276690056863782,0.3473660881897404
post_neuropil,MB_ML_L | MB_VL_L,10,1000-1100,1050.0,172,5,6.0,6.0,0.029069767441860465,0.012479266745217172,0.06623703246953064
post_neuropil,MB_ML_R | MB_VL_R,19,1900-2000,1950.0,309,4,4.0,4.0,0.012944983818770227,0.005045174496708818,0.032806569005434126
post_neuropil,OCG | OCG,8,800-900,850.0,133,29,94.0,94.0,0.21804511278195488,0.15632434518405217,0.2955967080629136
post_neuropil,OCG | OCG,14,1400-1500,1450.0,140,7,13.0,13.0,0.05,0.024427961911698888,0.09960847817239363
post_neuropil,SAD | VES_L,15,1500-1600,1550.0,242,3,4.0,4.0,0.012396694214876033,0.004224710065100178,0.03580757088328285
post_neuropil,SIP_L | SIP_L,12,1200-1300,1250.0,85,2,2.0,2.0,0.023529411764705882,0.0064763754542195365,0.08178858150288165
post_neuropil,SIP_L | SIP_L,15,1500-1600,1550.0,85,2,2.0,2.0,0.023529411764705882,0.0064763754542195365,0.08178858150288165
post_neuropil,VES_L | VES_L,15,1500-1600,1550.0,147,1,1.0,1.0,0.006802721088435374,0.001201827420326599,0.03752488987781927
post_neuropil,VES_L | VES_R,9,900-1000,950.0,296,28,56.0,56.0,0.0945945945945946,0.06625826306496739,0.13331911379001204
post_neuropil,VES_R | VES_R,19,1900-2000,1950.0,167,3,5.0,5.0,0.017964071856287425,0.006127793507236419,0.051478784750049855
post_neuropil,WED_L | WED_L,17,1700-1800,1750.0,31,2,13.0,13.0,0.06451612903225806,0.017874407775063147,0.20718988318746434
post_neuropil,WED_L | WED_R,19,1900-2000,1950.0,168,6,8.0,8.0,0.03571428571428571,0.016468867472301946,0.07571835611034626
post_neuropil,AL_R | SAD,5,500-600,550.0,104,32,120.0,120.0,0.3076923076923077,0.22716329878931368,0.4019223230857328
post_neuropil,AL_R | SAD,13,1300-1400,1350.0,143,21,60.0,60.0,0.14685314685314685,0.09810008302918252,0.21408393022046882
post_neuropil,AOTU_L | EB,7,700-800,750.0,95,10,43.0,43.0,0.10526315789473684,0.058187897203921535,0.1830222815062572
post_neuropil,AOTU_L | EB,16,1600-1700,1650.0,68,2,4.0,4.0,0.029411764705882353,0.008103009605045342,0.10104823424253043
post_neuropil,AOTU_L | SLP_L,6,600-700,650.0,116,11,17.0,17.0,0.09482758620689655,0.05377680892670451,0.16185449105593921
post_neuropil,AOTU_R | EB,8,800-900,850.0,75,5,12.0,12.0,0.06666666666666667,0.028809638090317204,0.14675250169375617
post_neuropil,AVLP_L | MB_CA_R,2,200-300,250.0,16,2,3.0,3.0,0.125,0.034976749337057134,0.3602333143674828
post_neuropil,EB | MB_ML_L,5,500-600,550.0,22,2,4.0,4.0,0.09090909090909091,0.025294896282837792,0.2781538065838578
post_neuropil,EB | MB_ML_L,7,700-800,750.0,26,1,1.0,1.0,0.038461538461538464,0.0068218089769898765,0.18893176991958405
post_neuropil,EB | MB_ML_L,13,1300-1400,1350.0,145,1,1.0,1.0,0.006896551724137931,0.001218418511928561,0.03802867369885121
post_neuropil,FB | MB_CA_L,7,700-800,750.0,187,6,6.0,6.0,0.03208556149732621,0.014786232211873217,0.06822292302472088
post_neuropil,FB | MB_CA_L,8,800-900,850.0,198,4,4.0,4.0,0.020202020202020204,0.007883407186424475,0.05078437983072165
post_neuropil,FB | MB_ML_R,7,700-800,750.0,345,9,10.0,10.0,0.02608695652173913,0.013783789726968934,0.04882800886585943
post_neuropil,FB | ME_L,9,900-1000,950.0,110,0,0.0,0.0,0.0,0.0,0.03374513358912735
post_neuropil,FB | SCL_L,1,100-200,150.0,121,20,41.0,41.0,0.1652892561983471,0.10962203759241997,0.24155577493161046
post_neuropil,FB | SCL_L,15,1500-1600,1550.0,105,1,1.0,1.0,0.009523809523809525,0.0016831259050527937,0.051987529432612214
post_neuropil,FB | SCL_R,1,100-200,150.0,171,25,58.0,58.0,0.14619883040935672,0.10102852924009678,0.20691649070938892
post_neuropil,ICL_R | MB_CA_R,3,300-400,350.0,74,4,6.0,6.0,0.05405405405405406,0.021218668760240082,0.1309056452312503
post_neuropil,LAL_L | WED_L,8,800-900,850.0,168,6,15.0,15.0,0.03571428571428571,0.016468867472301946,0.07571835611034626
post_neuropil,LAL_L | WED_L,16,1600-1700,1650.0,144,4,5.0,5.0,0.027777777777777776,0.010853942365456264,0.0692425933863213
post_neuropil,LAL_R | SLP_L,1,100-200,150.0,115,26,58.0,58.0,0.22608695652173913,0.15921531717670895,0.31066728285560297
post_neuropil,LAL_R | SLP_L,2,200-300,250.0,79,11,38.0,38.0,0.13924050632911392,0.07956458969765406,0.23237530523436073
post_neuropil,LAL_R | SLP_L,14,1400-1500,1450.0,104,5,6.0,6.0,0.04807692307692308,0.020707736946876366,0.10764347445948261
post_neuropil,LAL_R | SLP_L,16,1600-1700,1650.0,112,0,0.0,0.0,0.0,0.0,0.03316252537948371
post_neuropil,LH_L | SPS_L,13,1300-1400,1350.0,183,1,2.0,2.0,0.00546448087431694,0.0009652423746200223,0.030299743581398343
post_neuropil,LOP_L | PLP_R,12,1200-1300,1250.0,120,14,31.0,31.0,0.11666666666666667,0.07078052921096241,0.18633501193191693
post_neuropil,MB_CA_L | SIP_L,5,500-600,550.0,99,3,5.0,5.0,0.030303030303030304,0.010358451889070856,0.08533823116525735
post_neuropil,MB_CA_R | MB_PED_L,8,800-900,850.0,137,8,10.0,10.0,0.058394160583941604,0.029882773445485754,0.11099605780891636
post_neuropil,MB_ML_R | MB_VL_R,4,400-500,450.0,420,106,146.0,146.0,0.2523809523809524,0.21320995806349105,0.29604066764196113
post_neuropil,PB | PB,7,700-800,750.0,99,17,37.0,37.0,0.1717171717171717,0.11006570016266971,0.2578943471333661
post_neuropil,WED_L | WED_R,11,1100-1200,1150.0,203,25,50.0,50.0,0.12315270935960591,0.0848243264868977,0.1754792101324284
post_neuropil,AL_R | SAD,18,1800-1900,1850.0,119,17,54.0,54.0,0.14285714285714285,0.09114464131567315,0.21690735409956077
post_neuropil,AOTU_L | AOTU_R,7,700-800,750.0,115,14,22.0,22.0,0.12173913043478261,0.07391909135929693,0.1940140229710386
post_neuropil,AOTU_L | AOTU_R,14,1400-1500,1450.0,104,1,1.0,1.0,0.009615384615384616,0.001699329104420888,0.05246900667694734
post_neuropil,AOTU_L | FB,5,500-600,550.0,112,7,8.0,8.0,0.0625,0.030601532803567907,0.12341567690348033
post_neuropil,AVLP_L | MB_CA_R,5,500-600,550.0,30,0,0.0,0.0,0.0,0.0,0.113517091390478
post_neuropil,AVLP_L | MB_CA_R,7,700-800,750.0,43,0,0.0,0.0,0.0,0.0,0.08201257002322722
post_neuropil,EB | MB_ML_L,14,1400-1500,1450.0,158,0,0.0,0.0,0.0,0.0,0.023736789552253557
post_neuropil,FB | MB_CA_L,5,500-600,550.0,109,3,3.0,3.0,0.027522935779816515,0.009403685491248322,0.07781237667022406
post_neuropil,FB | ME_L,17,1700-1800,1750.0,97,1,1.0,1.0,0.010309278350515464,0.0018221178995736602,0.05610635606355266
post_neuropil,FB | SCL_L,8,800-900,850.0,96,4,10.0,10.0,0.041666666666666664,0.0163204434524125,0.10228342507533544
post_neuropil,IB_L | IPS_L,5,500-600,550.0,91,7,18.0,18.0,0.07692307692307693,0.03775902099480837,0.15036096011052938
post_neuropil,IB_L | IPS_L,12,1200-1300,1250.0,126,2,4.0,4.0,0.015873015873015872,0.00436371038878235,0.05602987687446764
post_neuropil,ICL_R | MB_CA_R,4,400-500,450.0,98,13,20.0,20.0,0.1326530612244898,0.07918911601863514,0.21383063229639532
post_neuropil,LAL_R | SLP_L,6,600-700,650.0,87,10,17.0,17.0,0.11494252873563218,0.06364479272244053,0.19880765197250103
post_neuropil,LAL_R | SLP_L,10,1000-1100,1050.0,106,2,2.0,2.0,0.018867924528301886,0.0051895000190881335,0.0662005744153702
post_neuropil,LAL_R | SLP_L,17,1700-1800,1750.0,95,0,0.0,0.0,0.0,0.0,0.038866226366226365
post_neuropil,LOP_L | PLP_R,19,1900-2000,1950.0,145,5,11.0,11.0,0.034482758620689655,0.014817001068388777,0.07817850556416554
post_neuropil,MB_ML_L | MB_VL_L,19,1900-2000,1950.0,137,0,0.0,0.0,0.0,0.0,0.027276032081430486
post_neuropil,MB_ML_L | MB_VL_R,13,1300-1400,1350.0,60,1,1.0,1.0,0.016666666666666666,0.002948083860873682,0.08855338226779477
post_neuropil,OCG | OCG,19,1900-2000,1950.0,149,3,6.0,6.0,0.020134228187919462,0.006870586746020212,0.0575202597250976
post_neuropil,PB | PB,17,1700-1800,1750.0,31,0,0.0,0.0,0.0,0.0,0.11025900073475385
post_neuropil,SIP_L | SIP_L,10,1000-1100,1050.0,95,4,4.0,4.0,0.042105263157894736,0.016493505976432808,0.10331030132737451
post_neuropil,VES_L | VES_L,17,1700-1800,1750.0,131,2,3.0,3.0,0.015267175572519083,0.004196756321735894,0.05395740381875487
post_neuropil,AOTU_L | AOTU_R,16,1600-1700,1650.0,103,3,6.0,6.0,0.02912621359223301,0.009954187460887345,0.08215974568874725
post_neuropil,AOTU_R | FB,2,200-300,250.0,96,13,16.0,16.0,0.13541666666666666,0.08087629796762788,0.21801314290671706
post_neuropil,AOTU_R | FB,8,800-900,850.0,169,2,2.0,2.0,0.011834319526627219,0.0032513513834124576,0.04211735614995914
post_neuropil,AVLP_R | MB_CA_L,10,1000-1100,1050.0,142,0,0.0,0.0,0.0,0.0,0.02634090684688045
post_neuropil,EB | MB_ML_L,6,600-700,650.0,19,1,1.0,1.0,0.05263157894736842,0.009351752490529969,0.2463921533654521
post_neuropil,FB | ME_L,14,1400-1500,1450.0,100,1,2.0,2.0,0.01,0.0017673865655472645,0.0544875247609346
post_neuropil,LAL_L | MB_CA_L,3,300-400,350.0,62,1,1.0,1.0,0.016129032258064516,0.0028527936922403963,0.08586923007388922
post_neuropil,LAL_R | MB_CA_R,4,400-500,450.0,47,1,1.0,1.0,0.02127659574468085,0.003765671010464995,0.11113236524331144
post_neuropil,LAL_R | SLP_L,11,1100-1200,1150.0,120,1,1.0,1.0,0.008333333333333333,0.001472517830674952,0.045697415374322405
post_neuropil,LOP_L | LOP_R,19,1900-2000,1950.0,237,15,82.0,82.0,0.06329113924050633,0.03872653828419653,0.10178739286391078
post_neuropil,MB_CA_L | MB_VL_L,18,1800-1900,1850.0,101,0,0.0,0.0,0.0,0.0,0.03664194365595336
post_neuropil,MB_CA_L | MB_VL_R,12,1200-1300,1250.0,22,0,0.0,0.0,0.0,1.3877787807814457e-17,0.14865952572596125
post_neuropil,MB_CA_L | MB_VL_R,17,1700-1800,1750.0,33,0,0.0,0.0,0.0,0.0,0.10427343003561192
post_neuropil,MB_CA_L | SIP_L,7,700-800,750.0,132,0,0.0,0.0,0.0,0.0,0.028279996702041194
post_neuropil,MB_CA_R | MB_PED_R,15,1500-1600,1550.0,188,1,1.0,1.0,0.005319148936170213,0.0009395541295989206,0.02951056722051492
post_neuropil,PB | PB,9,900-1000,950.0,71,16,29.0,29.0,0.22535211267605634,0.1437454836103039,0.33515395199770026
post_neuropil,WED_L | WED_L,9,900-1000,950.0,78,4,12.0,12.0,0.05128205128205128,0.020120686846503345,0.1245685665405272
post_neuropil,WED_L | WED_L,10,1000-1100,1050.0,55,2,4.0,4.0,0.03636363636363636,0.010029330855724924,0.1232369297490173
post_neuropil,AL_L | LAL_L,5,500-600,550.0,105,13,40.0,40.0,0.12380952380952381,0.07380094170864485,0.2003736385988846
post_neuropil,AOTU_L | EB,6,600-700,650.0,67,8,17.0,17.0,0.11940298507462686,0.06176158770587532,0.21832243072397378
post_neuropil,AVLP_L | MB_CA_R,0,0-100,50.0,32,9,26.0,26.0,0.28125,0.15564406845647866,0.4537483693811179
post_neuropil,EB | MB_ML_R,3,300-400,350.0,14,1,1.0,1.0,0.07142857142857142,0.012721886112291636,0.3146926955395781
post_neuropil,EB | MB_ML_R,7,700-800,750.0,41,0,0.0,0.0,0.0,0.0,0.08567044886890744
post_neuropil,EB | PB,17,1700-1800,1750.0,169,3,3.0,3.0,0.01775147928994083,0.006055057530220304,0.050884938396686175
post_neuropil,FB | SCL_L,18,1800-1900,1850.0,107,0,0.0,0.0,0.0,0.0,0.03465846757895952
post_neuropil,ICL_L | MB_CA_L,3,300-400,350.0,34,1,1.0,1.0,0.029411764705882353,0.005210771925596644,0.14915902216344817
post_neuropil,LAL_R | MB_CA_R,6,600-700,650.0,83,2,2.0,2.0,0.024096385542168676,0.006633027079790216,0.08366471041007639
post_neuropil,MB_ML_L | MB_VL_R,7,700-800,750.0,88,9,10.0,10.0,0.10227272727272728,0.05474388075144594,0.18307427572666424
post_neuropil,OCG | OCG,13,1300-1400,1350.0,144,12,31.0,31.0,0.08333333333333333,0.04831098281289669,0.14000948990925996
post_neuropil,PB | PB,16,1600-1700,1650.0,30,1,1.0,1.0,0.03333333333333333,0.0059084379948573795,0.16670751396958874
post_neuropil,SAD | VES_L,6,600-700,650.0,188,7,8.0,8.0,0.03723404255319149,0.01815093746565364,0.07485078895864641
post_neuropil,VES_L | VES_L,10,1000-1100,1050.0,211,11,13.0,13.0,0.052132701421800945,0.02935590695091756,0.09092619856309833
post_neuropil,WED_L | WED_L,8,800-900,850.0,54,2,4.0,4.0,0.037037037037037035,0.010216153585413057,0.12535409343403314
post_neuropil,AOTU_L | SLP_L,10,1000-1100,1050.0,118,4,6.0,6.0,0.03389830508474576,0.013259619117564334,0.08392886166404062
post_neuropil,EB | MB_ML_L,1,100-200,150.0,19,2,5.0,5.0,0.10526315789473684,0.029357941395096593,0.313945504948417
post_neuropil,EB | MB_ML_R,2,200-300,250.0,13,0,0.0,0.0,0.0,0.0,0.22810184305529166
post_neuropil,EB | MB_ML_R,6,600-700,650.0,29,1,9.0,9.0,0.034482758620689655,0.006113056614032261,0.1717589106470025
post_neuropil,FB | SCL_L,13,1300-1400,1350.0,100,3,5.0,5.0,0.03,0.010254338223414816,0.08452078080402699
post_neuropil,IB_L | IPS_L,3,300-400,350.0,103,3,13.0,13.0,0.02912621359223301,0.009954187460887345,0.08215974568874725
post_neuropil,MB_CA_L | MB_VL_R,15,1500-1600,1550.0,38,0,0.0,0.0,0.0,0.0,0.09181293258383999
post_neuropil,MB_ML_L | MB_VL_L,5,500-600,550.0,162,23,29.0,29.0,0.1419753086419753,0.09650426940997232,0.20403311083720327
post_neuropil,FB | ICL_L,2,200-300,250.0,158,24,46.0,46.0,0.1518987341772152,0.10424930622012754,0.21607377511371992
post_neuropil,LAL_L | MB_CA_L,1,100-200,150.0,56,11,13.0,13.0,0.19642857142857142,0.11338480016444108,0.3184485732747718
post_neuropil,LAL_L | MB_CA_L,4,400-500,450.0,82,4,7.0,7.0,0.04878048780487805,0.019130755973884306,0.11881634659643125
post_neuropil,MB_CA_L | SIP_L,3,300-400,350.0,84,2,3.0,3.0,0.023809523809523808,0.006553765293517748,0.0827160112132854
post_neuropil,MB_ML_L | MB_VL_R,19,1900-2000,1950.0,60,0,0.0,0.0,0.0,0.0,0.06017393047793289
post_neuropil,PB | PB,19,1900-2000,1950.0,24,2,3.0,3.0,0.08333333333333333,0.02315832784297353,0.2584921520145059
post_neuropil,SIP_L | SIP_L,14,1400-1500,1450.0,86,0,0.0,0.0,0.0,0.0,0.042759701519118086
post_neuropil,WED_L | WED_L,13,1300-1400,1350.0,36,2,5.0,5.0,0.05555555555555555,0.015369663767066846,0.18144974107611211
post_neuropil,WED_L | WED_L,16,1600-1700,1650.0,26,0,0.0,0.0,0.0,0.0,0.12873304380462175
post_neuropil,WED_L | WED_L,18,1800-1900,1850.0,41,0,0.0,0.0,0.0,0.0,0.08567044886890744
post_neuropil,AOTU_L | EB,12,1200-1300,1250.0,93,4,15.0,15.0,0.043010752688172046,0.016850881320861148,0.10542714795581334
post_neuropil,AVLP_R | MB_CA_L,3,300-400,350.0,37,3,5.0,5.0,0.08108108108108109,0.027960066396321398,0.21300992498501528
post_neuropil,FB | MB_CA_L,2,200-300,250.0,51,4,5.0,5.0,0.0784313725490196,0.030921696126931505,0.1850019822486082
post_neuropil,ICL_L | MB_CA_L,1,100-200,150.0,33,5,6.0,6.0,0.15151515151515152,0.06650359257960958,0.3092021313846048
post_neuropil,AL_R | SAD,9,900-1000,950.0,122,29,79.0,79.0,0.23770491803278687,0.17090769515915238,0.3205164443940637
post_neuropil,AOTU_L | EB,13,1300-1400,1350.0,81,4,12.0,12.0,0.04938271604938271,0.01936899210168111,0.12020404753924974
post_neuropil,AVLP_L | MB_CA_R,1,100-200,150.0,12,1,1.0,1.0,0.08333333333333333,0.014864709450773478,0.35388592179859524
post_neuropil,AVLP_L | MB_CA_R,3,300-400,350.0,17,3,3.0,3.0,0.17647058823529413,0.0619101371254899,0.41029929017375777
post_neuropil,FB | SCL_L,3,300-400,350.0,86,5,10.0,10.0,0.05813953488372093,0.02508656569078512,0.12898014727959828
post_neuropil,ICL_L | MB_CA_L,0,0-100,50.0,44,19,32.0,32.0,0.4318181818181818,0.29682504164854573,0.5777610925944561
post_neuropil,MB_CA_L | MB_VL_R,13,1300-1400,1350.0,25,0,0.0,0.0,0.0,0.0,0.13319649395317873
post_neuropil,PB | PB,15,1500-1600,1550.0,34,2,9.0,9.0,0.058823529411764705,0.016282313063842452,0.1909393688946371
post_neuropil,AOTU_L | AOTU_R,11,1100-1200,1150.0,94,7,19.0,19.0,0.07446808510638298,0.03653811601751902,0.14581376702609433
post_neuropil,AOTU_L | EB,18,1800-1900,1850.0,77,1,2.0,2.0,0.012987012987012988,0.0022961581721549496,0.06996366845176145
post_neuropil,FB | MB_CA_R,1,100-200,150.0,73,18,45.0,45.0,0.2465753424657534,0.16204336317654705,0.35644662141513245
post_neuropil,FB | SCL_L,19,1900-2000,1950.0,109,1,1.0,1.0,0.009174311926605505,0.0016212895577145392,0.050146852687698494
post_neuropil,PB | PB,11,1100-1200,1150.0,45,3,4.0,4.0,0.06666666666666667,0.022931616462147086,0.17856874388640825
post_neuropil,PB | PB,13,1300-1400,1350.0,35,3,5.0,5.0,0.08571428571428572,0.02958183100529692,0.22379599071162515
post_neuropil,AOTU_R | EB,13,1300-1400,1350.0,101,5,15.0,15.0,0.04950495049504951,0.021328195361982306,0.11069573407060934
post_neuropil,AVLP_R | MB_CA_L,6,600-700,650.0,44,2,3.0,3.0,0.045454545454545456,0.012554846366981079,0.15135271525303162
post_neuropil,FB | SCL_L,16,1600-1700,1650.0,109,1,1.0,1.0,0.009174311926605505,0.0016212895577145392,0.050146852687698494
post_neuropil,MB_CA_L | MB_VL_R,11,1100-1200,1150.0,38,1,1.0,1.0,0.02631578947368421,0.004660467553530043,0.13495178436800254
post_neuropil,PB | PB,14,1400-1500,1450.0,30,1,1.0,1.0,0.03333333333333333,0.0059084379948573795,0.16670751396958874
post_neuropil,SIP_L | SIP_L,17,1700-1800,1750.0,76,1,1.0,1.0,0.013157894736842105,0.002326420140567463,0.0708384462949749
post_neuropil,ICL_L | MB_CA_L,2,200-300,250.0,30,1,1.0,1.0,0.03333333333333333,0.0059084379948573795,0.16670751396958874
post_neuropil,MB_CA_L | MB_VL_R,10,1000-1100,1050.0,21,0,0.0,0.0,0.0,0.0,0.15464382326420195
post_neuropil,AVLP_R | MB_CA_L,5,500-600,550.0,40,3,3.0,3.0,0.075,0.02583555677185824,0.1986453015909752
post_neuropil,FB | MB_CA_L,1,100-200,150.0,50,13,25.0,25.0,0.26,0.15871379651367384,0.3955342198899992
post_neuropil,MB_CA_L | MB_VL_L,15,1500-1600,1550.0,99,0,0.0,0.0,0.0,0.0,0.03735453357396229
post_neuropil,AVLP_L | MB_CA_L,1,100-200,150.0,38,4,9.0,9.0,0.10526315789473684,0.041701897932665793,0.24130831200194466
post_neuropil,WED_L | WED_L,19,1900-2000,1950.0,22,0,0.0,0.0,0.0,1.3877787807814457e-17,0.14865952572596125
post_neuropil,EB | MB_ML_L,3,300-400,350.0,8,0,0.0,0.0,0.0,0.0,0.3244156195108769
post_neuropil,PB | PB,18,1800-1900,1850.0,24,1,1.0,1.0,0.041666666666666664,0.007393265354805112,0.20242226248842232
post_neuropil,AVLP_R | MB_CA_L,2,200-300,250.0,35,6,12.0,12.0,0.17142857142857143,0.08102529944856719,0.3268260763958882
post_neuropil,EB | MB_ML_L,2,200-300,250.0,20,1,1.0,1.0,0.05,0.008881219432873136,0.23613589351256675
post_neuropil,AVLP_R | MB_CA_L,1,100-200,150.0,22,2,7.0,7.0,0.09090909090909091,0.025294896282837792,0.2781538065838578
post_neuropil,EB | MB_ML_R,1,100-200,150.0,18,4,9.0,9.0,0.2222222222222222,0.09000781913382,0.4521502645230549
post_neuropil,AVLP_L | MB_CA_R,4,400-500,450.0,19,2,2.0,2.0,0.10526315789473684,0.029357941395096593,0.313945504948417
post_neuropil,EB | MB_ML_L,4,400-500,450.0,18,0,0.0,0.0,0.0,0.0,0.1758845505823749
