partition,pair_key,distance_bin,distance_bin_nm,distance_mid_nm,near_pair_count,connected_near_pair_count,syn_count_sum,connected_syn_count_sum,fraction_connected,fraction_ci_low,fraction_ci_high
pre_neuropil,AL_L | AL_L,0,0-100,50.0,49582,32466,283172.0,283172.0,0.6547940784962285,0.6505973265563773,0.6589668454874428
pre_neuropil,AL_L | AL_L,1,100-200,150.0,11220,4764,9997.0,9997.0,0.42459893048128344,0.4154801991045663,0.43376927711755003
pre_neuropil,AL_L | AL_L,2,200-300,250.0,7803,2389,4288.0,4288.0,0.30616429578367294,0.2960351598443049,0.31648419753576545
pre_neuropil,AL_L | AL_L,3,300-400,350.0,7365,1721,3057.0,3057.0,0.23367277664630007,0.2241486098634345,0.24347463230260685
pre_neuropil,AL_L | AL_L,4,400-500,450.0,7206,1296,2237.0,2237.0,0.17985012489592006,0.1711537325944077,0.1888876863460583
pre_neuropil,AL_L | AL_L,5,500-600,550.0,6852,968,1619.0,1619.0,0.14127262113251604,0.13322633832191721,0.14972092230324074
pre_neuropil,AL_L | AL_L,6,600-700,650.0,6802,717,1048.0,1048.0,0.10541017347838871,0.0983337791985953,0.11293202516570257
pre_neuropil,AL_L | AL_L,7,700-800,750.0,6199,528,786.0,786.0,0.08517502823035973,0.07848037506112587,0.09238350771156978
pre_neuropil,AL_L | AL_L,8,800-900,850.0,5878,401,556.0,556.0,0.06822048315753658,0.06205294776412638,0.07495203380491146
pre_neuropil,AL_L | AL_L,9,900-1000,950.0,5556,324,463.0,463.0,0.058315334773218146,0.05245312970398275,0.0647879082421343
pre_neuropil,AL_L | AL_L,10,1000-1100,1050.0,5217,241,364.0,364.0,0.04619513130151428,0.04082531674176744,0.05223278331627683
pre_neuropil,AL_L | AL_L,11,1100-1200,1150.0,5008,195,266.0,266.0,0.03893769968051118,0.033923733081354504,0.04465847909390658
pre_neuropil,AL_L | AL_L,12,1200-1300,1250.0,4594,159,233.0,233.0,0.03461036134087941,0.029701273093352472,0.04029713659522836
pre_neuropil,AL_L | AL_L,13,1300-1400,1350.0,4482,124,182.0,182.0,0.027666220437304774,0.02325397584212016,0.032887462589410714
pre_neuropil,AL_L | AL_L,14,1400-1500,1450.0,4312,100,146.0,146.0,0.023191094619666047,0.019105059119565376,0.028125960665776138
pre_neuropil,AL_L | AL_L,15,1500-1600,1550.0,4003,81,112.0,112.0,0.020234823882088433,0.01631081440345825,0.02507879281235981
pre_neuropil,AL_L | AL_L,16,1600-1700,1650.0,3908,91,128.0,128.0,0.02328556806550665,0.01900460303823106,0.028502842048502515
pre_neuropil,AL_L | AL_L,17,1700-1800,1750.0,3783,74,97.0,97.0,0.019561194818926778,0.015610853404689911,0.024486308303895945
pre_neuropil,AL_L | AL_L,18,1800-1900,1850.0,3697,59,83.0,83.0,0.015958885582905057,0.01239268188075247,0.020529991707871263
pre_neuropil,AL_L | AL_L,19,1900-2000,1950.0,3687,63,90.0,90.0,0.01708706265256306,0.01337855347722244,0.02180084842395912
pre_neuropil,AL_L | AL_R,0,0-100,50.0,49215,30495,148186.0,148186.0,0.6196281621456873,0.6153297745155545,0.623907875482287
pre_neuropil,AL_L | AL_R,1,100-200,150.0,13693,5959,12495.0,12495.0,0.43518586138903087,0.4269010012963944,0.44350707876784445
pre_neuropil,AL_L | AL_R,2,200-300,250.0,9969,3124,5515.0,5515.0,0.3133714514996489,0.3043389532189124,0.3225477307127767
pre_neuropil,AL_L | AL_R,3,300-400,350.0,9715,2331,3801.0,3801.0,0.23993823983530624,0.2315501138710576,0.2485319568152267
pre_neuropil,AL_L | AL_R,4,400-500,450.0,9888,1771,2729.0,2729.0,0.17910598705501618,0.1716731619820188,0.18678805721097755
pre_neuropil,AL_L | AL_R,5,500-600,550.0,9244,1264,1864.0,1864.0,0.1367373431414972,0.12988415386519567,0.14389233469403742
pre_neuropil,AL_L | AL_R,6,600-700,650.0,9399,951,1383.0,1383.0,0.1011809766996489,0.09524620132368199,0.10744163295824403
pre_neuropil,AL_L | AL_R,7,700-800,750.0,8755,680,947.0,947.0,0.07766990291262135,0.072246731341866,0.0834635397515169
pre_neuropil,AL_L | AL_R,8,800-900,850.0,8539,553,802.0,802.0,0.06476168169574892,0.05973488030753226,0.07017992462107607
pre_neuropil,AL_L | AL_R,9,900-1000,950.0,8011,439,651.0,651.0,0.05479965048058919,0.050025833448901644,0.06000024616819272
pre_neuropil,AL_L | AL_R,10,1000-1100,1050.0,7571,341,456.0,456.0,0.04504028529916788,0.04059483397398972,0.049947204555238406
pre_neuropil,AL_L | AL_R,11,1100-1200,1150.0,7316,251,339.0,339.0,0.034308365226899944,0.030375724389014265,0.03872981472538404
pre_neuropil,AL_L | AL_R,12,1200-1300,1250.0,7083,224,294.0,294.0,0.03162501764788931,0.027796578951461932,0.035961245126333176
pre_neuropil,AL_L | AL_R,13,1300-1400,1350.0,6700,175,229.0,229.0,0.026119402985074626,0.022563376256797753,0.03021853911542703
pre_neuropil,AL_L | AL_R,14,1400-1500,1450.0,6516,169,254.0,254.0,0.025936157151626765,0.022347191246882538,0.03008377578765401
pre_neuropil,AL_L | AL_R,15,1500-1600,1550.0,6257,116,166.0,166.0,0.01853923605561771,0.015480271196303685,0.022189041504404157
pre_neuropil,AL_L | AL_R,16,1600-1700,1650.0,6059,109,138.0,138.0,0.017989767288331408,0.014935558963693108,0.021654808167125547
pre_neuropil,AL_L | AL_R,17,1700-1800,1750.0,5785,93,127.0,127.0,0.016076058772687987,0.013141430061330504,0.019652972190062935
pre_neuropil,AL_L | AL_R,18,1800-1900,1850.0,5749,89,114.0,114.0,0.015480953209253783,0.012597879953313209,0.019011125238138613
pre_neuropil,AL_L | AL_R,19,1900-2000,1950.0,5642,78,116.0,116.0,0.013824884792626729,0.011091993930401578,0.017219391922152272
pre_neuropil,AL_L | LH_L,0,0-100,50.0,24013,15918,241876.0,241876.0,0.6628909340773748,0.6568861549634852,0.6688436029410678
pre_neuropil,AL_L | LH_L,1,100-200,150.0,4499,1400,3713.0,3713.0,0.31118026228050677,0.2978174410719445,0.3248652666653207
pre_neuropil,AL_L | LH_L,2,200-300,250.0,2902,686,1446.0,1446.0,0.23638869745003446,0.22128536161305537,0.25218903561492845
pre_neuropil,AL_L | LH_L,3,300-400,350.0,2568,451,965.0,965.0,0.17562305295950156,0.16139383418139425,0.19082132557027948
pre_neuropil,AL_L | LH_L,4,400-500,450.0,2618,367,791.0,791.0,0.14018334606569902,0.12741074893663118,0.15401037124088068
pre_neuropil,AL_L | LH_L,5,500-600,550.0,2364,275,490.0,490.0,0.11632825719120135,0.10402152549378192,0.12987993142799864
pre_neuropil,AL_L | LH_L,6,600-700,650.0,2419,211,416.0,416.0,0.08722612649855312,0.07662590847584332,0.09913531338859881
pre_neuropil,AL_L | LH_L,7,700-800,750.0,2379,185,382.0,382.0,0.07776376628835645,0.06767024948161439,0.08921873550169292
pre_neuropil,AL_L | LH_L,8,800-900,850.0,2278,132,250.0,250.0,0.05794556628621598,0.049074413915394986,0.06830516230058777
pre_neuropil,AL_L | LH_L,9,900-1000,950.0,2296,111,236.0,236.0,0.048344947735191636,0.04030055500457043,0.05789820790153581
pre_neuropil,AL_L | LH_L,10,1000-1100,1050.0,2125,92,183.0,183.0,0.04329411764705882,0.03543361371972624,0.052802918298438015
pre_neuropil,AL_L | LH_L,11,1100-1200,1150.0,2132,83,182.0,182.0,0.038930581613508444,0.03151465725378904,0.04800509739468301
pre_neuropil,AL_L | LH_L,12,1200-1300,1250.0,2079,90,159.0,159.0,0.04329004329004329,0.035351887970276025,0.05291291334730855
pre_neuropil,AL_L | LH_L,13,1300-1400,1350.0,1962,65,111.0,111.0,0.033129459734964326,0.02607761590610852,0.042005997748216437
pre_neuropil,AL_L | LH_L,14,1400-1500,1450.0,1943,55,99.0,99.0,0.028306742151312403,0.02181178241544359,0.03666323681570494
pre_neuropil,AL_L | LH_L,15,1500-1600,1550.0,1845,42,108.0,108.0,0.022764227642276424,0.016885112085666044,0.03062658388655786
pre_neuropil,AL_L | LH_L,16,1600-1700,1650.0,1911,42,81.0,81.0,0.02197802197802198,0.016300515713745637,0.029573565985753687
pre_neuropil,AL_L | LH_L,17,1700-1800,1750.0,1769,42,59.0,59.0,0.023742227247032222,0.017612464782145475,0.03193601151714714
pre_neuropil,AL_L | LH_L,18,1800-1900,1850.0,1790,22,38.0,38.0,0.012290502793296089,0.00813033322217233,0.018539580107967857
pre_neuropil,AL_L | LH_L,19,1900-2000,1950.0,1811,30,67.0,67.0,0.016565433462175594,0.011627921828604351,0.02354958346992969
pre_neuropil,AL_L | LO_L,0,0-100,50.0,182,35,106.0,106.0,0.19230769230769232,0.14164842984347015,0.2556877962759779
pre_neuropil,AL_L | LO_L,4,400-500,450.0,132,5,5.0,5.0,0.03787878787878788,0.01628593894182534,0.08560920952521273
pre_neuropil,AL_L | LO_L,11,1100-1200,1150.0,141,1,1.0,1.0,0.0070921985815602835,0.0012530139445820175,0.03907794069828302
pre_neuropil,AL_L | LO_L,12,1200-1300,1250.0,162,2,2.0,2.0,0.012345679012345678,0.003392114427184602,0.043891558668106324
pre_neuropil,AL_L | LO_L,14,1400-1500,1450.0,126,1,1.0,1.0,0.007936507936507936,0.0014023289659406447,0.04358787448195278
pre_neuropil,AL_L | LO_L,17,1700-1800,1750.0,166,1,1.0,1.0,0.006024096385542169,0.0010641662329914856,0.03333023419658525
pre_neuropil,AL_L | MB_CA_L,0,0-100,50.0,2023,1701,22226.0,22226.0,0.8408304498269896,0.8242444891379767,0.8561244158618023
pre_neuropil,AL_L | MB_CA_L,6,600-700,650.0,102,17,24.0,24.0,0.16666666666666666,0.1067412826635907,0.2507892157415732
pre_neuropil,AL_L | MB_CA_L,9,900-1000,950.0,106,6,11.0,11.0,0.05660377358490566,0.026197262538493492,0.11802496292071321
pre_neuropil,AL_L | MB_CA_L,12,1200-1300,1250.0,156,9,14.0,14.0,0.057692307692307696,0.030645393965407268,0.1059998848606305
pre_neuropil,AL_L | MB_CA_L,14,1400-1500,1450.0,106,3,12.0,12.0,0.02830188679245283,0.009671108644619023,0.07992700354602641
pre_neuropil,AL_L | MB_CA_L,16,1600-1700,1650.0,112,2,2.0,2.0,0.017857142857142856,0.004910708625338288,0.062781726562021
pre_neuropil,AL_L | MB_CA_R,0,0-100,50.0,773,646,5616.0,5616.0,0.8357050452781372,0.8079348603920081,0.8601550050322947
pre_neuropil,AL_L | MB_CA_R,2,200-300,250.0,83,28,115.0,115.0,0.3373493975903614,0.2448415401300969,0.44424756002466764
pre_neuropil,AL_L | MB_CA_R,3,300-400,350.0,59,11,64.0,64.0,0.1864406779661017,0.10742612239043585,0.30379192425382523
pre_neuropil,AL_L | MB_CA_R,6,600-700,650.0,93,14,22.0,22.0,0.15053763440860216,0.09184093232479833,0.2369599135926586
pre_neuropil,AL_L | MB_CA_R,11,1100-1200,1150.0,102,2,3.0,3.0,0.0196078431372549,0.005393639125345434,0.06869443210562613
pre_neuropil,AL_L | MB_CA_R,12,1200-1300,1250.0,90,0,0.0,0.0,0.0,0.0,0.04093706842168078
pre_neuropil,AL_L | MB_CA_R,14,1400-1500,1450.0,96,1,2.0,2.0,0.010416666666666666,0.001841122818436635,0.056667554927112326
pre_neuropil,AL_L | MB_ML_L,0,0-100,50.0,365,74,414.0,414.0,0.20273972602739726,0.16468875241467285,0.24698281608519262
pre_neuropil,AL_L | MB_ML_L,5,500-600,550.0,199,7,8.0,8.0,0.035175879396984924,0.0171415481339399,0.07081674050113299
pre_neuropil,AL_L | MB_ML_L,6,600-700,650.0,198,4,8.0,8.0,0.020202020202020204,0.007883407186424475,0.05078437983072165
pre_neuropil,AL_L | MB_ML_L,8,800-900,850.0,221,6,6.0,6.0,0.027149321266968326,0.01250072674301225,0.05795598589379518
pre_neuropil,AL_L | MB_ML_L,9,900-1000,950.0,237,6,14.0,14.0,0.02531645569620253,0.011653100740721803,0.05412291137678614
pre_neuropil,AL_L | MB_ML_L,11,1100-1200,1150.0,240,2,3.0,3.0,0.008333333333333333,0.002288235363161974,0.029870346273441456
pre_neuropil,AL_L | MB_ML_L,12,1200-1300,1250.0,273,5,6.0,6.0,0.018315018315018316,0.007847704577012046,0.042150561579519345
pre_neuropil,AL_L | MB_ML_L,15,1500-1600,1550.0,209,1,1.0,1.0,0.004784688995215311,0.0008450932561194485,0.026600669226402765
pre_neuropil,AL_L | MB_ML_L,16,1600-1700,1650.0,231,3,3.0,3.0,0.012987012987012988,0.004426327366291737,0.03748106893828122
pre_neuropil,AL_L | MB_ML_L,17,1700-1800,1750.0,193,1,1.0,1.0,0.0051813471502590676,0.0009151977360702616,0.028761455979404514
pre_neuropil,AL_L | MB_ML_L,18,1800-1900,1850.0,203,1,1.0,1.0,0.0049261083743842365,0.0008700866124296495,0.027371814436488943
pre_neuropil,AL_L | MB_ML_L,19,1900-2000,1950.0,200,3,3.0,3.0,0.015,0.005114145184492384,0.04316648055627889
pre_neuropil,AL_R | AL_R,0,0-100,50.0,38090,25491,260869.0,260869.0,0.6692307692307692,0.6644889183663124,0.6739384877055393
pre_neuropil,AL_R | AL_R,1,100-200,150.0,8825,3785,7897.0,7897.0,0.4288951841359773,0.418602321491947,0.43924992494545656
pre_neuropil,AL_R | AL_R,2,200-300,250.0,6043,1947,3755.0,3755.0,0.32219096475260633,0.310524557011609,0.3340832990962805
pre_neuropil,AL_R | AL_R,3,300-400,350.0,5556,1362,2560.0,2560.0,0.2451403887688985,0.2340076455059642,0.2566253250448515
pre_neuropil,AL_R | AL_R,4,400-500,450.0,5482,1081,1924.0,1924.0,0.1971908062750821,0.18687179825156772,0.20793391396586122
pre_neuropil,AL_R | AL_R,5,500-600,550.0,5159,811,1250.0,1250.0,0.1572010079472766,0.14752389955896406,0.167388260442226
pre_neuropil,AL_R | AL_R,6,600-700,650.0,4945,571,992.0,992.0,0.11547017189079879,0.1068594551354586,0.12467788079382229
pre_neuropil,AL_R | AL_R,7,700-800,750.0,4746,453,767.0,767.0,0.09544879898862199,0.08741320799644409,0.10413877975826333
pre_neuropil,AL_R | AL_R,8,800-900,850.0,4561,352,505.0,505.0,0.07717605788204342,0.06978188208791701,0.08528189931470605
pre_neuropil,AL_R | AL_R,9,900-1000,950.0,4195,240,390.0,390.0,0.057210965435041714,0.050579541021028816,0.06465262205937887
pre_neuropil,AL_R | AL_R,10,1000-1100,1050.0,3908,193,301.0,301.0,0.04938587512794268,0.04302400589787842,0.05663279002146556
pre_neuropil,AL_R | AL_R,11,1100-1200,1150.0,3825,178,253.0,253.0,0.0465359477124183,0.04030323217715284,0.05367861340246059
pre_neuropil,AL_R | AL_R,12,1200-1300,1250.0,3625,152,259.0,259.0,0.041931034482758624,0.035876594415893484,0.048955325500368504
pre_neuropil,AL_R | AL_R,13,1300-1400,1350.0,3282,112,185.0,185.0,0.03412553321145643,0.028438625214437532,0.040901783647633
pre_neuropil,AL_R | AL_R,14,1400-1500,1450.0,3179,99,208.0,208.0,0.031141868512110725,0.025646656819333705,0.03776887727447731
pre_neuropil,AL_R | AL_R,15,1500-1600,1550.0,2992,80,109.0,109.0,0.026737967914438502,0.02153640112514617,0.03315327272142836
pre_neuropil,AL_R | AL_R,16,1600-1700,1650.0,2884,72,111.0,111.0,0.024965325936199722,0.019871800337826005,0.031322697310521466
pre_neuropil,AL_R | AL_R,17,1700-1800,1750.0,2852,59,104.0,104.0,0.020687237026647966,0.016071963476380915,0.026592027411629117
pre_neuropil,AL_R | AL_R,18,1800-1900,1850.0,2707,50,114.0,114.0,0.01847063169560399,0.014038591678935616,0.024267445826169808
pre_neuropil,AL_R | AL_R,19,1900-2000,1950.0,2645,40,44.0,44.0,0.015122873345935728,0.01112550876277674,0.02052666704116714
pre_neuropil,AL_R | LH_R,0,0-100,50.0,20313,13674,188418.0,188418.0,0.6731649682469355,0.6666822416379945,0.6795822092301957
pre_neuropil,AL_R | LH_R,1,100-200,150.0,3746,1200,2934.0,2934.0,0.3203416978109984,0.305589740934152,0.3354617637480725
pre_neuropil,AL_R | LH_R,2,200-300,250.0,2299,551,1307.0,1307.0,0.2396694214876033,0.22266291059650217,0.2575444992401102
pre_neuropil,AL_R | LH_R,3,300-400,350.0,2167,449,914.0,914.0,0.2071988924780803,0.19065942907268954,0.22477465879443073
pre_neuropil,AL_R | LH_R,4,400-500,450.0,2111,294,612.0,612.0,0.13927048792041685,0.12515482267858707,0.154696680147913
pre_neuropil,AL_R | LH_R,5,500-600,550.0,2000,236,477.0,477.0,0.118,0.10458800254130629,0.13287667530548558
pre_neuropil,AL_R | LH_R,6,600-700,650.0,2034,205,440.0,440.0,0.1007866273352999,0.08844670413152511,0.11463169018528538
pre_neuropil,AL_R | LH_R,7,700-800,750.0,1789,158,333.0,333.0,0.08831749580771381,0.07603503128459307,0.10236422049537458
pre_neuropil,AL_R | LH_R,8,800-900,850.0,1861,130,272.0,272.0,0.06985491671144546,0.05913778824160234,0.08234425505901899
pre_neuropil,AL_R | LH_R,9,900-1000,950.0,1853,103,208.0,208.0,0.05558553696708041,0.046042985665765625,0.06696697705803376
pre_neuropil,AL_R | LH_R,10,1000-1100,1050.0,1712,82,142.0,142.0,0.04789719626168224,0.038754346285838556,0.059064473353456826
pre_neuropil,AL_R | LH_R,11,1100-1200,1150.0,1718,74,147.0,147.0,0.04307334109429569,0.0344490977084775,0.05373648219620131
pre_neuropil,AL_R | LH_R,12,1200-1300,1250.0,1669,56,126.0,126.0,0.033553025763930495,0.025928512569875013,0.04331988488748138
pre_neuropil,AL_R | LH_R,13,1300-1400,1350.0,1573,51,83.0,83.0,0.03242212333121424,0.024745061201290056,0.042377470319948346
pre_neuropil,AL_R | LH_R,14,1400-1500,1450.0,1545,45,109.0,109.0,0.02912621359223301,0.021838251589046224,0.03874999707369631
pre_neuropil,AL_R | LH_R,15,1500-1600,1550.0,1579,45,69.0,69.0,0.028499050031665613,0.02136654359287697,0.03792024795973323
pre_neuropil,AL_R | LH_R,16,1600-1700,1650.0,1507,51,126.0,126.0,0.0338420703384207,0.025832656029180667,0.044222073732033226
pre_neuropil,AL_R | LH_R,17,1700-1800,1750.0,1440,36,79.0,79.0,0.025,0.018112055229021158,0.034415590462860836
pre_neuropil,AL_R | LH_R,18,1800-1900,1850.0,1484,37,74.0,74.0,0.024932614555256066,0.01814204010788872,0.03417643250371187
pre_neuropil,AL_R | LH_R,19,1900-2000,1950.0,1361,22,39.0,39.0,0.016164584864070537,0.01069873693023567,0.024354121950970763
pre_neuropil,AL_R | MB_CA_R,0,0-100,50.0,2011,1693,21424.0,21424.0,0.841869716558926,0.8252727344935661,0.8571630460660572
pre_neuropil,AL_R | MB_CA_R,1,100-200,150.0,213,81,217.0,217.0,0.38028169014084506,0.31775264631954214,0.4470526308966377
pre_neuropil,AL_R | MB_CA_R,3,300-400,350.0,115,30,62.0,62.0,0.2608695652173913,0.18927348744454847,0.34792560782175547
pre_neuropil,AL_R | MB_CA_R,5,500-600,550.0,92,13,29.0,29.0,0.14130434782608695,0.08447613379881469,0.22688761638899513
pre_neuropil,AL_R | MB_CA_R,7,700-800,750.0,104,12,19.0,19.0,0.11538461538461539,0.0672491122978073,0.1909221314522854
pre_neuropil,AL_R | MB_CA_R,8,800-900,850.0,101,11,17.0,17.0,0.10891089108910891,0.06191064333684265,0.1845716690277149
pre_neuropil,AL_R | MB_CA_R,11,1100-1200,1150.0,99,1,1.0,1.0,0.010101010101010102,0.0017852613200520333,0.05501665541403222
pre_neuropil,AL_R | MB_CA_R,13,1300-1400,1350.0,98,3,8.0,8.0,0.030612244897959183,0.010464701465554671,0.08617164360365084
pre_neuropil,AL_R | MB_CA_R,14,1400-1500,1450.0,96,2,3.0,3.0,0.020833333333333332,0.005731849710137293,0.07280855829614466
pre_neuropil,AL_R | MB_CA_R,15,1500-1600,1550.0,103,6,10.0,10.0,0.05825242718446602,0.026968129757982066,0.12130370443394317
pre_neuropil,AL_R | MB_CA_R,16,1600-1700,1650.0,97,3,6.0,6.0,0.030927835051546393,0.010573153364052894,0.08702149011641547
pre_neuropil,AMMC_R | AMMC_R,0,0-100,50.0,3218,1401,8114.0,8114.0,0.4353635798632691,0.41832005417203544,0.45256124551693755
pre_neuropil,AMMC_R | AMMC_R,1,100-200,150.0,844,318,1308.0,1308.0,0.3767772511848341,0.3447123965768005,0.40995875897867123
pre_neuropil,AMMC_R | AMMC_R,2,200-300,250.0,509,186,678.0,678.0,0.3654223968565815,0.32474053948778997,0.4081204452685168
pre_neuropil,AMMC_R | AMMC_R,3,300-400,350.0,464,163,449.0,449.0,0.35129310344827586,0.30923902451980245,0.39578934405622834
pre_neuropil,AMMC_R | AMMC_R,4,400-500,450.0,481,133,394.0,394.0,0.2765072765072765,0.2384255929952549,0.31813061010282917
pre_neuropil,AMMC_R | AMMC_R,6,600-700,650.0,467,120,326.0,326.0,0.2569593147751606,0.21942341133572757,0.2984611596112747
pre_neuropil,AMMC_R | AMMC_R,7,700-800,750.0,471,104,235.0,235.0,0.2208067940552017,0.18568850038778686,0.2604425883794989
pre_neuropil,AMMC_R | AMMC_R,8,800-900,850.0,489,102,260.0,260.0,0.2085889570552147,0.17491713602322884,0.24680375766756346
pre_neuropil,AMMC_R | AMMC_R,9,900-1000,950.0,440,78,207.0,207.0,0.17727272727272728,0.14442675254585774,0.2157053306117372
pre_neuropil,AMMC_R | AMMC_R,10,1000-1100,1050.0,437,64,169.0,169.0,0.14645308924485126,0.1163856494330248,0.18268231511478555
pre_neuropil,AMMC_R | AMMC_R,13,1300-1400,1350.0,429,54,141.0,141.0,0.1258741258741259,0.0977689225787513,0.1606202895487337
pre_neuropil,AMMC_R | AMMC_R,15,1500-1600,1550.0,405,28,103.0,103.0,0.0691358024691358,0.04826246445203988,0.09810620253292446
pre_neuropil,AMMC_R | AMMC_R,16,1600-1700,1650.0,421,35,103.0,103.0,0.0831353919239905,0.06038207630766618,0.11342764477426173
pre_neuropil,AMMC_R | AMMC_R,17,1700-1800,1750.0,407,31,70.0,70.0,0.07616707616707617,0.05417510667498268,0.1060851980263913
pre_neuropil,AMMC_R | AMMC_R,18,1800-1900,1850.0,442,35,89.0,89.0,0.07918552036199095,0.0574851616350697,0.10813778606653554
pre_neuropil,AMMC_R | AMMC_R,19,1900-2000,1950.0,404,37,69.0,69.0,0.09158415841584158,0.06717420599516687,0.12368812879363349
pre_neuropil,AMMC_R | LAL_R,2,200-300,250.0,84,6,7.0,7.0,0.07142857142857142,0.03314535833064436,0.14719744052547845
pre_neuropil,AMMC_R | LAL_R,5,500-600,550.0,92,2,7.0,7.0,0.021739130434782608,0.005981915837670909,0.0758364177460756
pre_neuropil,AMMC_R | LAL_R,6,600-700,650.0,83,2,2.0,2.0,0.024096385542168676,0.006633027079790216,0.08366471041007639
pre_neuropil,AMMC_R | LAL_R,7,700-800,750.0,74,2,3.0,3.0,0.02702702702702703,0.007443196562309684,0.09329471221654377
pre_neuropil,AMMC_R | LAL_R,12,1200-1300,1250.0,90,1,1.0,1.0,0.011111111111111112,0.00196403353551235,0.06028554447679775
pre_neuropil,AMMC_R | LAL_R,14,1400-1500,1450.0,75,1,1.0,1.0,0.013333333333333334,0.002357490433136912,0.07173537424743781
pre_neuropil,AOTU_L | AOTU_L,0,0-100,50.0,15376,8858,59674.0,59674.0,0.576092611862643,0.5682633888530761,0.5838838218178062
pre_neuropil,AOTU_L | AOTU_L,1,100-200,150.0,3859,1077,2356.0,2356.0,0.27908784659238145,0.26516046973041074,0.29345461818828633
pre_neuropil,AOTU_L | AOTU_L,2,200-300,250.0,2230,429,859.0,859.0,0.1923766816143498,0.17655118797893843,0.2092602321324965
pre_neuropil,AOTU_L | AOTU_L,3,300-400,350.0,1822,265,482.0,482.0,0.14544456641053788,0.13000211673004614,0.16237899672470268
pre_neuropil,AOTU_L | AOTU_L,4,400-500,450.0,1700,187,274.0,274.0,0.11,0.09599626478028521,0.1257623775723842
pre_neuropil,AOTU_L | AOTU_L,5,500-600,550.0,1470,137,212.0,212.0,0.09319727891156462,0.07937791828154807,0.10913731971960482
pre_neuropil,AOTU_L | AOTU_L,6,600-700,650.0,1524,107,180.0,180.0,0.07020997375328084,0.05843338185890381,0.08414789096414277
pre_neuropil,AOTU_L | AOTU_L,7,700-800,750.0,1501,80,141.0,141.0,0.05329780146568954,0.043031632079806745,0.06584467755969285
pre_neuropil,AOTU_L | AOTU_L,8,800-900,850.0,1374,65,110.0,110.0,0.04730713245997089,0.03728870844974892,0.059849888613948396
pre_neuropil,AOTU_L | AOTU_L,9,900-1000,950.0,1414,44,63.0,63.0,0.031117397454031116,0.023260823338308617,0.041514818736236234
pre_neuropil,AOTU_L | AOTU_L,10,1000-1100,1050.0,1260,26,29.0,29.0,0.020634920634920634,0.014120109436231312,0.030063908560960736
pre_neuropil,AOTU_L | AOTU_L,11,1100-1200,1150.0,1211,31,41.0,41.0,0.02559867877786953,0.018091786653217583,0.03610589640274626
pre_neuropil,AOTU_L | AOTU_L,12,1200-1300,1250.0,1196,28,32.0,32.0,0.023411371237458192,0.016246430255620725,0.033628153189394015
pre_neuropil,AOTU_L | AOTU_L,14,1400-1500,1450.0,1167,16,21.0,21.0,0.013710368466152529,0.008456567885470563,0.022155258684408746
pre_neuropil,AOTU_L | AOTU_L,15,1500-1600,1550.0,1104,15,20.0,20.0,0.01358695652173913,0.008250875040961884,0.022296452302586145
pre_neuropil,AOTU_L | AOTU_L,16,1600-1700,1650.0,1064,9,11.0,11.0,0.008458646616541353,0.0044563768413702675,0.015997593110727498
pre_neuropil,AOTU_L | AOTU_L,17,1700-1800,1750.0,968,6,6.0,6.0,0.006198347107438017,0.0028437240307699905,0.013456874749936659
pre_neuropil,AOTU_L | AOTU_L,18,1800-1900,1850.0,985,8,12.0,12.0,0.008121827411167513,0.004121045125687195,0.015944453736820206
pre_neuropil,AOTU_L | AOTU_L,19,1900-2000,1950.0,929,6,21.0,21.0,0.006458557588805167,0.0029632371058414377,0.014018852886714641
pre_neuropil,AOTU_L | AOTU_R,0,0-100,50.0,1985,1423,15142.0,15142.0,0.7168765743073048,0.6966531894257058,0.7362621317341091
pre_neuropil,AOTU_L | AOTU_R,1,100-200,150.0,625,295,1438.0,1438.0,0.472,0.43315192308393413,0.5111901815096551
pre_neuropil,AOTU_L | AOTU_R,3,300-400,350.0,338,104,285.0,285.0,0.3076923076923077,0.2608784168110992,0.35882848837539655
pre_neuropil,AOTU_L | AOTU_R,5,500-600,550.0,267,48,107.0,107.0,0.1797752808988764,0.13835931952805697,0.23027533630029434
pre_neuropil,AOTU_L | AOTU_R,8,800-900,850.0,269,24,61.0,61.0,0.08921933085501858,0.06068723260069418,0.12931898346019977
pre_neuropil,AOTU_L | AOTU_R,9,900-1000,950.0,239,18,36.0,36.0,0.07531380753138076,0.04816731882457605,0.11589682833966598
pre_neuropil,AOTU_L | AOTU_R,11,1100-1200,1150.0,206,10,19.0,19.0,0.04854368932038835,0.02657838415588391,0.08703874419235588
pre_neuropil,AOTU_L | AOTU_R,17,1700-1800,1750.0,202,4,9.0,9.0,0.019801980198019802,0.007726765033066095,0.04980096502732986
pre_neuropil,AOTU_L | LAL_L,0,0-100,50.0,3896,2280,21241.0,21241.0,0.5852156057494866,0.5696681506279653,0.6005951749388987
pre_neuropil,AOTU_L | LAL_L,1,100-200,150.0,886,224,552.0,552.0,0.2528216704288939,0.2253114293587086,0.2824661346481888
pre_neuropil,AOTU_L | LAL_L,2,200-300,250.0,516,86,172.0,172.0,0.16666666666666666,0.13699823754979498,0.20126172471563356
pre_neuropil,AOTU_L | LAL_L,6,600-700,650.0,329,25,35.0,35.0,0.07598784194528875,0.05199669920428329,0.10976673421269342
pre_neuropil,AOTU_L | LAL_L,8,800-900,850.0,306,17,32.0,32.0,0.05555555555555555,0.0349718096872559,0.08716027328675405
pre_neuropil,AOTU_L | LAL_L,12,1200-1300,1250.0,287,5,6.0,6.0,0.017421602787456445,0.007463734105513837,0.040127807132053286
pre_neuropil,AOTU_L | LAL_L,13,1300-1400,1350.0,238,2,2.0,2.0,0.008403361344537815,0.002307489575779127,0.03011703953749171
pre_neuropil,AOTU_L | LAL_L,14,1400-1500,1450.0,228,5,18.0,18.0,0.021929824561403508,0.00940248951543475,0.050300342073029095
pre_neuropil,AOTU_L | LAL_L,15,1500-1600,1550.0,244,3,7.0,7.0,0.012295081967213115,0.004190009506554231,0.0355192241329962
pre_neuropil,AOTU_L | LAL_L,17,1700-1800,1750.0,253,2,4.0,4.0,0.007905138339920948,0.0021705122944698403,0.028360367438408314
pre_neuropil,AOTU_L | LAL_L,18,1800-1900,1850.0,206,4,6.0,6.0,0.019417475728155338,0.00757622659597464,0.04885491003279677
pre_neuropil,AOTU_L | LAL_R,0,0-100,50.0,3153,1784,14289.0,14289.0,0.5658103393593403,0.548439675881214,0.5830208319884238
pre_neuropil,AOTU_L | LAL_R,1,100-200,150.0,836,240,622.0,622.0,0.28708133971291866,0.25744270382207374,0.3186678389278926
pre_neuropil,AOTU_L | LAL_R,2,200-300,250.0,463,102,196.0,196.0,0.2203023758099352,0.1849373949123559,0.260270572843731
pre_neuropil,AOTU_L | LAL_R,3,300-400,350.0,369,75,148.0,148.0,0.2032520325203252,0.1653472274976794,0.2472719652104304
pre_neuropil,AOTU_L | LAL_R,4,400-500,450.0,315,32,53.0,53.0,0.10158730158730159,0.07288108652535309,0.1398941598665857
pre_neuropil,AOTU_L | LAL_R,6,600-700,650.0,285,23,44.0,44.0,0.08070175438596491,0.054375225698575884,0.11818163591692549
pre_neuropil,AOTU_L | LAL_R,8,800-900,850.0,275,16,21.0,21.0,0.05818181818181818,0.03612652507223014,0.09241096718143646
pre_neuropil,AOTU_L | LAL_R,9,900-1000,950.0,286,10,14.0,14.0,0.03496503496503497,0.019101010524284916,0.06315633279703267
pre_neuropil,AOTU_L | LAL_R,10,1000-1100,1050.0,240,2,2.0,2.0,0.008333333333333333,0.002288235363161974,0.029870346273441456
pre_neuropil,AOTU_L | LAL_R,14,1400-1500,1450.0,215,1,1.0,1.0,0.004651162790697674,0.0008214956814042579,0.025871783841319024
pre_neuropil,AOTU_L | LAL_R,15,1500-1600,1550.0,232,6,6.0,6.0,0.02586206896551724,0.011905368254414139,0.05526513940835613
pre_neuropil,AOTU_L | LAL_R,16,1600-1700,1650.0,209,2,4.0,4.0,0.009569377990430622,0.002628148299936312,0.034214273482271684
pre_neuropil,AOTU_L | LAL_R,17,1700-1800,1750.0,207,2,2.0,2.0,0.00966183574879227,0.0026535795413005388,0.03453832186715017
pre_neuropil,AOTU_L | LH_L,0,0-100,50.0,385,56,243.0,243.0,0.14545454545454545,0.11373971340388717,0.1841749130146853
pre_neuropil,AOTU_L | LH_L,3,300-400,350.0,131,7,12.0,12.0,0.05343511450381679,0.026121804576458928,0.1061934453167491
pre_neuropil,AOTU_L | LH_L,4,400-500,450.0,91,2,2.0,2.0,0.02197802197802198,0.0060478793071208625,0.0766331383054036
pre_neuropil,AOTU_L | LH_L,5,500-600,550.0,95,4,5.0,5.0,0.042105263157894736,0.016493505976432808,0.10331030132737451
pre_neuropil,AOTU_L | LH_L,10,1000-1100,1050.0,77,0,0.0,0.0,0.0,0.0,0.04752008866722084
pre_neuropil,AOTU_L | LH_L,15,1500-1600,1550.0,87,1,1.0,1.0,0.011494252873563218,0.0020318554244781045,0.062273484860149206
pre_neuropil,AOTU_L | LH_L,17,1700-1800,1750.0,75,0,0.0,0.0,0.0,0.0,0.04872554590470005
pre_neuropil,AOTU_L | LO_L,0,0-100,50.0,57404,23201,67677.0,67677.0,0.404170441084245,0.40016251230041583,0.40819119525301345
pre_neuropil,AOTU_L | LO_L,1,100-200,150.0,21611,4611,9053.0,9053.0,0.21336356485123317,0.20795257913760082,0.21887643819833938
pre_neuropil,AOTU_L | LO_L,2,200-300,250.0,12555,1884,3322.0,3322.0,0.15005973715651136,0.14391978212998943,0.1564137772963832
pre_neuropil,AOTU_L | LO_L,3,300-400,350.0,10642,1271,2195.0,2195.0,0.11943243751174591,0.11340784150942458,0.12573169255991573
pre_neuropil,AOTU_L | LO_L,4,400-500,450.0,9484,804,1323.0,1323.0,0.08477435681147195,0.0793350488221406,0.09054991215781508
pre_neuropil,AOTU_L | LO_L,5,500-600,550.0,8685,564,891.0,891.0,0.06493955094991365,0.0599469053847159,0.07031690331447825
pre_neuropil,AOTU_L | LO_L,6,600-700,650.0,8385,416,597.0,597.0,0.04961240310077519,0.04516731558114288,0.05446999310281178
pre_neuropil,AOTU_L | LO_L,7,700-800,750.0,8133,306,450.0,450.0,0.03762449280708226,0.03370241125265893,0.041983171713586835
pre_neuropil,AOTU_L | LO_L,8,800-900,850.0,7561,223,354.0,354.0,0.02949345324692501,0.02591233432290693,0.03355244019398448
pre_neuropil,AOTU_L | LO_L,9,900-1000,950.0,7338,173,310.0,310.0,0.023575906241482692,0.02034563299779634,0.027304754883086306
pre_neuropil,AOTU_L | LO_L,10,1000-1100,1050.0,6822,151,225.0,225.0,0.02213427147464087,0.01890266972974233,0.025903761172492493
pre_neuropil,AOTU_L | LO_L,11,1100-1200,1150.0,6756,95,155.0,155.0,0.014061574896388396,0.01151726252983756,0.017158202291705005
pre_neuropil,AOTU_L | LO_L,12,1200-1300,1250.0,6608,93,140.0,140.0,0.014073849878934624,0.011502799689835315,0.017209563897338336
pre_neuropil,AOTU_L | LO_L,13,1300-1400,1350.0,6498,73,103.0,103.0,0.01123422591566636,0.008944922274873309,0.014101102100743595
pre_neuropil,AOTU_L | LO_L,14,1400-1500,1450.0,6279,57,77.0,77.0,0.009077878643096034,0.007013663627671512,0.011742435523387777
pre_neuropil,AOTU_L | LO_L,15,1500-1600,1550.0,6061,36,48.0,48.0,0.005939613925094869,0.004293514496723128,0.008211610121865427
pre_neuropil,AOTU_L | LO_L,16,1600-1700,1650.0,5956,40,53.0,53.0,0.006715916722632639,0.004936027361263879,0.009131729070383565
pre_neuropil,AOTU_L | LO_L,17,1700-1800,1750.0,5888,26,36.0,36.0,0.004415760869565217,0.003015271975415599,0.006462511677152385
pre_neuropil,AOTU_L | LO_L,18,1800-1900,1850.0,5739,34,48.0,48.0,0.005924377069175815,0.004242721770719306,0.00826704342983925
pre_neuropil,AOTU_L | LO_L,19,1900-2000,1950.0,5924,27,40.0,40.0,0.004557731262660365,0.003134298251109605,0.006623317404477414
pre_neuropil,AOTU_L | PVLP_L,0,0-100,50.0,8567,1237,2739.0,2739.0,0.1443912688222248,0.1371075904289898,0.15199372722924342
pre_neuropil,AOTU_L | PVLP_L,1,100-200,150.0,3017,137,230.0,230.0,0.04540934703347697,0.03854037264211886,0.053434526008641264
pre_neuropil,AOTU_L | PVLP_L,2,200-300,250.0,1752,34,68.0,68.0,0.019406392694063926,0.01392023457049944,0.026995529129369613
pre_neuropil,AOTU_L | PVLP_L,3,300-400,350.0,1387,22,27.0,27.0,0.015861571737563085,0.01049774989280812,0.023899840745838292
pre_neuropil,AOTU_L | PVLP_L,4,400-500,450.0,1294,27,42.0,42.0,0.020865533230293665,0.014379053744593246,0.030188480536940038
pre_neuropil,AOTU_L | PVLP_L,5,500-600,550.0,1113,20,26.0,26.0,0.017969451931716084,0.011662070998485801,0.027592913772855093
pre_neuropil,AOTU_L | PVLP_L,6,600-700,650.0,1053,8,8.0,8.0,0.007597340930674264,0.003854581734015784,0.01491984955256491
pre_neuropil,AOTU_L | PVLP_L,7,700-800,750.0,1023,10,14.0,14.0,0.009775171065493646,0.005318179294558064,0.01790020219680341
pre_neuropil,AOTU_L | PVLP_L,8,800-900,850.0,1028,5,5.0,5.0,0.0048638132295719845,0.0020792353498429988,0.011335226714877012
pre_neuropil,AOTU_L | PVLP_L,9,900-1000,950.0,947,2,3.0,3.0,0.0021119324181626186,0.000579347100494215,0.00766766270639686
pre_neuropil,AOTU_L | PVLP_L,10,1000-1100,1050.0,966,4,4.0,4.0,0.004140786749482402,0.0016113877370571641,0.010598441166961802
pre_neuropil,AOTU_L | PVLP_L,11,1100-1200,1150.0,965,4,5.0,5.0,0.004145077720207254,0.0016130587560910688,0.010609372650652819
pre_neuropil,AOTU_L | PVLP_L,13,1300-1400,1350.0,896,2,2.0,2.0,0.002232142857142857,0.000612334840131326,0.008102087787139962
pre_neuropil,AOTU_L | PVLP_L,14,1400-1500,1450.0,850,1,1.0,1.0,0.001176470588235294,0.00020770079983614513,0.006633849201944043
pre_neuropil,AOTU_L | PVLP_L,15,1500-1600,1550.0,786,2,2.0,2.0,0.002544529262086514,0.000698064655821568,0.00923000193373259
pre_neuropil,AOTU_L | PVLP_L,16,1600-1700,1650.0,780,0,0.0,0.0,0.0,0.0,0.004900990200060828
pre_neuropil,AOTU_L | PVLP_L,17,1700-1800,1750.0,864,1,1.0,1.0,0.0011574074074074073,0.00020433479613706082,0.0065268474841315965
pre_neuropil,AOTU_L | PVLP_L,18,1800-1900,1850.0,810,1,2.0,2.0,0.0012345679012345679,0.00021795919467858032,0.006959850344671583
pre_neuropil,AOTU_L | PVLP_L,19,1900-2000,1950.0,739,3,3.0,3.0,0.0040595399188092015,0.0013815248982337056,0.011867059995234835
pre_neuropil,AOTU_L | SIP_R,0,0-100,50.0,711,483,2510.0,2510.0,0.679324894514768,0.6441321500281891,0.7125902343433976
pre_neuropil,AOTU_L | SIP_R,1,100-200,150.0,217,73,183.0,183.0,0.33640552995391704,0.2768704987259252,0.40163210223331436
pre_neuropil,AOTU_L | SIP_R,5,500-600,550.0,94,16,26.0,26.0,0.1702127659574468,0.10757529555085373,0.25874741380794664
pre_neuropil,AOTU_L | SIP_R,7,700-800,750.0,94,10,14.0,14.0,0.10638297872340426,0.058818256468396224,0.18485723534694615
pre_neuropil,AOTU_L | SIP_R,10,1000-1100,1050.0,84,3,7.0,7.0,0.03571428571428571,0.012219447773066126,0.09981858432106694
pre_neuropil,AOTU_L | SIP_R,18,1800-1900,1850.0,64,2,2.0,2.0,0.03125,0.00861195771251659,0.10697493882294247
pre_neuropil,AOTU_R | AOTU_R,0,0-100,50.0,16069,9011,70268.0,70268.0,0.5607691828987491,0.5530819447300072,0.5684273719548533
pre_neuropil,AOTU_R | AOTU_R,1,100-200,150.0,4146,1269,3553.0,3553.0,0.3060781476121563,0.2922344583744913,0.3202808723311434
pre_neuropil,AOTU_R | AOTU_R,2,200-300,250.0,2353,550,1284.0,1284.0,0.23374415639609009,0.21708633177353243,0.25126996336314533
pre_neuropil,AOTU_R | AOTU_R,3,300-400,350.0,1957,354,765.0,765.0,0.18088911599386817,0.16446508278621647,0.1985635269699209
pre_neuropil,AOTU_R | AOTU_R,4,400-500,450.0,1780,276,593.0,593.0,0.1550561797752809,0.1389854363902836,0.17261263375226715
pre_neuropil,AOTU_R | AOTU_R,5,500-600,550.0,1725,205,440.0,440.0,0.11884057971014493,0.10440989323444182,0.13496518890148085
pre_neuropil,AOTU_R | AOTU_R,6,600-700,650.0,1611,150,272.0,272.0,0.0931098696461825,0.07987167117723816,0.10828399684617666
pre_neuropil,AOTU_R | AOTU_R,7,700-800,750.0,1580,120,195.0,195.0,0.0759493670886076,0.06389043646944326,0.09006536315092284
pre_neuropil,AOTU_R | AOTU_R,8,800-900,850.0,1528,94,170.0,170.0,0.061518324607329845,0.05053508736372514,0.07470083781287276
pre_neuropil,AOTU_R | AOTU_R,9,900-1000,950.0,1473,70,104.0,104.0,0.04752206381534284,0.03778455197090812,0.05961357115888455
pre_neuropil,AOTU_R | AOTU_R,10,1000-1100,1050.0,1466,50,67.0,67.0,0.034106412005457026,0.025965474945612625,0.04468268197143203
pre_neuropil,AOTU_R | AOTU_R,11,1100-1200,1150.0,1455,50,92.0,92.0,0.03436426116838488,0.02616249469513466,0.04501836551614532
pre_neuropil,AOTU_R | AOTU_R,12,1200-1300,1250.0,1241,25,30.0,30.0,0.020145044319097503,0.013681803020170403,0.029569964915605523
pre_neuropil,AOTU_R | AOTU_R,13,1300-1400,1350.0,1324,24,36.0,36.0,0.01812688821752266,0.012211001891450211,0.02683100432374895
pre_neuropil,AOTU_R | AOTU_R,14,1400-1500,1450.0,1251,23,41.0,41.0,0.01838529176658673,0.012281838457423595,0.027437597047424184
pre_neuropil,AOTU_R | AOTU_R,15,1500-1600,1550.0,1279,10,15.0,15.0,0.007818608287724784,0.004252366499587717,0.014332624819683502
pre_neuropil,AOTU_R | AOTU_R,16,1600-1700,1650.0,1273,12,15.0,15.0,0.009426551453260016,0.005400475300389053,0.016404578670283585
pre_neuropil,AOTU_R | AOTU_R,17,1700-1800,1750.0,1186,8,13.0,13.0,0.006745362563237774,0.00342183676467804,0.013253996388239118
pre_neuropil,AOTU_R | AOTU_R,18,1800-1900,1850.0,1106,10,10.0,10.0,0.009041591320072333,0.004918491840210799,0.01656349261594943
pre_neuropil,AOTU_R | AOTU_R,19,1900-2000,1950.0,1124,6,9.0,9.0,0.005338078291814947,0.0024486835813177198,0.01159726045905107
pre_neuropil,AOTU_R | LAL_L,0,0-100,50.0,3498,2025,17422.0,17422.0,0.5789022298456261,0.56246227499418,0.5951690696103277
pre_neuropil,AOTU_R | LAL_L,1,100-200,150.0,849,273,742.0,742.0,0.3215547703180212,0.29100049032920267,0.3537166529245975
pre_neuropil,AOTU_R | LAL_L,2,200-300,250.0,520,121,271.0,271.0,0.2326923076923077,0.19841427830880562,0.2708909467821379
pre_neuropil,AOTU_R | LAL_L,3,300-400,350.0,453,84,191.0,191.0,0.18543046357615894,0.15233846506061546,0.22381291870128364
pre_neuropil,AOTU_R | LAL_L,4,400-500,450.0,373,61,119.0,119.0,0.16353887399463807,0.129468566453586,0.20446908798796187
pre_neuropil,AOTU_R | LAL_L,8,800-900,850.0,272,16,26.0,26.0,0.058823529411764705,0.03652854264587306,0.09340689856386468
pre_neuropil,AOTU_R | LAL_L,11,1100-1200,1150.0,221,6,9.0,9.0,0.027149321266968326,0.01250072674301225,0.05795598589379518
pre_neuropil,AOTU_R | LAL_L,12,1200-1300,1250.0,276,13,17.0,17.0,0.04710144927536232,0.027729740423924478,0.07890772877293545
pre_neuropil,AOTU_R | LAL_L,19,1900-2000,1950.0,244,4,7.0,7.0,0.01639344262295082,0.006392979148907858,0.04138592479619256
pre_neuropil,AOTU_R | LAL_R,0,0-100,50.0,3887,2165,19627.0,19627.0,0.556984821198868,0.5413198084243271,0.5725373067046979
pre_neuropil,AOTU_R | LAL_R,1,100-200,150.0,997,264,662.0,662.0,0.26479438314944836,0.23834645980092906,0.293047918690133
pre_neuropil,AOTU_R | LAL_R,2,200-300,250.0,580,111,209.0,209.0,0.19137931034482758,0.16143532237148306,0.22538466441945476
pre_neuropil,AOTU_R | LAL_R,4,400-500,450.0,467,52,114.0,114.0,0.11134903640256959,0.08592996481765368,0.14311012000068013
pre_neuropil,AOTU_R | LAL_R,5,500-600,550.0,384,32,53.0,53.0,0.08333333333333333,0.05964551076927996,0.11527538477158003
pre_neuropil,AOTU_R | LAL_R,6,600-700,650.0,364,21,33.0,33.0,0.057692307692307696,0.03804034133735622,0.08658286604321196
pre_neuropil,AOTU_R | LAL_R,7,700-800,750.0,313,18,35.0,35.0,0.05750798722044728,0.03668239001266445,0.08906372413396275
pre_neuropil,AOTU_R | LAL_R,9,900-1000,950.0,340,5,9.0,9.0,0.014705882352941176,0.006297308643008131,0.033958437025927796
pre_neuropil,AOTU_R | LAL_R,13,1300-1400,1350.0,253,6,10.0,10.0,0.023715415019762844,0.010913126237076368,0.05076535575338
pre_neuropil,AOTU_R | LAL_R,14,1400-1500,1450.0,298,3,4.0,4.0,0.010067114093959731,0.003429458318389665,0.029175722677205376
pre_neuropil,AOTU_R | LAL_R,15,1500-1600,1550.0,240,2,3.0,3.0,0.008333333333333333,0.002288235363161974,0.029870346273441456
pre_neuropil,AOTU_R | LO_R,0,0-100,50.0,58468,23713,71313.0,71313.0,0.40557227885338987,0.4015986312176589,0.4095583342917018
pre_neuropil,AOTU_R | LO_R,1,100-200,150.0,21373,4535,8699.0,8699.0,0.2121835961259533,0.20675416458022355,0.21771647377638004
pre_neuropil,AOTU_R | LO_R,2,200-300,250.0,12378,1776,2958.0,2958.0,0.1434803683955405,0.13741511421497726,0.1497668507037147
pre_neuropil,AOTU_R | LO_R,3,300-400,350.0,10498,1179,2019.0,2019.0,0.11230710611545056,0.10640835328836569,0.11848949700867172
pre_neuropil,AOTU_R | LO_R,4,400-500,450.0,9431,826,1322.0,1322.0,0.08758350121938288,0.08204473152334919,0.09345811952610565
pre_neuropil,AOTU_R | LO_R,5,500-600,550.0,8638,564,890.0,890.0,0.06529289187311878,0.06027391924064525,0.07069834944801019
pre_neuropil,AOTU_R | LO_R,6,600-700,650.0,8325,435,655.0,655.0,0.05225225225225225,0.04767502976802243,0.05724251362720795
pre_neuropil,AOTU_R | LO_R,7,700-800,750.0,7989,312,453.0,453.0,0.03905369883589936,0.035022431346587064,0.043528055629158825
pre_neuropil,AOTU_R | LO_R,8,800-900,850.0,7730,260,386.0,386.0,0.03363518758085381,0.029842023019513934,0.037891663173386624
pre_neuropil,AOTU_R | LO_R,9,900-1000,950.0,7487,162,242.0,242.0,0.021637505008681716,0.018578792780334568,0.02518686367140512
pre_neuropil,AOTU_R | LO_R,10,1000-1100,1050.0,6997,152,199.0,199.0,0.021723595826782908,0.018561075387992856,0.025411009339649036
pre_neuropil,AOTU_R | LO_R,11,1100-1200,1150.0,6940,104,153.0,153.0,0.014985590778097982,0.012383664120247072,0.018124174653033703
pre_neuropil,AOTU_R | LO_R,12,1200-1300,1250.0,6467,96,136.0,136.0,0.014844595639400032,0.012172038733604833,0.018093205280404104
pre_neuropil,AOTU_R | LO_R,13,1300-1400,1350.0,6428,76,104.0,104.0,0.011823273179838207,0.00945716182991664,0.014772539349291501
pre_neuropil,AOTU_R | LO_R,14,1400-1500,1450.0,6383,64,81.0,81.0,0.010026633244555851,0.007860193101596169,0.012782498271867676
pre_neuropil,AOTU_R | LO_R,15,1500-1600,1550.0,6346,54,79.0,79.0,0.008509297195083518,0.006527903656722022,0.0110853860984114
pre_neuropil,AOTU_R | LO_R,16,1600-1700,1650.0,6152,38,55.0,55.0,0.006176853055916775,0.004503645412524809,0.008466408917658083
pre_neuropil,AOTU_R | LO_R,17,1700-1800,1750.0,6078,36,61.0,61.0,0.005923000987166831,0.00428149734180109,0.008188672877692954
pre_neuropil,AOTU_R | LO_R,18,1800-1900,1850.0,5915,25,45.0,45.0,0.00422654268808115,0.00286452666978146,0.00623211818721218
pre_neuropil,AOTU_R | LO_R,19,1900-2000,1950.0,5850,29,36.0,36.0,0.004957264957264958,0.003453850808939212,0.00711042547759372
pre_neuropil,AOTU_R | PVLP_R,0,0-100,50.0,7538,1109,3041.0,3041.0,0.1471212523215707,0.13930434186205892,0.1552976556129344
pre_neuropil,AOTU_R | PVLP_R,1,100-200,150.0,2729,134,222.0,222.0,0.049102235251007695,0.041609795214299694,0.0578623439685933
pre_neuropil,AOTU_R | PVLP_R,2,200-300,250.0,1520,48,76.0,76.0,0.031578947368421054,0.023900325686657384,0.04161934512427204
pre_neuropil,AOTU_R | PVLP_R,3,300-400,350.0,1245,29,44.0,44.0,0.023293172690763052,0.016266400436206134,0.033252769969392144
pre_neuropil,AOTU_R | PVLP_R,4,400-500,450.0,1061,14,19.0,19.0,0.013195098963242224,0.007876035409420671,0.02202662804775455
pre_neuropil,AOTU_R | PVLP_R,5,500-600,550.0,1053,15,27.0,27.0,0.014245014245014245,0.008651343738048173,0.023370105833959588
pre_neuropil,AOTU_R | PVLP_R,6,600-700,650.0,1025,7,13.0,13.0,0.006829268292682927,0.003311928924833121,0.014029516055618679
pre_neuropil,AOTU_R | PVLP_R,7,700-800,750.0,916,10,19.0,19.0,0.010917030567685589,0.0059405052694111605,0.01997873995715828
pre_neuropil,AOTU_R | PVLP_R,8,800-900,850.0,954,8,9.0,9.0,0.008385744234800839,0.004255144735607493,0.016459762614417818
pre_neuropil,AOTU_R | PVLP_R,9,900-1000,950.0,953,8,11.0,11.0,0.008394543546694649,0.004259615985430621,0.01647694061913172
pre_neuropil,AOTU_R | PVLP_R,10,1000-1100,1050.0,864,3,8.0,8.0,0.003472222222222222,0.0011815350439384397,0.010158783281433378
pre_neuropil,AOTU_R | PVLP_R,11,1100-1200,1150.0,840,3,10.0,10.0,0.0035714285714285713,0.001215313418404901,0.010447538946304305
pre_neuropil,AOTU_R | PVLP_R,13,1300-1400,1350.0,805,5,10.0,10.0,0.006211180124223602,0.0026558377647990117,0.014457030811693592
pre_neuropil,AOTU_R | PVLP_R,14,1400-1500,1450.0,789,1,1.0,1.0,0.0012674271229404308,0.00022376129882963015,0.007144166922898392
pre_neuropil,AOTU_R | PVLP_R,15,1500-1600,1550.0,770,0,0.0,0.0,0.0,0.0,0.004964323448106175
pre_neuropil,AOTU_R | PVLP_R,17,1700-1800,1750.0,721,3,3.0,3.0,0.004160887656033287,0.0014160392058389804,0.01216154795251396
pre_neuropil,AOTU_R | PVLP_R,18,1800-1900,1850.0,763,0,0.0,0.0,0.0,0.0,0.005009639539638955
pre_neuropil,AOTU_R | PVLP_R,19,1900-2000,1950.0,729,1,2.0,2.0,0.0013717421124828531,0.000242180989467032,0.007728982219608434
pre_neuropil,AOTU_R | SIP_L,2,200-300,250.0,115,37,77.0,77.0,0.3217391304347826,0.24331509061048326,0.41168787131530693
pre_neuropil,AOTU_R | SIP_L,3,300-400,350.0,98,19,39.0,39.0,0.19387755102040816,0.12777973480910126,0.2830700554534241
pre_neuropil,AOTU_R | SIP_L,5,500-600,550.0,91,5,7.0,7.0,0.054945054945054944,0.023694750290056285,0.12224964541815612
pre_neuropil,AOTU_R | SIP_L,7,700-800,750.0,78,4,4.0,4.0,0.05128205128205128,0.020120686846503345,0.1245685665405272
pre_neuropil,AOTU_R | SIP_L,13,1300-1400,1350.0,57,2,2.0,2.0,0.03508771929824561,0.009675461353255768,0.11921003804189491
pre_neuropil,AOTU_R | SIP_L,14,1400-1500,1450.0,62,0,0.0,0.0,0.0,0.0,0.05834609122500061
pre_neuropil,ATL_L | MB_ML_L,0,0-100,50.0,175,11,21.0,21.0,0.06285714285714286,0.03545718343843058,0.10903716239609562
pre_neuropil,ATL_L | MB_ML_L,2,200-300,250.0,83,0,0.0,0.0,0.0,0.0,0.04423686343872062
pre_neuropil,ATL_L | MB_ML_L,4,400-500,450.0,67,1,1.0,1.0,0.014925373134328358,0.002639503757676784,0.0798205197313466
pre_neuropil,ATL_L | MB_ML_L,6,600-700,650.0,83,0,0.0,0.0,0.0,0.0,0.04423686343872062
pre_neuropil,ATL_L | MB_ML_L,10,1000-1100,1050.0,114,0,0.0,0.0,0.0,0.0,0.03259969314741144
pre_neuropil,ATL_L | MB_ML_L,15,1500-1600,1550.0,208,0,0.0,0.0,0.0,0.0,0.01813430412157008
pre_neuropil,ATL_L | MB_ML_L,16,1600-1700,1650.0,218,0,0.0,0.0,0.0,0.0,0.017316860318353274
pre_neuropil,ATL_L | MB_ML_L,19,1900-2000,1950.0,245,0,0.0,0.0,0.0,0.0,0.01543793320730939
pre_neuropil,ATL_L | SLP_L,0,0-100,50.0,582,94,249.0,249.0,0.16151202749140894,0.13384904442064982,0.1936142152727554
pre_neuropil,ATL_L | SLP_L,1,100-200,150.0,356,30,50.0,50.0,0.08426966292134831,0.05966429836915024,0.1177515423785565
pre_neuropil,ATL_L | SLP_L,3,300-400,350.0,212,12,25.0,25.0,0.05660377358490566,0.03267248861472004,0.09631840100062754
pre_neuropil,ATL_L | SLP_L,4,400-500,450.0,208,7,19.0,19.0,0.03365384615384615,0.01639555722601255,0.06782586104122108
pre_neuropil,ATL_L | SLP_L,5,500-600,550.0,210,7,8.0,8.0,0.03333333333333333,0.016238515070291053,0.0671952040938005
pre_neuropil,ATL_L | SLP_L,6,600-700,650.0,252,7,9.0,9.0,0.027777777777777776,0.013519212808742374,0.056217686897951154
pre_neuropil,ATL_L | SLP_L,7,700-800,750.0,221,7,9.0,9.0,0.03167420814479638,0.015425869270221718,0.06392599444183159
pre_neuropil,ATL_L | SLP_L,13,1300-1400,1350.0,205,1,1.0,1.0,0.004878048780487805,0.0008615928370303404,0.027109845803547014
pre_neuropil,ATL_L | SLP_L,14,1400-1500,1450.0,193,4,4.0,4.0,0.02072538860103627,0.008088373473795232,0.05206964190506777
pre_neuropil,ATL_L | SLP_L,15,1500-1600,1550.0,204,1,1.0,1.0,0.004901960784313725,0.000865818894013333,0.027240200305223006
pre_neuropil,ATL_L | SLP_L,17,1700-1800,1750.0,198,1,1.0,1.0,0.005050505050505051,0.0008920722330250878,0.02804943437413617
pre_neuropil,ATL_L | SLP_L,19,1900-2000,1950.0,237,0,0.0,0.0,0.0,0.0,0.01595073276377503
pre_neuropil,ATL_R | SLP_R,0,0-100,50.0,667,116,268.0,268.0,0.17391304347826086,0.1470366414339939,0.20452414430141666
pre_neuropil,ATL_R | SLP_R,2,200-300,250.0,269,19,33.0,33.0,0.07063197026022305,0.0456806772146887,0.10767423640552172
pre_neuropil,ATL_R | SLP_R,4,400-500,450.0,215,9,16.0,16.0,0.04186046511627907,0.02217646863045342,0.0776290528060559
pre_neuropil,ATL_R | SLP_R,5,500-600,550.0,263,12,14.0,14.0,0.045627376425855515,0.026290303194593807,0.07804725136961208
pre_neuropil,ATL_R | SLP_R,6,600-700,650.0,254,11,15.0,15.0,0.04330708661417323,0.024351135076300268,0.07587163735452546
pre_neuropil,ATL_R | SLP_R,7,700-800,750.0,243,12,15.0,15.0,0.04938271604938271,0.02847126599836866,0.08432009493917184
pre_neuropil,ATL_R | SLP_R,8,800-900,850.0,229,5,7.0,7.0,0.021834061135371178,0.009361274885895589,0.05008514705932382
pre_neuropil,ATL_R | SLP_R,10,1000-1100,1050.0,184,2,3.0,3.0,0.010869565217391304,0.002985843055377687,0.03875996830909109
pre_neuropil,ATL_R | SLP_R,11,1100-1200,1150.0,227,1,1.0,1.0,0.004405286343612335,0.0007780449202214722,0.024527619223503057
pre_neuropil,ATL_R | SLP_R,18,1800-1900,1850.0,158,0,0.0,0.0,0.0,0.0,0.023736789552253557
pre_neuropil,AVLP_L | AVLP_L,0,0-100,50.0,241562,120493,995580.0,995580.0,0.4988077594985966,0.49681386144362144,0.5008016954737601
pre_neuropil,AVLP_L | AVLP_L,1,100-200,150.0,71445,19519,56637.0,56637.0,0.2732031632724473,0.2699478930054047,0.27648282197486446
pre_neuropil,AVLP_L | AVLP_L,2,200-300,250.0,39988,8356,20131.0,20131.0,0.20896268880664198,0.205005777948508,0.212975513515699
pre_neuropil,AVLP_L | AVLP_L,3,300-400,350.0,32560,5557,12304.0,12304.0,0.17066953316953318,0.1666219017530351,0.17479486769839225
pre_neuropil,AVLP_L | AVLP_L,4,400-500,450.0,29206,4354,9102.0,9102.0,0.14907895637882626,0.14504029729761278,0.15320991984837815
pre_neuropil,AVLP_L | AVLP_L,5,500-600,550.0,25938,3059,6473.0,6473.0,0.11793507595034312,0.11406635673306202,0.12191695140648039
pre_neuropil,AVLP_L | AVLP_L,6,600-700,650.0,24561,2496,4823.0,4823.0,0.10162452668865274,0.09790774502461355,0.10546590913320525
pre_neuropil,AVLP_L | AVLP_L,7,700-800,750.0,22169,1857,3474.0,3474.0,0.08376561865668275,0.08019047607631818,0.08748499227682244
pre_neuropil,AVLP_L | AVLP_L,8,800-900,850.0,20660,1502,2639.0,2639.0,0.07270087124878993,0.06923919879619235,0.07632142145169031
pre_neuropil,AVLP_L | AVLP_L,9,900-1000,950.0,18887,1186,1978.0,1978.0,0.06279451474559221,0.05942281863873861,0.06634402914426328
pre_neuropil,AVLP_L | AVLP_L,10,1000-1100,1050.0,17497,921,1548.0,1548.0,0.05263759501628851,0.04942582639706051,0.05604576418061776
pre_neuropil,AVLP_L | AVLP_L,11,1100-1200,1150.0,16700,805,1418.0,1418.0,0.048203592814371254,0.045057510784508585,0.051557485851953765
pre_neuropil,AVLP_L | AVLP_L,12,1200-1300,1250.0,15557,602,1002.0,1002.0,0.03869640676222922,0.03577771632195058,0.04184286687324111
pre_neuropil,AVLP_L | AVLP_L,13,1300-1400,1350.0,14795,509,883.0,883.0,0.03440351470091247,0.0315853143058578,0.037463441510273116
pre_neuropil,AVLP_L | AVLP_L,14,1400-1500,1450.0,13851,398,690.0,690.0,0.028734387408851345,0.02608019430210135,0.0316499207791133
pre_neuropil,AVLP_L | AVLP_L,15,1500-1600,1550.0,13079,376,646.0,646.0,0.02874837525804725,0.026020039661728275,0.031753464222932376
pre_neuropil,AVLP_L | AVLP_L,16,1600-1700,1650.0,12752,330,569.0,569.0,0.025878293601003764,0.023262039928291924,0.02878012403210094
pre_neuropil,AVLP_L | AVLP_L,17,1700-1800,1750.0,12070,275,504.0,504.0,0.022783761391880698,0.020269680964895294,0.02560151880303938
pre_neuropil,AVLP_L | AVLP_L,18,1800-1900,1850.0,11390,209,363.0,363.0,0.018349429323968394,0.016042082674184856,0.020981567013906296
pre_neuropil,AVLP_L | AVLP_L,19,1900-2000,1950.0,11029,213,323.0,323.0,0.019312721008250974,0.01690662036548379,0.022053569183507832
pre_neuropil,AVLP_L | AVLP_R,0,0-100,50.0,90133,40590,249763.0,249763.0,0.45033450567494704,0.4470885788390573,0.4535846659621007
pre_neuropil,AVLP_L | AVLP_R,1,100-200,150.0,34896,9646,27571.0,27571.0,0.27642136634571296,0.2717537500369062,0.2811382034898971
pre_neuropil,AVLP_L | AVLP_R,2,200-300,250.0,21499,4772,11296.0,11296.0,0.22196381227033815,0.21645870966509612,0.22756826024012788
pre_neuropil,AVLP_L | AVLP_R,3,300-400,350.0,19181,3672,7958.0,7958.0,0.19143944528439602,0.18593353357636086,0.19706893020212565
pre_neuropil,AVLP_L | AVLP_R,4,400-500,450.0,18492,2936,5969.0,5969.0,0.15877136058836253,0.1535747716117124,0.16410969644731332
pre_neuropil,AVLP_L | AVLP_R,5,500-600,550.0,16907,2266,4349.0,4349.0,0.1340273259596617,0.12897500559128242,0.13924592079951295
pre_neuropil,AVLP_L | AVLP_R,6,600-700,650.0,16894,1933,3554.0,3554.0,0.1144193204688055,0.10970658827857004,0.1193073705219433
pre_neuropil,AVLP_L | AVLP_R,7,700-800,750.0,16089,1509,2645.0,2645.0,0.09379078873764685,0.08938234352753117,0.09839317027607204
pre_neuropil,AVLP_L | AVLP_R,8,800-900,850.0,15474,1265,2122.0,2122.0,0.08175003231226574,0.07753615788520732,0.08617152600787506
pre_neuropil,AVLP_L | AVLP_R,9,900-1000,950.0,14951,1070,1849.0,1849.0,0.07156711925623704,0.06754431003301578,0.07581004017287338
pre_neuropil,AVLP_L | AVLP_R,10,1000-1100,1050.0,14301,843,1389.0,1389.0,0.05894692678833648,0.05520386777007353,0.06292687755743852
pre_neuropil,AVLP_L | AVLP_R,11,1100-1200,1150.0,13994,720,1185.0,1185.0,0.05145062169501215,0.04791190792507453,0.055235537321055427
pre_neuropil,AVLP_L | AVLP_R,12,1200-1300,1250.0,13478,556,850.0,850.0,0.041252411336993616,0.03802353213038433,0.04474272733968687
pre_neuropil,AVLP_L | AVLP_R,13,1300-1400,1350.0,12887,531,898.0,898.0,0.04120431442538993,0.03790708723794134,0.044774993038337915
pre_neuropil,AVLP_L | AVLP_R,14,1400-1500,1450.0,12770,398,654.0,654.0,0.031166797180892717,0.028291033880019842,0.03432455390055825
pre_neuropil,AVLP_L | AVLP_R,15,1500-1600,1550.0,11941,372,601.0,601.0,0.03115316975127711,0.028184689148869922,0.03442322354207778
pre_neuropil,AVLP_L | AVLP_R,16,1600-1700,1650.0,11968,307,454.0,454.0,0.025651737967914437,0.02296787632761232,0.028640023329195696
pre_neuropil,AVLP_L | AVLP_R,17,1700-1800,1750.0,11556,286,474.0,474.0,0.024749048113534095,0.022070425983207295,0.027743543786067058
pre_neuropil,AVLP_L | AVLP_R,18,1800-1900,1850.0,11345,259,393.0,393.0,0.02282944028206258,0.020238243074732258,0.025743683397833894
pre_neuropil,AVLP_L | AVLP_R,19,1900-2000,1950.0,10866,198,377.0,377.0,0.018221976808393152,0.015872003700594623,0.020912488172773618
pre_neuropil,AVLP_L | FB,2,200-300,250.0,87,8,16.0,16.0,0.09195402298850575,0.04733232597752604,0.1710874288484568
pre_neuropil,AVLP_L | FB,9,900-1000,950.0,120,1,1.0,1.0,0.008333333333333333,0.001472517830674952,0.045697415374322405
pre_neuropil,AVLP_L | FB,12,1200-1300,1250.0,171,0,0.0,0.0,0.0,0.0,0.021971887697207072
pre_neuropil,AVLP_L | FB,14,1400-1500,1450.0,224,2,5.0,5.0,0.008928571428571428,0.0024519096737010727,0.03196498346609429
pre_neuropil,AVLP_L | FB,15,1500-1600,1550.0,246,1,2.0,2.0,0.0040650406504065045,0.0007179217908880337,0.022663292546516146
pre_neuropil,AVLP_L | FB,16,1600-1700,1650.0,294,1,1.0,1.0,0.003401360544217687,0.0006006607448315292,0.019012449042384225
pre_neuropil,AVLP_L | FB,18,1800-1900,1850.0,356,0,0.0,0.0,0.0,0.0,0.01067580846683652
pre_neuropil,AVLP_L | FB,19,1900-2000,1950.0,370,1,4.0,4.0,0.002702702702702703,0.0004772405361049212,0.015148628816048504
pre_neuropil,AVLP_L | MB_ML_L,3,300-400,350.0,118,11,32.0,32.0,0.09322033898305085,0.05285105557398857,0.1592407094717757
pre_neuropil,AVLP_L | MB_ML_L,6,600-700,650.0,148,5,23.0,23.0,0.033783783783783786,0.014514880913543027,0.07664327337355617
pre_neuropil,AVLP_L | MB_ML_L,7,700-800,750.0,202,4,6.0,6.0,0.019801980198019802,0.007726765033066095,0.04980096502732986
pre_neuropil,AVLP_L | MB_ML_L,8,800-900,850.0,199,5,5.0,5.0,0.02512562814070352,0.010778689404368037,0.05745977844443617
pre_neuropil,AVLP_L | MB_ML_L,11,1100-1200,1150.0,292,5,6.0,6.0,0.017123287671232876,0.007335551356782339,0.03945164827977993
pre_neuropil,AVLP_L | MB_ML_L,13,1300-1400,1350.0,411,2,2.0,2.0,0.004866180048661801,0.0013354700434012531,0.01756716652920863
pre_neuropil,AVLP_L | MB_ML_L,14,1400-1500,1450.0,444,1,9.0,9.0,0.0022522522522522522,0.00039767829305330845,0.012646219370763542
pre_neuropil,AVLP_L | MB_ML_L,15,1500-1600,1550.0,520,2,4.0,4.0,0.0038461538461538464,0.0010553664566024775,0.013914044143853842
pre_neuropil,AVLP_L | MB_ML_L,16,1600-1700,1650.0,566,2,2.0,2.0,0.0035335689045936395,0.0009695471995315608,0.012791469897149342
pre_neuropil,AVLP_L | MB_ML_L,17,1700-1800,1750.0,654,1,1.0,1.0,0.0015290519877675841,0.00026995928843956407,0.008609989927298693
pre_neuropil,AVLP_L | MB_ML_L,18,1800-1900,1850.0,721,2,2.0,2.0,0.0027739251040221915,0.0007610242788973201,0.010057339347031433
pre_neuropil,AVLP_L | MB_ML_L,19,1900-2000,1950.0,780,3,5.0,5.0,0.0038461538461538464,0.0013088594059879896,0.011246738561764679
pre_neuropil,AVLP_L | PVLP_L,0,0-100,50.0,81439,43806,310041.0,310041.0,0.5378995321651788,0.5344736285515076,0.5413218603917466
pre_neuropil,AVLP_L | PVLP_L,1,100-200,150.0,24107,7127,17545.0,17545.0,0.295640270460862,0.2899126535879413,0.301433008937584
pre_neuropil,AVLP_L | PVLP_L,2,200-300,250.0,14090,2967,6122.0,6122.0,0.21057487579843862,0.20392198469706677,0.21738554582037575
pre_neuropil,AVLP_L | PVLP_L,3,300-400,350.0,12083,2004,3740.0,3740.0,0.16585285111313416,0.15932715133310016,0.17259095703360505
pre_neuropil,AVLP_L | PVLP_L,4,400-500,450.0,11410,1462,2664.0,2664.0,0.12813321647677475,0.12212518551364974,0.13439156867014757
pre_neuropil,AVLP_L | PVLP_L,5,500-600,550.0,10514,1102,1888.0,1888.0,0.10481263077801027,0.09910114065417457,0.11081280214564855
pre_neuropil,AVLP_L | PVLP_L,6,600-700,650.0,10348,877,1394.0,1394.0,0.08475067645921917,0.07953733153932793,0.09027222196079518
pre_neuropil,AVLP_L | PVLP_L,7,700-800,750.0,9853,652,1047.0,1047.0,0.06617273926722826,0.0614314103865531,0.07125222734178376
pre_neuropil,AVLP_L | PVLP_L,8,800-900,850.0,9842,489,791.0,791.0,0.049685023369233895,0.04556496746320307,0.05415648245327741
pre_neuropil,AVLP_L | PVLP_L,9,900-1000,950.0,9429,399,612.0,612.0,0.042316258351893093,0.038435822735293154,0.04656948467917672
pre_neuropil,AVLP_L | PVLP_L,10,1000-1100,1050.0,9411,333,550.0,550.0,0.035384124960153016,0.03183698445570877,0.039310426032854305
pre_neuropil,AVLP_L | PVLP_L,11,1100-1200,1150.0,9293,246,366.0,366.0,0.026471537716560852,0.0233980816108395,0.02993633251965402
pre_neuropil,AVLP_L | PVLP_L,12,1200-1300,1250.0,9271,221,372.0,372.0,0.023837773702944667,0.02092420401034196,0.027145792139241873
pre_neuropil,AVLP_L | PVLP_L,13,1300-1400,1350.0,8991,173,307.0,307.0,0.01924146368590813,0.01660041416358057,0.0222931667973115
pre_neuropil,AVLP_L | PVLP_L,14,1400-1500,1450.0,9048,143,193.0,193.0,0.015804597701149427,0.013432555118207278,0.01858762517306075
pre_neuropil,AVLP_L | PVLP_L,15,1500-1600,1550.0,8902,102,148.0,148.0,0.011458099303527296,0.009448404681526922,0.013889266179360607
pre_neuropil,AVLP_L | PVLP_L,16,1600-1700,1650.0,9008,112,188.0,188.0,0.012433392539964476,0.010343964003613875,0.014938504343366391
pre_neuropil,AVLP_L | PVLP_L,17,1700-1800,1750.0,8779,88,133.0,133.0,0.01002392071989976,0.008143855479860108,0.012332615369847574
pre_neuropil,AVLP_L | PVLP_L,18,1800-1900,1850.0,8612,81,129.0,129.0,0.009405480724570366,0.007574325958424168,0.011674124477340573
pre_neuropil,AVLP_L | PVLP_L,19,1900-2000,1950.0,8722,79,122.0,122.0,0.009057555606512268,0.007274136475753837,0.011273254987322918
pre_neuropil,AVLP_R | AVLP_R,0,0-100,50.0,308349,148048,1288524.0,1288524.0,0.4801312798160526,0.47836809443754824,0.48189496026166934
pre_neuropil,AVLP_R | AVLP_R,1,100-200,150.0,88382,23884,80101.0,80101.0,0.27023602090923493,0.2673182837397377,0.2731737309903682
pre_neuropil,AVLP_R | AVLP_R,2,200-300,250.0,48801,10583,30121.0,30121.0,0.21686031023954427,0.21322629279463196,0.22053890151756506
pre_neuropil,AVLP_R | AVLP_R,3,300-400,350.0,40348,7429,19442.0,19442.0,0.18412312877961734,0.18037134840732538,0.18793505374706854
pre_neuropil,AVLP_R | AVLP_R,4,400-500,450.0,36319,5655,13645.0,13645.0,0.15570362620116193,0.15201111448643578,0.15946896530996435
pre_neuropil,AVLP_R | AVLP_R,5,500-600,550.0,32115,4216,9610.0,9610.0,0.13127821890082517,0.1276287718242431,0.1350158685104818
pre_neuropil,AVLP_R | AVLP_R,6,600-700,650.0,30474,3302,7090.0,7090.0,0.1083546629914025,0.10491401320896777,0.11189404317255765
pre_neuropil,AVLP_R | AVLP_R,7,700-800,750.0,27986,2606,5502.0,5502.0,0.09311798756521118,0.08976891561945938,0.09657874845592435
pre_neuropil,AVLP_R | AVLP_R,8,800-900,850.0,25835,2000,3908.0,3908.0,0.0774143603638475,0.07421796325429891,0.08073641364779877
pre_neuropil,AVLP_R | AVLP_R,9,900-1000,950.0,24937,1713,3226.0,3226.0,0.06869310662870433,0.0656197491596592,0.0718993311908611
pre_neuropil,AVLP_R | AVLP_R,10,1000-1100,1050.0,22721,1363,2588.0,2588.0,0.05998855684168831,0.05697454813590565,0.06315133208145085
pre_neuropil,AVLP_R | AVLP_R,11,1100-1200,1150.0,21615,1127,2265.0,2265.0,0.05213971778857275,0.04925479120637843,0.05518381109135063
pre_neuropil,AVLP_R | AVLP_R,12,1200-1300,1250.0,20157,935,1896.0,1896.0,0.04638587091333036,0.04356779297704584,0.04937681901772327
pre_neuropil,AVLP_R | AVLP_R,13,1300-1400,1350.0,19118,771,1430.0,1430.0,0.040328486243330894,0.03763088413460225,0.043210785425091214
pre_neuropil,AVLP_R | AVLP_R,14,1400-1500,1450.0,18314,658,1299.0,1299.0,0.03592879764114885,0.0333291418693441,0.03872310253918926
pre_neuropil,AVLP_R | AVLP_R,15,1500-1600,1550.0,17239,545,968.0,968.0,0.03161436278206393,0.02910496384921051,0.034332468644514884
pre_neuropil,AVLP_R | AVLP_R,16,1600-1700,1650.0,16590,475,903.0,903.0,0.02863170584689572,0.02620103176479481,0.031280630588785815
pre_neuropil,AVLP_R | AVLP_R,17,1700-1800,1750.0,15903,441,881.0,881.0,0.027730616864742503,0.025290380741769175,0.030398964904320612
pre_neuropil,AVLP_R | AVLP_R,18,1800-1900,1850.0,15233,362,660.0,660.0,0.02376419615308869,0.021462780730331664,0.02630575418703599
pre_neuropil,AVLP_R | AVLP_R,19,1900-2000,1950.0,14620,327,585.0,585.0,0.022366621067031463,0.02009211133192652,0.024892073945353834
pre_neuropil,AVLP_R | FB,10,1000-1100,1050.0,161,3,4.0,4.0,0.018633540372670808,0.006356878364068758,0.05334649748280485
pre_neuropil,AVLP_R | FB,11,1100-1200,1150.0,188,3,3.0,3.0,0.015957446808510637,0.005441459875889183,0.04585919649895339
pre_neuropil,AVLP_R | FB,12,1200-1300,1250.0,212,1,12.0,12.0,0.0047169811320754715,0.0008331274072520493,0.026231164184359577
pre_neuropil,AVLP_R | FB,14,1400-1500,1450.0,260,0,0.0,0.0,0.0,0.0,0.014560251302296528
pre_neuropil,AVLP_R | FB,16,1600-1700,1650.0,291,2,2.0,2.0,0.006872852233676976,0.0018867723408722593,0.02470920326094241
pre_neuropil,AVLP_R | FB,19,1900-2000,1950.0,494,2,2.0,2.0,0.004048582995951417,0.0011109472540055017,0.014640247503523798
pre_neuropil,AVLP_R | ICL_R,0,0-100,50.0,65826,24391,145783.0,145783.0,0.37053747759244066,0.36685571036540093,0.3742343547821961
pre_neuropil,AVLP_R | ICL_R,1,100-200,150.0,24364,5264,14639.0,14639.0,0.21605647676900344,0.21093362894132128,0.22126885221728904
pre_neuropil,AVLP_R | ICL_R,2,200-300,250.0,14388,2481,5729.0,5729.0,0.1724353628023353,0.16635037753438287,0.17869522107754188
pre_neuropil,AVLP_R | ICL_R,3,300-400,350.0,12210,1627,3374.0,3374.0,0.13325143325143324,0.12733852622127792,0.13939504595801086
pre_neuropil,AVLP_R | ICL_R,4,400-500,450.0,11530,1255,2511.0,2511.0,0.10884648742411102,0.10329129668801589,0.11466224274675492
pre_neuropil,AVLP_R | ICL_R,5,500-600,550.0,10436,1003,1936.0,1936.0,0.09610962054426983,0.09060235901765144,0.10191412514049898
pre_neuropil,AVLP_R | ICL_R,6,600-700,650.0,10151,806,1519.0,1519.0,0.07940104423209536,0.0742991789202905,0.08482113665410507
pre_neuropil,AVLP_R | ICL_R,7,700-800,750.0,9369,609,1043.0,1043.0,0.06500160102465578,0.06018570447313037,0.07017407883954184
pre_neuropil,AVLP_R | ICL_R,8,800-900,850.0,9021,484,868.0,868.0,0.05365258840483317,0.04918973223314806,0.05849543755420863
pre_neuropil,AVLP_R | ICL_R,9,900-1000,950.0,8379,377,700.0,700.0,0.04499343597087958,0.040759556953103536,0.04964434618160438
pre_neuropil,AVLP_R | ICL_R,10,1000-1100,1050.0,7840,284,482.0,482.0,0.036224489795918365,0.03231034500560954,0.04059291199029919
pre_neuropil,AVLP_R | ICL_R,11,1100-1200,1150.0,7631,255,414.0,414.0,0.033416328135237844,0.029612874383797113,0.03768932085755538
pre_neuropil,AVLP_R | ICL_R,12,1200-1300,1250.0,7374,214,391.0,391.0,0.029020884187686467,0.025427811498732633,0.03310442915007718
pre_neuropil,AVLP_R | ICL_R,13,1300-1400,1350.0,6959,171,249.0,249.0,0.0245724960482828,0.021188843686404744,0.028480762469794474
pre_neuropil,AVLP_R | ICL_R,14,1400-1500,1450.0,6675,146,238.0,238.0,0.021872659176029964,0.018628954564552925,0.025666391502645314
pre_neuropil,AVLP_R | ICL_R,15,1500-1600,1550.0,6349,128,229.0,229.0,0.02016065522129469,0.016982434726221393,0.023919198961607366
pre_neuropil,AVLP_R | ICL_R,16,1600-1700,1650.0,6171,94,160.0,160.0,0.01523253929671042,0.012464386061148474,0.018603876483432424
pre_neuropil,AVLP_R | ICL_R,17,1700-1800,1750.0,5911,81,124.0,124.0,0.013703265098968026,0.011039533744084338,0.016998681176159675
pre_neuropil,AVLP_R | ICL_R,18,1800-1900,1850.0,5731,83,149.0,149.0,0.01448263828302216,0.01169873011704415,0.017917013759822475
pre_neuropil,AVLP_R | ICL_R,19,1900-2000,1950.0,5682,67,107.0,107.0,0.011791622668074622,0.009296271080108175,0.014946683560063297
pre_neuropil,AVLP_R | LO_R,0,0-100,50.0,76739,34354,206381.0,206381.0,0.447673282164219,0.4441577392630684,0.45119406381637356
pre_neuropil,AVLP_R | LO_R,1,100-200,150.0,28114,5910,13265.0,13265.0,0.21021555097104647,0.20549229395688196,0.2150179915836697
pre_neuropil,AVLP_R | LO_R,2,200-300,250.0,17644,2381,4702.0,4702.0,0.1349467240988438,0.12998460734819148,0.14006777118177002
pre_neuropil,AVLP_R | LO_R,3,300-400,350.0,14849,1564,2715.0,2715.0,0.10532695804431275,0.10049109502403075,0.11036698078013055
pre_neuropil,AVLP_R | LO_R,4,400-500,450.0,14241,1092,1793.0,1793.0,0.07668000842637455,0.07242305192219775,0.08116528983935611
pre_neuropil,AVLP_R | LO_R,5,500-600,550.0,12546,763,1261.0,1261.0,0.06081619639725809,0.056767071691225225,0.06513419597098974
pre_neuropil,AVLP_R | LO_R,6,600-700,650.0,11822,510,846.0,846.0,0.04313990864489934,0.0396234344941787,0.046953202892880505
pre_neuropil,AVLP_R | LO_R,7,700-800,750.0,11078,399,633.0,633.0,0.036017331648311966,0.032705159053441714,0.039651190093436546
pre_neuropil,AVLP_R | LO_R,8,800-900,850.0,10272,286,430.0,430.0,0.027842679127725856,0.024833245625082254,0.031205142510445254
pre_neuropil,AVLP_R | LO_R,9,900-1000,950.0,9686,219,308.0,308.0,0.022609952508775552,0.019833241549104402,0.025765192175550088
pre_neuropil,AVLP_R | LO_R,10,1000-1100,1050.0,9160,206,323.0,323.0,0.022489082969432313,0.01964693310850074,0.025731590239174755
pre_neuropil,AVLP_R | LO_R,11,1100-1200,1150.0,8680,150,243.0,243.0,0.01728110599078341,0.014745400932443961,0.020243906104202125
pre_neuropil,AVLP_R | LO_R,12,1200-1300,1250.0,7901,101,139.0,139.0,0.01278319200101253,0.010532193107918017,0.015507746768929107
pre_neuropil,AVLP_R | LO_R,13,1300-1400,1350.0,7691,105,150.0,150.0,0.013652320894552074,0.011290950214242246,0.016499303453877446
pre_neuropil,AVLP_R | LO_R,14,1400-1500,1450.0,7429,83,107.0,107.0,0.011172432359671558,0.009022227957207632,0.01382792937696723
pre_neuropil,AVLP_R | LO_R,15,1500-1600,1550.0,6968,67,113.0,113.0,0.009615384615384616,0.007579016055754243,0.01219217323804727
pre_neuropil,AVLP_R | LO_R,16,1600-1700,1650.0,6649,52,81.0,81.0,0.007820724921040759,0.005969176622494785,0.010240678727135067
pre_neuropil,AVLP_R | LO_R,17,1700-1800,1750.0,6278,48,63.0,63.0,0.007645747053201656,0.005771849133944351,0.010121834017824391
pre_neuropil,AVLP_R | LO_R,18,1800-1900,1850.0,6323,50,67.0,67.0,0.007907638779060573,0.006003535723928488,0.010409329741203437
pre_neuropil,AVLP_R | LO_R,19,1900-2000,1950.0,5857,45,66.0,66.0,0.007683114222298105,0.005747165957730409,0.010264459403378138
pre_neuropil,AVLP_R | MB_ML_L,0,0-100,50.0,110,18,39.0,39.0,0.16363636363636364,0.10608722310923731,0.24388677585072116
pre_neuropil,AVLP_R | MB_ML_L,5,500-600,550.0,47,1,1.0,1.0,0.02127659574468085,0.003765671010464995,0.11113236524331144
pre_neuropil,AVLP_R | MB_ML_L,8,800-900,850.0,67,2,2.0,2.0,0.029850746268656716,0.008224522347453904,0.10246750041883029
pre_neuropil,AVLP_R | MB_ML_L,9,900-1000,950.0,88,1,1.0,1.0,0.011363636363636364,0.00200873360043052,0.06159643007267622
pre_neuropil,AVLP_R | MB_ML_L,14,1400-1500,1450.0,162,1,1.0,1.0,0.006172839506172839,0.00109046202853268,0.034133510726192307
pre_neuropil,AVLP_R | MB_ML_L,16,1600-1700,1650.0,198,0,0.0,0.0,0.0,0.0,0.01903274647049964
pre_neuropil,AVLP_R | MB_ML_L,17,1700-1800,1750.0,201,1,1.0,1.0,0.004975124378109453,0.0008787495223456909,0.02763889533104346
pre_neuropil,AVLP_R | MB_ML_R,0,0-100,50.0,230,67,119.0,119.0,0.29130434782608694,0.23639507106784005,0.3530706185271679
pre_neuropil,AVLP_R | MB_ML_R,1,100-200,150.0,126,24,27.0,27.0,0.19047619047619047,0.13147240067177074,0.26779563052932354
pre_neuropil,AVLP_R | MB_ML_R,2,200-300,250.0,80,12,13.0,13.0,0.15,0.08793954037414209,0.2441342750110605
pre_neuropil,AVLP_R | MB_ML_R,5,500-600,550.0,118,15,18.0,18.0,0.1271186440677966,0.07857021672279302,0.1991805679024909
pre_neuropil,AVLP_R | MB_ML_R,8,800-900,850.0,173,4,4.0,4.0,0.023121387283236993,0.009027193027358965,0.057934426862983585
pre_neuropil,AVLP_R | MB_ML_R,12,1200-1300,1250.0,282,2,2.0,2.0,0.0070921985815602835,0.0019470554168142373,0.02548632027097928
pre_neuropil,AVLP_R | MB_ML_R,13,1300-1400,1350.0,307,3,3.0,3.0,0.009771986970684038,0.003328755025579685,0.028332386855043752
pre_neuropil,AVLP_R | MB_ML_R,14,1400-1500,1450.0,333,1,1.0,1.0,0.003003003003003003,0.0005302869582338946,0.016811989055180124
pre_neuropil,AVLP_R | MB_ML_R,15,1500-1600,1550.0,412,0,0.0,0.0,0.0,0.0,0.009238132981404456
pre_neuropil,AVLP_R | MB_ML_R,16,1600-1700,1650.0,406,3,4.0,4.0,0.007389162561576354,0.0025160545466364464,0.021497125179384534
pre_neuropil,AVLP_R | MB_ML_R,17,1700-1800,1750.0,474,2,2.0,2.0,0.004219409282700422,0.0011578536224296611,0.015252605408345388
pre_neuropil,AVLP_R | MB_ML_R,19,1900-2000,1950.0,600,0,0.0,0.0,0.0,0.0,0.006361933328210577
pre_neuropil,AVLP_R | PVLP_R,0,0-100,50.0,71989,39923,285445.0,285445.0,0.5545708372112406,0.5509373170089183,0.5581985335198653
pre_neuropil,AVLP_R | PVLP_R,1,100-200,150.0,20107,5839,13905.0,13905.0,0.29039637937036855,0.2841622911834265,0.29671054508812966
pre_neuropil,AVLP_R | PVLP_R,2,200-300,250.0,11679,2493,4937.0,4937.0,0.21346005651168765,0.20612347995425756,0.22098507555333397
pre_neuropil,AVLP_R | PVLP_R,3,300-400,350.0,10136,1648,2809.0,2809.0,0.16258879242304658,0.1555333255488201,0.1698999238226494
pre_neuropil,AVLP_R | PVLP_R,4,400-500,450.0,9649,1211,2048.0,2048.0,0.1255052337029744,0.11904355905567356,0.13226498826369817
pre_neuropil,AVLP_R | PVLP_R,5,500-600,550.0,9101,899,1413.0,1413.0,0.09878035380727393,0.0928185726221483,0.10508070769042738
pre_neuropil,AVLP_R | PVLP_R,6,600-700,650.0,8994,686,1103.0,1103.0,0.07627307093617967,0.07096640508280361,0.08194155453275576
pre_neuropil,AVLP_R | PVLP_R,7,700-800,750.0,8789,471,748.0,748.0,0.053589714415746954,0.04907341252996695,0.058496090371120225
pre_neuropil,AVLP_R | PVLP_R,8,800-900,850.0,8829,406,625.0,625.0,0.045984822743232526,0.041809741509962264,0.05055482664894141
pre_neuropil,AVLP_R | PVLP_R,9,900-1000,950.0,8662,329,505.0,505.0,0.03798199030247056,0.03415691834895455,0.04221669088018253
pre_neuropil,AVLP_R | PVLP_R,10,1000-1100,1050.0,8933,256,380.0,380.0,0.028657785738273815,0.025395302071373402,0.03232549271142771
pre_neuropil,AVLP_R | PVLP_R,11,1100-1200,1150.0,8952,201,309.0,309.0,0.022453083109919572,0.019582712720662573,0.02573314011889636
pre_neuropil,AVLP_R | PVLP_R,12,1200-1300,1250.0,8809,132,195.0,195.0,0.014984674764445453,0.01265075270307665,0.017741442250251455
pre_neuropil,AVLP_R | PVLP_R,13,1300-1400,1350.0,8804,133,203.0,203.0,0.01510676965015902,0.01276206844890131,0.017874449810010157
pre_neuropil,AVLP_R | PVLP_R,14,1400-1500,1450.0,8970,112,163.0,163.0,0.012486064659977704,0.010387826821189237,0.0150017008923376
pre_neuropil,AVLP_R | PVLP_R,15,1500-1600,1550.0,8816,77,117.0,117.0,0.008734119782214157,0.0069944283091338405,0.01090176610778177
pre_neuropil,AVLP_R | PVLP_R,16,1600-1700,1650.0,8949,75,108.0,108.0,0.008380824673147838,0.006691639949129077,0.010491909908382082
pre_neuropil,AVLP_R | PVLP_R,17,1700-1800,1750.0,8822,63,81.0,81.0,0.007141237814554523,0.005585969115932627,0.009125557091381131
pre_neuropil,AVLP_R | PVLP_R,18,1800-1900,1850.0,8878,47,69.0,69.0,0.005293985131786439,0.003983676088078921,0.007032237548570488
pre_neuropil,AVLP_R | PVLP_R,19,1900-2000,1950.0,8897,35,63.0,63.0,0.003933910306845004,0.0028300461601809606,0.005465978341591995
pre_neuropil,AVLP_R | SLP_R,0,0-100,50.0,41225,12599,60009.0,60009.0,0.3056155245603396,0.30118684482805297,0.3100804288078864
pre_neuropil,AVLP_R | SLP_R,1,100-200,150.0,18775,3392,8413.0,8413.0,0.18066577896138483,0.17522783603803666,0.18623437470876475
pre_neuropil,AVLP_R | SLP_R,2,200-300,250.0,11850,1663,3620.0,3620.0,0.14033755274261603,0.13420018428746353,0.14670804043522892
pre_neuropil,AVLP_R | SLP_R,3,300-400,350.0,10398,1200,2366.0,2366.0,0.1154068090017311,0.10940691995967326,0.12169077335647953
pre_neuropil,AVLP_R | SLP_R,4,400-500,450.0,10080,1047,1974.0,1974.0,0.10386904761904762,0.09806318363808204,0.10997673638604845
pre_neuropil,AVLP_R | SLP_R,5,500-600,550.0,9423,783,1366.0,1366.0,0.0830945558739255,0.07768972882773063,0.08883917519034475
pre_neuropil,AVLP_R | SLP_R,6,600-700,650.0,9201,636,1109.0,1109.0,0.0691229214215846,0.06411753490248723,0.07448795723330354
pre_neuropil,AVLP_R | SLP_R,7,700-800,750.0,8824,486,816.0,816.0,0.05507706255666364,0.0505077784659479,0.0600335796843841
pre_neuropil,AVLP_R | SLP_R,8,800-900,850.0,8655,413,704.0,704.0,0.047718082033506644,0.04342421855837838,0.05241326621556645
pre_neuropil,AVLP_R | SLP_R,9,900-1000,950.0,8369,343,548.0,548.0,0.04098458597203967,0.03694335767543067,0.04544702219273738
pre_neuropil,AVLP_R | SLP_R,10,1000-1100,1050.0,7928,276,425.0,425.0,0.03481331987891019,0.030998228258282065,0.0390790158460379
pre_neuropil,AVLP_R | SLP_R,11,1100-1200,1150.0,7736,247,380.0,380.0,0.03192864529472596,0.02823726111190038,0.03608467539904837
pre_neuropil,AVLP_R | SLP_R,12,1200-1300,1250.0,7343,189,286.0,286.0,0.025738798856053385,0.022357228796546138,0.029616343085009055
pre_neuropil,AVLP_R | SLP_R,13,1300-1400,1350.0,7172,152,226.0,226.0,0.021193530395984383,0.018107520000710003,0.02479220063972331
pre_neuropil,AVLP_R | SLP_R,14,1400-1500,1450.0,7008,139,187.0,187.0,0.01983447488584475,0.016823335504427626,0.023371753899759713
pre_neuropil,AVLP_R | SLP_R,15,1500-1600,1550.0,6835,116,183.0,183.0,0.016971470373079736,0.014169490235444313,0.0203161162158003
pre_neuropil,AVLP_R | SLP_R,16,1600-1700,1650.0,6822,111,162.0,162.0,0.016270888302550572,0.013529427786216873,0.01955683662402083
pre_neuropil,AVLP_R | SLP_R,17,1700-1800,1750.0,6496,75,129.0,129.0,0.011545566502463054,0.009221149904360853,0.014447365340687577
pre_neuropil,AVLP_R | SLP_R,18,1800-1900,1850.0,6239,76,120.0,120.0,0.012181439333226478,0.009743964331409926,0.0152192831743413
pre_neuropil,AVLP_R | SLP_R,19,1900-2000,1950.0,6450,62,118.0,118.0,0.009612403100775194,0.007505987425314751,0.012302617731650985
pre_neuropil,AVLP_R | WED_L,0,0-100,50.0,3343,2009,21032.0,21032.0,0.6009572240502543,0.5842500357596396,0.6174326491932427
pre_neuropil,AVLP_R | WED_L,1,100-200,150.0,1012,393,1447.0,1447.0,0.3883399209486166,0.35878800841743996,0.4187363615237004
pre_neuropil,AVLP_R | WED_L,2,200-300,250.0,694,226,700.0,700.0,0.3256484149855908,0.2918257211538111,0.36139071076999496
pre_neuropil,AVLP_R | WED_L,3,300-400,350.0,574,165,390.0,390.0,0.2874564459930314,0.2519409841438982,0.32579796715348164
pre_neuropil,AVLP_R | WED_L,4,400-500,450.0,505,105,263.0,263.0,0.2079207920792079,0.17479574246618804,0.2454560608454908
pre_neuropil,AVLP_R | WED_L,5,500-600,550.0,523,99,266.0,266.0,0.18929254302103252,0.15803006640645,0.2250862250936897
pre_neuropil,AVLP_R | WED_L,6,600-700,650.0,527,86,181.0,181.0,0.16318785578747627,0.13409464252249798,0.19715596029386
pre_neuropil,AVLP_R | WED_L,7,700-800,750.0,486,56,95.0,95.0,0.11522633744855967,0.08980723097839655,0.14668064591895147
pre_neuropil,AVLP_R | WED_L,9,900-1000,950.0,438,36,71.0,71.0,0.0821917808219178,0.059957873764356406,0.11169097052735358
pre_neuropil,AVLP_R | WED_L,10,1000-1100,1050.0,460,34,65.0,65.0,0.07391304347826087,0.05337195735148692,0.10151195129318832
pre_neuropil,AVLP_R | WED_L,11,1100-1200,1150.0,437,28,41.0,41.0,0.06407322654462243,0.04469863030420369,0.09104536481785376
pre_neuropil,AVLP_R | WED_L,12,1200-1300,1250.0,458,29,55.0,55.0,0.06331877729257641,0.04444486243992206,0.08945732393739865
pre_neuropil,AVLP_R | WED_L,13,1300-1400,1350.0,416,17,38.0,38.0,0.040865384615384616,0.02566827028272449,0.06446477036879741
pre_neuropil,AVLP_R | WED_L,14,1400-1500,1450.0,432,19,32.0,32.0,0.04398148148148148,0.028334505753110084,0.06766734446036196
pre_neuropil,AVLP_R | WED_L,15,1500-1600,1550.0,417,11,23.0,23.0,0.026378896882494004,0.014792032424850433,0.04661254354862747
pre_neuropil,AVLP_R | WED_L,16,1600-1700,1650.0,374,12,14.0,14.0,0.03208556149732621,0.01844765780692477,0.05523824655088019
pre_neuropil,AVLP_R | WED_L,17,1700-1800,1750.0,432,13,25.0,25.0,0.03009259259259259,0.01766895944829955,0.05079995219299398
pre_neuropil,AVLP_R | WED_L,18,1800-1900,1850.0,388,7,14.0,14.0,0.01804123711340206,0.008765943733604807,0.036766740902227625
pre_neuropil,AVLP_R | WED_L,19,1900-2000,1950.0,366,10,14.0,14.0,0.0273224043715847,0.014907235130610815,0.049557119338978314
pre_neuropil,CRE_R | MB_CA_R,0,0-100,50.0,753,516,9589.0,9589.0,0.6852589641434262,0.6512182437211868,0.7174189982063183
pre_neuropil,CRE_R | MB_CA_R,1,100-200,150.0,178,59,309.0,309.0,0.33146067415730335,0.2665077432412962,0.4035347552848936
pre_neuropil,CRE_R | MB_CA_R,2,200-300,250.0,113,27,100.0,100.0,0.23893805309734514,0.1697232541275941,0.325319607319014
pre_neuropil,CRE_R | MB_CA_R,7,700-800,750.0,94,10,39.0,39.0,0.10638297872340426,0.058818256468396224,0.18485723534694615
pre_neuropil,CRE_R | MB_CA_R,10,1000-1100,1050.0,88,4,10.0,10.0,0.045454545454545456,0.017815960935119883,0.11111907503986312
pre_neuropil,CRE_R | MB_CA_R,11,1100-1200,1150.0,78,2,2.0,2.0,0.02564102564102564,0.007059945446585378,0.08875440813398978
pre_neuropil,CRE_R | MB_CA_R,17,1700-1800,1750.0,75,0,0.0,0.0,0.0,0.0,0.04872554590470005
pre_neuropil,CRE_R | PVLP_R,1,100-200,150.0,136,11,22.0,22.0,0.08088235294117647,0.045761490774321255,0.13903044524471742
pre_neuropil,CRE_R | PVLP_R,5,500-600,550.0,95,1,10.0,10.0,0.010526315789473684,0.0018605283639709924,0.05724009323665061
pre_neuropil,CRE_R | PVLP_R,6,600-700,650.0,106,3,3.0,3.0,0.02830188679245283,0.009671108644619023,0.07992700354602641
pre_neuropil,CRE_R | PVLP_R,7,700-800,750.0,85,2,12.0,12.0,0.023529411764705882,0.0064763754542195365,0.08178858150288165
pre_neuropil,CRE_R | PVLP_R,9,900-1000,950.0,101,0,0.0,0.0,0.0,0.0,0.03664194365595336
pre_neuropil,CRE_R | PVLP_R,11,1100-1200,1150.0,106,1,2.0,2.0,0.009433962264150943,0.0016672287844913501,0.05151480789377989
pre_neuropil,CRE_R | PVLP_R,14,1400-1500,1450.0,98,0,0.0,0.0,0.0,0.0,0.037721324095458045
pre_neuropil,CRE_R | PVLP_R,16,1600-1700,1650.0,122,0,0.0,0.0,0.0,0.0,0.0305272660233182
pre_neuropil,EB | EB,0,0-100,50.0,28525,24023,273891.0,273891.0,0.8421735319894829,0.8378965783345118,0.8463583337191201
pre_neuropil,EB | EB,1,100-200,150.0,2605,892,1729.0,1729.0,0.3424184261036468,0.3244400123218556,0.3608609273749048
pre_neuropil,EB | EB,2,200-300,250.0,1538,327,518.0,518.0,0.21261378413524057,0.19289398275800673,0.23376566892086875
pre_neuropil,EB | EB,3,300-400,350.0,1483,218,307.0,307.0,0.14699932569116655,0.12988897255371068,0.1659337970002216
pre_neuropil,EB | EB,4,400-500,450.0,1464,152,210.0,210.0,0.10382513661202186,0.08922257528513794,0.12050141673143935
pre_neuropil,EB | EB,5,500-600,550.0,1460,102,133.0,133.0,0.06986301369863014,0.057884250425755915,0.08409941775254971
pre_neuropil,EB | EB,6,600-700,650.0,1470,79,87.0,87.0,0.05374149659863946,0.043333017750257545,0.06647634032458578
pre_neuropil,EB | EB,7,700-800,750.0,1363,37,48.0,48.0,0.02714600146735143,0.019757722302916676,0.03719225639249323
pre_neuropil,EB | EB,8,800-900,850.0,1301,25,26.0,26.0,0.01921598770176787,0.013049221637657616,0.02821371786396465
pre_neuropil,EB | EB,9,900-1000,950.0,1316,24,31.0,31.0,0.0182370820668693,0.012285413376107415,0.026993239456171856
pre_neuropil,EB | EB,10,1000-1100,1050.0,1224,11,13.0,13.0,0.008986928104575163,0.005025439733391253,0.016020923250237906
pre_neuropil,EB | EB,11,1100-1200,1150.0,1172,12,14.0,14.0,0.010238907849829351,0.00586662127165304,0.017811397944540706
pre_neuropil,EB | EB,12,1200-1300,1250.0,1041,14,16.0,16.0,0.013448607108549471,0.008027661841523398,0.022447388156485868
pre_neuropil,EB | EB,13,1300-1400,1350.0,1041,8,9.0,9.0,0.007684918347742555,0.0038990718666900856,0.015090983659429857
pre_neuropil,EB | EB,14,1400-1500,1450.0,956,8,9.0,9.0,0.008368200836820083,0.004246230337430239,0.016425513833691327
pre_neuropil,EB | EB,15,1500-1600,1550.0,904,4,5.0,5.0,0.004424778761061947,0.0017219871503532927,0.011321698003532582
pre_neuropil,EB | EB,16,1600-1700,1650.0,806,3,3.0,3.0,0.0037220843672456576,0.0012666117621200502,0.010885888183548336
pre_neuropil,EB | EB,17,1700-1800,1750.0,800,2,2.0,2.0,0.0025,0.0006858437481711832,0.009069311993955127
pre_neuropil,EB | EB,18,1800-1900,1850.0,774,0,0.0,0.0,0.0,0.0,0.004938794736614755
pre_neuropil,EB | EB,19,1900-2000,1950.0,729,3,3.0,3.0,0.00411522633744856,0.0014004889470918408,0.012028879691369732
pre_neuropil,EB | GA_L,0,0-100,50.0,797,584,6968.0,6968.0,0.7327478042659975,0.7009616879875187,0.7623009597071067
pre_neuropil,EB | GA_L,6,600-700,650.0,58,6,7.0,7.0,0.10344827586206896,0.04828075015859154,0.20788338531008968
pre_neuropil,EB | GA_L,9,900-1000,950.0,62,2,3.0,3.0,0.03225806451612903,0.008891184997076404,0.11020677131018222
pre_neuropil,EB | GA_L,15,1500-1600,1550.0,69,0,0.0,0.0,0.0,0.0,0.05273909414400562
pre_neuropil,EB | GA_L,18,1800-1900,1850.0,57,1,1.0,1.0,0.017543859649122806,0.003103584706680089,0.09290966938262721
pre_neuropil,EB | GA_L,19,1900-2000,1950.0,70,0,0.0,0.0,0.0,0.0,0.05202487486728348
pre_neuropil,EB | MB_ML_L,8,800-900,850.0,72,0,0.0,0.0,0.0,0.0,0.05065293981139638
pre_neuropil,EB | MB_ML_L,11,1100-1200,1150.0,135,0,0.0,0.0,0.0,1.734723475976807e-18,0.027668940720936668
pre_neuropil,EB | MB_ML_L,13,1300-1400,1350.0,222,1,4.0,4.0,0.0045045045045045045,0.0007955782235107185,0.025070338418950188
pre_neuropil,EB | MB_ML_L,14,1400-1500,1450.0,230,1,1.0,1.0,0.004347826086956522,0.0007678910476641276,0.02421312174047964
pre_neuropil,EB | MB_ML_L,17,1700-1800,1750.0,426,0,0.0,0.0,0.0,0.0,0.008937245720283937
pre_neuropil,EB | MB_ML_L,18,1800-1900,1850.0,549,0,0.0,0.0,0.0,0.0,0.006948825848127203
pre_neuropil,EB | MB_ML_R,9,900-1000,950.0,92,1,1.0,1.0,0.010869565217391304,0.0019212795763616508,0.05902928886156091
pre_neuropil,EB | MB_ML_R,10,1000-1100,1050.0,129,0,0.0,0.0,0.0,0.0,0.028918651988533713
pre_neuropil,EB | MB_ML_R,11,1100-1200,1150.0,185,0,0.0,0.0,0.0,0.0,0.02034297527663396
pre_neuropil,EB | MB_ML_R,14,1400-1500,1450.0,357,0,0.0,0.0,0.0,0.0,0.010646222608479732
pre_neuropil,EB | MB_ML_R,15,1500-1600,1550.0,405,0,0.0,0.0,0.0,0.0,0.009396304094299602
pre_neuropil,EB | MB_ML_R,16,1600-1700,1650.0,466,0,0.0,0.0,0.0,0.0,0.008176372632819229
pre_neuropil,EB | MB_ML_R,17,1700-1800,1750.0,512,0,0.0,0.0,0.0,0.0,0.007447247372061501
pre_neuropil,EB | MB_ML_R,18,1800-1900,1850.0,571,0,0.0,0.0,0.0,0.0,0.00668288446765161
pre_neuropil,EB | MB_ML_R,19,1900-2000,1950.0,645,0,0.0,0.0,0.0,0.0,0.0059207054541509044
pre_neuropil,EB | PB,0,0-100,50.0,3609,2182,15391.0,15391.0,0.6045996120809088,0.5885444859671256,0.620432292865359
pre_neuropil,EB | PB,1,100-200,150.0,838,371,1599.0,1599.0,0.44272076372315033,0.4094272875411446,0.4765370078797518
pre_neuropil,EB | PB,2,200-300,250.0,410,139,453.0,453.0,0.33902439024390246,0.29488557157521494,0.3861518108435656
pre_neuropil,EB | PB,3,300-400,350.0,332,107,333.0,333.0,0.32228915662650603,0.27429629243904124,0.37434759205888885
pre_neuropil,EB | PB,4,400-500,450.0,318,92,240.0,240.0,0.2893081761006289,0.24221926656893772,0.3414268500300353
pre_neuropil,EB | PB,5,500-600,550.0,209,49,107.0,107.0,0.23444976076555024,0.18212457450113434,0.29636083436630517
pre_neuropil,EB | PB,6,600-700,650.0,221,33,49.0,49.0,0.1493212669683258,0.10834253982842995,0.20228325184001578
pre_neuropil,EB | PB,7,700-800,750.0,210,29,39.0,39.0,0.1380952380952381,0.09790074277842073,0.1912927537161809
pre_neuropil,EB | PB,8,800-900,850.0,167,25,38.0,38.0,0.1497005988023952,0.10350039506050464,0.21165469597118786
pre_neuropil,EB | PB,10,1000-1100,1050.0,140,8,11.0,11.0,0.05714285714285714,0.02923613475481686,0.10870448882000434
pre_neuropil,EB | PB,16,1600-1700,1650.0,96,3,4.0,4.0,0.03125,0.010683876777878007,0.08788826148913696
pre_neuropil,FB | FB,0,0-100,50.0,213014,119162,743128.0,743128.0,0.5594092407071836,0.557299877860161,0.5615164607614955
pre_neuropil,FB | FB,1,100-200,150.0,55549,14502,28176.0,28176.0,0.2610668058830942,0.25743086591451964,0.2647357913532879
pre_neuropil,FB | FB,2,200-300,250.0,32829,5714,9631.0,9631.0,0.17405342837125712,0.16999011135550887,0.17819302001256623
pre_neuropil,FB | FB,3,300-400,350.0,27829,3588,5541.0,5541.0,0.12893025261417945,0.12504399311648728,0.13291894517005837
pre_neuropil,FB | FB,4,400-500,450.0,25849,2545,3747.0,3747.0,0.09845641997756199,0.09488383576193907,0.10214833883661645
pre_neuropil,FB | FB,5,500-600,550.0,22904,1604,2253.0,2253.0,0.07003143555710793,0.0667979580996801,0.07340912278043214
pre_neuropil,FB | FB,6,600-700,650.0,22117,1236,1726.0,1726.0,0.05588461364561197,0.05293374780534716,0.05898973344231025
pre_neuropil,FB | FB,7,700-800,750.0,20639,898,1232.0,1232.0,0.04350985997383594,0.04081056562181536,0.04637905850435146
pre_neuropil,FB | FB,8,800-900,850.0,19558,670,933.0,933.0,0.03425708150117599,0.031797979161318136,0.03689911119851793
pre_neuropil,FB | FB,9,900-1000,950.0,18867,502,689.0,689.0,0.026607303757884136,0.024405477833801183,0.02900186993387867
pre_neuropil,FB | FB,10,1000-1100,1050.0,17383,387,502.0,502.0,0.02226313064488293,0.020173090600882952,0.024564281366662895
pre_neuropil,FB | FB,11,1100-1200,1150.0,16737,317,389.0,389.0,0.0189400728923941,0.016982582085810632,0.02111834588665163
pre_neuropil,FB | FB,12,1200-1300,1250.0,16177,223,296.0,296.0,0.01378500339988873,0.012100161627326543,0.01570071617126707
pre_neuropil,FB | FB,13,1300-1400,1350.0,15458,205,256.0,256.0,0.013261741493078018,0.011575495368703835,0.015189854497511328
pre_neuropil,FB | FB,14,1400-1500,1450.0,14925,170,216.0,216.0,0.011390284757118929,0.009809132608423293,0.013222902241487637
pre_neuropil,FB | FB,15,1500-1600,1550.0,14399,136,175.0,175.0,0.009445100354191263,0.007990834473074712,0.011161052887819408
pre_neuropil,FB | FB,16,1600-1700,1650.0,14031,116,151.0,151.0,0.00826740788254579,0.006897892479729404,0.00990611619536672
pre_neuropil,FB | FB,17,1700-1800,1750.0,13557,92,123.0,123.0,0.006786162130264808,0.005537033516374335,0.008314732143951644
pre_neuropil,FB | FB,18,1800-1900,1850.0,13163,68,94.0,94.0,0.005165995593709641,0.004077363468027483,0.006543376436673733
pre_neuropil,FB | FB,19,1900-2000,1950.0,13127,62,76.0,76.0,0.004723089814885351,0.003686350261928057,0.006049628885059747
pre_neuropil,FB | FLA_R,0,0-100,50.0,491,91,284.0,284.0,0.18533604887983707,0.15345511701647754,0.22210263722245474
pre_neuropil,FB | FLA_R,1,100-200,150.0,233,16,24.0,24.0,0.06866952789699571,0.04270685597849282,0.10862466686208924
pre_neuropil,FB | FLA_R,2,200-300,250.0,184,16,25.0,25.0,0.08695652173913043,0.054232353757765986,0.13657522028334096
pre_neuropil,FB | FLA_R,3,300-400,350.0,170,10,15.0,15.0,0.058823529411764705,0.032261865536997426,0.10488367385058298
pre_neuropil,FB | FLA_R,10,1000-1100,1050.0,127,3,4.0,4.0,0.023622047244094488,0.008065533976537018,0.0671521337988494
pre_neuropil,FB | FLA_R,12,1200-1300,1250.0,167,3,4.0,4.0,0.017964071856287425,0.006127793507236419,0.051478784750049855
pre_neuropil,FB | FLA_R,13,1300-1400,1350.0,167,3,3.0,3.0,0.017964071856287425,0.006127793507236419,0.051478784750049855
pre_neuropil,FB | FLA_R,16,1600-1700,1650.0,181,0,0.0,0.0,0.0,0.0,0.02078320031854301
pre_neuropil,FB | FLA_R,18,1800-1900,1850.0,205,0,0.0,0.0,0.0,0.0,0.018394802568070728
pre_neuropil,FB | GNG,0,0-100,50.0,1550,285,948.0,948.0,0.18387096774193548,0.16537525327839325,0.20392982904145196
pre_neuropil,FB | GNG,1,100-200,150.0,840,97,198.0,198.0,0.11547619047619048,0.095591937782121,0.13886154258670655
pre_neuropil,FB | GNG,3,300-400,350.0,501,35,78.0,78.0,0.06986027944111776,0.050657258074573816,0.09560961058284266
pre_neuropil,FB | GNG,4,400-500,450.0,506,25,55.0,55.0,0.04940711462450593,0.033686551403787915,0.07191801283734109
pre_neuropil,FB | GNG,5,500-600,550.0,455,21,37.0,37.0,0.046153846153846156,0.03038268615499572,0.06952455852377797
pre_neuropil,FB | GNG,6,600-700,650.0,497,18,30.0,30.0,0.03621730382293763,0.023029775792446344,0.05651952682139404
pre_neuropil,FB | GNG,7,700-800,750.0,513,13,21.0,21.0,0.025341130604288498,0.01486810100141264,0.04287028538234593
pre_neuropil,FB | GNG,8,800-900,850.0,519,10,16.0,16.0,0.019267822736030827,0.010498811569840123,0.03510123249704361
pre_neuropil,FB | GNG,9,900-1000,950.0,546,6,30.0,30.0,0.01098901098901099,0.005045755452210815,0.023765451266233188
pre_neuropil,FB | GNG,11,1100-1200,1150.0,621,5,5.0,5.0,0.008051529790660225,0.0034438437530239056,0.018708330494017267
pre_neuropil,FB | GNG,12,1200-1300,1250.0,643,6,12.0,12.0,0.00933125972006221,0.004283359729304569,0.020207334746746446
pre_neuropil,FB | GNG,13,1300-1400,1350.0,667,7,9.0,9.0,0.010494752623688156,0.005092702447624586,0.02150314372530207
pre_neuropil,FB | GNG,15,1500-1600,1550.0,779,5,8.0,8.0,0.006418485237483954,0.0027445772495447588,0.0149366497062021
pre_neuropil,FB | GNG,16,1600-1700,1650.0,876,2,8.0,8.0,0.00228310502283105,0.0006263200786913057,0.00828619326461958
pre_neuropil,FB | GNG,17,1700-1800,1750.0,907,1,1.0,1.0,0.0011025358324145535,0.00019464615928625013,0.006218763153595375
pre_neuropil,FB | GNG,18,1800-1900,1850.0,975,2,2.0,2.0,0.0020512820512820513,0.0005627041040128164,0.007448397998717594
pre_neuropil,FB | GNG,19,1900-2000,1950.0,980,1,1.0,1.0,0.0010204081632653062,0.00018014517792941387,0.005757395987233759
pre_neuropil,FB | IB_L,0,0-100,50.0,739,77,121.0,121.0,0.10419485791610285,0.08417622018501583,0.12830730254715214
pre_neuropil,FB | IB_L,1,100-200,150.0,346,16,22.0,22.0,0.046242774566473986,0.028661424356629477,0.07378951343921868
pre_neuropil,FB | IB_L,2,200-300,250.0,236,7,11.0,11.0,0.029661016949152543,0.014440426032449341,0.059948670771441226
pre_neuropil,FB | IB_L,5,500-600,550.0,204,3,3.0,3.0,0.014705882352941176,0.005013618846058776,0.04233782571556892
pre_neuropil,FB | IB_L,6,600-700,650.0,228,4,5.0,5.0,0.017543859649122806,0.006842969432663999,0.0442332826290885
pre_neuropil,FB | IB_L,8,800-900,850.0,239,2,2.0,2.0,0.008368200836820083,0.0022978221357475535,0.029993185665222296
pre_neuropil,FB | IB_L,9,900-1000,950.0,234,3,4.0,4.0,0.01282051282051282,0.0043694568735152955,0.03700934313455731
pre_neuropil,FB | IB_L,10,1000-1100,1050.0,222,0,0.0,0.0,0.0,0.0,0.017010152248301463
pre_neuropil,FB | IB_L,11,1100-1200,1150.0,219,2,2.0,2.0,0.0091324200913242,0.002507969557322508,0.03268115132495441
pre_neuropil,FB | IB_L,12,1200-1300,1250.0,213,0,0.0,0.0,0.0,0.0,0.017716157785222023
pre_neuropil,FB | IB_L,13,1300-1400,1350.0,217,2,2.0,2.0,0.009216589861751152,0.002531117911770518,0.03297668496594817
pre_neuropil,FB | IB_L,14,1400-1500,1450.0,238,0,0.0,0.0,0.0,0.0,0.015884777474181447
pre_neuropil,FB | IB_L,15,1500-1600,1550.0,245,1,1.0,1.0,0.004081632653061225,0.0007208535639181141,0.022754321004964263
pre_neuropil,FB | IB_L,17,1700-1800,1750.0,267,0,0.0,0.0,0.0,0.0,0.014183936293390674
pre_neuropil,FB | IB_R,0,0-100,50.0,1158,124,343.0,343.0,0.1070811744386874,0.0905524013413264,0.12620829994532062
pre_neuropil,FB | IB_R,1,100-200,150.0,554,34,64.0,64.0,0.061371841155234655,0.04424735327173775,0.08453759213211882
pre_neuropil,FB | IB_R,3,300-400,350.0,345,16,21.0,21.0,0.0463768115942029,0.028745082048238633,0.07399954473939219
pre_neuropil,FB | IB_R,4,400-500,450.0,335,9,14.0,14.0,0.026865671641791045,0.014197082119803861,0.05026253558947387
pre_neuropil,FB | IB_R,5,500-600,550.0,316,7,7.0,7.0,0.022151898734177215,0.010770786513426323,0.045011825879708284
pre_neuropil,FB | IB_R,6,600-700,650.0,313,3,3.0,3.0,0.009584664536741214,0.0032648420563690245,0.027796735716246693
pre_neuropil,FB | IB_R,9,900-1000,950.0,344,10,11.0,11.0,0.029069767441860465,0.015865140865675968,0.05267640218150412
pre_neuropil,FB | IB_R,10,1000-1100,1050.0,324,2,2.0,2.0,0.006172839506172839,0.0016944152101316546,0.022224452926187833
pre_neuropil,FB | IB_R,11,1100-1200,1150.0,300,2,2.0,2.0,0.006666666666666667,0.00183011003297108,0.02397807423146144
pre_neuropil,FB | IB_R,12,1200-1300,1250.0,309,1,1.0,1.0,0.003236245954692557,0.0005714907829671729,0.018101217705929443
pre_neuropil,FB | IB_R,15,1500-1600,1550.0,341,2,2.0,2.0,0.005865102639296188,0.0016098652836885469,0.021129850574258983
pre_neuropil,FB | IB_R,17,1700-1800,1750.0,341,0,0.0,0.0,0.0,0.0,0.011140187262789638
pre_neuropil,FB | IB_R,18,1800-1900,1850.0,353,0,0.0,0.0,0.0,0.0,0.010765560965986028
pre_neuropil,FB | IB_R,19,1900-2000,1950.0,370,1,1.0,1.0,0.002702702702702703,0.0004772405361049212,0.015148628816048504
pre_neuropil,FB | ICL_L,0,0-100,50.0,781,49,90.0,90.0,0.06274007682458387,0.04778034627050212,0.08198035958402955
pre_neuropil,FB | ICL_L,1,100-200,150.0,436,14,20.0,20.0,0.03211009174311927,0.0192218022888447,0.053171532038785975
pre_neuropil,FB | ICL_L,2,200-300,250.0,271,6,6.0,6.0,0.02214022140221402,0.010185499152326728,0.0474535191040071
pre_neuropil,FB | ICL_L,4,400-500,450.0,252,8,9.0,9.0,0.031746031746031744,0.01617209245147699,0.06138214423247121
pre_neuropil,FB | ICL_L,6,600-700,650.0,279,9,9.0,9.0,0.03225806451612903,0.017061978767789754,0.060160042321045826
pre_neuropil,FB | ICL_L,7,700-800,750.0,268,5,7.0,7.0,0.018656716417910446,0.007994590515313791,0.0429232969603338
pre_neuropil,FB | ICL_L,8,800-900,850.0,313,6,9.0,9.0,0.019169329073482427,0.008814239602037598,0.04118424544538042
pre_neuropil,FB | ICL_L,9,900-1000,950.0,290,5,7.0,7.0,0.017241379310344827,0.007386292454953418,0.03971935902529989
pre_neuropil,FB | ICL_L,10,1000-1100,1050.0,298,4,5.0,5.0,0.013422818791946308,0.0052318367881192766,0.03399933611846484
pre_neuropil,FB | ICL_L,11,1100-1200,1150.0,296,3,3.0,3.0,0.010135135135135136,0.003452669883767039,0.02936999381599977
pre_neuropil,FB | ICL_L,12,1200-1300,1250.0,310,5,9.0,9.0,0.016129032258064516,0.006908426626105869,0.03719535056595535
pre_neuropil,FB | ICL_L,14,1400-1500,1450.0,379,3,3.0,3.0,0.0079155672823219,0.0026955371592015647,0.023011178098492478
pre_neuropil,FB | ICL_L,15,1500-1600,1550.0,409,1,1.0,1.0,0.0024449877750611247,0.0004317197322849381,0.013718017115939658
pre_neuropil,FB | ICL_L,16,1600-1700,1650.0,452,3,5.0,5.0,0.00663716814159292,0.0022597102012611656,0.019330245607949756
pre_neuropil,FB | ICL_L,17,1700-1800,1750.0,483,1,2.0,2.0,0.002070393374741201,0.0003655594028833713,0.011633415212268659
pre_neuropil,FB | ICL_L,18,1800-1900,1850.0,482,1,2.0,2.0,0.002074688796680498,0.0003663180194406366,0.011657353893380334
pre_neuropil,FB | ICL_L,19,1900-2000,1950.0,528,0,0.0,0.0,0.0,0.0,0.007223203299629062
pre_neuropil,FB | ICL_R,1,100-200,150.0,249,15,33.0,33.0,0.060240963855421686,0.03684281973386096,0.09700224373670717
pre_neuropil,FB | ICL_R,2,200-300,250.0,197,7,11.0,11.0,0.03553299492385787,0.01731663739698491,0.07151754834939432
pre_neuropil,FB | ICL_R,4,400-500,450.0,201,7,12.0,12.0,0.03482587064676617,0.016969964263286945,0.07012953115170689
pre_neuropil,FB | ICL_R,5,500-600,550.0,199,7,10.0,10.0,0.035175879396984924,0.0171415481339399,0.07081674050113299
pre_neuropil,FB | ICL_R,6,600-700,650.0,218,4,6.0,6.0,0.01834862385321101,0.007157862987647368,0.04622076392452781
pre_neuropil,FB | ICL_R,8,800-900,850.0,240,3,4.0,4.0,0.0125,0.004259990188158945,0.036100637366778356
pre_neuropil,FB | ICL_R,9,900-1000,950.0,267,3,7.0,7.0,0.011235955056179775,0.003828388842882346,0.03250871742144337
pre_neuropil,FB | ICL_R,11,1100-1200,1150.0,268,2,4.0,4.0,0.007462686567164179,0.002048886256963065,0.026797324183234463
pre_neuropil,FB | ICL_R,12,1200-1300,1250.0,337,0,0.0,0.0,0.0,0.0,0.01127092467586116
pre_neuropil,FB | ICL_R,14,1400-1500,1450.0,388,4,4.0,4.0,0.010309278350515464,0.004016111502942288,0.026204263260737725
pre_neuropil,FB | ICL_R,15,1500-1600,1550.0,388,0,0.0,0.0,0.0,0.0,0.00980396160081012
pre_neuropil,FB | ICL_R,16,1600-1700,1650.0,512,2,3.0,3.0,0.00390625,0.0010718666380393474,0.014129699113927925
pre_neuropil,FB | ICL_R,17,1700-1800,1750.0,477,1,1.0,1.0,0.0020964360587002098,0.0003701588263313512,0.01177854045426334
pre_neuropil,FB | ICL_R,19,1900-2000,1950.0,601,0,0.0,0.0,0.0,0.0,0.0063514149820382716
pre_neuropil,FB | MB_VL_R,1,100-200,150.0,62,7,12.0,12.0,0.11290322580645161,0.05577792691334926,0.21519969209955447
pre_neuropil,FB | MB_VL_R,8,800-900,850.0,70,0,0.0,0.0,0.0,0.0,0.05202487486728348
pre_neuropil,FB | MB_VL_R,11,1100-1200,1150.0,96,0,0.0,0.0,0.0,0.0,0.03847694748481595
pre_neuropil,FB | MB_VL_R,12,1200-1300,1250.0,135,1,2.0,2.0,0.007407407407407408,0.0013087545613434844,0.040765090741505236
pre_neuropil,FB | MB_VL_R,14,1400-1500,1450.0,169,1,1.0,1.0,0.005917159763313609,0.0010452618665798483,0.03275215727325685
pre_neuropil,FB | MB_VL_R,19,1900-2000,1950.0,288,0,0.0,0.0,0.0,0.0,0.01316330502573999
pre_neuropil,FB | NO,0,0-100,50.0,3164,1959,42733.0,42733.0,0.6191529709228825,0.6020976635962932,0.635919287756325
pre_neuropil,FB | NO,1,100-200,150.0,619,121,196.0,196.0,0.19547657512116318,0.16615356079278484,0.2285561053566824
pre_neuropil,FB | NO,2,200-300,250.0,334,40,64.0,64.0,0.11976047904191617,0.0891928914575159,0.1589754809394891
pre_neuropil,FB | NO,3,300-400,350.0,283,37,47.0,47.0,0.13074204946996468,0.0963615560475608,0.17501330729164805
pre_neuropil,FB | NO,4,400-500,450.0,272,19,28.0,28.0,0.06985294117647059,0.04517167824813013,0.1065153769313642
pre_neuropil,FB | NO,5,500-600,550.0,272,9,13.0,13.0,0.03308823529411765,0.017503496390881498,0.061678178889424284
pre_neuropil,FB | NO,6,600-700,650.0,285,10,15.0,15.0,0.03508771929824561,0.019168418126174834,0.06337370876967396
pre_neuropil,FB | NO,7,700-800,750.0,262,4,4.0,4.0,0.015267175572519083,0.005952609025351566,0.03859120954931846
pre_neuropil,FB | NO,8,800-900,850.0,323,3,4.0,4.0,0.009287925696594427,0.003163605318856285,0.026947616753242244
pre_neuropil,FB | NO,9,900-1000,950.0,306,3,6.0,6.0,0.00980392156862745,0.0033396512669895285,0.028423675542580268
pre_neuropil,FB | NO,13,1300-1400,1350.0,221,3,3.0,3.0,0.013574660633484163,0.004627072352362524,0.03914418705870732
pre_neuropil,FB | NO,14,1400-1500,1450.0,239,1,1.0,1.0,0.0041841004184100415,0.0007389596759692588,0.023316226914796075
pre_neuropil,FB | NO,16,1600-1700,1650.0,269,1,1.0,1.0,0.0037174721189591076,0.0006565099089014068,0.02075371492484828
pre_neuropil,FB | NO,18,1800-1900,1850.0,251,1,2.0,2.0,0.00398406374501992,0.0007036135096944278,0.022218860686041276
pre_neuropil,FB | NO,19,1900-2000,1950.0,284,0,0.0,0.0,0.0,0.0,0.013346229315012146
pre_neuropil,FB | SAD,0,0-100,50.0,446,81,328.0,328.0,0.18161434977578475,0.14860263751149833,0.22006402204155318
pre_neuropil,FB | SAD,2,200-300,250.0,126,15,21.0,21.0,0.11904761904761904,0.07348600427891415,0.18715157258397108
pre_neuropil,FB | SAD,3,300-400,350.0,116,8,14.0,14.0,0.06896551724137931,0.035357067036116255,0.13020814571137707
pre_neuropil,FB | SAD,5,500-600,550.0,110,1,1.0,1.0,0.00909090909090909,0.0016065339495988408,0.049706869937908016
pre_neuropil,FB | SAD,6,600-700,650.0,124,4,6.0,6.0,0.03225806451612903,0.012614414984325008,0.08001271108418476
pre_neuropil,FB | SAD,10,1000-1100,1050.0,137,1,1.0,1.0,0.0072992700729927005,0.0012896313769595533,0.040186750601092384
pre_neuropil,FB | SAD,17,1700-1800,1750.0,154,2,4.0,4.0,0.012987012987012988,0.003568687884314088,0.04611149782084855
pre_neuropil,FB | SAD,18,1800-1900,1850.0,162,3,6.0,6.0,0.018518518518518517,0.0063175154296968815,0.053025858006159984
pre_neuropil,GNG | GNG,0,0-100,50.0,363364,178888,1891739.0,1891739.0,0.49231074074481784,0.49068526777748966,0.49393637629702536
pre_neuropil,GNG | GNG,1,100-200,150.0,108155,32341,119714.0,119714.0,0.29902454810226065,0.296303139808932,0.30176023294079984
pre_neuropil,GNG | GNG,2,200-300,250.0,68518,16387,50646.0,50646.0,0.23916343150704925,0.23598402357434636,0.2423720864575825
pre_neuropil,GNG | GNG,3,300-400,350.0,61129,12091,33701.0,33701.0,0.1977948273323627,0.19465607462772608,0.20097156130405433
pre_neuropil,GNG | GNG,4,400-500,450.0,59618,9686,26017.0,26017.0,0.1624677110939649,0.15952838426416263,0.1654505341998387
pre_neuropil,GNG | GNG,5,500-600,550.0,55973,7574,19062.0,19062.0,0.13531524127704428,0.13250645674311642,0.13817408125994232
pre_neuropil,GNG | GNG,6,600-700,650.0,56451,6558,15598.0,15598.0,0.11617154700536748,0.11355427970768803,0.11884105128904263
pre_neuropil,GNG | GNG,7,700-800,750.0,54721,5396,12816.0,12816.0,0.09860930904040496,0.09613940264018023,0.10113556946316524
pre_neuropil,GNG | GNG,8,800-900,850.0,53556,4490,10162.0,10162.0,0.08383747852714915,0.08151998301842635,0.08621467286599284
pre_neuropil,GNG | GNG,9,900-1000,950.0,53318,3847,8531.0,8531.0,0.07215199369818823,0.06998643124541924,0.07437920521826959
pre_neuropil,GNG | GNG,10,1000-1100,1050.0,51067,3254,6935.0,6935.0,0.06372021070358548,0.06163435918566232,0.06587169702939721
pre_neuropil,GNG | GNG,11,1100-1200,1150.0,51006,2847,6085.0,6085.0,0.05581696271026938,0.0538579000377107,0.05784292908229192
pre_neuropil,GNG | GNG,12,1200-1300,1250.0,49753,2491,5377.0,5377.0,0.050067332623158406,0.04818550091471529,0.05201864066005863
pre_neuropil,GNG | GNG,13,1300-1400,1350.0,48999,2175,4669.0,4669.0,0.04438866099308149,0.042600460473102966,0.04624829722832796
pre_neuropil,GNG | GNG,14,1400-1500,1450.0,48625,1952,4017.0,4017.0,0.0401439588688946,0.03843520256751301,0.04192537094037001
pre_neuropil,GNG | GNG,15,1500-1600,1550.0,47321,1686,3372.0,3372.0,0.03562900192303629,0.033996199204491186,0.037337195390536905
pre_neuropil,GNG | GNG,16,1600-1700,1650.0,47168,1458,3156.0,3156.0,0.03091078697421981,0.029386627706682544,0.03251135000551261
pre_neuropil,GNG | GNG,17,1700-1800,1750.0,46469,1274,2715.0,2715.0,0.02741612688028578,0.025970031930762298,0.028940352546351314
pre_neuropil,GNG | GNG,18,1800-1900,1850.0,45894,1232,2412.0,2412.0,0.02684446768640781,0.025404845540018036,0.028363295051586603
pre_neuropil,GNG | GNG,19,1900-2000,1950.0,45030,1111,2210.0,2210.0,0.024672440595158784,0.023279673015392112,0.02614630355952216
pre_neuropil,GNG | MB_ML_L,0,0-100,50.0,160,18,37.0,37.0,0.1125,0.07235575112573997,0.17081570227803536
pre_neuropil,GNG | MB_ML_L,4,400-500,450.0,78,0,0.0,0.0,0.0,0.0,0.04693945377411976
pre_neuropil,GNG | MB_ML_L,10,1000-1100,1050.0,152,1,1.0,1.0,0.006578947368421052,0.0011622614078393885,0.036321953333282364
pre_neuropil,GNG | MB_ML_L,11,1100-1200,1150.0,165,0,0.0,0.0,0.0,0.0,0.02275268654170536
pre_neuropil,GNG | MB_ML_L,14,1400-1500,1450.0,233,0,0.0,0.0,0.0,0.0,0.016220123491819
pre_neuropil,GNG | MB_ML_L,17,1700-1800,1750.0,300,0,0.0,0.0,0.0,0.0,0.012643429997735661
pre_neuropil,GNG | MB_ML_R,0,0-100,50.0,85,6,8.0,8.0,0.07058823529411765,0.03275051687715236,0.14556234556566722
pre_neuropil,GNG | MB_ML_R,14,1400-1500,1450.0,132,0,0.0,0.0,0.0,0.0,0.028279996702041194
pre_neuropil,GNG | MB_ML_R,16,1600-1700,1650.0,170,0,0.0,0.0,0.0,0.0,0.022098277972591136
pre_neuropil,GNG | MB_ML_R,19,1900-2000,1950.0,219,0,0.0,0.0,0.0,0.0,0.017239151038226253
pre_neuropil,GNG | None,3,300-400,350.0,4,2,6.0,6.0,0.5,0.15003570882017148,0.8499642911798285
pre_neuropil,GNG | None,5,500-600,550.0,10,0,0.0,0.0,0.0,0.0,0.2775401687666165
pre_neuropil,GNG | None,6,600-700,650.0,15,0,0.0,0.0,0.0,0.0,0.20388926630434784
pre_neuropil,GNG | None,10,1000-1100,1050.0,6,0,0.0,0.0,0.0,0.0,0.3903430336530645
pre_neuropil,IB_L | MB_ML_L,5,500-600,550.0,62,0,0.0,0.0,0.0,0.0,0.05834609122500061
pre_neuropil,IB_L | MB_ML_L,11,1100-1200,1150.0,108,0,0.0,0.0,0.0,0.0,0.03434857870416732
pre_neuropil,IB_L | MB_ML_L,19,1900-2000,1950.0,183,0,0.0,0.0,0.0,0.0,0.020560731657189836
pre_neuropil,IB_L | PVLP_L,0,0-100,50.0,467,77,250.0,250.0,0.16488222698072805,0.13398701437886112,0.20124589622207134
pre_neuropil,IB_L | PVLP_L,1,100-200,150.0,291,27,61.0,61.0,0.09278350515463918,0.06454982763324685,0.13162873061633532
pre_neuropil,IB_L | PVLP_L,9,900-1000,950.0,188,4,12.0,12.0,0.02127659574468085,0.008304282568452677,0.053421641318754265
pre_neuropil,IB_L | PVLP_L,11,1100-1200,1150.0,202,2,3.0,3.0,0.009900990099009901,0.002719364275706272,0.035375947847790634
pre_neuropil,IB_L | PVLP_L,14,1400-1500,1450.0,179,4,6.0,6.0,0.0223463687150838,0.008723433291780467,0.056040821669891286
pre_neuropil,IB_L | PVLP_L,16,1600-1700,1650.0,178,2,2.0,2.0,0.011235955056179775,0.0030866670600996488,0.04003657866585085
pre_neuropil,IB_L | PVLP_L,18,1800-1900,1850.0,181,1,2.0,2.0,0.0055248618784530384,0.0009759153318539288,0.03062736012129081
pre_neuropil,IB_R | MB_ML_R,0,0-100,50.0,95,13,38.0,38.0,0.1368421052631579,0.08174716099796558,0.2201662034153989
pre_neuropil,IB_R | MB_ML_R,8,800-900,850.0,86,0,0.0,0.0,0.0,0.0,0.042759701519118086
pre_neuropil,IB_R | MB_ML_R,11,1100-1200,1150.0,122,1,1.0,1.0,0.00819672131147541,0.0014483536709422769,0.04497190799133792
pre_neuropil,IB_R | MB_ML_R,13,1300-1400,1350.0,139,0,0.0,0.0,0.0,0.0,0.026894126080917603
pre_neuropil,IB_R | MB_ML_R,14,1400-1500,1450.0,132,0,0.0,0.0,0.0,0.0,0.028279996702041194
pre_neuropil,IB_R | MB_ML_R,18,1800-1900,1850.0,189,0,0.0,0.0,0.0,0.0,0.019921012893483563
pre_neuropil,ICL_L | MB_ML_L,0,0-100,50.0,375,35,64.0,64.0,0.09333333333333334,0.06787487674017484,0.12703930375109118
pre_neuropil,ICL_L | MB_ML_L,2,200-300,250.0,195,5,9.0,9.0,0.02564102564102564,0.01100077763382563,0.05861041036707558
pre_neuropil,ICL_L | MB_ML_L,4,400-500,450.0,249,7,7.0,7.0,0.028112449799196786,0.013682878703249371,0.05688145881083059
pre_neuropil,ICL_L | MB_ML_L,6,600-700,650.0,281,5,8.0,8.0,0.017793594306049824,0.007623593431679298,0.040970432160088194
pre_neuropil,ICL_L | MB_ML_L,7,700-800,750.0,326,2,2.0,2.0,0.006134969325153374,0.0016840100332528342,0.022089825650299516
pre_neuropil,ICL_L | MB_ML_L,9,900-1000,950.0,405,1,2.0,2.0,0.0024691358024691358,0.00043598493285569237,0.013852189264681935
pre_neuropil,ICL_L | MB_ML_L,11,1100-1200,1150.0,554,1,1.0,1.0,0.0018050541516245488,0.0003186992763450471,0.010153090565072298
pre_neuropil,ICL_L | MB_ML_L,12,1200-1300,1250.0,674,1,2.0,2.0,0.001483679525222552,0.00026194715778780995,0.008355995441191068
pre_neuropil,ICL_L | MB_ML_L,13,1300-1400,1350.0,728,1,1.0,1.0,0.0013736263736263737,0.0002425137121486523,0.007739541421093295
pre_neuropil,ICL_L | MB_ML_L,14,1400-1500,1450.0,830,1,1.0,1.0,0.0012048192771084338,0.00021270638372953817,0.006792940731981648
pre_neuropil,ICL_L | MB_ML_L,15,1500-1600,1550.0,890,0,0.0,0.0,0.0,0.0,0.004297853221420888
pre_neuropil,ICL_L | MB_ML_L,16,1600-1700,1650.0,1097,1,3.0,3.0,0.0009115770282588879,0.00016092971712723236,0.005145555793594746
pre_neuropil,ICL_L | MB_ML_L,17,1700-1800,1750.0,1231,0,0.0,0.0,0.0,0.0,0.0031110063023467947
pre_neuropil,ICL_L | MB_ML_L,18,1800-1900,1850.0,1243,0,0.0,0.0,0.0,0.0,0.0030810649885278127
pre_neuropil,ICL_L | MB_ML_L,19,1900-2000,1950.0,1354,0,0.0,0.0,0.0,0.0,0.002829195982800939
pre_neuropil,ICL_R | MB_ML_R,0,0-100,50.0,161,15,38.0,38.0,0.09316770186335403,0.05727423101475549,0.14802346083002155
pre_neuropil,ICL_R | MB_ML_R,1,100-200,150.0,103,6,6.0,6.0,0.05825242718446602,0.026968129757982066,0.12130370443394317
pre_neuropil,ICL_R | MB_ML_R,5,500-600,550.0,121,1,1.0,1.0,0.008264462809917356,0.001460335796523226,0.04533175914618817
pre_neuropil,ICL_R | MB_ML_R,6,600-700,650.0,152,1,1.0,1.0,0.006578947368421052,0.0011622614078393885,0.036321953333282364
pre_neuropil,ICL_R | MB_ML_R,8,800-900,850.0,226,1,1.0,1.0,0.004424778761061947,0.0007814894820824467,0.024634275114056806
pre_neuropil,ICL_R | MB_ML_R,9,900-1000,950.0,284,0,0.0,0.0,0.0,0.0,0.013346229315012146
pre_neuropil,ICL_R | MB_ML_R,12,1200-1300,1250.0,453,0,0.0,0.0,0.0,0.0,0.008409041558386975
pre_neuropil,ICL_R | MB_ML_R,13,1300-1400,1350.0,552,0,0.0,0.0,0.0,0.0,0.006911321498786704
pre_neuropil,ICL_R | MB_ML_R,14,1400-1500,1450.0,621,0,0.0,0.0,0.0,0.0,0.006148118179071304
pre_neuropil,ICL_R | MB_ML_R,15,1500-1600,1550.0,730,1,1.0,1.0,0.0013698630136986301,0.0002418491785087908,0.007718451791073745
pre_neuropil,ICL_R | MB_ML_R,16,1600-1700,1650.0,800,0,0.0,0.0,0.0,0.0,0.004779050997111869
pre_neuropil,ICL_R | MB_ML_R,17,1700-1800,1750.0,931,1,1.0,1.0,0.0010741138560687433,0.00018962776183718008,0.0060591313862366734
pre_neuropil,ICL_R | MB_ML_R,18,1800-1900,1850.0,978,0,0.0,0.0,0.0,0.0,0.003912647416854206
pre_neuropil,ICL_R | MB_ML_R,19,1900-2000,1950.0,1155,0,0.0,0.0,0.0,0.0,0.0033150346000695866
pre_neuropil,LAL_L | LAL_L,0,0-100,50.0,16884,9646,122699.0,122699.0,0.5713101160862355,0.5638297920951103,0.5787579972171721
pre_neuropil,LAL_L | LAL_L,1,100-200,150.0,4800,1642,5993.0,5993.0,0.34208333333333335,0.328793330183335,0.3556259062877427
pre_neuropil,LAL_L | LAL_L,2,200-300,250.0,2800,759,2173.0,2173.0,0.2710714285714286,0.2549283943486452,0.28784178211210787
pre_neuropil,LAL_L | LAL_L,3,300-400,350.0,2456,584,1438.0,1438.0,0.23778501628664495,0.22136537768858078,0.25502367110220314
pre_neuropil,LAL_L | LAL_L,4,400-500,450.0,2195,392,868.0,868.0,0.1785876993166287,0.1631303472401558,0.19516813137694883
pre_neuropil,LAL_L | LAL_L,5,500-600,550.0,2018,323,719.0,719.0,0.16005946481665015,0.1447097216807357,0.17670101593590054
pre_neuropil,LAL_L | LAL_L,6,600-700,650.0,1900,271,482.0,482.0,0.14263157894736841,0.12762772880727313,0.1590776357566696
pre_neuropil,LAL_L | LAL_L,7,700-800,750.0,1826,176,291.0,291.0,0.0963855421686747,0.08368418930758492,0.11078160489012051
pre_neuropil,LAL_L | LAL_L,8,800-900,850.0,1811,148,256.0,256.0,0.08172280508006627,0.06997352194478881,0.09524288041230947
pre_neuropil,LAL_L | LAL_L,9,900-1000,950.0,1737,146,279.0,279.0,0.08405296488198043,0.0719042631124128,0.09803744783934756
pre_neuropil,LAL_L | LAL_L,10,1000-1100,1050.0,1583,113,197.0,197.0,0.07138344914718889,0.0597107174875417,0.08513146461809509
pre_neuropil,LAL_L | LAL_L,11,1100-1200,1150.0,1538,84,140.0,140.0,0.054616384915474644,0.04432961667837433,0.067122558434815
pre_neuropil,LAL_L | LAL_L,12,1200-1300,1250.0,1502,79,123.0,123.0,0.0525965379494008,0.042405403137257186,0.06507044292782697
pre_neuropil,LAL_L | LAL_L,13,1300-1400,1350.0,1418,47,79.0,79.0,0.03314527503526093,0.025016423104191624,0.04379686805285428
pre_neuropil,LAL_L | LAL_L,14,1400-1500,1450.0,1385,49,82.0,82.0,0.03537906137184116,0.02686373648515976,0.04646471220186113
pre_neuropil,LAL_L | LAL_L,15,1500-1600,1550.0,1309,39,55.0,55.0,0.029793735676088617,0.021870326276031523,0.040468953649284684
pre_neuropil,LAL_L | LAL_L,16,1600-1700,1650.0,1334,37,54.0,54.0,0.027736131934032984,0.020188636090864145,0.037995830590393194
pre_neuropil,LAL_L | LAL_L,17,1700-1800,1750.0,1275,27,42.0,42.0,0.021176470588235293,0.014593915375000816,0.03063576748799019
pre_neuropil,LAL_L | LAL_L,18,1800-1900,1850.0,1234,27,42.0,42.0,0.02188006482982172,0.015080171855709236,0.03164761625546751
pre_neuropil,LAL_L | LAL_L,19,1900-2000,1950.0,1219,17,22.0,22.0,0.01394585726004922,0.008725072380914023,0.022220554591540955
pre_neuropil,LAL_L | LAL_R,0,0-100,50.0,19636,10142,137548.0,137548.0,0.5165003055612141,0.5095079898703092,0.5234861662536383
pre_neuropil,LAL_L | LAL_R,1,100-200,150.0,5210,1486,5813.0,5813.0,0.2852207293666027,0.27312181996684026,0.29763614091942836
pre_neuropil,LAL_L | LAL_R,2,200-300,250.0,2902,627,1980.0,1980.0,0.2160578911095796,0.20146458098698988,0.23140195929517832
pre_neuropil,LAL_L | LAL_R,3,300-400,350.0,2517,454,1207.0,1207.0,0.18037346046881209,0.1658427556910496,0.19587834570619808
pre_neuropil,LAL_L | LAL_R,4,400-500,450.0,2319,311,746.0,746.0,0.13410952996981457,0.12084322391000854,0.14858608198842202
pre_neuropil,LAL_L | LAL_R,5,500-600,550.0,2046,261,591.0,591.0,0.12756598240469208,0.1138050259951224,0.14272289304018257
pre_neuropil,LAL_L | LAL_R,6,600-700,650.0,2038,176,369.0,369.0,0.08635917566241413,0.0749286660394506,0.09934616507379539
pre_neuropil,LAL_L | LAL_R,7,700-800,750.0,1852,162,359.0,359.0,0.08747300215982722,0.07544438863536272,0.1012094809621288
pre_neuropil,LAL_L | LAL_R,8,800-900,850.0,1758,108,188.0,188.0,0.06143344709897611,0.05113638040142103,0.07364305493487708
pre_neuropil,LAL_L | LAL_R,9,900-1000,950.0,1690,99,183.0,183.0,0.058579881656804736,0.048352590344609446,0.07080943755693694
pre_neuropil,LAL_L | LAL_R,10,1000-1100,1050.0,1578,65,105.0,105.0,0.041191381495564006,0.03244881459055419,0.05216243852100894
pre_neuropil,LAL_L | LAL_R,11,1100-1200,1150.0,1531,70,120.0,120.0,0.045721750489875895,0.036346935042860365,0.05737061861218781
pre_neuropil,LAL_L | LAL_R,12,1200-1300,1250.0,1435,58,82.0,82.0,0.04041811846689895,0.03139541845229081,0.05189491732893764
pre_neuropil,LAL_L | LAL_R,13,1300-1400,1350.0,1372,37,61.0,61.0,0.02696793002915452,0.01962770618180676,0.03694973703549384
pre_neuropil,LAL_L | LAL_R,14,1400-1500,1450.0,1297,30,54.0,54.0,0.02313030069390902,0.016249374257178848,0.03282777702703592
pre_neuropil,LAL_L | LAL_R,15,1500-1600,1550.0,1249,25,42.0,42.0,0.020016012810248198,0.013593937993399146,0.029381646469952005
pre_neuropil,LAL_L | LAL_R,16,1600-1700,1650.0,1250,29,35.0,35.0,0.0232,0.016201143940877353,0.03312055666309048
pre_neuropil,LAL_L | LAL_R,17,1700-1800,1750.0,1154,18,24.0,24.0,0.01559792027729636,0.009888822925755056,0.024521410736604285
pre_neuropil,LAL_L | LAL_R,18,1800-1900,1850.0,1221,17,41.0,41.0,0.013923013923013924,0.008710751718611149,0.02218434524739654
pre_neuropil,LAL_L | LAL_R,19,1900-2000,1950.0,1100,14,18.0,18.0,0.012727272727272728,0.007596253420326431,0.02124991436316714
pre_neuropil,LAL_L | SLP_L,2,200-300,250.0,311,16,33.0,33.0,0.05144694533762058,0.03191206571636504,0.08192803673515345
pre_neuropil,LAL_L | SLP_L,3,300-400,350.0,307,18,37.0,37.0,0.05863192182410423,0.03740551869433297,0.09076780173639443
pre_neuropil,LAL_L | SLP_L,6,600-700,650.0,292,6,13.0,13.0,0.02054794520547945,0.009450384944988129,0.044097189162236816
pre_neuropil,LAL_L | SLP_L,7,700-800,750.0,305,9,15.0,15.0,0.029508196721311476,0.01560036886817662,0.05512067389290219
pre_neuropil,LAL_L | SLP_L,8,800-900,850.0,275,8,11.0,11.0,0.02909090909090909,0.014812867137562379,0.05634437769247733
pre_neuropil,LAL_L | SLP_L,10,1000-1100,1050.0,290,8,11.0,11.0,0.027586206896551724,0.014043116369253497,0.05348169972213723
pre_neuropil,LAL_L | SLP_L,11,1100-1200,1150.0,313,6,8.0,8.0,0.019169329073482427,0.008814239602037598,0.04118424544538042
pre_neuropil,LAL_L | SLP_L,12,1200-1300,1250.0,296,1,1.0,1.0,0.0033783783783783786,0.0005966005300711164,0.018885686117278686
pre_neuropil,LAL_L | SLP_L,13,1300-1400,1350.0,316,5,6.0,6.0,0.015822784810126583,0.006776894722392592,0.036499527106412674
pre_neuropil,LAL_L | SLP_L,14,1400-1500,1450.0,290,2,2.0,2.0,0.006896551724137931,0.0018932854847483315,0.024793201384367546
pre_neuropil,LAL_L | SLP_L,15,1500-1600,1550.0,293,2,2.0,2.0,0.006825938566552901,0.001873879570930402,0.024542902982458342
pre_neuropil,LAL_L | SLP_L,16,1600-1700,1650.0,302,1,1.0,1.0,0.0033112582781456954,0.0005847426840939248,0.018515340496219022
pre_neuropil,LAL_L | SLP_R,0,0-100,50.0,608,103,284.0,284.0,0.16940789473684212,0.14168789188585618,0.20127930746770206
pre_neuropil,LAL_L | SLP_R,1,100-200,150.0,307,33,42.0,42.0,0.10749185667752444,0.07756930024694075,0.14711619873389067
pre_neuropil,LAL_L | SLP_R,2,200-300,250.0,209,17,41.0,41.0,0.08133971291866028,0.05140224754975594,0.12639006372773867
pre_neuropil,LAL_L | SLP_R,3,300-400,350.0,208,8,21.0,21.0,0.038461538461538464,0.0196154338990466,0.0740470006747104
pre_neuropil,LAL_L | SLP_R,5,500-600,550.0,207,9,14.0,14.0,0.043478260869565216,0.02303978361624987,0.08055267631575597
pre_neuropil,LAL_L | SLP_R,6,600-700,650.0,175,6,10.0,10.0,0.03428571428571429,0.015806185310079338,0.07277275829140936
pre_neuropil,LAL_L | SLP_R,7,700-800,750.0,178,4,5.0,5.0,0.02247191011235955,0.008772632252331075,0.056347780238540104
pre_neuropil,LAL_L | SLP_R,8,800-900,850.0,190,4,7.0,7.0,0.021052631578947368,0.008216550300428112,0.052872503855129815
pre_neuropil,LAL_L | SLP_R,11,1100-1200,1150.0,217,5,9.0,9.0,0.02304147465437788,0.009881021947313297,0.05279557521554008
pre_neuropil,LAL_L | SLP_R,12,1200-1300,1250.0,198,2,2.0,2.0,0.010101010101010102,0.0027743880346107024,0.03607587870921218
pre_neuropil,LAL_L | SLP_R,13,1300-1400,1350.0,214,5,6.0,6.0,0.02336448598130841,0.010020103596442693,0.05351964271463838
pre_neuropil,LAL_L | SLP_R,15,1500-1600,1550.0,176,3,6.0,6.0,0.017045454545454544,0.005813537343171981,0.048910175079315346
pre_neuropil,LAL_L | SLP_R,16,1600-1700,1650.0,191,1,1.0,1.0,0.005235602094240838,0.0009247871697700711,0.02905648992916568
pre_neuropil,LAL_L | SLP_R,19,1900-2000,1950.0,202,2,2.0,2.0,0.009900990099009901,0.002719364275706272,0.035375947847790634
pre_neuropil,LAL_R | LAL_R,0,0-100,50.0,16861,9813,141179.0,141179.0,0.5819939505367416,0.5745310940610029,0.5894194526194949
pre_neuropil,LAL_R | LAL_R,1,100-200,150.0,4619,1585,5942.0,5942.0,0.3431478675037887,0.32959160768957013,0.3569648168264677
pre_neuropil,LAL_R | LAL_R,2,200-300,250.0,2674,703,2167.0,2167.0,0.2629020194465221,0.24656532552095795,0.2799189893093144
pre_neuropil,LAL_R | LAL_R,3,300-400,350.0,2279,508,1272.0,1272.0,0.22290478279947346,0.2062915136188429,0.2404506519348249
pre_neuropil,LAL_R | LAL_R,4,400-500,450.0,2111,367,842.0,842.0,0.17385125532922785,0.15828051119623973,0.1906068948392761
pre_neuropil,LAL_R | LAL_R,5,500-600,550.0,1953,320,702.0,702.0,0.1638504864311316,0.14809712262637767,0.18092368314553556
pre_neuropil,LAL_R | LAL_R,6,600-700,650.0,1814,259,581.0,581.0,0.1427783902976847,0.1274330054813724,0.15963359042005268
pre_neuropil,LAL_R | LAL_R,7,700-800,750.0,1710,167,309.0,309.0,0.0976608187134503,0.0844792488944518,0.11264608637573889
pre_neuropil,LAL_R | LAL_R,8,800-900,850.0,1654,163,300.0,300.0,0.09854897218863362,0.08510142114161606,0.11385703182518125
pre_neuropil,LAL_R | LAL_R,9,900-1000,950.0,1544,141,212.0,212.0,0.09132124352331607,0.07794868904173688,0.10672240391764609
pre_neuropil,LAL_R | LAL_R,10,1000-1100,1050.0,1482,95,140.0,140.0,0.0641025641025641,0.052724310245098396,0.07773481810344156
pre_neuropil,LAL_R | LAL_R,11,1100-1200,1150.0,1433,90,146.0,146.0,0.0628053035589672,0.05137503781015172,0.07657337348306249
pre_neuropil,LAL_R | LAL_R,12,1200-1300,1250.0,1379,60,101.0,101.0,0.043509789702683106,0.03395106018448158,0.055604822427091576
pre_neuropil,LAL_R | LAL_R,13,1300-1400,1350.0,1312,55,71.0,71.0,0.041920731707317076,0.032347294507226745,0.05416889406744667
pre_neuropil,LAL_R | LAL_R,14,1400-1500,1450.0,1266,52,87.0,87.0,0.04107424960505529,0.031458804852387875,0.05346643306705026
pre_neuropil,LAL_R | LAL_R,15,1500-1600,1550.0,1208,40,96.0,96.0,0.033112582781456956,0.024410136556363784,0.044775143103948256
pre_neuropil,LAL_R | LAL_R,16,1600-1700,1650.0,1169,29,47.0,47.0,0.02480752780153978,0.017327244797438926,0.03540076212182452
pre_neuropil,LAL_R | LAL_R,17,1700-1800,1750.0,1058,24,41.0,41.0,0.022684310018903593,0.0152903644407297,0.03353198344995381
pre_neuropil,LAL_R | LAL_R,18,1800-1900,1850.0,1143,23,27.0,27.0,0.020122484689413824,0.013445480299258567,0.030014401169987055
pre_neuropil,LAL_R | LAL_R,19,1900-2000,1950.0,1081,15,21.0,21.0,0.013876040703052728,0.008426790822826819,0.022768178101668694
pre_neuropil,LAL_R | SLP_L,0,0-100,50.0,423,60,194.0,194.0,0.14184397163120568,0.11181208037828977,0.17832271435586922
pre_neuropil,LAL_R | SLP_L,5,500-600,550.0,134,6,8.0,8.0,0.04477611940298507,0.020680206883838287,0.0942459112111345
pre_neuropil,LAL_R | SLP_L,11,1100-1200,1150.0,151,3,4.0,4.0,0.019867549668874173,0.00677927946976414,0.056779867426160466
pre_neuropil,LAL_R | SLP_L,13,1300-1400,1350.0,144,2,4.0,4.0,0.013888888888888888,0.003817054691554883,0.04922349681762791
pre_neuropil,LAL_R | SLP_L,14,1400-1500,1450.0,131,3,3.0,3.0,0.022900763358778626,0.007818301484185438,0.06516807660684877
pre_neuropil,LAL_R | SLP_L,19,1900-2000,1950.0,187,1,2.0,2.0,0.0053475935828877,0.0009445818095611402,0.02966509658340978
pre_neuropil,LAL_R | SLP_R,0,0-100,50.0,998,161,537.0,537.0,0.16132264529058116,0.1398070542108054,0.18543557895595472
pre_neuropil,LAL_R | SLP_R,1,100-200,150.0,563,54,112.0,112.0,0.09591474245115453,0.07425688535513433,0.12304973434250255
pre_neuropil,LAL_R | SLP_R,2,200-300,250.0,363,21,48.0,48.0,0.05785123966942149,0.038145995734805885,0.08681693104340031
pre_neuropil,LAL_R | SLP_R,3,300-400,350.0,297,21,49.0,49.0,0.0707070707070707,0.04670835388112844,0.10566950875488997
pre_neuropil,LAL_R | SLP_R,4,400-500,450.0,336,11,26.0,26.0,0.03273809523809524,0.01837679584958438,0.057663335788213935
pre_neuropil,LAL_R | SLP_R,5,500-600,550.0,274,4,9.0,9.0,0.014598540145985401,0.005691254002802331,0.03692871363343357
pre_neuropil,LAL_R | SLP_R,6,600-700,650.0,356,9,11.0,11.0,0.025280898876404494,0.013356098894040772,0.047341719257056825
pre_neuropil,LAL_R | SLP_R,8,800-900,850.0,321,6,7.0,7.0,0.018691588785046728,0.008593863045821212,0.04017328992965975
pre_neuropil,LAL_R | SLP_R,9,900-1000,950.0,346,8,10.0,10.0,0.023121387283236993,0.011761389490150313,0.0449545642443398
pre_neuropil,LAL_R | SLP_R,10,1000-1100,1050.0,310,7,12.0,12.0,0.02258064516129032,0.01098005634548306,0.045869003817350665
pre_neuropil,LAL_R | SLP_R,12,1200-1300,1250.0,342,6,13.0,13.0,0.017543859649122806,0.00806457642752288,0.0377413647894967
pre_neuropil,LAL_R | SLP_R,13,1300-1400,1350.0,350,1,1.0,1.0,0.002857142857142857,0.0005045210608510117,0.01600456096907424
pre_neuropil,LAL_R | SLP_R,14,1400-1500,1450.0,338,2,2.0,2.0,0.005917159763313609,0.0016241672734965615,0.021315112205654012
pre_neuropil,LAL_R | SLP_R,15,1500-1600,1550.0,318,4,8.0,8.0,0.012578616352201259,0.004902076950155302,0.03189117786836412
pre_neuropil,LAL_R | SLP_R,16,1600-1700,1650.0,345,6,15.0,15.0,0.017391304347826087,0.00799423984751081,0.03741777523325937
pre_neuropil,LAL_R | SLP_R,17,1700-1800,1750.0,310,3,4.0,4.0,0.00967741935483871,0.0032964887798659585,0.02806200544142274
pre_neuropil,LAL_R | SLP_R,19,1900-2000,1950.0,324,2,2.0,2.0,0.006172839506172839,0.0016944152101316546,0.022224452926187833
pre_neuropil,LA_L | LA_L,0,0-100,50.0,5466,3462,41603.0,41603.0,0.6333699231613611,0.62050530615099,0.6460472024262236
pre_neuropil,LA_L | LA_L,1,100-200,150.0,1333,652,5882.0,5882.0,0.4891222805701425,0.4623566984468713,0.5159503799684024
pre_neuropil,LA_L | LA_L,2,200-300,250.0,717,368,3109.0,3109.0,0.5132496513249651,0.4766906723311392,0.5496674068918136
pre_neuropil,LA_L | LA_L,3,300-400,350.0,636,258,1972.0,1972.0,0.4056603773584906,0.3681757456832052,0.4442778365784046
pre_neuropil,LA_L | LA_L,4,400-500,450.0,723,261,1616.0,1616.0,0.36099585062240663,0.32680562831638926,0.3966554394045557
pre_neuropil,LA_L | LA_L,5,500-600,550.0,698,234,1373.0,1373.0,0.335243553008596,0.30120779027958167,0.37108293742877885
pre_neuropil,LA_L | LA_L,6,600-700,650.0,733,209,993.0,993.0,0.28512960436562074,0.2536316454399905,0.31886806141695134
pre_neuropil,LA_L | LA_L,7,700-800,750.0,789,175,757.0,757.0,0.2217997465145754,0.19419694145472174,0.25209851024710617
pre_neuropil,LA_L | LA_L,8,800-900,850.0,784,174,678.0,678.0,0.22193877551020408,0.19424546571617757,0.2523437979124504
pre_neuropil,LA_L | LA_L,9,900-1000,950.0,937,149,594.0,594.0,0.15901814300960512,0.13700136434088417,0.1838194837168548
pre_neuropil,LA_L | LA_L,10,1000-1100,1050.0,1008,146,396.0,396.0,0.14484126984126985,0.1244623037074493,0.16791705685649666
pre_neuropil,LA_L | LA_L,11,1100-1200,1150.0,1016,114,468.0,468.0,0.11220472440944881,0.09423950967441147,0.13309147976551722
pre_neuropil,LA_L | LA_L,12,1200-1300,1250.0,1056,113,281.0,281.0,0.10700757575757576,0.08976674457869184,0.1270973603969951
pre_neuropil,LA_L | LA_L,13,1300-1400,1350.0,1139,90,223.0,223.0,0.07901668129938542,0.06472748920175012,0.0961360985430432
pre_neuropil,LA_L | LA_L,14,1400-1500,1450.0,1285,77,180.0,180.0,0.05992217898832685,0.0482098563393745,0.0742579473069386
pre_neuropil,LA_L | LA_L,15,1500-1600,1550.0,1281,77,125.0,125.0,0.060109289617486336,0.048361227641885746,0.07448784573805461
pre_neuropil,LA_L | LA_L,16,1600-1700,1650.0,1364,67,189.0,189.0,0.04912023460410557,0.038863431699349166,0.06190964027038767
pre_neuropil,LA_L | LA_L,17,1700-1800,1750.0,1370,51,73.0,73.0,0.03722627737226277,0.028426083764292412,0.048614529942557036
pre_neuropil,LA_L | LA_L,18,1800-1900,1850.0,1420,59,117.0,117.0,0.04154929577464789,0.03234713897956508,0.05322530110084836
pre_neuropil,LA_L | LA_L,19,1900-2000,1950.0,1500,58,129.0,129.0,0.03866666666666667,0.03002963169138969,0.04966067611762424
pre_neuropil,LA_L | LOP_L,0,0-100,50.0,391,31,43.0,43.0,0.0792838874680307,0.0564145371116507,0.11033992847657509
pre_neuropil,LA_L | LOP_L,2,200-300,250.0,181,2,2.0,2.0,0.011049723756906077,0.003035418046948204,0.03938793254079827
pre_neuropil,LA_L | LOP_L,13,1300-1400,1350.0,170,1,1.0,1.0,0.0058823529411764705,0.001039108788732302,0.032563895325357764
pre_neuropil,LA_L | LOP_L,15,1500-1600,1550.0,168,0,0.0,0.0,0.0,0.0,0.02235547155054422
pre_neuropil,LA_L | LOP_L,17,1700-1800,1750.0,185,0,0.0,0.0,0.0,0.0,0.02034297527663396
pre_neuropil,LA_L | LOP_L,18,1800-1900,1850.0,178,0,0.0,0.0,0.0,0.0,0.021126078961029818
pre_neuropil,LA_L | LOP_L,19,1900-2000,1950.0,216,0,0.0,0.0,0.0,0.0,0.017474399749637923
pre_neuropil,LA_L | ME_L,0,0-100,50.0,52474,20236,96136.0,96136.0,0.3856386019743111,0.38148239402460155,0.38981155340024826
pre_neuropil,LA_L | ME_L,1,100-200,150.0,17575,3429,9789.0,9789.0,0.19510668563300143,0.18931470993350388,0.20103192132574813
pre_neuropil,LA_L | ME_L,2,200-300,250.0,10974,1511,4138.0,4138.0,0.1376890832877711,0.13136878748602368,0.14426295418530813
pre_neuropil,LA_L | ME_L,3,300-400,350.0,9816,1135,3202.0,3202.0,0.11562754686226569,0.10945125212997162,0.12210458070545827
pre_neuropil,LA_L | ME_L,4,400-500,450.0,9198,921,2430.0,2430.0,0.10013046314416177,0.09416186693620052,0.10643293573895093
pre_neuropil,LA_L | ME_L,5,500-600,550.0,8761,756,1927.0,1927.0,0.08629151923296427,0.0805914772799094,0.09235421520128728
pre_neuropil,LA_L | ME_L,6,600-700,650.0,8787,618,1478.0,1478.0,0.0703311710481393,0.0651702557439583,0.07586761712591575
pre_neuropil,LA_L | ME_L,7,700-800,750.0,8459,511,1246.0,1246.0,0.06040903180044922,0.055528696275347005,0.06568846085542097
pre_neuropil,LA_L | ME_L,8,800-900,850.0,8347,497,1150.0,1150.0,0.059542350545106024,0.05466549100851454,0.06482445357383748
pre_neuropil,LA_L | ME_L,9,900-1000,950.0,8031,418,920.0,920.0,0.05204831278794671,0.04740081424406736,0.0571241585942273
pre_neuropil,LA_L | ME_L,10,1000-1100,1050.0,7593,330,752.0,752.0,0.043461082576056895,0.03910111950261979,0.048282774351373424
pre_neuropil,LA_L | ME_L,11,1100-1200,1150.0,7444,309,583.0,583.0,0.04150994089199355,0.037210131093819376,0.04628272944177525
pre_neuropil,LA_L | ME_L,12,1200-1300,1250.0,7161,272,579.0,579.0,0.037983521854489596,0.03379800829884903,0.04266447762686913
pre_neuropil,LA_L | ME_L,13,1300-1400,1350.0,7069,261,557.0,557.0,0.036921771113311644,0.0327713800873896,0.04157520219716207
pre_neuropil,LA_L | ME_L,14,1400-1500,1450.0,6899,229,417.0,417.0,0.033193216408175095,0.0292189588367932,0.0376870527396567
pre_neuropil,LA_L | ME_L,15,1500-1600,1550.0,6908,208,424.0,424.0,0.030110017371163866,0.026333924075534424,0.03440844015920151
pre_neuropil,LA_L | ME_L,16,1600-1700,1650.0,6982,199,361.0,361.0,0.028501861930678888,0.024850386761472908,0.03267190232106225
pre_neuropil,LA_L | ME_L,17,1700-1800,1750.0,6669,175,318.0,318.0,0.026240815714499925,0.02266843722851926,0.030358686928002004
pre_neuropil,LA_L | ME_L,18,1800-1900,1850.0,6649,174,292.0,292.0,0.02616934877425177,0.022597104777039044,0.0302888079132616
pre_neuropil,LA_L | ME_L,19,1900-2000,1950.0,6760,187,381.0,381.0,0.027662721893491123,0.024013248966326055,0.03184873337223136
pre_neuropil,LA_L | PLP_L,0,0-100,50.0,343,28,37.0,37.0,0.08163265306122448,0.057080470774112685,0.11545246645141038
pre_neuropil,LA_L | PLP_L,8,800-900,850.0,90,1,1.0,1.0,0.011111111111111112,0.00196403353551235,0.06028554447679775
pre_neuropil,LA_L | PLP_L,14,1400-1500,1450.0,80,2,2.0,2.0,0.025,0.006882748898125228,0.08664600055322111
pre_neuropil,LA_L | PLP_L,18,1800-1900,1850.0,66,0,0.0,0.0,0.0,0.0,0.05500446725160935
pre_neuropil,LA_R | LA_R,0,0-100,50.0,8678,4213,36495.0,36495.0,0.4854805254666974,0.47497369900324243,0.4960002012807711
pre_neuropil,LA_R | LA_R,1,100-200,150.0,2210,974,5640.0,5640.0,0.4407239819004525,0.42014521875579736,0.46150846414545443
pre_neuropil,LA_R | LA_R,2,200-300,250.0,1274,528,2705.0,2705.0,0.41444270015698587,0.3876880709397713,0.4417117545159033
pre_neuropil,LA_R | LA_R,3,300-400,350.0,1094,431,2033.0,2033.0,0.3939670932358318,0.3654313222566779,0.42324493122105505
pre_neuropil,LA_R | LA_R,4,400-500,450.0,1158,406,1677.0,1677.0,0.35060449050086356,0.32365642511421333,0.37854050086950086
pre_neuropil,LA_R | LA_R,5,500-600,550.0,1044,326,1259.0,1259.0,0.31226053639846746,0.28488096122251394,0.3410166935375185
pre_neuropil,LA_R | LA_R,6,600-700,650.0,1147,367,1195.0,1195.0,0.3199651264167393,0.29360899757255715,0.34752319646700486
pre_neuropil,LA_R | LA_R,7,700-800,750.0,1076,269,938.0,938.0,0.25,0.22504691901323284,0.2767318603929319
pre_neuropil,LA_R | LA_R,8,800-900,850.0,1142,241,778.0,778.0,0.21103327495621715,0.18835576670497298,0.23564838884322845
pre_neuropil,LA_R | LA_R,9,900-1000,950.0,1195,223,693.0,693.0,0.18661087866108786,0.16553798216257207,0.20969224007863138
pre_neuropil,LA_R | LA_R,10,1000-1100,1050.0,1292,214,577.0,577.0,0.16563467492260062,0.14636057524545049,0.18689126664633626
pre_neuropil,LA_R | LA_R,11,1100-1200,1150.0,1323,166,366.0,366.0,0.1254724111866969,0.10869973329365325,0.1444138260038545
pre_neuropil,LA_R | LA_R,12,1200-1300,1250.0,1322,172,413.0,413.0,0.13010590015128592,0.11303707857603963,0.1493182435076844
pre_neuropil,LA_R | LA_R,13,1300-1400,1350.0,1406,160,408.0,408.0,0.11379800853485064,0.09824003125202971,0.13146066703918258
pre_neuropil,LA_R | LA_R,14,1400-1500,1450.0,1463,158,361.0,361.0,0.10799726589200273,0.0931069793025595,0.12494083172216193
pre_neuropil,LA_R | LA_R,15,1500-1600,1550.0,1490,115,199.0,199.0,0.07718120805369127,0.06469119122329835,0.09184588740672507
pre_neuropil,LA_R | LA_R,16,1600-1700,1650.0,1557,118,315.0,315.0,0.07578676942838793,0.06365957040985293,0.09000214644853935
pre_neuropil,LA_R | LA_R,17,1700-1800,1750.0,1607,111,235.0,235.0,0.06907280647168637,0.05767449534116703,0.08252650269613224
pre_neuropil,LA_R | LA_R,18,1800-1900,1850.0,1683,106,282.0,282.0,0.0629827688651218,0.052342179352907636,0.07561387769477246
pre_neuropil,LA_R | LA_R,19,1900-2000,1950.0,1797,104,192.0,192.0,0.05787423483583751,0.04799134525661127,0.06964343172766096
pre_neuropil,LA_R | LOP_R,0,0-100,50.0,1061,87,112.0,112.0,0.08199811498586239,0.06695802960157435,0.1000542283718181
pre_neuropil,LA_R | LOP_R,1,100-200,150.0,612,22,25.0,25.0,0.03594771241830065,0.023857153880278217,0.053827757304675816
pre_neuropil,LA_R | LOP_R,2,200-300,250.0,394,8,9.0,9.0,0.02030456852791878,0.010323639395446532,0.039549475934875886
pre_neuropil,LA_R | LOP_R,3,300-400,350.0,344,4,4.0,4.0,0.011627906976744186,0.0045308288500372045,0.029512252828519932
pre_neuropil,LA_R | LOP_R,4,400-500,450.0,338,2,2.0,2.0,0.005917159763313609,0.0016241672734965615,0.021315112205654012
pre_neuropil,LA_R | LOP_R,5,500-600,550.0,326,2,2.0,2.0,0.006134969325153374,0.0016840100332528342,0.022089825650299516
pre_neuropil,LA_R | LOP_R,7,700-800,750.0,351,2,2.0,2.0,0.005698005698005698,0.0015639592395947054,0.02053491530048177
pre_neuropil,LA_R | LOP_R,8,800-900,850.0,346,0,0.0,0.0,0.0,0.0,0.010980969673132068
pre_neuropil,LA_R | LOP_R,10,1000-1100,1050.0,358,0,0.0,0.0,0.0,0.0,0.010616800279459297
pre_neuropil,LA_R | LOP_R,11,1100-1200,1150.0,338,1,1.0,1.0,0.0029585798816568047,0.0005224396059251134,0.01656617687609463
pre_neuropil,LA_R | LOP_R,12,1200-1300,1250.0,360,0,0.0,0.0,0.0,0.0,0.010558440816003448
pre_neuropil,LA_R | LOP_R,13,1300-1400,1350.0,372,2,2.0,2.0,0.005376344086021506,0.0014755968760074394,0.01938851183361917
pre_neuropil,LA_R | LOP_R,16,1600-1700,1650.0,423,0,0.0,0.0,0.0,0.0,0.00900005997541008
pre_neuropil,LA_R | LOP_R,18,1800-1900,1850.0,406,0,0.0,0.0,0.0,0.0,0.009373377421911295
pre_neuropil,LA_R | LOP_R,19,1900-2000,1950.0,394,0,0.0,0.0,0.0,8.673617379884035e-19,0.009656104339013316
pre_neuropil,LA_R | ME_R,0,0-100,50.0,109864,41809,210860.0,210860.0,0.3805523192310493,0.3776855120307734,0.38342747956184564
pre_neuropil,LA_R | ME_R,1,100-200,150.0,35697,6622,18668.0,18668.0,0.18550578479984312,0.18150730715884078,0.18957194493363655
pre_neuropil,LA_R | ME_R,2,200-300,250.0,22249,2996,7870.0,7870.0,0.1346577374264012,0.13023525610540804,0.13920635983635105
pre_neuropil,LA_R | ME_R,3,300-400,350.0,19722,2218,5277.0,5277.0,0.11246323902241152,0.10812909953395511,0.1169483237786198
pre_neuropil,LA_R | ME_R,4,400-500,450.0,19208,1773,4187.0,4187.0,0.09230528946272387,0.08829287758572625,0.09648074661488139
pre_neuropil,LA_R | ME_R,5,500-600,550.0,17851,1429,3394.0,3394.0,0.08005153772897877,0.07616030292539264,0.08412348251014998
pre_neuropil,LA_R | ME_R,6,600-700,650.0,17805,1227,2812.0,2812.0,0.06891322662173546,0.06528469877223043,0.07272773657898297
pre_neuropil,LA_R | ME_R,7,700-800,750.0,16890,1052,2428.0,2428.0,0.06228537596210776,0.05873920027946592,0.06603062116836866
pre_neuropil,LA_R | ME_R,8,800-900,850.0,16475,883,2118.0,2118.0,0.05359635811836115,0.050260116890486706,0.05714073342171
pre_neuropil,LA_R | ME_R,9,900-1000,950.0,15968,792,1768.0,1768.0,0.04959919839679359,0.04633858506871831,0.05307647549637018
pre_neuropil,LA_R | ME_R,10,1000-1100,1050.0,15357,713,1590.0,1590.0,0.04642833886826854,0.04321234953262475,0.04987119609810424
pre_neuropil,LA_R | ME_R,11,1100-1200,1150.0,15158,593,1261.0,1261.0,0.039121256102388174,0.03614964518476572,0.04232641540143641
pre_neuropil,LA_R | ME_R,12,1200-1300,1250.0,14629,515,1078.0,1078.0,0.03520404675644268,0.0323374689999451,0.038314672823280806
pre_neuropil,LA_R | ME_R,13,1300-1400,1350.0,14530,496,1038.0,1038.0,0.03413626978664831,0.03130473520585622,0.03721407953064125
pre_neuropil,LA_R | ME_R,14,1400-1500,1450.0,14600,455,926.0,926.0,0.031164383561643836,0.028466782866932543,0.03410864249237839
pre_neuropil,LA_R | ME_R,15,1500-1600,1550.0,14044,394,775.0,775.0,0.02805468527485047,0.025449992217008256,0.030917499853802106
pre_neuropil,LA_R | ME_R,16,1600-1700,1650.0,13901,396,779.0,779.0,0.02848715919718006,0.02584919059631485,0.03138566492336257
pre_neuropil,LA_R | ME_R,17,1700-1800,1750.0,13636,337,656.0,656.0,0.02471399237312995,0.022238931394958198,0.02745677768131143
pre_neuropil,LA_R | ME_R,18,1800-1900,1850.0,13622,298,521.0,521.0,0.02187637644986052,0.019551306812173458,0.024471045539258544
pre_neuropil,LA_R | ME_R,19,1900-2000,1950.0,13438,297,583.0,583.0,0.022101503199880936,0.01974900137132615,0.024727166239516703
pre_neuropil,LA_R | PLP_R,0,0-100,50.0,1143,113,208.0,208.0,0.09886264216972879,0.08287924436185007,0.11753343686631607
pre_neuropil,LA_R | PLP_R,1,100-200,150.0,563,23,39.0,39.0,0.04085257548845471,0.027374001314520193,0.060554619308948524
pre_neuropil,LA_R | PLP_R,3,300-400,350.0,313,10,16.0,16.0,0.03194888178913738,0.01744467813317713,0.057803016613977284
pre_neuropil,LA_R | PLP_R,4,400-500,450.0,305,11,15.0,15.0,0.036065573770491806,0.020255495880327025,0.06341716997815836
pre_neuropil,LA_R | PLP_R,6,600-700,650.0,276,7,8.0,8.0,0.025362318840579712,0.012338530973343337,0.05141753674496588
pre_neuropil,LA_R | PLP_R,7,700-800,750.0,287,8,11.0,11.0,0.027874564459930314,0.014190599099751473,0.05403072824819326
pre_neuropil,LA_R | PLP_R,9,900-1000,950.0,306,5,5.0,5.0,0.016339869281045753,0.006998988314164848,0.03767416080461068
pre_neuropil,LA_R | PLP_R,10,1000-1100,1050.0,318,4,5.0,5.0,0.012578616352201259,0.004902076950155302,0.03189117786836412
pre_neuropil,LA_R | PLP_R,11,1100-1200,1150.0,276,2,4.0,4.0,0.007246376811594203,0.0019894307873807495,0.02603213569880286
pre_neuropil,LA_R | PLP_R,12,1200-1300,1250.0,273,6,7.0,7.0,0.02197802197802198,0.010110597164400367,0.04711201677801292
pre_neuropil,LA_R | PLP_R,13,1300-1400,1350.0,237,2,2.0,2.0,0.008438818565400843,0.002317238705718979,0.030241920509300354
pre_neuropil,LA_R | PLP_R,18,1800-1900,1850.0,224,0,0.0,0.0,0.0,0.0,0.01686083665142801
pre_neuropil,LH_L | LH_R,0,0-100,50.0,3412,2004,18655.0,18655.0,0.5873388042203986,0.5707302376999795,0.6037509209111224
pre_neuropil,LH_L | LH_R,1,100-200,150.0,1146,400,1527.0,1527.0,0.34904013961605584,0.3219879588096315,0.37710102875178564
pre_neuropil,LH_L | LH_R,2,200-300,250.0,668,185,450.0,450.0,0.27694610778443113,0.24435943438299856,0.3120836319588297
pre_neuropil,LH_L | LH_R,3,300-400,350.0,549,122,382.0,382.0,0.2222222222222222,0.1894428360458435,0.258862067203116
pre_neuropil,LH_L | LH_R,4,400-500,450.0,537,113,241.0,241.0,0.21042830540037244,0.1780702814002055,0.24689998715901776
pre_neuropil,LH_L | LH_R,5,500-600,550.0,444,57,134.0,134.0,0.12837837837837837,0.10042099614931745,0.16271132563588514
pre_neuropil,LH_L | LH_R,6,600-700,650.0,481,62,119.0,119.0,0.1288981288981289,0.10186664163973576,0.16181040257429208
pre_neuropil,LH_L | LH_R,7,700-800,750.0,454,40,68.0,68.0,0.0881057268722467,0.06536872007726771,0.1177548755068819
pre_neuropil,LH_L | LH_R,9,900-1000,950.0,429,33,50.0,50.0,0.07692307692307693,0.055294976536531586,0.10606104839268041
pre_neuropil,LH_L | LH_R,10,1000-1100,1050.0,357,29,40.0,40.0,0.08123249299719888,0.05715231716334834,0.11422925303254927
pre_neuropil,LH_L | LH_R,11,1100-1200,1150.0,328,16,26.0,26.0,0.04878048780487805,0.030245890601633442,0.07776226750753673
pre_neuropil,LH_L | LH_R,12,1200-1300,1250.0,315,16,21.0,21.0,0.050793650793650794,0.031503719217636394,0.0809082119732747
pre_neuropil,LH_L | LH_R,14,1400-1500,1450.0,313,7,11.0,11.0,0.022364217252396165,0.010874414693890427,0.04543637277846169
pre_neuropil,LH_L | LH_R,15,1500-1600,1550.0,265,7,10.0,10.0,0.026415094339622643,0.01285300940285369,0.05351171986523576
pre_neuropil,LH_L | LH_R,16,1600-1700,1650.0,302,5,5.0,5.0,0.016556291390728478,0.007091955887854528,0.03816545840765007
pre_neuropil,LH_L | LH_R,17,1700-1800,1750.0,268,9,15.0,15.0,0.033582089552238806,0.01776620604120164,0.06258058414837936
pre_neuropil,LH_L | LH_R,18,1800-1900,1850.0,265,2,9.0,9.0,0.007547169811320755,0.002072108640542797,0.027095996295598036
pre_neuropil,LH_L | LH_R,19,1900-2000,1950.0,257,2,2.0,2.0,0.007782101167315175,0.0021366887793855555,0.027926000607583393
pre_neuropil,LH_L | SLP_L,0,0-100,50.0,86305,32343,142964.0,142964.0,0.37475233184635887,0.3715284661146859,0.3779873471064709
pre_neuropil,LH_L | SLP_L,1,100-200,150.0,42171,9849,22407.0,22407.0,0.23354912143416093,0.22953537174980848,0.23761141179614326
pre_neuropil,LH_L | SLP_L,2,200-300,250.0,26781,4961,9902.0,9902.0,0.18524326948209552,0.180635583441165,0.18994124311733138
pre_neuropil,LH_L | SLP_L,3,300-400,350.0,23848,3666,6928.0,6928.0,0.15372358269037237,0.14920158697331187,0.15835712161713927
pre_neuropil,LH_L | SLP_L,4,400-500,450.0,22497,2862,4895.0,4895.0,0.1272169622616349,0.12292620377474829,0.13163501228216581
pre_neuropil,LH_L | SLP_L,5,500-600,550.0,20799,2154,3621.0,3621.0,0.10356267128227319,0.09949469930476154,0.10777706110704682
pre_neuropil,LH_L | SLP_L,6,600-700,650.0,20697,1780,3004.0,3004.0,0.08600280233850316,0.08225949622152683,0.08989976516811639
pre_neuropil,LH_L | SLP_L,7,700-800,750.0,19260,1400,2156.0,2156.0,0.07268951194184839,0.0691073932145546,0.07644205939307065
pre_neuropil,LH_L | SLP_L,8,800-900,850.0,18079,1096,1627.0,1627.0,0.060622822058742185,0.057236662925359755,0.06419566771010851
pre_neuropil,LH_L | SLP_L,9,900-1000,950.0,17287,826,1186.0,1186.0,0.04778156996587031,0.04470104491870951,0.05106303865256097
pre_neuropil,LH_L | SLP_L,10,1000-1100,1050.0,16626,702,1021.0,1021.0,0.04222302417899675,0.03927048360204668,0.045387063587097924
pre_neuropil,LH_L | SLP_L,11,1100-1200,1150.0,15931,601,938.0,938.0,0.03772518988136338,0.03487620165204637,0.040797070180163125
pre_neuropil,LH_L | SLP_L,12,1200-1300,1250.0,14998,447,677.0,677.0,0.029803973863181756,0.027200578546462257,0.03264818028858637
pre_neuropil,LH_L | SLP_L,13,1300-1400,1350.0,14199,403,562.0,562.0,0.028382280442284667,0.025775752782882865,0.031243935446267
pre_neuropil,LH_L | SLP_L,14,1400-1500,1450.0,13873,340,496.0,496.0,0.024508037194550567,0.022063677482892646,0.02721566285345594
pre_neuropil,LH_L | SLP_L,15,1500-1600,1550.0,13145,304,418.0,418.0,0.02312666413084823,0.020693072627317496,0.02583890475995288
pre_neuropil,LH_L | SLP_L,16,1600-1700,1650.0,12824,287,423.0,423.0,0.02237991266375546,0.019959227792374624,0.025086666756245313
pre_neuropil,LH_L | SLP_L,17,1700-1800,1750.0,12355,213,284.0,284.0,0.017239983812221773,0.015090266444124964,0.01968982168322833
pre_neuropil,LH_L | SLP_L,18,1800-1900,1850.0,11667,190,252.0,252.0,0.016285248992885918,0.014142613217946,0.01874632599959937
pre_neuropil,LH_L | SLP_L,19,1900-2000,1950.0,11491,164,258.0,258.0,0.01427203898703333,0.012259968615739449,0.01660877195046374
pre_neuropil,LH_R | LH_R,0,0-100,50.0,51175,27534,201787.0,201787.0,0.5380361504640938,0.5337139228282348,0.5423526679404003
pre_neuropil,LH_R | LH_R,1,100-200,150.0,17615,5919,16943.0,16943.0,0.3360204371274482,0.3290813662992887,0.3430310159358749
pre_neuropil,LH_R | LH_R,2,200-300,250.0,9951,2573,6032.0,6032.0,0.2585669781931464,0.2500583968925868,0.2672618987914751
pre_neuropil,LH_R | LH_R,3,300-400,350.0,8382,1780,3691.0,3691.0,0.21235981865903125,0.20373707405035468,0.22124610235498066
pre_neuropil,LH_R | LH_R,4,400-500,450.0,7404,1350,2811.0,2811.0,0.18233387358184766,0.1737041721346619,0.19129304918821308
pre_neuropil,LH_R | LH_R,5,500-600,550.0,6637,964,1872.0,1872.0,0.14524634624077143,0.13697451141536707,0.15392861748925854
pre_neuropil,LH_R | LH_R,6,600-700,650.0,6247,791,1433.0,1433.0,0.12662077797342725,0.11860300154461881,0.13509749216170067
pre_neuropil,LH_R | LH_R,7,700-800,750.0,5603,556,938.0,938.0,0.0992325539889345,0.09167650008015014,0.10733778989016039
pre_neuropil,LH_R | LH_R,8,800-900,850.0,5361,461,817.0,817.0,0.08599141951128521,0.07877996693808101,0.09379579000505034
pre_neuropil,LH_R | LH_R,9,900-1000,950.0,4945,366,650.0,650.0,0.07401415571284126,0.06704337249809741,0.08164629257422981
pre_neuropil,LH_R | LH_R,10,1000-1100,1050.0,4492,270,458.0,458.0,0.06010685663401603,0.05352470361062892,0.06744076812663156
pre_neuropil,LH_R | LH_R,11,1100-1200,1150.0,4386,228,379.0,379.0,0.05198358413132695,0.04579686965851439,0.058954427062533586
pre_neuropil,LH_R | LH_R,12,1200-1300,1250.0,4094,194,342.0,342.0,0.04738641914997557,0.04129165963050098,0.05432980118926327
pre_neuropil,LH_R | LH_R,13,1300-1400,1350.0,3748,157,284.0,284.0,0.04188900747065102,0.03593044162764456,0.04878571483269215
pre_neuropil,LH_R | LH_R,14,1400-1500,1450.0,3610,111,185.0,185.0,0.03074792243767313,0.02559612171526494,0.0368973755094059
pre_neuropil,LH_R | LH_R,15,1500-1600,1550.0,3305,105,177.0,177.0,0.03177004538577912,0.02631291277159606,0.03831441783256462
pre_neuropil,LH_R | LH_R,16,1600-1700,1650.0,3223,84,148.0,148.0,0.026062674526838348,0.021100814467045755,0.03215299259928188
pre_neuropil,LH_R | LH_R,17,1700-1800,1750.0,3088,69,102.0,102.0,0.022344559585492228,0.01769448726367729,0.028181601601936
pre_neuropil,LH_R | LH_R,18,1800-1900,1850.0,2904,57,108.0,108.0,0.01962809917355372,0.015180916321837766,0.025344537334234835
pre_neuropil,LH_R | LH_R,19,1900-2000,1950.0,2684,68,124.0,124.0,0.02533532041728763,0.02003432309610964,0.03199314757031653
pre_neuropil,LH_R | SLP_R,0,0-100,50.0,106021,41720,187949.0,187949.0,0.3935069467369672,0.3905701660745957,0.396451444528782
pre_neuropil,LH_R | SLP_R,1,100-200,150.0,47638,11543,26582.0,26582.0,0.24230656198832864,0.23847967404302028,0.2461750081554948
pre_neuropil,LH_R | SLP_R,2,200-300,250.0,28703,5384,10774.0,10774.0,0.18757621154583146,0.18310193496898636,0.19213410632369288
pre_neuropil,LH_R | SLP_R,3,300-400,350.0,24518,3676,6830.0,6830.0,0.14993066318623052,0.14551676973187538,0.15445424060203033
pre_neuropil,LH_R | SLP_R,4,400-500,450.0,23145,2887,5034.0,5034.0,0.12473536400950529,0.12054065216922166,0.129054627795025
pre_neuropil,LH_R | SLP_R,5,500-600,550.0,20726,2080,3343.0,3343.0,0.1003570394673357,0.09634001746890888,0.10452218304110367
pre_neuropil,LH_R | SLP_R,6,600-700,650.0,20140,1710,2802.0,2802.0,0.08490566037735849,0.08113466928775886,0.08883497542986041
pre_neuropil,LH_R | SLP_R,7,700-800,750.0,18703,1288,1984.0,1984.0,0.06886595733304818,0.06532460421773889,0.07258438411730964
pre_neuropil,LH_R | SLP_R,8,800-900,850.0,17458,963,1513.0,1513.0,0.05516095772711651,0.05187126083541411,0.0586463835349254
pre_neuropil,LH_R | SLP_R,9,900-1000,950.0,16397,772,1194.0,1194.0,0.04708178325303409,0.043944402491064564,0.05043133978791702
pre_neuropil,LH_R | SLP_R,10,1000-1100,1050.0,15410,629,978.0,978.0,0.04081765087605451,0.037806255033512565,0.04405793124435861
pre_neuropil,LH_R | SLP_R,11,1100-1200,1150.0,14891,540,793.0,793.0,0.03626351487475656,0.033378450793998836,0.03938778795539478
pre_neuropil,LH_R | SLP_R,12,1200-1300,1250.0,13884,402,562.0,562.0,0.02895419187554019,0.026292668284164933,0.031876313136245275
pre_neuropil,LH_R | SLP_R,13,1300-1400,1350.0,13279,368,521.0,521.0,0.027712930190526393,0.025054609624354313,0.030644435977454258
pre_neuropil,LH_R | SLP_R,14,1400-1500,1450.0,12788,279,423.0,423.0,0.021817328745699093,0.019425234693635024,0.0244966350080661
pre_neuropil,LH_R | SLP_R,15,1500-1600,1550.0,12063,251,370.0,370.0,0.02080742767139186,0.01840857346874391,0.023511393393172965
pre_neuropil,LH_R | SLP_R,16,1600-1700,1650.0,11650,228,340.0,340.0,0.019570815450643778,0.017209226443333073,0.022249144090894887
pre_neuropil,LH_R | SLP_R,17,1700-1800,1750.0,11146,174,233.0,233.0,0.015610981518033374,0.013470810926630111,0.018084937811540306
pre_neuropil,LH_R | SLP_R,18,1800-1900,1850.0,10743,146,225.0,225.0,0.013590244810574328,0.011568162471424788,0.015960074289783268
pre_neuropil,LH_R | SLP_R,19,1900-2000,1950.0,10332,129,175.0,175.0,0.01248548199767712,0.010518316620345186,0.014815043751586208
pre_neuropil,LOP_L | LOP_L,0,0-100,50.0,293675,135844,574482.0,574482.0,0.46256576147101386,0.4607629462358617,0.464369556057419
pre_neuropil,LOP_L | LOP_L,1,100-200,150.0,76428,20942,46426.0,46426.0,0.2740095253048621,0.2708588247407046,0.2771829432336523
pre_neuropil,LOP_L | LOP_L,2,200-300,250.0,44097,9005,16593.0,16593.0,0.20420890309998413,0.20047214173165476,0.2079971968670898
pre_neuropil,LOP_L | LOP_L,3,300-400,350.0,37250,5781,9777.0,9777.0,0.15519463087248322,0.15155306942547486,0.15890730467994357
pre_neuropil,LOP_L | LOP_L,4,400-500,450.0,35922,4318,6921.0,6921.0,0.12020488836924448,0.11688242888239338,0.12360857189071033
pre_neuropil,LOP_L | LOP_L,5,500-600,550.0,33510,2958,4474.0,4474.0,0.088272157564906,0.08528168087431665,0.09135702472844542
pre_neuropil,LOP_L | LOP_L,6,600-700,650.0,33635,2314,3542.0,3542.0,0.06879738367771666,0.06614132671556017,0.07155192845289368
pre_neuropil,LOP_L | LOP_L,7,700-800,750.0,32759,1736,2572.0,2572.0,0.05299307060655087,0.050619138124504595,0.0554718304928207
pre_neuropil,LOP_L | LOP_L,8,800-900,850.0,32450,1350,2085.0,2085.0,0.04160246533127889,0.039483570844226594,0.04382988194590474
pre_neuropil,LOP_L | LOP_L,9,900-1000,950.0,32326,1065,1630.0,1630.0,0.03294561653158448,0.031054611064557827,0.034947617662724265
pre_neuropil,LOP_L | LOP_L,10,1000-1100,1050.0,30675,780,1179.0,1179.0,0.025427872860635695,0.02372473192942042,0.0272498654947535
pre_neuropil,LOP_L | LOP_L,11,1100-1200,1150.0,31065,669,998.0,998.0,0.02153549010140029,0.019979419066872294,0.023209883491482498
pre_neuropil,LOP_L | LOP_L,12,1200-1300,1250.0,30411,529,791.0,791.0,0.017395021538259184,0.015985397763466417,0.018926557852307697
pre_neuropil,LOP_L | LOP_L,13,1300-1400,1350.0,30269,467,695.0,695.0,0.015428326010109353,0.014100063285782814,0.01687957226980375
pre_neuropil,LOP_L | LOP_L,14,1400-1500,1450.0,29218,372,545.0,545.0,0.012731877609692655,0.011508858226753842,0.014083012752383897
pre_neuropil,LOP_L | LOP_L,15,1500-1600,1550.0,29203,309,452.0,452.0,0.010581104681025922,0.009470251035739098,0.011820705669418643
pre_neuropil,LOP_L | LOP_L,16,1600-1700,1650.0,28943,284,458.0,458.0,0.00981238986974398,0.00874004398529806,0.0110148435392877
pre_neuropil,LOP_L | LOP_L,17,1700-1800,1750.0,28687,235,348.0,348.0,0.0081918639104821,0.007212625756413082,0.009302804728553937
pre_neuropil,LOP_L | LOP_L,18,1800-1900,1850.0,28147,193,277.0,277.0,0.0068568586350232705,0.005957805066196279,0.007890505600295483
pre_neuropil,LOP_L | LOP_L,19,1900-2000,1950.0,28098,155,247.0,247.0,0.005516406861698342,0.004715374417789503,0.006452633873880607
pre_neuropil,LOP_L | LO_L,0,0-100,50.0,198059,92036,388441.0,388441.0,0.4646898146511898,0.4624939605169468,0.46688703852856017
pre_neuropil,LOP_L | LO_L,1,100-200,150.0,86433,19120,37098.0,37098.0,0.2212118056760728,0.2184570964199476,0.2239912958637426
pre_neuropil,LOP_L | LO_L,2,200-300,250.0,57241,8245,13947.0,13947.0,0.14404011110917,0.14118745311198302,0.14694054478259058
pre_neuropil,LOP_L | LO_L,3,300-400,350.0,51397,5548,8637.0,8637.0,0.10794404342665914,0.10529052051482013,0.11065616935416442
pre_neuropil,LOP_L | LO_L,4,400-500,450.0,50361,3930,5804.0,5804.0,0.07803657592184428,0.0757259394917495,0.08041158323600983
pre_neuropil,LOP_L | LO_L,5,500-600,550.0,47743,2846,4088.0,4088.0,0.05961083300169658,0.05752223597768465,0.06177029540516601
pre_neuropil,LOP_L | LO_L,6,600-700,650.0,48689,2115,2936.0,2936.0,0.04343896978783709,0.041664043813216374,0.045285936119768284
pre_neuropil,LOP_L | LO_L,7,700-800,750.0,48168,1566,2180.0,2180.0,0.032511210762331835,0.030964258178725158,0.034132725782128844
pre_neuropil,LOP_L | LO_L,8,800-900,850.0,47716,1203,1680.0,1680.0,0.025211669041830833,0.023842797965305657,0.02665698407923491
pre_neuropil,LOP_L | LO_L,9,900-1000,950.0,47462,957,1289.0,1289.0,0.020163499220428975,0.018937219461391673,0.021467449145600857
pre_neuropil,LOP_L | LO_L,10,1000-1100,1050.0,46173,735,1030.0,1030.0,0.015918393866545383,0.014816368713314316,0.017100963631910444
pre_neuropil,LOP_L | LO_L,11,1100-1200,1150.0,46378,562,747.0,747.0,0.012117814481003924,0.011161662024391096,0.013154785125909205
pre_neuropil,LOP_L | LO_L,12,1200-1300,1250.0,45777,445,596.0,596.0,0.009721038949690893,0.008862467021277576,0.010661892268788425
pre_neuropil,LOP_L | LO_L,13,1300-1400,1350.0,45920,380,512.0,512.0,0.008275261324041812,0.007486815530928802,0.009145974178893734
pre_neuropil,LOP_L | LO_L,14,1400-1500,1450.0,45669,355,495.0,495.0,0.007773325450524426,0.007008218805993434,0.008621235701168217
pre_neuropil,LOP_L | LO_L,15,1500-1600,1550.0,45385,249,364.0,364.0,0.005486394183100143,0.004847396869743303,0.006209100328898578
pre_neuropil,LOP_L | LO_L,16,1600-1700,1650.0,45422,223,329.0,329.0,0.004909515212892431,0.004307252750803548,0.005595515897075502
pre_neuropil,LOP_L | LO_L,17,1700-1800,1750.0,44967,215,324.0,324.0,0.004781284052749794,0.0041846242736644276,0.005462551197474632
pre_neuropil,LOP_L | LO_L,18,1800-1900,1850.0,44794,161,217.0,217.0,0.0035942313702728044,0.003080990462822972,0.0041926099688549675
pre_neuropil,LOP_L | LO_L,19,1900-2000,1950.0,44654,151,211.0,211.0,0.0033815559636314776,0.00288415355296317,0.003964399557583938
pre_neuropil,LOP_L | ME_L,0,0-100,50.0,216638,106480,455211.0,455211.0,0.491511184556726,0.4894061401912306,0.49361652997794697
pre_neuropil,LOP_L | ME_L,1,100-200,150.0,79493,21051,59693.0,59693.0,0.26481576994200745,0.2617598499838233,0.2678944199538643
pre_neuropil,LOP_L | ME_L,2,200-300,250.0,50277,9646,24586.0,24586.0,0.19185711160172644,0.1884387566391845,0.19532255255894956
pre_neuropil,LOP_L | ME_L,3,300-400,350.0,43995,6648,16012.0,16012.0,0.15110808046368907,0.14779179106103055,0.1544852943429634
pre_neuropil,LOP_L | ME_L,4,400-500,450.0,42572,5097,11031.0,11031.0,0.11972658085126374,0.11667695633389569,0.12284482918496059
pre_neuropil,LOP_L | ME_L,5,500-600,550.0,40506,3769,7735.0,7735.0,0.09304794351454106,0.09025734760139754,0.09591572299387234
pre_neuropil,LOP_L | ME_L,6,600-700,650.0,40741,3095,6313.0,6313.0,0.0759676983873739,0.07343473448123089,0.07858062149453021
pre_neuropil,LOP_L | ME_L,7,700-800,750.0,39926,2457,4664.0,4664.0,0.061538846866703405,0.059223487578816604,0.06393857375027218
pre_neuropil,LOP_L | ME_L,8,800-900,850.0,39291,1937,3479.0,3479.0,0.049298821613092056,0.04720186446172247,0.05148390298516806
pre_neuropil,LOP_L | ME_L,9,900-1000,950.0,38946,1571,2966.0,2966.0,0.040337903764186306,0.038428738847389544,0.042337741086125764
pre_neuropil,LOP_L | ME_L,10,1000-1100,1050.0,38049,1198,2240.0,2240.0,0.03148571578753712,0.02977780037159363,0.03328822831626132
pre_neuropil,LOP_L | ME_L,11,1100-1200,1150.0,38147,1005,1766.0,1766.0,0.026345453115579207,0.024785279562891154,0.028001015982421277
pre_neuropil,LOP_L | ME_L,12,1200-1300,1250.0,37743,815,1436.0,1436.0,0.021593408049174683,0.0201749440973816,0.023109249513137597
pre_neuropil,LOP_L | ME_L,13,1300-1400,1350.0,37056,620,1087.0,1087.0,0.016731433506044904,0.015474677271873061,0.018088380374870896
pre_neuropil,LOP_L | ME_L,14,1400-1500,1450.0,36778,531,879.0,879.0,0.014437979226711622,0.013268551828380904,0.015708833578009403
pre_neuropil,LOP_L | ME_L,15,1500-1600,1550.0,35930,481,757.0,757.0,0.013387141664347343,0.012249738459605631,0.01462859007401823
pre_neuropil,LOP_L | ME_L,16,1600-1700,1650.0,36381,426,682.0,682.0,0.011709408757318381,0.010654397214743407,0.012867530114466133
pre_neuropil,LOP_L | ME_L,17,1700-1800,1750.0,35807,307,520.0,520.0,0.00857374256430307,0.00767009218458874,0.009582828227089047
pre_neuropil,LOP_L | ME_L,18,1800-1900,1850.0,35721,288,452.0,452.0,0.008062484252960444,0.0071865180304577425,0.009044249525975599
pre_neuropil,LOP_L | ME_L,19,1900-2000,1950.0,35706,248,396.0,396.0,0.006945611381840587,0.006135623740186397,0.007861682817454564
pre_neuropil,LOP_L | PLP_L,0,0-100,50.0,48437,24171,87037.0,87037.0,0.49901934471581644,0.49456676385698733,0.503472081116342
pre_neuropil,LOP_L | PLP_L,1,100-200,150.0,16731,4349,8786.0,8786.0,0.2599366445520292,0.2533462413995832,0.26663726415089656
pre_neuropil,LOP_L | PLP_L,2,200-300,250.0,10826,1906,3321.0,3321.0,0.17605763901718086,0.1689982976792986,0.18334680033210718
pre_neuropil,LOP_L | PLP_L,3,300-400,350.0,9369,1254,2157.0,2157.0,0.13384566122318284,0.12710091202476745,0.14089055813941412
pre_neuropil,LOP_L | PLP_L,4,400-500,450.0,8989,964,1525.0,1525.0,0.10724218489264657,0.10101251832291805,0.1138074113420279
pre_neuropil,LOP_L | PLP_L,5,500-600,550.0,8504,696,1090.0,1090.0,0.08184383819379115,0.07620456862637766,0.08786073320058628
pre_neuropil,LOP_L | PLP_L,6,600-700,650.0,8389,528,813.0,813.0,0.06293956371438789,0.057940028830465694,0.06833920417686284
pre_neuropil,LOP_L | PLP_L,7,700-800,750.0,8002,409,610.0,610.0,0.05111222194451387,0.046498646666371594,0.05615659447654584
pre_neuropil,LOP_L | PLP_L,8,800-900,850.0,7879,317,551.0,551.0,0.04023353217413377,0.036113790887093246,0.04480139583948007
pre_neuropil,LOP_L | PLP_L,9,900-1000,950.0,7544,252,373.0,373.0,0.03340402969247084,0.029580721390271462,0.03770230161328496
pre_neuropil,LOP_L | PLP_L,10,1000-1100,1050.0,7388,193,307.0,307.0,0.026123443421765025,0.02272519744610416,0.030014244373103665
pre_neuropil,LOP_L | PLP_L,11,1100-1200,1150.0,7084,155,245.0,245.0,0.021880293619424056,0.01872376973174749,0.02555509789983164
pre_neuropil,LOP_L | PLP_L,12,1200-1300,1250.0,6621,125,181.0,181.0,0.018879323365050597,0.01586911180743091,0.02244751752903504
pre_neuropil,LOP_L | PLP_L,13,1300-1400,1350.0,6669,118,166.0,166.0,0.017693807167491377,0.014796051878823015,0.02114689632483283
pre_neuropil,LOP_L | PLP_L,14,1400-1500,1450.0,6378,97,182.0,182.0,0.015208529319535905,0.012483596302785595,0.01851711045245571
pre_neuropil,LOP_L | PLP_L,15,1500-1600,1550.0,6114,73,101.0,101.0,0.011939810271508014,0.009507335245641808,0.014985224352501433
pre_neuropil,LOP_L | PLP_L,16,1600-1700,1650.0,6061,65,121.0,121.0,0.01072430292031018,0.008423435084726563,0.013645006076209939
pre_neuropil,LOP_L | PLP_L,17,1700-1800,1750.0,5996,58,97.0,97.0,0.009673115410273516,0.007490628284791127,0.012483499032170043
pre_neuropil,LOP_L | PLP_L,18,1800-1900,1850.0,5797,41,73.0,73.0,0.007072623770915991,0.005217947032442791,0.00958018157013791
pre_neuropil,LOP_L | PLP_L,19,1900-2000,1950.0,5929,45,96.0,96.0,0.0075898127846179796,0.0056773166032973435,0.010139994278557315
pre_neuropil,LOP_R | LOP_R,0,0-100,50.0,364983,182137,964823.0,964823.0,0.4990287218856769,0.49740659838796536,0.5006508658293968
pre_neuropil,LOP_R | LOP_R,1,100-200,150.0,91662,25015,59705.0,59705.0,0.2729048024263053,0.270030581046897,0.27579805835327836
pre_neuropil,LOP_R | LOP_R,2,200-300,250.0,53206,10291,20198.0,20198.0,0.19341803555989925,0.19008401289341956,0.1967963269270245
pre_neuropil,LOP_R | LOP_R,3,300-400,350.0,44895,6594,11987.0,11987.0,0.14687604410290678,0.14363180646006374,0.15018070918399246
pre_neuropil,LOP_R | LOP_R,4,400-500,450.0,41882,4653,8051.0,8051.0,0.1110978463301657,0.10812374875869203,0.11414328096717123
pre_neuropil,LOP_R | LOP_R,5,500-600,550.0,38869,3231,5418.0,5418.0,0.08312536983199979,0.08042181211450569,0.08591132263631221
pre_neuropil,LOP_R | LOP_R,6,600-700,650.0,38818,2502,4364.0,4364.0,0.06445463444793652,0.06205461201025846,0.06694085532480992
pre_neuropil,LOP_R | LOP_R,7,700-800,750.0,37906,1800,3029.0,3029.0,0.04748588613939746,0.04539034238398234,0.049673141078317336
pre_neuropil,LOP_R | LOP_R,8,800-900,850.0,36649,1318,2340.0,2340.0,0.03596278206772354,0.034104565516530745,0.037918270497362384
pre_neuropil,LOP_R | LOP_R,9,900-1000,950.0,36537,1095,1808.0,1808.0,0.029969619837425077,0.028270100585603117,0.0317679692545836
pre_neuropil,LOP_R | LOP_R,10,1000-1100,1050.0,35056,803,1381.0,1381.0,0.022906207211319033,0.021391596712787217,0.024525370578930387
pre_neuropil,LOP_R | LOP_R,11,1100-1200,1150.0,35388,664,1187.0,1187.0,0.018763422629139822,0.017401025749985696,0.020230290954370258
pre_neuropil,LOP_R | LOP_R,12,1200-1300,1250.0,34326,505,988.0,988.0,0.014711880207422945,0.01349141969621112,0.01604095076482823
pre_neuropil,LOP_R | LOP_R,13,1300-1400,1350.0,33566,464,869.0,869.0,0.013823511887028541,0.01262889366064329,0.015129402345138284
pre_neuropil,LOP_R | LOP_R,14,1400-1500,1450.0,33387,335,668.0,668.0,0.010033845508730942,0.009019709603900396,0.011160722146582945
pre_neuropil,LOP_R | LOP_R,15,1500-1600,1550.0,32319,314,616.0,616.0,0.009715647142547728,0.008702988182986907,0.010844847611252173
pre_neuropil,LOP_R | LOP_R,16,1600-1700,1650.0,32158,258,519.0,519.0,0.008022886995459918,0.007104888686510759,0.009058414598957822
pre_neuropil,LOP_R | LOP_R,17,1700-1800,1750.0,31629,237,477.0,477.0,0.007493123399411932,0.006600701321184138,0.008505168901995557
pre_neuropil,LOP_R | LOP_R,18,1800-1900,1850.0,30993,242,391.0,391.0,0.0078082147581712,0.006887441969183726,0.008850987329367776
pre_neuropil,LOP_R | LOP_R,19,1900-2000,1950.0,30701,186,320.0,320.0,0.006058434578678219,0.005250049181715632,0.006990417807047469
pre_neuropil,LOP_R | LO_R,0,0-100,50.0,235812,113422,464352.0,464352.0,0.48098485233999966,0.4789685363781603,0.48300178784114367
pre_neuropil,LOP_R | LO_R,1,100-200,150.0,95583,22221,43856.0,43856.0,0.23247857882677883,0.22981141262996843,0.23516724819859489
pre_neuropil,LOP_R | LO_R,2,200-300,250.0,61448,9470,16165.0,16165.0,0.15411404765004558,0.15128085452439316,0.1569904861997553
pre_neuropil,LOP_R | LO_R,3,300-400,350.0,54429,6147,9595.0,9595.0,0.11293611861323927,0.11030428856397555,0.11562258276070651
pre_neuropil,LOP_R | LO_R,4,400-500,450.0,52261,4437,6875.0,6875.0,0.08490078643730506,0.08254141454239385,0.08732118004738863
pre_neuropil,LOP_R | LO_R,5,500-600,550.0,49465,3157,4646.0,4646.0,0.06382290508440311,0.06170245248649839,0.06601110205931898
pre_neuropil,LOP_R | LO_R,6,600-700,650.0,50171,2371,3470.0,3470.0,0.04725837635287317,0.0454360239124369,0.04915005645497974
pre_neuropil,LOP_R | LO_R,7,700-800,750.0,49189,1743,2535.0,2535.0,0.03543475167212182,0.03383687798329095,0.03710518363569064
pre_neuropil,LOP_R | LO_R,8,800-900,850.0,48940,1263,1776.0,1776.0,0.025807110747854516,0.024439086580465518,0.027249573673779826
pre_neuropil,LOP_R | LO_R,9,900-1000,950.0,48664,968,1385.0,1385.0,0.019891500904159132,0.01868829353547977,0.021170503078997583
pre_neuropil,LOP_R | LO_R,10,1000-1100,1050.0,47174,729,1095.0,1095.0,0.015453427735617076,0.01437912687414389,0.016606639969415988
pre_neuropil,LOP_R | LO_R,11,1100-1200,1150.0,47366,605,841.0,841.0,0.012772875058058523,0.011800367841632322,0.013824408577294948
pre_neuropil,LOP_R | LO_R,12,1200-1300,1250.0,46960,499,710.0,710.0,0.010626064735945486,0.009737887798732848,0.011594302368606448
pre_neuropil,LOP_R | LO_R,13,1300-1400,1350.0,46450,366,507.0,507.0,0.007879440258342304,0.007115072539836637,0.00872520190584021
pre_neuropil,LOP_R | LO_R,14,1400-1500,1450.0,45977,307,445.0,445.0,0.006677251669312917,0.005972918472705089,0.007464016966075571
pre_neuropil,LOP_R | LO_R,15,1500-1600,1550.0,45168,282,425.0,425.0,0.00624335812964931,0.005557744095202254,0.007012954372845151
pre_neuropil,LOP_R | LO_R,16,1600-1700,1650.0,45290,234,352.0,352.0,0.005166703466548907,0.004547075037788773,0.005870270529119377
pre_neuropil,LOP_R | LO_R,17,1700-1800,1750.0,44621,178,250.0,250.0,0.003989153089352547,0.0034454521643249338,0.0046182537693673885
pre_neuropil,LOP_R | LO_R,18,1800-1900,1850.0,44568,172,243.0,243.0,0.003859271225991743,0.0033248230628323593,0.004479243081026502
pre_neuropil,LOP_R | LO_R,19,1900-2000,1950.0,44555,164,238.0,238.0,0.003680843900796768,0.0031597156268306525,0.004287551583993785
pre_neuropil,LOP_R | ME_R,0,0-100,50.0,252818,123349,541181.0,541181.0,0.48789643142497763,0.48594815531321833,0.4898450753615161
pre_neuropil,LOP_R | ME_R,1,100-200,150.0,90828,23805,69720.0,69720.0,0.2620887831946096,0.2592388456998362,0.26495884490385174
pre_neuropil,LOP_R | ME_R,2,200-300,250.0,56132,10708,27741.0,27741.0,0.19076462623815293,0.18753542811518167,0.19403614878623246
pre_neuropil,LOP_R | ME_R,3,300-400,350.0,49028,7522,18625.0,18625.0,0.15342253406216855,0.15025954157231058,0.15663983460775927
pre_neuropil,LOP_R | ME_R,4,400-500,450.0,47034,5824,13484.0,13484.0,0.1238253178551686,0.12087919956962075,0.12683288082481642
pre_neuropil,LOP_R | ME_R,5,500-600,550.0,44082,4249,9234.0,9234.0,0.09638854861394673,0.09366856751260541,0.09917887038228551
pre_neuropil,LOP_R | ME_R,6,600-700,650.0,44598,3538,7393.0,7393.0,0.07933091170007624,0.0768587374163304,0.08187555125931925
pre_neuropil,LOP_R | ME_R,7,700-800,750.0,43491,2820,5703.0,5703.0,0.06484100158653515,0.06256489631161373,0.06719397606004703
pre_neuropil,LOP_R | ME_R,8,800-900,850.0,43263,2264,4382.0,4382.0,0.05233109123269306,0.05027207037408178,0.05446960783521926
pre_neuropil,LOP_R | ME_R,9,900-1000,950.0,42655,1788,3494.0,3494.0,0.04191771187434064,0.04005677407305015,0.04386115397495384
pre_neuropil,LOP_R | ME_R,10,1000-1100,1050.0,41409,1385,2461.0,2461.0,0.03344683522905648,0.03175784853120159,0.035222380132943015
pre_neuropil,LOP_R | ME_R,11,1100-1200,1150.0,41554,1253,2231.0,2231.0,0.030153535159070127,0.028552210992683156,0.031841724384364924
pre_neuropil,LOP_R | ME_R,12,1200-1300,1250.0,40423,947,1650.0,1650.0,0.02342725675976548,0.02199738420966597,0.02494770288811018
pre_neuropil,LOP_R | ME_R,13,1300-1400,1350.0,40063,750,1368.0,1368.0,0.01872051518857799,0.01743871194985977,0.020094608370552013
pre_neuropil,LOP_R | ME_R,14,1400-1500,1450.0,39666,651,1040.0,1040.0,0.016412040538496445,0.015207695588209573,0.017710046135266333
pre_neuropil,LOP_R | ME_R,15,1500-1600,1550.0,39323,540,900.0,900.0,0.013732421229306005,0.012628717232636559,0.014931126271297406
pre_neuropil,LOP_R | ME_R,16,1600-1700,1650.0,38991,484,840.0,840.0,0.012413120976635633,0.011361149745737101,0.013561162029982483
pre_neuropil,LOP_R | ME_R,17,1700-1800,1750.0,38886,398,677.0,677.0,0.010235046031990947,0.00928191361147492,0.01128493796449036
pre_neuropil,LOP_R | ME_R,18,1800-1900,1850.0,38611,297,522.0,522.0,0.007692108466499184,0.006868295800143003,0.008613875697357066
pre_neuropil,LOP_R | ME_R,19,1900-2000,1950.0,38523,261,477.0,477.0,0.006775173273109571,0.006003738384451822,0.007644969325863056
pre_neuropil,LO_L | LO_L,0,0-100,50.0,717474,358537,1390712.0,1390712.0,0.4997212442541472,0.49856427664238134,0.5008782148510033
pre_neuropil,LO_L | LO_L,1,100-200,150.0,254154,69128,139577.0,139577.0,0.27199257143306815,0.2702659958598851,0.2737260396783959
pre_neuropil,LO_L | LO_L,2,200-300,250.0,148077,28095,49991.0,49991.0,0.18973236897019793,0.18774333968295828,0.19173749654697306
pre_neuropil,LO_L | LO_L,3,300-400,350.0,122318,17839,30429.0,30429.0,0.14584116810281397,0.14387431789000554,0.1478302635099527
pre_neuropil,LO_L | LO_L,4,400-500,450.0,113245,12789,20836.0,20836.0,0.11293213828425096,0.11110179267512027,0.1147887439394282
pre_neuropil,LO_L | LO_L,5,500-600,550.0,101432,8569,13721.0,13721.0,0.08448024292136604,0.08278442737899397,0.08620753177087717
pre_neuropil,LO_L | LO_L,6,600-700,650.0,97533,6479,10103.0,10103.0,0.06642879845795782,0.064882909006245,0.06800884130443968
pre_neuropil,LO_L | LO_L,7,700-800,750.0,91260,4651,7313.0,7313.0,0.05096427788735481,0.04955619558414033,0.05241016301805991
pre_neuropil,LO_L | LO_L,8,800-900,850.0,86273,3470,5420.0,5420.0,0.04022115841572682,0.03893041313853184,0.04155284831641692
pre_neuropil,LO_L | LO_L,9,900-1000,950.0,83249,2703,4261.0,4261.0,0.0324688584847866,0.0312862498507024,0.03369461441807951
pre_neuropil,LO_L | LO_L,10,1000-1100,1050.0,77573,2093,3342.0,3342.0,0.026981037216557306,0.025864023232772773,0.02814489893505108
pre_neuropil,LO_L | LO_L,11,1100-1200,1150.0,75086,1647,2673.0,2673.0,0.021934848040913085,0.020911369299318673,0.023007242456016284
pre_neuropil,LO_L | LO_L,12,1200-1300,1250.0,71889,1315,2059.0,2059.0,0.018292089193061526,0.01733791988099773,0.019297738710079577
pre_neuropil,LO_L | LO_L,13,1300-1400,1350.0,69513,1060,1685.0,1685.0,0.015248946240271604,0.014364391202779814,0.016187077349554418
pre_neuropil,LO_L | LO_L,14,1400-1500,1450.0,67549,893,1444.0,1444.0,0.01322003286503131,0.012385957990647362,0.014109472217872544
pre_neuropil,LO_L | LO_L,15,1500-1600,1550.0,64912,754,1266.0,1266.0,0.011615725905841754,0.010819856126296896,0.012469399049900343
pre_neuropil,LO_L | LO_L,16,1600-1700,1650.0,63769,645,1110.0,1110.0,0.010114632501685773,0.00936696729182996,0.010921317933333976
pre_neuropil,LO_L | LO_L,17,1700-1800,1750.0,62259,564,981.0,981.0,0.009058931238857032,0.008344381420589193,0.009834062911768422
pre_neuropil,LO_L | LO_L,18,1800-1900,1850.0,61271,493,859.0,859.0,0.008046220887532438,0.007369005312343714,0.008785122126477769
pre_neuropil,LO_L | LO_L,19,1900-2000,1950.0,59830,428,689.0,689.0,0.007153601871970583,0.006509220493023079,0.007861269133034959
pre_neuropil,LO_L | ME_L,0,0-100,50.0,1219961,541973,1896571.0,1896571.0,0.4442543655084056,0.44337280965330395,0.4451362724431812
pre_neuropil,LO_L | ME_L,1,100-200,150.0,444751,94479,174790.0,174790.0,0.2124312255621685,0.21123158321432886,0.21363583569945319
pre_neuropil,LO_L | ME_L,2,200-300,250.0,272921,39653,66069.0,66069.0,0.1452911282019339,0.14397401492884365,0.14661822700506172
pre_neuropil,LO_L | ME_L,3,300-400,350.0,237440,26310,42357.0,42357.0,0.11080694070080863,0.10955064690751033,0.11207582799029135
pre_neuropil,LO_L | ME_L,4,400-500,450.0,226522,19217,29123.0,29123.0,0.08483502706138918,0.0836945942442212,0.08598954125442825
pre_neuropil,LO_L | ME_L,5,500-600,550.0,210918,13707,20338.0,20338.0,0.0649873410519728,0.06394322776738239,0.0660473004397258
pre_neuropil,LO_L | ME_L,6,600-700,650.0,208213,10493,15308.0,15308.0,0.05039550844567822,0.049464118500335504,0.05134348879361742
pre_neuropil,LO_L | ME_L,7,700-800,750.0,200166,7876,11338.0,11338.0,0.0393473417063837,0.038504414972641204,0.04020794985744616
pre_neuropil,LO_L | ME_L,8,800-900,850.0,194258,6025,8681.0,8681.0,0.031015453675009522,0.030253751342553762,0.03179570469431313
pre_neuropil,LO_L | ME_L,9,900-1000,950.0,189550,4719,6937.0,6937.0,0.024895805855974677,0.024203948103318988,0.025606921042368634
pre_neuropil,LO_L | ME_L,10,1000-1100,1050.0,182110,3652,5268.0,5268.0,0.020053813629125256,0.019420009008162854,0.0207078666974694
pre_neuropil,LO_L | ME_L,11,1100-1200,1150.0,179338,3031,4250.0,4250.0,0.016901047184645752,0.01631472294709401,0.017508067907976585
pre_neuropil,LO_L | ME_L,12,1200-1300,1250.0,173115,2421,3573.0,3573.0,0.013984923316870288,0.013442436812768832,0.014548979691718684
pre_neuropil,LO_L | ME_L,13,1300-1400,1350.0,169016,1897,2779.0,2779.0,0.011223789463719411,0.010732541999463902,0.011737255416320685
pre_neuropil,LO_L | ME_L,14,1400-1500,1450.0,166189,1633,2387.0,2387.0,0.009826161779660506,0.00936311761030026,0.010311866995053523
pre_neuropil,LO_L | ME_L,15,1500-1600,1550.0,160737,1382,2036.0,2036.0,0.008597895941818002,0.008158136824747012,0.009061143430657602
pre_neuropil,LO_L | ME_L,16,1600-1700,1650.0,158852,1217,1790.0,1790.0,0.007661219248105155,0.007244181273194669,0.0081020696134331
pre_neuropil,LO_L | ME_L,17,1700-1800,1750.0,155434,1092,1554.0,1554.0,0.0070254899185506385,0.006622268437636329,0.007453078836099875
pre_neuropil,LO_L | ME_L,18,1800-1900,1850.0,153422,877,1245.0,1245.0,0.005716259728070289,0.00535119284681818,0.006106079159438165
pre_neuropil,LO_L | ME_L,19,1900-2000,1950.0,151205,820,1214.0,1214.0,0.0054231010879269865,0.005065275156424423,0.0058060573834315
pre_neuropil,LO_L | PLP_L,0,0-100,50.0,149819,56116,178018.0,178018.0,0.3745586340851294,0.37211097847989033,0.37701272256196744
pre_neuropil,LO_L | PLP_L,1,100-200,150.0,60436,11971,22312.0,22312.0,0.19807730491759878,0.19491899252224676,0.20127399816222913
pre_neuropil,LO_L | PLP_L,2,200-300,250.0,35955,5001,8596.0,8596.0,0.13909052982895287,0.13555219368922222,0.14270598023371084
pre_neuropil,LO_L | PLP_L,3,300-400,350.0,30503,3296,5300.0,5300.0,0.10805494541520506,0.10462018705404035,0.1115884158057195
pre_neuropil,LO_L | PLP_L,4,400-500,450.0,28120,2355,3720.0,3720.0,0.08374822190611664,0.08056704972939234,0.0870431106122873
pre_neuropil,LO_L | PLP_L,5,500-600,550.0,25834,1630,2413.0,2413.0,0.06309514593171789,0.06019474217972214,0.0661254687159124
pre_neuropil,LO_L | PLP_L,6,600-700,650.0,24943,1245,1780.0,1780.0,0.04991380347191597,0.04727988338670541,0.05268634239796466
pre_neuropil,LO_L | PLP_L,7,700-800,750.0,23372,893,1326.0,1326.0,0.038208112271093615,0.035825347378312535,0.04074265948224045
pre_neuropil,LO_L | PLP_L,8,800-900,850.0,22198,684,994.0,994.0,0.030813586809622488,0.0286201279976304,0.033169412920452716
pre_neuropil,LO_L | PLP_L,9,900-1000,950.0,21482,501,706.0,706.0,0.023321850851875988,0.021387206281104024,0.02542695249031687
pre_neuropil,LO_L | PLP_L,10,1000-1100,1050.0,20449,365,503.0,503.0,0.017849283583549317,0.016122995376355333,0.019756693830253493
pre_neuropil,LO_L | PLP_L,11,1100-1200,1150.0,19487,314,440.0,440.0,0.016113306306768615,0.014438420128355237,0.01797893839145337
pre_neuropil,LO_L | PLP_L,12,1200-1300,1250.0,19285,246,363.0,363.0,0.012756028001037076,0.011266397900546012,0.014439738853669443
pre_neuropil,LO_L | PLP_L,13,1300-1400,1350.0,18371,206,295.0,295.0,0.011213325349735997,0.009789570427695678,0.012841460035173727
pre_neuropil,LO_L | PLP_L,14,1400-1500,1450.0,18075,165,232.0,232.0,0.009128630705394191,0.007842638609130741,0.01062323477957133
pre_neuropil,LO_L | PLP_L,15,1500-1600,1550.0,17375,116,176.0,176.0,0.006676258992805755,0.0055696485919937795,0.008000968220579042
pre_neuropil,LO_L | PLP_L,16,1600-1700,1650.0,17299,120,149.0,149.0,0.006936817157061102,0.005804747664080593,0.008287827742724263
pre_neuropil,LO_L | PLP_L,17,1700-1800,1750.0,16736,100,132.0,132.0,0.0059751434034416824,0.0049155345299096275,0.00726149825635043
pre_neuropil,LO_L | PLP_L,18,1800-1900,1850.0,16353,90,120.0,120.0,0.00550357732526142,0.004479998522761657,0.006759432933247554
pre_neuropil,LO_L | PLP_L,19,1900-2000,1950.0,16115,68,100.0,100.0,0.0042196711138690664,0.0033301640743737394,0.005345496588486797
pre_neuropil,LO_L | PVLP_L,0,0-100,50.0,252283,118034,469731.0,469731.0,0.4678634707847933,0.46591689763947763,0.46981102262317
pre_neuropil,LO_L | PVLP_L,1,100-200,150.0,76012,16651,33209.0,33209.0,0.21905751723412092,0.21613137427524814,0.2220120560804582
pre_neuropil,LO_L | PVLP_L,2,200-300,250.0,43355,6104,10977.0,10977.0,0.14079114289009342,0.1375489980904898,0.1440969396091005
pre_neuropil,LO_L | PVLP_L,3,300-400,350.0,36089,3769,6308.0,6308.0,0.10443625481448642,0.10132293060539346,0.1076337839581947
pre_neuropil,LO_L | PVLP_L,4,400-500,450.0,32985,2522,4036.0,4036.0,0.07645899651356677,0.07364031843156157,0.07937631856365804
pre_neuropil,LO_L | PVLP_L,5,500-600,550.0,29729,1697,2656.0,2656.0,0.05708231020215951,0.054501822571547336,0.05977725124560173
pre_neuropil,LO_L | PVLP_L,6,600-700,650.0,28176,1153,1813.0,1813.0,0.0409213515048268,0.038670018009301026,0.04329785224302856
pre_neuropil,LO_L | PVLP_L,7,700-800,750.0,26641,856,1271.0,1271.0,0.03213092601629068,0.030079827699931807,0.03431693718832334
pre_neuropil,LO_L | PVLP_L,8,800-900,850.0,25148,643,958.0,958.0,0.025568633688563703,0.02368900591474381,0.027593187274640784
pre_neuropil,LO_L | PVLP_L,9,900-1000,950.0,24139,472,716.0,716.0,0.019553419777124156,0.017881629123522168,0.021378107393988682
pre_neuropil,LO_L | PVLP_L,10,1000-1100,1050.0,22612,319,442.0,442.0,0.014107553511409871,0.012650816207051135,0.01572936134070813
pre_neuropil,LO_L | PVLP_L,11,1100-1200,1150.0,21846,290,413.0,413.0,0.01327474137141811,0.01184035538852083,0.014880277680050253
pre_neuropil,LO_L | PVLP_L,12,1200-1300,1250.0,20915,212,307.0,307.0,0.010136265837915371,0.008865829112765495,0.01158662270942336
pre_neuropil,LO_L | PVLP_L,13,1300-1400,1350.0,20149,144,209.0,209.0,0.00714675666286168,0.006073903437104361,0.00840750845470548
pre_neuropil,LO_L | PVLP_L,14,1400-1500,1450.0,19472,139,207.0,207.0,0.007138455217748562,0.006049309212434901,0.008422034608722487
pre_neuropil,LO_L | PVLP_L,15,1500-1600,1550.0,18972,118,156.0,156.0,0.006219692177946447,0.005196572054689724,0.00744274087043503
pre_neuropil,LO_L | PVLP_L,16,1600-1700,1650.0,18604,94,139.0,139.0,0.00505267684368953,0.004130994396171723,0.00617872363152258
pre_neuropil,LO_L | PVLP_L,17,1700-1800,1750.0,17935,104,153.0,153.0,0.005798717591301923,0.004788399175159968,0.007020702255335967
pre_neuropil,LO_L | PVLP_L,18,1800-1900,1850.0,17456,63,99.0,99.0,0.0036090742438130157,0.0028221068287046167,0.004614478392091431
pre_neuropil,LO_L | PVLP_L,19,1900-2000,1950.0,17424,51,81.0,81.0,0.0029269972451790634,0.0022270532346896754,0.0038460797687684244
pre_neuropil,LO_R | LO_R,0,0-100,50.0,685183,346240,1412548.0,1412548.0,0.5053248548198073,0.5041409742542039,0.5065086756762597
pre_neuropil,LO_R | LO_R,1,100-200,150.0,236072,65285,134723.0,134723.0,0.2765469856653902,0.2747462717503491,0.27835497196454356
pre_neuropil,LO_R | LO_R,2,200-300,250.0,136321,26602,48563.0,48563.0,0.1951423478407582,0.193047123916128,0.19725475339043624
pre_neuropil,LO_R | LO_R,3,300-400,350.0,112913,16860,29436.0,29436.0,0.1493185018554108,0.14725157770924768,0.15140928742072413
pre_neuropil,LO_R | LO_R,4,400-500,450.0,102353,11883,19753.0,19753.0,0.11609820913896027,0.11415005227756381,0.1180751827769731
pre_neuropil,LO_R | LO_R,5,500-600,550.0,90981,7842,12723.0,12723.0,0.08619382068783592,0.08438757917126734,0.08803500599922769
pre_neuropil,LO_R | LO_R,6,600-700,650.0,88513,5985,9684.0,9684.0,0.06761718617604194,0.06598171821822316,0.06929018465997444
pre_neuropil,LO_R | LO_R,7,700-800,750.0,82503,4415,7063.0,7063.0,0.053513205580403136,0.051998180370553315,0.05506980852213991
pre_neuropil,LO_R | LO_R,8,800-900,850.0,77484,3126,5061.0,5061.0,0.04034381291621496,0.03898098058987561,0.04175222181745534
pre_neuropil,LO_R | LO_R,9,900-1000,950.0,75456,2468,4009.0,4009.0,0.032707803223070396,0.03146224983944705,0.034000935548421554
pre_neuropil,LO_R | LO_R,10,1000-1100,1050.0,70234,1932,3112.0,3112.0,0.027508044536834014,0.026324006656301007,0.028743767521998916
pre_neuropil,LO_R | LO_R,11,1100-1200,1150.0,67583,1495,2469.0,2469.0,0.02212094757557374,0.021038935934137196,0.02325728399752477
pre_neuropil,LO_R | LO_R,12,1200-1300,1250.0,64321,1214,2030.0,2030.0,0.018874084669081637,0.017850798199561216,0.019954838619916003
pre_neuropil,LO_R | LO_R,13,1300-1400,1350.0,62391,1051,1783.0,1783.0,0.016845378339824656,0.01586489315425785,0.017885358404999257
pre_neuropil,LO_R | LO_R,14,1400-1500,1450.0,60429,807,1382.0,1382.0,0.01335451521620414,0.012469731489016513,0.014301169186287821
pre_neuropil,LO_R | LO_R,15,1500-1600,1550.0,57865,687,1183.0,1183.0,0.01187246176445174,0.011021779618626416,0.012787952214678502
pre_neuropil,LO_R | LO_R,16,1600-1700,1650.0,57384,610,1075.0,1075.0,0.010630140805799526,0.009823196694718784,0.011502602740818794
pre_neuropil,LO_R | LO_R,17,1700-1800,1750.0,55628,533,963.0,963.0,0.009581505716545624,0.008805156010137651,0.010425586119384081
pre_neuropil,LO_R | LO_R,18,1800-1900,1850.0,54663,476,867.0,867.0,0.00870790113971059,0.00796281476402571,0.00952203660152309
pre_neuropil,LO_R | LO_R,19,1900-2000,1950.0,53689,431,762.0,762.0,0.008027715174430516,0.007307273993175571,0.008818555338978828
pre_neuropil,LO_R | ME_R,0,0-100,50.0,1262864,570492,2081292.0,2081292.0,0.4517446059116421,0.45087676200721133,0.4526127433985298
pre_neuropil,LO_R | ME_R,1,100-200,150.0,449249,96456,183938.0,183938.0,0.21470498543124192,0.21350668485468033,0.21590816517261446
pre_neuropil,LO_R | ME_R,2,200-300,250.0,274607,40368,69208.0,69208.0,0.14700280764874893,0.14568329185538706,0.14833219977478748
pre_neuropil,LO_R | ME_R,3,300-400,350.0,238147,26431,42738.0,42738.0,0.11098607162802807,0.10973074032831467,0.11225395325842427
pre_neuropil,LO_R | ME_R,4,400-500,450.0,226177,19406,30477.0,30477.0,0.08580005924563505,0.08465284232819116,0.08696134623622169
pre_neuropil,LO_R | ME_R,5,500-600,550.0,209764,13637,20987.0,20987.0,0.06501115539368052,0.0639640154517763,0.06607422774097821
pre_neuropil,LO_R | ME_R,6,600-700,650.0,206863,10504,15580.0,15580.0,0.050777567762238775,0.04983978731694291,0.05173203268806652
pre_neuropil,LO_R | ME_R,7,700-800,750.0,198393,7607,11259.0,11259.0,0.03834308670164774,0.03750700659565203,0.03919704512852621
pre_neuropil,LO_R | ME_R,8,800-900,850.0,192642,6069,8844.0,8844.0,0.03150403338835768,0.03073329534846658,0.0322934562240418
pre_neuropil,LO_R | ME_R,9,900-1000,950.0,187903,4732,6911.0,6911.0,0.025183206228745682,0.024484409062599986,0.02590141786835514
pre_neuropil,LO_R | ME_R,10,1000-1100,1050.0,179508,3581,5093.0,5093.0,0.01994897163357622,0.019312327366498763,0.020606162333848665
pre_neuropil,LO_R | ME_R,11,1100-1200,1150.0,177071,2844,4196.0,4196.0,0.016061353920178913,0.015486223926020106,0.01665748180072273
pre_neuropil,LO_R | ME_R,12,1200-1300,1250.0,169944,2340,3378.0,3378.0,0.013769241632537777,0.01322608187265527,0.014334383478968234
pre_neuropil,LO_R | ME_R,13,1300-1400,1350.0,166071,1902,2637.0,2637.0,0.011452932781762017,0.010952355040352111,0.011976112410313218
pre_neuropil,LO_R | ME_R,14,1400-1500,1450.0,163373,1605,2337.0,2337.0,0.009824144748520258,0.009357271413120984,0.010314069815696112
pre_neuropil,LO_R | ME_R,15,1500-1600,1550.0,158266,1269,1864.0,1864.0,0.00801814666447626,0.007590540404863079,0.008469636153751738
pre_neuropil,LO_R | ME_R,16,1600-1700,1650.0,156136,1117,1709.0,1709.0,0.007154019572680227,0.006747932058700207,0.007584358643457132
pre_neuropil,LO_R | ME_R,17,1700-1800,1750.0,151650,957,1426.0,1426.0,0.006310583580613254,0.005924337159740757,0.006721841662807449
pre_neuropil,LO_R | ME_R,18,1800-1900,1850.0,149619,872,1250.0,1250.0,0.005828136800807384,0.005454913400107927,0.0062267361482455244
pre_neuropil,LO_R | ME_R,19,1900-2000,1950.0,147781,736,1076.0,1076.0,0.004980342533884599,0.004634068918809881,0.005352351772390425
pre_neuropil,LO_R | PLP_R,0,0-100,50.0,122491,44087,132281.0,132281.0,0.35992032067662116,0.35723678375939927,0.3626126437613104
pre_neuropil,LO_R | PLP_R,1,100-200,150.0,49423,9425,17408.0,17408.0,0.19070068591546446,0.18726122058945327,0.19418823055249462
pre_neuropil,LO_R | PLP_R,2,200-300,250.0,29802,4059,6750.0,6750.0,0.13619891282464264,0.13235149193237067,0.14014011253217157
pre_neuropil,LO_R | PLP_R,3,300-400,350.0,25285,2580,4058.0,4058.0,0.10203678070001977,0.09836596841813923,0.10582850128821537
pre_neuropil,LO_R | PLP_R,4,400-500,450.0,23862,1976,3005.0,3005.0,0.08280948788869331,0.07937946464951204,0.0863738184863318
pre_neuropil,LO_R | PLP_R,5,500-600,550.0,21687,1294,1940.0,1940.0,0.05966708166182506,0.05659181373822163,0.06289832167450483
pre_neuropil,LO_R | PLP_R,6,600-700,650.0,20999,1018,1530.0,1530.0,0.04847849897614172,0.04565521468550583,0.05146695758284092
pre_neuropil,LO_R | PLP_R,7,700-800,750.0,19736,729,1032.0,1032.0,0.0369375760032428,0.03439500017438919,0.03966038636934073
pre_neuropil,LO_R | PLP_R,8,800-900,850.0,19020,529,783.0,783.0,0.027812828601472134,0.025569527374890464,0.03024683308092831
pre_neuropil,LO_R | PLP_R,9,900-1000,950.0,18102,448,645.0,645.0,0.02474864655839134,0.0225842573355728,0.027114708328635818
pre_neuropil,LO_R | PLP_R,10,1000-1100,1050.0,17113,342,510.0,510.0,0.01998480687196868,0.01799319638438412,0.02219188075040691
pre_neuropil,LO_R | PLP_R,11,1100-1200,1150.0,16700,280,384.0,384.0,0.016766467065868262,0.01492729430406786,0.018827910845866026
pre_neuropil,LO_R | PLP_R,12,1200-1300,1250.0,16159,205,323.0,323.0,0.012686428615632156,0.011072952028643456,0.014531555535175024
pre_neuropil,LO_R | PLP_R,13,1300-1400,1350.0,15585,160,218.0,218.0,0.010266281681103625,0.008799977413966969,0.011973958732770192
pre_neuropil,LO_R | PLP_R,14,1400-1500,1450.0,15439,148,206.0,206.0,0.00958611309022605,0.008166458283371113,0.011249761073563819
pre_neuropil,LO_R | PLP_R,15,1500-1600,1550.0,14628,118,147.0,147.0,0.00806672135630298,0.006740708632840646,0.009651048915983555
pre_neuropil,LO_R | PLP_R,16,1600-1700,1650.0,14595,88,123.0,123.0,0.006029462144570058,0.004896931250439363,0.007421963969301909
pre_neuropil,LO_R | PLP_R,17,1700-1800,1750.0,14171,86,115.0,115.0,0.006068731917295886,0.004917037580405034,0.007488152189052426
pre_neuropil,LO_R | PLP_R,18,1800-1900,1850.0,13937,73,103.0,103.0,0.005237856066585348,0.004168211940317578,0.00658017788429674
pre_neuropil,LO_R | PLP_R,19,1900-2000,1950.0,13632,61,73.0,73.0,0.004474765258215963,0.0034854244024427623,0.005743312898231075
pre_neuropil,LO_R | PVLP_R,0,0-100,50.0,217450,101215,415318.0,415318.0,0.4654633249022764,0.46336739077664296,0.4675604792969111
pre_neuropil,LO_R | PVLP_R,1,100-200,150.0,62152,13294,27644.0,27644.0,0.21389496717724288,0.21068889389074405,0.2171364064427325
pre_neuropil,LO_R | PVLP_R,2,200-300,250.0,35121,5058,9120.0,9120.0,0.14401640044417868,0.1403832555125974,0.14772741314875248
pre_neuropil,LO_R | PVLP_R,3,300-400,350.0,29070,3027,5237.0,5237.0,0.10412796697626418,0.10066904080128938,0.10769150829106033
pre_neuropil,LO_R | PVLP_R,4,400-500,450.0,26223,2026,3239.0,3239.0,0.07726042024177249,0.07409027034715623,0.08055441244987566
pre_neuropil,LO_R | PVLP_R,5,500-600,550.0,23703,1332,2106.0,2106.0,0.05619541830148082,0.05333481257890933,0.05919985758145485
pre_neuropil,LO_R | PVLP_R,6,600-700,650.0,22718,978,1517.0,1517.0,0.04304956422220266,0.040486544693790864,0.045767097704631644
pre_neuropil,LO_R | PVLP_R,7,700-800,750.0,21274,705,1061.0,1061.0,0.033139042963241515,0.030816693996810026,0.03562997040546656
pre_neuropil,LO_R | PVLP_R,8,800-900,850.0,20419,515,770.0,770.0,0.025221607326509625,0.02315857156643302,0.027463257670101833
pre_neuropil,LO_R | PVLP_R,9,900-1000,950.0,19639,372,593.0,593.0,0.01894190131880442,0.017127267223558826,0.020944698901749645
pre_neuropil,LO_R | PVLP_R,10,1000-1100,1050.0,18287,280,458.0,458.0,0.015311423415541094,0.013630818776407651,0.017195624988760587
pre_neuropil,LO_R | PVLP_R,11,1100-1200,1150.0,17960,200,285.0,285.0,0.011135857461024499,0.009702275286493697,0.012778528596791489
pre_neuropil,LO_R | PVLP_R,12,1200-1300,1250.0,16996,162,247.0,247.0,0.00953165450694281,0.008177667848683722,0.011107311841950572
pre_neuropil,LO_R | PVLP_R,13,1300-1400,1350.0,16339,124,175.0,175.0,0.007589203745639268,0.006369361239341276,0.009040541528118697
pre_neuropil,LO_R | PVLP_R,14,1400-1500,1450.0,16077,109,160.0,160.0,0.006779871866641787,0.005623898950802493,0.008171498424419462
pre_neuropil,LO_R | PVLP_R,15,1500-1600,1550.0,15440,97,160.0,160.0,0.006282383419689119,0.0051530017955179344,0.0076573860033312844
pre_neuropil,LO_R | PVLP_R,16,1600-1700,1650.0,15144,83,135.0,135.0,0.005480718436344427,0.004423736287937737,0.00678852777481824
pre_neuropil,LO_R | PVLP_R,17,1700-1800,1750.0,14746,64,110.0,110.0,0.0043401600434016,0.0034005381897644024,0.0055379713600601874
pre_neuropil,LO_R | PVLP_R,18,1800-1900,1850.0,14566,61,96.0,96.0,0.004187834683509543,0.0032618413166023395,0.005375287586707082
pre_neuropil,LO_R | PVLP_R,19,1900-2000,1950.0,14242,51,81.0,81.0,0.0035809577306558068,0.002724814277067716,0.0047048345265522816
pre_neuropil,LO_R | SPS_R,0,0-100,50.0,69984,31153,140081.0,140081.0,0.4451446044810242,0.44146560193761436,0.4488296289986116
pre_neuropil,LO_R | SPS_R,1,100-200,150.0,23040,4952,10245.0,10245.0,0.21493055555555557,0.2096741319214243,0.22028202608306402
pre_neuropil,LO_R | SPS_R,2,200-300,250.0,13304,1984,3855.0,3855.0,0.14912808177991582,0.14317631001491432,0.15528242727573688
pre_neuropil,LO_R | SPS_R,3,300-400,350.0,11245,1321,2398.0,2398.0,0.1174744330813695,0.11165335449312158,0.12355678483358029
pre_neuropil,LO_R | SPS_R,4,400-500,450.0,10163,898,1604.0,1604.0,0.0883597362983371,0.08299609734402436,0.09403445656959225
pre_neuropil,LO_R | SPS_R,5,500-600,550.0,9087,636,1085.0,1085.0,0.0699900957411687,0.06492401683902733,0.07541960107199201
pre_neuropil,LO_R | SPS_R,6,600-700,650.0,8924,493,781.0,781.0,0.055244285073957865,0.05069280306527829,0.06017851884527173
pre_neuropil,LO_R | SPS_R,7,700-800,750.0,8322,333,499.0,499.0,0.04001441961067051,0.03601130857247491,0.04444201160599209
pre_neuropil,LO_R | SPS_R,8,800-900,850.0,7696,270,472.0,472.0,0.035083160083160085,0.031198881503077563,0.03943135068247805
pre_neuropil,LO_R | SPS_R,9,900-1000,950.0,7336,194,278.0,278.0,0.02644492911668484,0.023013595774039112,0.030371970475782956
pre_neuropil,LO_R | SPS_R,10,1000-1100,1050.0,6982,180,275.0,275.0,0.025780578630764824,0.02231582828561085,0.02976688713124028
pre_neuropil,LO_R | SPS_R,11,1100-1200,1150.0,6770,125,193.0,193.0,0.01846381093057607,0.01551937296214081,0.021954429200578794
pre_neuropil,LO_R | SPS_R,12,1200-1300,1250.0,6335,104,155.0,155.0,0.016416732438831887,0.013567865695222123,0.019851742076645848
pre_neuropil,LO_R | SPS_R,13,1300-1400,1350.0,6207,76,139.0,139.0,0.012244240373771548,0.009794254340728129,0.015297610826143941
pre_neuropil,LO_R | SPS_R,14,1400-1500,1450.0,5990,73,100.0,100.0,0.012186978297161937,0.009704367147361458,0.015294892092322154
pre_neuropil,LO_R | SPS_R,15,1500-1600,1550.0,5733,64,103.0,103.0,0.011163439734868306,0.008752324842947704,0.01422924048386906
pre_neuropil,LO_R | SPS_R,16,1600-1700,1650.0,5540,45,84.0,84.0,0.008122743682310469,0.006076310016078343,0.01085086914430748
pre_neuropil,LO_R | SPS_R,17,1700-1800,1750.0,5502,32,49.0,49.0,0.0058160668847691745,0.004122899074156753,0.008198850247509165
pre_neuropil,LO_R | SPS_R,18,1800-1900,1850.0,5320,24,52.0,52.0,0.004511278195488722,0.0030334910108317384,0.006704139049386433
pre_neuropil,LO_R | SPS_R,19,1900-2000,1950.0,5133,34,59.0,59.0,0.006623806740697448,0.004744010922249358,0.009241547830428552
pre_neuropil,MB_CA_R | MB_ML_R,0,0-100,50.0,5219,4330,95893.0,95893.0,0.829660854569841,0.8192199547309365,0.8396167980436451
pre_neuropil,MB_CA_R | MB_ML_R,1,100-200,150.0,1304,733,4192.0,4192.0,0.5621165644171779,0.5350447160283888,0.5888234955348465
pre_neuropil,MB_CA_R | MB_ML_R,2,200-300,250.0,866,347,1694.0,1694.0,0.4006928406466513,0.36856231448048776,0.4337005342956572
pre_neuropil,MB_CA_R | MB_ML_R,3,300-400,350.0,803,270,1186.0,1186.0,0.33623910336239105,0.30441142270575816,0.3696262074808857
pre_neuropil,MB_CA_R | MB_ML_R,4,400-500,450.0,755,189,666.0,666.0,0.2503311258278146,0.220746317438992,0.2824438081418934
pre_neuropil,MB_CA_R | MB_ML_R,5,500-600,550.0,769,159,557.0,557.0,0.2067620286085826,0.17962970766869676,0.23680957303254915
pre_neuropil,MB_CA_R | MB_ML_R,6,600-700,650.0,807,133,378.0,378.0,0.16480793060718713,0.1408096457883213,0.1919823569900265
pre_neuropil,MB_CA_R | MB_ML_R,7,700-800,750.0,805,99,279.0,279.0,0.12298136645962733,0.10206796863046919,0.14747607064743146
pre_neuropil,MB_CA_R | MB_ML_R,8,800-900,850.0,743,66,164.0,164.0,0.08882907133243607,0.07043054225466894,0.11145755824749912
pre_neuropil,MB_CA_R | MB_ML_R,9,900-1000,950.0,728,57,185.0,185.0,0.0782967032967033,0.0609216154411923,0.10009902071832634
pre_neuropil,MB_CA_R | MB_ML_R,10,1000-1100,1050.0,719,41,132.0,132.0,0.05702364394993046,0.042309843917589934,0.0764459111468668
pre_neuropil,MB_CA_R | MB_ML_R,12,1200-1300,1250.0,669,22,51.0,51.0,0.03288490284005979,0.021815259138287777,0.049288548949678254
pre_neuropil,MB_CA_R | MB_ML_R,13,1300-1400,1350.0,642,15,24.0,24.0,0.02336448598130841,0.01420929861863543,0.0381899274454645
pre_neuropil,MB_CA_R | MB_ML_R,14,1400-1500,1450.0,656,15,45.0,45.0,0.022865853658536585,0.013905005609078647,0.03738245489659423
pre_neuropil,MB_CA_R | MB_ML_R,15,1500-1600,1550.0,606,13,43.0,43.0,0.02145214521452145,0.012578751338636795,0.03635461102955849
pre_neuropil,MB_CA_R | MB_ML_R,16,1600-1700,1650.0,636,7,9.0,9.0,0.0110062893081761,0.005341394386115814,0.022543007003228047
pre_neuropil,MB_CA_R | MB_ML_R,17,1700-1800,1750.0,560,8,9.0,9.0,0.014285714285714285,0.007256091199586732,0.027933933800342325
pre_neuropil,MB_CA_R | MB_ML_R,18,1800-1900,1850.0,590,8,18.0,18.0,0.013559322033898305,0.006886300388620073,0.0265259765552653
pre_neuropil,MB_CA_R | MB_ML_R,19,1900-2000,1950.0,609,10,18.0,18.0,0.016420361247947456,0.008943121808302706,0.029960242454175556
pre_neuropil,MB_CA_R | MB_VL_R,0,0-100,50.0,835,639,16455.0,16455.0,0.7652694610778443,0.7353469931349772,0.7927622470362303
pre_neuropil,MB_CA_R | MB_VL_R,1,100-200,150.0,227,101,758.0,758.0,0.44493392070484583,0.38173474575556454,0.5099658835937382
pre_neuropil,MB_CA_R | MB_VL_R,2,200-300,250.0,150,57,316.0,316.0,0.38,0.30623600246985916,0.4597570709251133
pre_neuropil,MB_CA_R | MB_VL_R,8,800-900,850.0,150,9,11.0,11.0,0.06,0.031883682005327776,0.11009092044290468
pre_neuropil,MB_CA_R | MB_VL_R,9,900-1000,950.0,143,9,43.0,43.0,0.06293706293706294,0.03346110825773375,0.11528148239777533
pre_neuropil,MB_CA_R | MB_VL_R,11,1100-1200,1150.0,96,7,48.0,48.0,0.07291666666666667,0.0357671262379895,0.14293193307195748
pre_neuropil,MB_CA_R | MB_VL_R,12,1200-1300,1250.0,129,7,19.0,19.0,0.05426356589147287,0.026530617490702076,0.10777670792543265
pre_neuropil,MB_CA_R | MB_VL_R,13,1300-1400,1350.0,108,0,0.0,0.0,0.0,0.0,0.03434857870416732
pre_neuropil,MB_CA_R | MB_VL_R,17,1700-1800,1750.0,109,0,0.0,0.0,0.0,0.0,0.03404418228738337
pre_neuropil,MB_ML_L | MB_ML_L,0,0-100,50.0,246457,93039,338277.0,338277.0,0.377506015248096,0.37559405718408395,0.3794217919543618
pre_neuropil,MB_ML_L | MB_ML_L,1,100-200,150.0,86117,15680,20424.0,20424.0,0.18207787080367407,0.1795145856138583,0.18466951915457447
pre_neuropil,MB_ML_L | MB_ML_L,2,200-300,250.0,64425,8490,10319.0,10319.0,0.13178114086146683,0.12919110017995308,0.1344150919884934
pre_neuropil,MB_ML_L | MB_ML_L,3,300-400,350.0,61686,6335,7402.0,7402.0,0.10269753266543462,0.10032663223258015,0.10511791538318158
pre_neuropil,MB_ML_L | MB_ML_L,4,400-500,450.0,62962,4963,5631.0,5631.0,0.07882532321082558,0.07674607904047374,0.08095595983769795
pre_neuropil,MB_ML_L | MB_ML_L,5,500-600,550.0,61746,3826,4264.0,4264.0,0.06196352800181388,0.06008899753617522,0.06389256098494006
pre_neuropil,MB_ML_L | MB_ML_L,6,600-700,650.0,63309,3053,3361.0,3361.0,0.04822379124611035,0.046582163036478386,0.04992024383069342
pre_neuropil,MB_ML_L | MB_ML_L,7,700-800,750.0,61670,2382,2606.0,2606.0,0.03862493919247608,0.037132557949886534,0.040174797588672935
pre_neuropil,MB_ML_L | MB_ML_L,8,800-900,850.0,60426,1865,2047.0,2047.0,0.030864197530864196,0.02951474340595519,0.0322732987457224
pre_neuropil,MB_ML_L | MB_ML_L,9,900-1000,950.0,59361,1511,1612.0,1612.0,0.025454422937618976,0.024217766773705105,0.02675249640644629
pre_neuropil,MB_ML_L | MB_ML_L,10,1000-1100,1050.0,56832,1161,1235.0,1235.0,0.020428631756756757,0.019297587161047104,0.02162450591481227
pre_neuropil,MB_ML_L | MB_ML_L,11,1100-1200,1150.0,56727,1004,1077.0,1077.0,0.017698803039117174,0.01664594375456864,0.01881698158303114
pre_neuropil,MB_ML_L | MB_ML_L,12,1200-1300,1250.0,54385,793,841.0,841.0,0.014581226441114278,0.013607513873405171,0.01562351133747191
pre_neuropil,MB_ML_L | MB_ML_L,13,1300-1400,1350.0,52839,592,621.0,621.0,0.011203845644315752,0.010341248533771675,0.012137512335893592
pre_neuropil,MB_ML_L | MB_ML_L,14,1400-1500,1450.0,51556,546,574.0,574.0,0.010590425944603925,0.009742560236438396,0.011511221117304163
pre_neuropil,MB_ML_L | MB_ML_L,15,1500-1600,1550.0,49586,389,418.0,418.0,0.007844956237647723,0.007105640953799207,0.008660523542277747
pre_neuropil,MB_ML_L | MB_ML_L,16,1600-1700,1650.0,48914,396,419.0,419.0,0.008095841681318232,0.007339408779587143,0.00892953469726487
pre_neuropil,MB_ML_L | MB_ML_L,17,1700-1800,1750.0,46996,284,300.0,300.0,0.006043067495105967,0.005381598466792162,0.00678528509138562
pre_neuropil,MB_ML_L | MB_ML_L,18,1800-1900,1850.0,45982,249,261.0,261.0,0.005415162454873646,0.004784442746328211,0.0061285161675301795
pre_neuropil,MB_ML_L | MB_ML_L,19,1900-2000,1950.0,44732,206,220.0,220.0,0.004605204327997854,0.0040188962723504765,0.00527659443772035
pre_neuropil,MB_ML_L | MB_VL_R,0,0-100,50.0,6026,4031,8749.0,8749.0,0.6689346166611351,0.6569482681262241,0.6807057093845615
pre_neuropil,MB_ML_L | MB_VL_R,1,100-200,150.0,1481,561,858.0,858.0,0.3787981093855503,0.35443587744894667,0.4037874912928773
pre_neuropil,MB_ML_L | MB_VL_R,2,200-300,250.0,1057,280,361.0,361.0,0.26490066225165565,0.2391834370347931,0.2923206065472082
pre_neuropil,MB_ML_L | MB_VL_R,3,300-400,350.0,914,180,227.0,227.0,0.19693654266958424,0.17244550353718122,0.2239645088222498
pre_neuropil,MB_ML_L | MB_VL_R,4,400-500,450.0,904,137,169.0,169.0,0.1515486725663717,0.1296505977366989,0.1763957433871271
pre_neuropil,MB_ML_L | MB_VL_R,5,500-600,550.0,805,101,123.0,123.0,0.12546583850931678,0.10434709025021846,0.15014229308515895
pre_neuropil,MB_ML_L | MB_VL_R,6,600-700,650.0,695,81,94.0,94.0,0.11654676258992806,0.0947706700652809,0.14253861432763448
pre_neuropil,MB_ML_L | MB_VL_R,7,700-800,750.0,643,53,59.0,59.0,0.08242612752721618,0.06356764089070606,0.10624456661109961
pre_neuropil,MB_ML_L | MB_VL_R,8,800-900,850.0,614,47,51.0,51.0,0.07654723127035831,0.05805073374890426,0.10030959679536469
pre_neuropil,MB_ML_L | MB_VL_R,10,1000-1100,1050.0,457,20,21.0,21.0,0.0437636761487965,0.028506061896008874,0.06662771074951616
pre_neuropil,MB_ML_L | MB_VL_R,11,1100-1200,1150.0,434,27,31.0,31.0,0.06221198156682028,0.04310445209446457,0.08900177079527455
pre_neuropil,MB_ML_L | MB_VL_R,12,1200-1300,1250.0,429,13,13.0,13.0,0.030303030303030304,0.01779310352672877,0.05115036216603274
pre_neuropil,MB_ML_L | MB_VL_R,13,1300-1400,1350.0,394,5,5.0,5.0,0.012690355329949238,0.005432332792014867,0.029359403416566635
pre_neuropil,MB_ML_L | MB_VL_R,14,1400-1500,1450.0,365,6,6.0,6.0,0.01643835616438356,0.007554960953297241,0.03539464126076971
pre_neuropil,MB_ML_L | MB_VL_R,15,1500-1600,1550.0,369,7,7.0,7.0,0.018970189701897018,0.009218763892755522,0.03863426538294762
pre_neuropil,MB_ML_L | MB_VL_R,16,1600-1700,1650.0,327,3,3.0,3.0,0.009174311926605505,0.0031248470238078967,0.02662231899159041
pre_neuropil,MB_ML_L | MB_VL_R,17,1700-1800,1750.0,321,3,3.0,3.0,0.009345794392523364,0.003183347264280977,0.027113264992277293
pre_neuropil,MB_ML_L | MB_VL_R,18,1800-1900,1850.0,310,3,3.0,3.0,0.00967741935483871,0.0032964887798659585,0.02806200544142274
pre_neuropil,MB_ML_L | MB_VL_R,19,1900-2000,1950.0,303,4,4.0,4.0,0.013201320132013201,0.005145306328908321,0.03344659255312071
pre_neuropil,MB_ML_L | ME_L,0,0-100,50.0,182,40,73.0,73.0,0.21978021978021978,0.16575456426715088,0.28539092737734645
pre_neuropil,MB_ML_L | ME_L,2,200-300,250.0,82,12,13.0,13.0,0.14634146341463414,0.08574077865956606,0.2385961395712218
pre_neuropil,MB_ML_L | ME_L,5,500-600,550.0,95,8,11.0,11.0,0.08421052631578947,0.04328759724614253,0.1574537909952457
pre_neuropil,MB_ML_L | ME_L,6,600-700,650.0,107,5,5.0,5.0,0.04672897196261682,0.020122360456377365,0.10475494192828685
pre_neuropil,MB_ML_L | ME_L,7,700-800,750.0,105,5,19.0,19.0,0.047619047619047616,0.020508863227294692,0.10666310043365843
pre_neuropil,MB_ML_L | ME_L,10,1000-1100,1050.0,135,5,6.0,6.0,0.037037037037037035,0.015921678957910863,0.08377178467258606
pre_neuropil,MB_ML_L | ME_L,11,1100-1200,1150.0,131,1,2.0,2.0,0.007633587786259542,0.0013487543306202367,0.04197318785932708
pre_neuropil,MB_ML_L | ME_L,14,1400-1500,1450.0,132,0,0.0,0.0,0.0,0.0,0.028279996702041194
pre_neuropil,MB_ML_L | ME_L,17,1700-1800,1750.0,132,1,2.0,2.0,0.007575757575757576,0.0013385269033438958,0.041664500151696676
pre_neuropil,MB_ML_L | ME_L,19,1900-2000,1950.0,161,1,1.0,1.0,0.006211180124223602,0.0010972402944831212,0.034340416219406575
pre_neuropil,MB_ML_L | PLP_L,0,0-100,50.0,1309,296,2019.0,2019.0,0.2261268143621085,0.20428526369473468,0.24957116498637974
pre_neuropil,MB_ML_L | PLP_L,1,100-200,150.0,705,91,434.0,434.0,0.12907801418439716,0.10632356002132273,0.15585292623456284
pre_neuropil,MB_ML_L | PLP_L,2,200-300,250.0,506,61,293.0,293.0,0.12055335968379446,0.09500425898295517,0.1518206372201008
pre_neuropil,MB_ML_L | PLP_L,3,300-400,350.0,551,51,211.0,211.0,0.0925589836660617,0.07110041612847215,0.11965961340067635
pre_neuropil,MB_ML_L | PLP_L,4,400-500,450.0,563,27,90.0,90.0,0.047957371225577264,0.03316555322592868,0.06887635760065851
pre_neuropil,MB_ML_L | PLP_L,5,500-600,550.0,622,40,104.0,104.0,0.06430868167202572,0.04757915388741084,0.08638701263140157
pre_neuropil,MB_ML_L | PLP_L,6,600-700,650.0,629,34,142.0,142.0,0.05405405405405406,0.03893639097569382,0.07458585534945295
pre_neuropil,MB_ML_L | PLP_L,7,700-800,750.0,637,31,211.0,211.0,0.04866562009419152,0.034493560898149235,0.0682488328540666
pre_neuropil,MB_ML_L | PLP_L,8,800-900,850.0,677,27,77.0,77.0,0.03988183161004431,0.027551665345795943,0.0574043655430334
pre_neuropil,MB_ML_L | PLP_L,9,900-1000,950.0,723,22,65.0,65.0,0.030428769017980636,0.020179074919377257,0.04564214389913836
pre_neuropil,MB_ML_L | PLP_L,10,1000-1100,1050.0,724,18,164.0,164.0,0.024861878453038673,0.015783084796384433,0.0389562980583466
pre_neuropil,MB_ML_L | PLP_L,12,1200-1300,1250.0,763,13,78.0,78.0,0.01703800786369594,0.00998362385927733,0.028931322852012203
pre_neuropil,MB_ML_L | PLP_L,13,1300-1400,1350.0,805,12,35.0,35.0,0.014906832298136646,0.008547477289082457,0.02587409548857883
pre_neuropil,MB_ML_L | PLP_L,14,1400-1500,1450.0,789,5,19.0,19.0,0.0063371356147021544,0.0027097537944520524,0.01474846232337022
pre_neuropil,MB_ML_L | PLP_L,15,1500-1600,1550.0,937,11,42.0,42.0,0.011739594450373533,0.00656759372657461,0.020898878844366132
pre_neuropil,MB_ML_L | PLP_L,16,1600-1700,1650.0,921,6,32.0,32.0,0.006514657980456026,0.0029890050657922712,0.014139982211596635
pre_neuropil,MB_ML_L | PLP_L,17,1700-1800,1750.0,911,7,40.0,40.0,0.007683863885839737,0.003726912703267863,0.015775479842064573
pre_neuropil,MB_ML_L | PLP_L,18,1800-1900,1850.0,947,10,23.0,23.0,0.010559662090813094,0.005745710735665554,0.019328497208118144
pre_neuropil,MB_ML_L | PLP_L,19,1900-2000,1950.0,1059,5,12.0,12.0,0.004721435316336166,0.002018320692637037,0.011004880506864373
pre_neuropil,MB_ML_R | MB_ML_R,0,0-100,50.0,137853,48230,119065.0,119065.0,0.34986543637062667,0.34735197415731567,0.3523872660604146
pre_neuropil,MB_ML_R | MB_ML_R,1,100-200,150.0,50771,9316,12081.0,12081.0,0.18349057532843552,0.18014762202726775,0.1868814225301061
pre_neuropil,MB_ML_R | MB_ML_R,2,200-300,250.0,38459,5456,6725.0,6725.0,0.14186536311396553,0.1384139547722636,0.14538831115288325
pre_neuropil,MB_ML_R | MB_ML_R,3,300-400,350.0,37489,4388,5291.0,5291.0,0.11704766731574595,0.1138325613483314,0.12034124957988589
pre_neuropil,MB_ML_R | MB_ML_R,4,400-500,450.0,39403,3538,4111.0,4111.0,0.08979011750374337,0.087007185046725,0.09265302908218404
pre_neuropil,MB_ML_R | MB_ML_R,5,500-600,550.0,39225,2776,3177.0,3177.0,0.07077119184193754,0.0682751618414249,0.07335128883612965
pre_neuropil,MB_ML_R | MB_ML_R,6,600-700,650.0,40992,2399,2661.0,2661.0,0.0585236143637783,0.05629235546983308,0.060837612170592206
pre_neuropil,MB_ML_R | MB_ML_R,7,700-800,750.0,40800,1991,2214.0,2214.0,0.048799019607843136,0.04675058184044341,0.05093241671330061
pre_neuropil,MB_ML_R | MB_ML_R,8,800-900,850.0,40861,1572,1732.0,1732.0,0.038471892513643816,0.03664996777635269,0.040380591421997424
pre_neuropil,MB_ML_R | MB_ML_R,9,900-1000,950.0,40918,1321,1424.0,1424.0,0.03228408035583362,0.030614861804816772,0.03404111399075935
pre_neuropil,MB_ML_R | MB_ML_R,10,1000-1100,1050.0,39442,1078,1168.0,1168.0,0.027331271233710257,0.025767601994215558,0.028987006156926023
pre_neuropil,MB_ML_R | MB_ML_R,11,1100-1200,1150.0,38697,847,903.0,903.0,0.021888001653874976,0.020476904502141693,0.02339401741600078
pre_neuropil,MB_ML_R | MB_ML_R,12,1200-1300,1250.0,37970,762,805.0,805.0,0.02006847511193047,0.018705705454004948,0.021528348716590213
pre_neuropil,MB_ML_R | MB_ML_R,13,1300-1400,1350.0,37212,619,661.0,661.0,0.016634419004622165,0.015383925029810392,0.0179847036672765
pre_neuropil,MB_ML_R | MB_ML_R,14,1400-1500,1450.0,36301,516,548.0,548.0,0.014214484449464201,0.013047130679926543,0.015484645092922446
pre_neuropil,MB_ML_R | MB_ML_R,15,1500-1600,1550.0,35454,443,463.0,463.0,0.01249506402662605,0.01139046034147618,0.013705302960709704
pre_neuropil,MB_ML_R | MB_ML_R,16,1600-1700,1650.0,34626,355,375.0,375.0,0.010252411482700861,0.009244373438106026,0.011369108085875304
pre_neuropil,MB_ML_R | MB_ML_R,17,1700-1800,1750.0,33111,313,329.0,329.0,0.00945305185587871,0.008466165662834401,0.010553753188294877
pre_neuropil,MB_ML_R | MB_ML_R,18,1800-1900,1850.0,32902,283,296.0,296.0,0.008601300832776123,0.0076592620208796106,0.009658076551612639
pre_neuropil,MB_ML_R | MB_ML_R,19,1900-2000,1950.0,31717,229,240.0,240.0,0.0072201027839959644,0.006346159838508442,0.008213403423520522
pre_neuropil,MB_ML_R | MB_PED_L,0,0-100,50.0,2599,2062,4758.0,4758.0,0.7933820700269334,0.7773884860425855,0.8085096339198432
pre_neuropil,MB_ML_R | MB_PED_L,2,200-300,250.0,149,62,90.0,90.0,0.4161073825503356,0.34004194796846454,0.4963900181978148
pre_neuropil,MB_ML_R | MB_PED_L,8,800-900,850.0,73,2,2.0,2.0,0.0273972602739726,0.007545600452515573,0.09450328973196781
pre_neuropil,MB_ML_R | MB_PED_L,19,1900-2000,1950.0,42,0,0.0,0.0,0.0,0.0,0.08380161250916197
pre_neuropil,MB_ML_R | MB_VL_L,11,1100-1200,1150.0,61,1,1.0,1.0,0.01639344262295082,0.002899656114363977,0.08719065627768062
pre_neuropil,MB_ML_R | MB_VL_L,16,1600-1700,1650.0,42,0,0.0,0.0,0.0,0.0,0.08380161250916197
pre_neuropil,MB_ML_R | MB_VL_R,0,0-100,50.0,48934,18103,41039.0,41039.0,0.36994727592267135,0.3656799530132003,0.37423501700051603
pre_neuropil,MB_ML_R | MB_VL_R,1,100-200,150.0,17703,3168,4282.0,4282.0,0.17895271987798678,0.1733759708215424,0.18466877500145065
pre_neuropil,MB_ML_R | MB_VL_R,2,200-300,250.0,13188,1695,2131.0,2131.0,0.12852593266606005,0.12292190367261589,0.13434631580024378
pre_neuropil,MB_ML_R | MB_VL_R,3,300-400,350.0,12554,1246,1489.0,1489.0,0.09925123466624183,0.0941427932066573,0.10460486419332135
pre_neuropil,MB_ML_R | MB_VL_R,4,400-500,450.0,12564,963,1113.0,1113.0,0.07664756446991404,0.07212403850425697,0.08142990189550109
pre_neuropil,MB_ML_R | MB_VL_R,5,500-600,550.0,11927,695,797.0,797.0,0.058271149492747545,0.05420748334603063,0.06261927931922845
pre_neuropil,MB_ML_R | MB_VL_R,6,600-700,650.0,12368,507,568.0,568.0,0.04099288486416559,0.0376386576305648,0.04463216614073211
pre_neuropil,MB_ML_R | MB_VL_R,7,700-800,750.0,12015,366,405.0,405.0,0.03046192259675406,0.027535881197768924,0.033688122286893024
pre_neuropil,MB_ML_R | MB_VL_R,8,800-900,850.0,11947,280,306.0,306.0,0.02343684607014313,0.020873297120418653,0.026306777628459288
pre_neuropil,MB_ML_R | MB_VL_R,9,900-1000,950.0,11667,202,222.0,222.0,0.01731379103454187,0.015100834750866314,0.019844511435650344
pre_neuropil,MB_ML_R | MB_VL_R,10,1000-1100,1050.0,11319,141,151.0,151.0,0.012456930824277764,0.01057268869079891,0.014671999003145341
pre_neuropil,MB_ML_R | MB_VL_R,11,1100-1200,1150.0,11400,134,138.0,138.0,0.011754385964912281,0.009933868109753243,0.013903853382274498
pre_neuropil,MB_ML_R | MB_VL_R,12,1200-1300,1250.0,10932,89,96.0,96.0,0.00814123673618734,0.00662095500944724,0.010007083933618651
pre_neuropil,MB_ML_R | MB_VL_R,13,1300-1400,1350.0,10909,68,70.0,70.0,0.006233385278210652,0.004920312295953324,0.007894095273198967
pre_neuropil,MB_ML_R | MB_VL_R,14,1400-1500,1450.0,10417,45,46.0,46.0,0.004319861764423539,0.0032301888966736244,0.005774995483060159
pre_neuropil,MB_ML_R | MB_VL_R,15,1500-1600,1550.0,10061,46,50.0,50.0,0.004572110128217871,0.0034297101773123582,0.0060927049593550685
pre_neuropil,MB_ML_R | MB_VL_R,16,1600-1700,1650.0,10016,32,33.0,33.0,0.003194888178913738,0.002264075712478243,0.00450665008422497
pre_neuropil,MB_ML_R | MB_VL_R,17,1700-1800,1750.0,9646,27,27.0,27.0,0.002799087704748082,0.0019244676117856278,0.004069578964066975
pre_neuropil,MB_ML_R | MB_VL_R,18,1800-1900,1850.0,9406,14,14.0,14.0,0.001488411652136934,0.0008868439338085431,0.0024970174905963056
pre_neuropil,MB_ML_R | MB_VL_R,19,1900-2000,1950.0,9463,27,30.0,30.0,0.002853217795625066,0.0019616974320066077,0.004148217832657798
pre_neuropil,MB_ML_R | PLP_R,0,0-100,50.0,794,132,647.0,647.0,0.16624685138539042,0.14196984409925606,0.19373789538186398
pre_neuropil,MB_ML_R | PLP_R,1,100-200,150.0,393,52,286.0,286.0,0.13231552162849872,0.10234783811416805,0.16940189780061504
pre_neuropil,MB_ML_R | PLP_R,2,200-300,250.0,318,30,105.0,105.0,0.09433962264150944,0.06688186784498568,0.13148155068139503
pre_neuropil,MB_ML_R | PLP_R,3,300-400,350.0,367,30,106.0,106.0,0.08174386920980926,0.057856991895540624,0.11429629403570334
pre_neuropil,MB_ML_R | PLP_R,4,400-500,450.0,379,20,77.0,77.0,0.052770448548812667,0.03441699666814059,0.08009929414247142
pre_neuropil,MB_ML_R | PLP_R,6,600-700,650.0,421,15,33.0,33.0,0.035629453681710214,0.021708619991332,0.05794836275235411
pre_neuropil,MB_ML_R | PLP_R,8,800-900,850.0,476,17,37.0,37.0,0.03571428571428571,0.022415690502101134,0.05644700085271263
pre_neuropil,MB_ML_R | PLP_R,9,900-1000,950.0,476,5,7.0,7.0,0.01050420168067227,0.004494814012517726,0.02435137189549859
pre_neuropil,MB_ML_R | PLP_R,10,1000-1100,1050.0,492,9,13.0,13.0,0.018292682926829267,0.0096529922265703,0.03439655908175074
pre_neuropil,MB_ML_R | PLP_R,12,1200-1300,1250.0,536,6,35.0,35.0,0.011194029850746268,0.005140073284168201,0.024204830850674316
pre_neuropil,MB_ML_R | PLP_R,13,1300-1400,1350.0,586,4,42.0,42.0,0.006825938566552901,0.0026575395430643864,0.017418358799812756
pre_neuropil,MB_ML_R | PLP_R,14,1400-1500,1450.0,618,6,22.0,22.0,0.009708737864077669,0.004456922850356123,0.021018375039009912
pre_neuropil,MB_ML_R | PLP_R,15,1500-1600,1550.0,657,9,17.0,17.0,0.0136986301369863,0.007223247525021058,0.025827940535778984
pre_neuropil,MB_ML_R | PLP_R,16,1600-1700,1650.0,700,6,10.0,10.0,0.008571428571428572,0.003934060191568017,0.01857327668650228
pre_neuropil,MB_ML_R | PLP_R,17,1700-1800,1750.0,704,4,18.0,18.0,0.005681818181818182,0.002211665092165563,0.014517501433226556
pre_neuropil,MB_ML_R | PLP_R,18,1800-1900,1850.0,775,4,19.0,19.0,0.005161290322580645,0.00200886853945637,0.013195249987340348
pre_neuropil,MB_ML_R | PLP_R,19,1900-2000,1950.0,860,6,10.0,10.0,0.0069767441860465115,0.003201268735900236,0.015137278516281182
pre_neuropil,MB_ML_R | SCL_R,2,200-300,250.0,121,9,19.0,19.0,0.0743801652892562,0.03962223436060222,0.1353322679847698
pre_neuropil,MB_ML_R | SCL_R,6,600-700,650.0,147,3,5.0,5.0,0.02040816326530612,0.006964387193831138,0.05828021376505553
pre_neuropil,MB_ML_R | SCL_R,7,700-800,750.0,191,3,3.0,3.0,0.015706806282722512,0.0053557651415026,0.045155008738408046
pre_neuropil,MB_ML_R | SCL_R,8,800-900,850.0,206,2,2.0,2.0,0.009708737864077669,0.002666480623550089,0.03470265876539852
pre_neuropil,MB_ML_R | SCL_R,9,900-1000,950.0,260,3,3.0,3.0,0.011538461538461539,0.003931661276428175,0.03336950730350766
pre_neuropil,MB_ML_R | SCL_R,11,1100-1200,1150.0,307,1,2.0,2.0,0.003257328990228013,0.0005752153501427468,0.0182176360571335
pre_neuropil,MB_ML_R | SCL_R,13,1300-1400,1350.0,405,3,8.0,8.0,0.007407407407407408,0.0025222747650984045,0.021549639638915277
pre_neuropil,MB_ML_R | SCL_R,14,1400-1500,1450.0,444,1,1.0,1.0,0.0022522522522522522,0.00039767829305330845,0.012646219370763542
pre_neuropil,MB_ML_R | SCL_R,17,1700-1800,1750.0,529,0,0.0,0.0,0.0,0.0,0.007209647294805811
pre_neuropil,MB_ML_R | SCL_R,18,1800-1900,1850.0,586,0,0.0,0.0,0.0,0.0,0.006512934998141874
pre_neuropil,MB_ML_R | SCL_R,19,1900-2000,1950.0,661,1,1.0,1.0,0.0015128593040847202,0.0002670998808147317,0.008519353915096957
pre_neuropil,MB_ML_R | SPS_R,0,0-100,50.0,153,43,95.0,95.0,0.28104575163398693,0.21585451117980442,0.3569629046078437
pre_neuropil,MB_ML_R | SPS_R,1,100-200,150.0,77,12,15.0,15.0,0.15584415584415584,0.09145782358403826,0.25293912056352935
pre_neuropil,MB_ML_R | SPS_R,2,200-300,250.0,62,4,4.0,4.0,0.06451612903225806,0.025372494807644003,0.15447732658187266
pre_neuropil,MB_ML_R | SPS_R,6,600-700,650.0,64,4,5.0,5.0,0.0625,0.024570803674792932,0.14997696642496888
pre_neuropil,MB_ML_R | SPS_R,19,1900-2000,1950.0,211,2,2.0,2.0,0.009478672985781991,0.0026031998857313013,0.03389624901057184
pre_neuropil,MB_VL_R | SIP_R,0,0-100,50.0,1242,1034,5049.0,5049.0,0.8325281803542673,0.8107429111368853,0.8522627229661981
pre_neuropil,MB_VL_R | SIP_R,1,100-200,150.0,116,45,96.0,96.0,0.3879310344827586,0.3042067212212056,0.4788402340931427
pre_neuropil,MB_VL_R | SIP_R,17,1700-1800,1750.0,90,0,0.0,0.0,0.0,0.0,0.04093706842168078
pre_neuropil,MB_VL_R | SIP_R,19,1900-2000,1950.0,104,0,0.0,0.0,0.0,0.0,0.03562261687512055
pre_neuropil,MB_VL_R | SLP_R,0,0-100,50.0,1144,858,4365.0,4365.0,0.75,0.7240988686516837,0.7742277297221686
pre_neuropil,MB_VL_R | SLP_R,2,200-300,250.0,149,30,46.0,46.0,0.20134228187919462,0.14483273362908414,0.2728650659228703
pre_neuropil,MB_VL_R | SLP_R,4,400-500,450.0,144,21,30.0,30.0,0.14583333333333334,0.09740386921789695,0.21266853259593627
pre_neuropil,MB_VL_R | SLP_R,5,500-600,550.0,130,15,24.0,24.0,0.11538461538461539,0.07118304149617724,0.1816651013831667
pre_neuropil,MB_VL_R | SLP_R,6,600-700,650.0,132,10,10.0,10.0,0.07575757575757576,0.04166761454355954,0.13384268568847538
pre_neuropil,MB_VL_R | SLP_R,8,800-900,850.0,146,7,8.0,8.0,0.04794520547945205,0.023415726447948322,0.09565401119500264
pre_neuropil,MB_VL_R | SLP_R,11,1100-1200,1150.0,150,6,8.0,8.0,0.04,0.018458908886903574,0.08451453912715763
pre_neuropil,MB_VL_R | SLP_R,13,1300-1400,1350.0,137,1,1.0,1.0,0.0072992700729927005,0.0012896313769595533,0.040186750601092384
pre_neuropil,MB_VL_R | SLP_R,15,1500-1600,1550.0,152,1,1.0,1.0,0.006578947368421052,0.0011622614078393885,0.036321953333282364
pre_neuropil,MB_VL_R | SLP_R,16,1600-1700,1650.0,151,1,1.0,1.0,0.006622516556291391,0.0011699648169822205,0.036556330958829965
pre_neuropil,MB_VL_R | SLP_R,17,1700-1800,1750.0,143,4,4.0,4.0,0.027972027972027972,0.010930213279755858,0.06971178462819394
pre_neuropil,MB_VL_R | SLP_R,19,1900-2000,1950.0,160,0,0.0,0.0,0.0,0.0,0.02344703665003271
pre_neuropil,ME_L | ME_L,0,0-100,50.0,1525758,747556,4285186.0,4285186.0,0.48995712295134614,0.48916392563952776,0.4907503708355611
pre_neuropil,ME_L | ME_L,1,100-200,150.0,514279,122182,271269.0,271269.0,0.2375792128397232,0.23641796541290505,0.2387443807383689
pre_neuropil,ME_L | ME_L,2,200-300,250.0,315441,52713,105469.0,105469.0,0.16710890467631032,0.16581102054919153,0.16841489693685305
pre_neuropil,ME_L | ME_L,3,300-400,350.0,276571,35793,68039.0,68039.0,0.12941703938590815,0.1281711956412106,0.1306731778594628
pre_neuropil,ME_L | ME_L,4,400-500,450.0,264710,27006,49081.0,49081.0,0.10202107967209399,0.10087379706713344,0.10317991343592926
pre_neuropil,ME_L | ME_L,5,500-600,550.0,247752,19647,34801.0,34801.0,0.0793010752688172,0.07824357637978284,0.08037162052623435
pre_neuropil,ME_L | ME_L,6,600-700,650.0,247011,15551,26731.0,26731.0,0.06295671042989988,0.0620056379210605,0.06392137682233212
pre_neuropil,ME_L | ME_L,7,700-800,750.0,238551,11927,20270.0,20270.0,0.04999769441335396,0.049130331606367386,0.050879550565732706
pre_neuropil,ME_L | ME_L,8,800-900,850.0,233123,9380,15963.0,15963.0,0.04023627012349704,0.03944608952898294,0.04104160322754261
pre_neuropil,ME_L | ME_L,9,900-1000,950.0,228357,7537,12701.0,12701.0,0.03300533813283587,0.0322804129057852,0.03374597539423061
pre_neuropil,ME_L | ME_L,10,1000-1100,1050.0,220339,6039,10181.0,10181.0,0.027407767122479453,0.026734232433167755,0.02809778077075019
pre_neuropil,ME_L | ME_L,11,1100-1200,1150.0,216759,4785,7896.0,7896.0,0.022075207949842912,0.021465078612243987,0.022702277422269265
pre_neuropil,ME_L | ME_L,12,1200-1300,1250.0,209862,4076,6924.0,6924.0,0.01942228702671279,0.01884057765029903,0.020021590379622044
pre_neuropil,ME_L | ME_L,13,1300-1400,1350.0,205150,3253,5562.0,5562.0,0.015856690226663417,0.015325110331506242,0.01640640173392515
pre_neuropil,ME_L | ME_L,14,1400-1500,1450.0,202887,2839,4734.0,4734.0,0.013993010887834114,0.01349101314227477,0.014513413056527093
pre_neuropil,ME_L | ME_L,15,1500-1600,1550.0,196809,2307,3941.0,3941.0,0.011722024907397528,0.01125593854609536,0.01220717271462839
pre_neuropil,ME_L | ME_L,16,1600-1700,1650.0,195105,2032,3622.0,3622.0,0.010414904794854053,0.009973965195037812,0.010875123788533914
pre_neuropil,ME_L | ME_L,17,1700-1800,1750.0,190161,1768,3008.0,3008.0,0.009297384847576527,0.008875820726306972,0.009738774748948322
pre_neuropil,ME_L | ME_L,18,1800-1900,1850.0,187896,1534,2678.0,2678.0,0.008164090773619449,0.0077671417643803255,0.008581150888996768
pre_neuropil,ME_L | ME_L,19,1900-2000,1950.0,185572,1351,2487.0,2487.0,0.007280193132584658,0.006903464078310378,0.00767732174311305
pre_neuropil,ME_L | ME_R,0,0-100,50.0,97767,44525,149104.0,149104.0,0.4554195178332157,0.45229958993959385,0.4585429490285887
pre_neuropil,ME_L | ME_R,1,100-200,150.0,36388,9858,21057.0,21057.0,0.27091348796306475,0.26637136503642456,0.2755039766060825
pre_neuropil,ME_L | ME_R,2,200-300,250.0,22665,4293,8172.0,8172.0,0.18941098610191925,0.18436247778407613,0.1945647630326756
pre_neuropil,ME_L | ME_R,3,300-400,350.0,19795,2953,5477.0,5477.0,0.14917908562768376,0.14428408960194997,0.15421022230769224
pre_neuropil,ME_L | ME_R,4,400-500,450.0,18797,2276,4398.0,4398.0,0.12108315156673938,0.11649674268954431,0.1258244095720651
pre_neuropil,ME_L | ME_R,5,500-600,550.0,17412,1580,2942.0,2942.0,0.09074201699977028,0.08656523068885663,0.09509935220445584
pre_neuropil,ME_L | ME_R,6,600-700,650.0,17455,1390,2680.0,2680.0,0.0796333428816958,0.07570893542893047,0.08374274319790352
pre_neuropil,ME_L | ME_R,7,700-800,750.0,16331,1008,1952.0,1952.0,0.061723103300471496,0.05813421374058688,0.06551813927641452
pre_neuropil,ME_L | ME_R,8,800-900,850.0,15842,855,1670.0,1670.0,0.05397045827547027,0.05055866329025454,0.05759852035848267
pre_neuropil,ME_L | ME_R,9,900-1000,950.0,15630,733,1506.0,1506.0,0.04689699296225208,0.04369236106040086,0.050324300845653
pre_neuropil,ME_L | ME_R,10,1000-1100,1050.0,14960,608,1158.0,1158.0,0.040641711229946524,0.037593629231073775,0.04392565121894115
pre_neuropil,ME_L | ME_R,11,1100-1200,1150.0,14596,490,981.0,981.0,0.03357084132639079,0.030769210412842134,0.03661793165039779
pre_neuropil,ME_L | ME_R,12,1200-1300,1250.0,14102,443,965.0,965.0,0.03141398383208056,0.028660132928591767,0.0344230651699889
pre_neuropil,ME_L | ME_R,13,1300-1400,1350.0,13588,364,732.0,732.0,0.026788342655284073,0.024204275469032782,0.029639907058815397
pre_neuropil,ME_L | ME_R,14,1400-1500,1450.0,13261,317,608.0,608.0,0.023904682904758313,0.021439392765848938,0.02664573476405688
pre_neuropil,ME_L | ME_R,15,1500-1600,1550.0,12856,277,571.0,571.0,0.02154635967641568,0.019175673501299735,0.02420290123946535
pre_neuropil,ME_L | ME_R,16,1600-1700,1650.0,12477,241,517.0,517.0,0.019315540594694237,0.017044327489202357,0.02188266281888713
pre_neuropil,ME_L | ME_R,17,1700-1800,1750.0,12147,238,475.0,475.0,0.01959331522186548,0.01727613105245063,0.02221426934911497
pre_neuropil,ME_L | ME_R,18,1800-1900,1850.0,11773,223,439.0,439.0,0.018941646139471673,0.016631515428329222,0.021565618852563213
pre_neuropil,ME_L | ME_R,19,1900-2000,1950.0,11675,190,399.0,399.0,0.016274089935760173,0.01413291255554402,0.018733497756930804
pre_neuropil,ME_L | PLP_L,0,0-100,50.0,81768,29867,85884.0,85884.0,0.3652651403972214,0.3619711561152458,0.3685717842311045
pre_neuropil,ME_L | PLP_L,1,100-200,150.0,37027,7885,14478.0,14478.0,0.21295271018446,0.20881257217214863,0.21715240508615916
pre_neuropil,ME_L | PLP_L,2,200-300,250.0,24192,3741,6308.0,6308.0,0.15463789682539683,0.15013659607116894,0.15924886461063678
pre_neuropil,ME_L | PLP_L,3,300-400,350.0,21264,2534,4009.0,4009.0,0.11916854778028593,0.11488246130975348,0.12359221305494557
pre_neuropil,ME_L | PLP_L,4,400-500,450.0,20710,1899,2864.0,2864.0,0.09169483341380975,0.08783963371813563,0.09570148209304252
pre_neuropil,ME_L | PLP_L,5,500-600,550.0,19150,1422,2123.0,2123.0,0.07425587467362925,0.07062716227620959,0.07805536624590163
pre_neuropil,ME_L | PLP_L,6,600-700,650.0,19190,1102,1638.0,1638.0,0.05742574257425743,0.05422168892248731,0.06080695651553694
pre_neuropil,ME_L | PLP_L,7,700-800,750.0,18322,899,1324.0,1324.0,0.04906669577557035,0.046032329946201066,0.05229011762968543
pre_neuropil,ME_L | PLP_L,8,800-900,850.0,17744,665,967.0,967.0,0.03747745716862038,0.03478147432064715,0.04037367017872679
pre_neuropil,ME_L | PLP_L,9,900-1000,950.0,17538,512,705.0,705.0,0.029193750712738054,0.02680340185486452,0.03179030930941825
pre_neuropil,ME_L | PLP_L,10,1000-1100,1050.0,16561,453,646.0,646.0,0.02735342068715657,0.024976649412408673,0.029949417613792162
pre_neuropil,ME_L | PLP_L,11,1100-1200,1150.0,16765,359,497.0,497.0,0.021413659409484045,0.019329521765709422,0.023717077231325656
pre_neuropil,ME_L | PLP_L,12,1200-1300,1250.0,16125,279,410.0,410.0,0.01730232558139535,0.015401603000681784,0.019432987972051185
pre_neuropil,ME_L | PLP_L,13,1300-1400,1350.0,15662,227,337.0,337.0,0.014493678968203295,0.01273741629154691,0.016488054748579017
pre_neuropil,ME_L | PLP_L,14,1400-1500,1450.0,15318,184,262.0,262.0,0.012012012012012012,0.010405049142769046,0.013863678449350166
pre_neuropil,ME_L | PLP_L,15,1500-1600,1550.0,14851,158,200.0,200.0,0.010639014207797455,0.009110849403753476,0.012420285603435024
pre_neuropil,ME_L | PLP_L,16,1600-1700,1650.0,14637,134,192.0,192.0,0.009154881464781035,0.007735533467446043,0.010831814464246626
pre_neuropil,ME_L | PLP_L,17,1700-1800,1750.0,14391,109,156.0,156.0,0.007574178305885623,0.006283163860415776,0.009128023436011299
pre_neuropil,ME_L | PLP_L,18,1800-1900,1850.0,14243,104,133.0,133.0,0.007301832479112547,0.006030342644345109,0.008839030227744661
pre_neuropil,ME_L | PLP_L,19,1900-2000,1950.0,14340,103,157.0,157.0,0.007182705718270572,0.005926423789567364,0.008702962524905045
pre_neuropil,ME_L | PVLP_L,0,0-100,50.0,66295,25585,78580.0,78580.0,0.38592654046308167,0.38222748424838804,0.38963881635376296
pre_neuropil,ME_L | PVLP_L,1,100-200,150.0,27776,5917,12515.0,12515.0,0.213025633640553,0.20825025342921127,0.21788038368716445
pre_neuropil,ME_L | PVLP_L,2,200-300,250.0,17313,2625,4819.0,4819.0,0.1516201698145902,0.1463550005194751,0.15703990955465763
pre_neuropil,ME_L | PVLP_L,3,300-400,350.0,14870,1673,2923.0,2923.0,0.1125084061869536,0.10752919222785068,0.1176877819800769
pre_neuropil,ME_L | PVLP_L,4,400-500,450.0,14193,1275,2157.0,2157.0,0.08983301627562883,0.08523900584632103,0.0946490053011725
pre_neuropil,ME_L | PVLP_L,5,500-600,550.0,13170,867,1412.0,1412.0,0.06583143507972665,0.06172138673733307,0.07019469763398653
pre_neuropil,ME_L | PVLP_L,6,600-700,650.0,12899,661,1046.0,1046.0,0.05124428250251958,0.04757090890104255,0.05518487475517161
pre_neuropil,ME_L | PVLP_L,7,700-800,750.0,12059,472,770.0,770.0,0.03914089062111286,0.03582374796248645,0.0427515688185944
pre_neuropil,ME_L | PVLP_L,8,800-900,850.0,11675,359,553.0,553.0,0.03074946466809422,0.027768944546939924,0.034038692265258984
pre_neuropil,ME_L | PVLP_L,9,900-1000,950.0,11159,281,430.0,430.0,0.025181467873465365,0.02243377786988362,0.028255967651543472
pre_neuropil,ME_L | PVLP_L,10,1000-1100,1050.0,10549,218,324.0,324.0,0.020665465920940373,0.018120046925237172,0.02355987367548519
pre_neuropil,ME_L | PVLP_L,11,1100-1200,1150.0,10363,175,265.0,265.0,0.01688700183344591,0.014579236884392166,0.019552817375991252
pre_neuropil,ME_L | PVLP_L,12,1200-1300,1250.0,9857,138,202.0,202.0,0.014000202901491326,0.011862802135887052,0.016516276582911146
pre_neuropil,ME_L | PVLP_L,13,1300-1400,1350.0,9591,107,175.0,175.0,0.011156292357418413,0.009241269757307949,0.013462763209739676
pre_neuropil,ME_L | PVLP_L,14,1400-1500,1450.0,9568,80,123.0,123.0,0.008361204013377926,0.0067236922118019396,0.010393348254057837
pre_neuropil,ME_L | PVLP_L,15,1500-1600,1550.0,9107,84,132.0,132.0,0.009223674096848577,0.007456749923427749,0.01140447141533419
pre_neuropil,ME_L | PVLP_L,16,1600-1700,1650.0,9060,63,96.0,96.0,0.00695364238410596,0.00543913138674706,0.008886096891734769
pre_neuropil,ME_L | PVLP_L,17,1700-1800,1750.0,8592,47,66.0,66.0,0.005470204841713222,0.00411635727774544,0.00726607675873099
pre_neuropil,ME_L | PVLP_L,18,1800-1900,1850.0,8535,44,70.0,70.0,0.005155243116578793,0.0038426407718280386,0.006913103894989529
pre_neuropil,ME_L | PVLP_L,19,1900-2000,1950.0,8500,42,60.0,60.0,0.004941176470588235,0.0036577829548530096,0.006671854417508208
pre_neuropil,ME_R | ME_R,0,0-100,50.0,1686069,835507,5137596.0,5137596.0,0.4955354733406521,0.4947807900366233,0.49629017698890937
pre_neuropil,ME_R | ME_R,1,100-200,150.0,549811,129951,295454.0,295454.0,0.23635576589046053,0.2352346149518285,0.2374806010355312
pre_neuropil,ME_R | ME_R,2,200-300,250.0,338114,57200,116669.0,116669.0,0.1691737106419728,0.16791376498704305,0.17044117380776322
pre_neuropil,ME_R | ME_R,3,300-400,350.0,294441,38275,74477.0,74477.0,0.12999208669988216,0.12878219024204077,0.1312116380893026
pre_neuropil,ME_R | ME_R,4,400-500,450.0,281583,28669,53271.0,53271.0,0.10181367483122206,0.10070213768475615,0.1029360766372585
pre_neuropil,ME_R | ME_R,5,500-600,550.0,262933,20727,37347.0,37347.0,0.07882996809073034,0.07780608251579649,0.07986616055111045
pre_neuropil,ME_R | ME_R,6,600-700,650.0,261810,16633,29296.0,29296.0,0.06353080478209389,0.06260286059157678,0.06447155761595925
pre_neuropil,ME_R | ME_R,7,700-800,750.0,252415,12487,21497.0,21497.0,0.049470118653804254,0.048630988091327376,0.05032296257920768
pre_neuropil,ME_R | ME_R,8,800-900,850.0,245357,9794,17254.0,17254.0,0.03991734493004072,0.03914989514728465,0.04069920168594045
pre_neuropil,ME_R | ME_R,9,900-1000,950.0,241584,7734,13037.0,13037.0,0.032013709517186566,0.03131913756080658,0.03272316480644964
pre_neuropil,ME_R | ME_R,10,1000-1100,1050.0,230534,6137,10688.0,10688.0,0.02662080213764564,0.025971535309629014,0.027285845408383226
pre_neuropil,ME_R | ME_R,11,1100-1200,1150.0,229080,5022,8632.0,8632.0,0.021922472498690414,0.021330796461007533,0.02253018268890734
pre_neuropil,ME_R | ME_R,12,1200-1300,1250.0,221319,4055,7042.0,7042.0,0.01832196964562464,0.017771522904150957,0.0188891377910712
pre_neuropil,ME_R | ME_R,13,1300-1400,1350.0,216945,3292,5720.0,5720.0,0.015174352946599369,0.014668453039161072,0.015697422857730556
pre_neuropil,ME_R | ME_R,14,1400-1500,1450.0,212872,2837,4790.0,4790.0,0.01332725769476493,0.012848825550535887,0.013823255026220364
pre_neuropil,ME_R | ME_R,15,1500-1600,1550.0,207028,2323,4031.0,4031.0,0.011220704445775451,0.010775953666095585,0.011683594411459655
pre_neuropil,ME_R | ME_R,16,1600-1700,1650.0,204439,2020,3500.0,3500.0,0.009880697909889992,0.009461055124061448,0.01031875994968873
pre_neuropil,ME_R | ME_R,17,1700-1800,1750.0,199955,1709,2966.0,2966.0,0.008546923057687979,0.008152769978030595,0.00895995968483218
pre_neuropil,ME_R | ME_R,18,1800-1900,1850.0,196467,1527,2727.0,2727.0,0.007772297637771229,0.0073934850306420245,0.008170359329660244
pre_neuropil,ME_R | ME_R,19,1900-2000,1950.0,193417,1280,2339.0,2339.0,0.006617825734035788,0.006266148595699673,0.006989101349402418
pre_neuropil,ME_R | PLP_R,0,0-100,50.0,80760,28725,83743.0,83743.0,0.35568350668647847,0.3523887289695116,0.3589920134740228
pre_neuropil,ME_R | PLP_R,1,100-200,150.0,36661,7561,13841.0,13841.0,0.2062409645126974,0.202130078481352,0.21041340841046102
pre_neuropil,ME_R | PLP_R,2,200-300,250.0,23729,3527,5940.0,5940.0,0.14863668928315563,0.14416734073754034,0.15321978714857004
pre_neuropil,ME_R | PLP_R,3,300-400,350.0,21236,2420,3966.0,3966.0,0.11395743077792428,0.10975322882682155,0.11830127794501806
pre_neuropil,ME_R | PLP_R,4,400-500,450.0,20261,1843,2895.0,2895.0,0.090962933715019,0.08708051505275977,0.09500043444748207
pre_neuropil,ME_R | PLP_R,5,500-600,550.0,19051,1374,2129.0,2129.0,0.0721221983098,0.06853434451053732,0.0758825789027751
pre_neuropil,ME_R | PLP_R,6,600-700,650.0,19094,1036,1508.0,1508.0,0.05425788205719074,0.05113350842948375,0.057561580967424864
pre_neuropil,ME_R | PLP_R,7,700-800,750.0,18275,800,1166.0,1166.0,0.04377564979480164,0.04090393709649702,0.04683912863475807
pre_neuropil,ME_R | PLP_R,8,800-900,850.0,18015,662,959.0,959.0,0.03674715514848737,0.03409704422571707,0.039594796208686896
pre_neuropil,ME_R | PLP_R,9,900-1000,950.0,17334,506,710.0,710.0,0.02919118495442483,0.02678750497764044,0.031803502105963326
pre_neuropil,ME_R | PLP_R,10,1000-1100,1050.0,16837,379,546.0,546.0,0.022509948328086952,0.020375864496043988,0.024861874691527255
pre_neuropil,ME_R | PLP_R,11,1100-1200,1150.0,16706,324,451.0,451.0,0.01939422961810128,0.01741080694079912,0.021598635255229835
pre_neuropil,ME_R | PLP_R,12,1200-1300,1250.0,16389,258,334.0,334.0,0.015742266154127767,0.013946838560204886,0.017764661659500768
pre_neuropil,ME_R | PLP_R,13,1300-1400,1350.0,15825,195,280.0,280.0,0.012322274881516588,0.010717923100171372,0.014163341742355073
pre_neuropil,ME_R | PLP_R,14,1400-1500,1450.0,15288,169,234.0,234.0,0.011054421768707483,0.009515487401857908,0.012839020900137579
pre_neuropil,ME_R | PLP_R,15,1500-1600,1550.0,15065,136,179.0,179.0,0.009027547295054762,0.0076373452552650975,0.010668083079717203
pre_neuropil,ME_R | PLP_R,16,1600-1700,1650.0,14866,114,156.0,156.0,0.007668505314139647,0.006387816336935219,0.009203580413383898
pre_neuropil,ME_R | PLP_R,17,1700-1800,1750.0,14620,134,181.0,181.0,0.009165526675786594,0.0077445341770920675,0.010844398022501776
pre_neuropil,ME_R | PLP_R,18,1800-1900,1850.0,14491,82,110.0,110.0,0.005658684700848802,0.004561526609067454,0.007017875541832903
pre_neuropil,ME_R | PLP_R,19,1900-2000,1950.0,14502,81,114.0,114.0,0.005585436491518411,0.004496503885198332,0.0069362419404557975
pre_neuropil,ME_R | PVLP_R,0,0-100,50.0,63020,24552,76762.0,76762.0,0.38959060615677565,0.38579001809104335,0.3934046541677167
pre_neuropil,ME_R | PVLP_R,1,100-200,150.0,24881,5443,11754.0,11754.0,0.2187613038061171,0.2136680547474929,0.22394138537046226
pre_neuropil,ME_R | PVLP_R,2,200-300,250.0,15448,2357,4386.0,4386.0,0.1525763852925945,0.14699240549452364,0.15833311635136427
pre_neuropil,ME_R | PVLP_R,3,300-400,350.0,13088,1553,2800.0,2800.0,0.11865831295843521,0.11322950045829082,0.1243109231899757
pre_neuropil,ME_R | PVLP_R,4,400-500,450.0,12384,1166,1973.0,1973.0,0.09415374677002585,0.08913520895831584,0.09942399896697762
pre_neuropil,ME_R | PVLP_R,5,500-600,550.0,11339,798,1367.0,1367.0,0.07037657641767352,0.06581263228441701,0.07523153075846635
pre_neuropil,ME_R | PVLP_R,6,600-700,650.0,11138,598,959.0,959.0,0.05369007003052613,0.049655684104696375,0.05803222271314961
pre_neuropil,ME_R | PVLP_R,7,700-800,750.0,10732,485,809.0,809.0,0.04519194931047335,0.04142192106240894,0.04928746496280961
pre_neuropil,ME_R | PVLP_R,8,800-900,850.0,10131,336,574.0,574.0,0.03316553153686704,0.029851677664036735,0.03683329154159938
pre_neuropil,ME_R | PVLP_R,9,900-1000,950.0,9900,242,376.0,376.0,0.024444444444444446,0.02158194139237657,0.027675873878013055
pre_neuropil,ME_R | PVLP_R,10,1000-1100,1050.0,9258,173,266.0,266.0,0.018686541369626268,0.01612108055834709,0.021651277802866947
pre_neuropil,ME_R | PVLP_R,11,1100-1200,1150.0,9064,135,204.0,204.0,0.014894086496028244,0.012597972439796256,0.017601231745684884
pre_neuropil,ME_R | PVLP_R,12,1200-1300,1250.0,8559,102,157.0,157.0,0.011917280056081317,0.00982740885763621,0.014445094326353556
pre_neuropil,ME_R | PVLP_R,13,1300-1400,1350.0,8513,88,132.0,132.0,0.010337131446023728,0.00839854425043424,0.012717452552887778
pre_neuropil,ME_R | PVLP_R,14,1400-1500,1450.0,8405,79,125.0,125.0,0.009399167162403332,0.00754871323778358,0.011697885485160618
pre_neuropil,ME_R | PVLP_R,15,1500-1600,1550.0,8107,73,110.0,110.0,0.009004563957074134,0.007168162031424574,0.011306073737154611
pre_neuropil,ME_R | PVLP_R,16,1600-1700,1650.0,7937,35,49.0,49.0,0.004409726596950989,0.0031725251533944515,0.006126438825436204
pre_neuropil,ME_R | PVLP_R,17,1700-1800,1750.0,7797,53,68.0,68.0,0.00679748621264589,0.005200878079019559,0.008879859055804459
pre_neuropil,ME_R | PVLP_R,18,1800-1900,1850.0,7608,35,53.0,53.0,0.004600420609884332,0.003309792054591982,0.00639109294543219
pre_neuropil,ME_R | PVLP_R,19,1900-2000,1950.0,7408,37,50.0,50.0,0.004994600431965443,0.003625856743700416,0.006876472394040467
pre_neuropil,ME_R | SIP_R,2,200-300,250.0,112,7,9.0,9.0,0.0625,0.030601532803567907,0.12341567690348033
pre_neuropil,ME_R | SIP_R,3,300-400,350.0,110,11,14.0,14.0,0.1,0.056759535041414115,0.17023657182988777
pre_neuropil,ME_R | SIP_R,5,500-600,550.0,96,5,8.0,8.0,0.052083333333333336,0.022449269421270103,0.11618632936721088
pre_neuropil,ME_R | SIP_R,9,900-1000,950.0,111,2,2.0,2.0,0.018018018018018018,0.004955074866777286,0.06332680208373542
pre_neuropil,ME_R | SIP_R,12,1200-1300,1250.0,95,0,0.0,0.0,0.0,0.0,0.038866226366226365
pre_neuropil,ME_R | SIP_R,16,1600-1700,1650.0,96,0,0.0,0.0,0.0,0.0,0.03847694748481595
pre_neuropil,ME_R | SIP_R,17,1700-1800,1750.0,99,0,0.0,0.0,0.0,0.0,0.03735453357396229
pre_neuropil,PB | PB,0,0-100,50.0,1480,1008,7558.0,7558.0,0.6810810810810811,0.6568937985009187,0.7043307419082463
pre_neuropil,PB | PB,3,300-400,350.0,177,73,181.0,181.0,0.4124293785310734,0.34251720102006467,0.48606206392782325
pre_neuropil,PB | PB,4,400-500,450.0,166,57,144.0,144.0,0.3433734939759036,0.2754154730299584,0.4184168978379561
pre_neuropil,PB | PB,6,600-700,650.0,117,32,55.0,55.0,0.27350427350427353,0.2009012531479607,0.36050806284917936
pre_neuropil,PB | PB,8,800-900,850.0,80,15,25.0,25.0,0.1875,0.11705207812728378,0.2865852570380757
pre_neuropil,PB | PB,10,1000-1100,1050.0,67,11,28.0,28.0,0.16417910447761194,0.09422515633762062,0.27055485992401096
pre_neuropil,PB | PB,15,1500-1600,1550.0,43,6,13.0,13.0,0.13953488372093023,0.06555634267713946,0.2726387659442569
pre_neuropil,PB | SPS_L,1,100-200,150.0,173,10,15.0,15.0,0.057803468208092484,0.03169701651696774,0.1031219401086226
pre_neuropil,PB | SPS_L,3,300-400,350.0,111,7,8.0,8.0,0.06306306306306306,0.03088026451475212,0.12447807253384349
pre_neuropil,PB | SPS_L,5,500-600,550.0,139,3,3.0,3.0,0.02158273381294964,0.007366681010400868,0.06153201516774331
pre_neuropil,PB | SPS_L,6,600-700,650.0,139,1,1.0,1.0,0.007194244604316547,0.0012710589909932825,0.039624590455666506
pre_neuropil,PB | SPS_L,9,900-1000,950.0,167,7,8.0,8.0,0.041916167664670656,0.02044989293327537,0.08398368764663022
pre_neuropil,PB | SPS_L,10,1000-1100,1050.0,156,3,5.0,5.0,0.019230769230769232,0.006561287554149496,0.05500966769154373
pre_neuropil,PB | SPS_L,11,1100-1200,1150.0,153,6,7.0,7.0,0.0392156862745098,0.018094494157286263,0.0829093211570181
pre_neuropil,PB | SPS_L,13,1300-1400,1350.0,175,5,7.0,7.0,0.02857142857142857,0.012264270311919512,0.06513159284296167
pre_neuropil,PB | SPS_L,14,1400-1500,1450.0,180,3,5.0,5.0,0.016666666666666666,0.005683983686091316,0.04784905780179827
pre_neuropil,PB | SPS_L,15,1500-1600,1550.0,174,1,1.0,1.0,0.005747126436781609,0.0010152042313482327,0.031832003621032764
pre_neuropil,PB | SPS_L,17,1700-1800,1750.0,187,4,6.0,6.0,0.0213903743315508,0.008348855056238929,0.0537005094429059
pre_neuropil,PB | SPS_L,18,1800-1900,1850.0,217,5,8.0,8.0,0.02304147465437788,0.009881021947313297,0.05279557521554008
pre_neuropil,PB | SPS_R,1,100-200,150.0,174,14,18.0,18.0,0.08045977011494253,0.048530652689047146,0.13051407025541578
pre_neuropil,PB | SPS_R,2,200-300,250.0,134,4,5.0,5.0,0.029850746268656716,0.011668145886576373,0.07423915640823159
pre_neuropil,PB | SPS_R,7,700-800,750.0,172,5,5.0,5.0,0.029069767441860465,0.012479266745217172,0.06623703246953064
pre_neuropil,PB | SPS_R,8,800-900,850.0,187,3,5.0,5.0,0.016042780748663103,0.005470637462600011,0.046098831667820195
pre_neuropil,PB | SPS_R,10,1000-1100,1050.0,192,6,10.0,10.0,0.03125,0.014399085841634567,0.06649077616929672
pre_neuropil,PB | SPS_R,11,1100-1200,1150.0,212,5,10.0,10.0,0.02358490566037736,0.010115020526077427,0.0540134885287109
pre_neuropil,PB | SPS_R,12,1200-1300,1250.0,217,2,3.0,3.0,0.009216589861751152,0.002531117911770518,0.03297668496594817
pre_neuropil,PB | SPS_R,13,1300-1400,1350.0,211,4,5.0,5.0,0.018957345971563982,0.007396106319858525,0.047721710713714116
pre_neuropil,PB | SPS_R,16,1600-1700,1650.0,202,3,4.0,4.0,0.01485148514851485,0.005063383108685284,0.042748137983261145
pre_neuropil,PB | SPS_R,19,1900-2000,1950.0,209,1,1.0,1.0,0.004784688995215311,0.0008450932561194485,0.026600669226402765
pre_neuropil,PRW | PRW,0,0-100,50.0,27786,15179,150553.0,150553.0,0.54628230043907,0.5404224146447006,0.5521293903285237
pre_neuropil,PRW | PRW,1,100-200,150.0,7889,2607,8736.0,8736.0,0.3304601343643047,0.3201649586085931,0.3409203468408409
pre_neuropil,PRW | PRW,2,200-300,250.0,4749,1232,3392.0,3392.0,0.25942303642872183,0.2471545161083234,0.2720804611313977
pre_neuropil,PRW | PRW,3,300-400,350.0,3900,859,2204.0,2204.0,0.22025641025641027,0.2075285755686961,0.23353481183923566
pre_neuropil,PRW | PRW,4,400-500,450.0,3672,649,1549.0,1549.0,0.17674291938997821,0.1647446118981949,0.1894168949523724
pre_neuropil,PRW | PRW,5,500-600,550.0,3177,505,1122.0,1122.0,0.15895498898331759,0.14665353548217924,0.17208022353304486
pre_neuropil,PRW | PRW,6,600-700,650.0,3148,407,799.0,799.0,0.12928843710292248,0.11801795175233337,0.14146260082365902
pre_neuropil,PRW | PRW,7,700-800,750.0,2822,299,522.0,522.0,0.10595322466335932,0.09512827498102636,0.11784955081076609
pre_neuropil,PRW | PRW,8,800-900,850.0,2623,246,518.0,518.0,0.09378574151734655,0.08321532143825547,0.10554429010436667
pre_neuropil,PRW | PRW,9,900-1000,950.0,2395,181,373.0,373.0,0.07557411273486431,0.0656546153886136,0.08685299495131048
pre_neuropil,PRW | PRW,10,1000-1100,1050.0,2229,137,254.0,254.0,0.061462539255271426,0.05222624467202199,0.07220783968040141
pre_neuropil,PRW | PRW,11,1100-1200,1150.0,2001,111,177.0,177.0,0.05547226386806597,0.04626805794403059,0.06638004353191643
pre_neuropil,PRW | PRW,12,1200-1300,1250.0,1904,91,183.0,183.0,0.04779411764705882,0.03908869544206285,0.05832064923309256
pre_neuropil,PRW | PRW,13,1300-1400,1350.0,1810,69,149.0,149.0,0.03812154696132597,0.030233095280000913,0.04796645643388635
pre_neuropil,PRW | PRW,14,1400-1500,1450.0,1697,63,101.0,101.0,0.037124337065409546,0.02912376820171078,0.04721585096094376
pre_neuropil,PRW | PRW,15,1500-1600,1550.0,1640,69,146.0,146.0,0.04207317073170732,0.03337952002225157,0.05290713922764209
pre_neuropil,PRW | PRW,16,1600-1700,1650.0,1477,41,72.0,72.0,0.027758970886932972,0.0205274526288176,0.0374406649605316
pre_neuropil,PRW | PRW,17,1700-1800,1750.0,1418,43,70.0,70.0,0.030324400564174896,0.022590186140046944,0.040596599223385946
pre_neuropil,PRW | PRW,18,1800-1900,1850.0,1380,41,72.0,72.0,0.029710144927536233,0.021975190059358496,0.04005618694217116
pre_neuropil,PRW | PRW,19,1900-2000,1950.0,1250,30,71.0,71.0,0.024,0.016862186324962246,0.03405461209678417
pre_neuropil,PVLP_L | PVLP_L,0,0-100,50.0,82505,41777,206799.0,206799.0,0.5063571904733046,0.5029454310028656,0.5097683579639642
pre_neuropil,PVLP_L | PVLP_L,1,100-200,150.0,18159,4888,9825.0,9825.0,0.26917781816179304,0.2627760094472141,0.2756772687006282
pre_neuropil,PVLP_L | PVLP_L,2,200-300,250.0,9117,1718,2947.0,2947.0,0.18843917955467807,0.180543599019135,0.19659721219723345
pre_neuropil,PVLP_L | PVLP_L,3,300-400,350.0,7052,1062,1725.0,1725.0,0.1505955757231991,0.14243828428621816,0.15913333829669243
pre_neuropil,PVLP_L | PVLP_L,4,400-500,450.0,6099,699,1155.0,1155.0,0.1146089522872602,0.10685565673198993,0.12284743764293207
pre_neuropil,PVLP_L | PVLP_L,5,500-600,550.0,5253,484,755.0,755.0,0.09213782600418809,0.08461172040674769,0.10026004746238498
pre_neuropil,PVLP_L | PVLP_L,6,600-700,650.0,5109,405,625.0,625.0,0.07927187316500293,0.07217582053259428,0.08700016489202753
pre_neuropil,PVLP_L | PVLP_L,7,700-800,750.0,4573,239,359.0,359.0,0.052263284495954514,0.0461802963085675,0.05909789378654087
pre_neuropil,PVLP_L | PVLP_L,8,800-900,850.0,4413,212,343.0,343.0,0.048039882166326764,0.0421139200235367,0.054752039579814255
pre_neuropil,PVLP_L | PVLP_L,9,900-1000,950.0,4473,164,237.0,237.0,0.03666443103062821,0.03154237714236335,0.042581666022353505
pre_neuropil,PVLP_L | PVLP_L,10,1000-1100,1050.0,4079,122,192.0,192.0,0.029909291493012993,0.025107944795268705,0.03559526739890507
pre_neuropil,PVLP_L | PVLP_L,11,1100-1200,1150.0,4213,100,146.0,146.0,0.023736055067647758,0.019554869438213524,0.028785006548591383
pre_neuropil,PVLP_L | PVLP_L,12,1200-1300,1250.0,4004,67,108.0,108.0,0.016733266733266732,0.013198316908454417,0.021194659101375912
pre_neuropil,PVLP_L | PVLP_L,13,1300-1400,1350.0,4007,76,126.0,126.0,0.018966808085849763,0.015180874181291097,0.02367421299043864
pre_neuropil,PVLP_L | PVLP_L,14,1400-1500,1450.0,4062,38,61.0,61.0,0.009354997538158542,0.0068233748857122,0.01281378953308857
pre_neuropil,PVLP_L | PVLP_L,15,1500-1600,1550.0,3997,38,65.0,65.0,0.009507130347760821,0.006934459320114617,0.013021741895149697
pre_neuropil,PVLP_L | PVLP_L,16,1600-1700,1650.0,3973,43,69.0,69.0,0.010823055625471936,0.008045191902840042,0.014546002073807154
pre_neuropil,PVLP_L | PVLP_L,17,1700-1800,1750.0,4071,16,30.0,30.0,0.003930238270695161,0.0024206851752053317,0.006375141391402803
pre_neuropil,PVLP_L | PVLP_L,18,1800-1900,1850.0,4111,23,32.0,32.0,0.005594745803940647,0.003731011727287439,0.008381629498075891
pre_neuropil,PVLP_L | PVLP_L,19,1900-2000,1950.0,4234,26,44.0,44.0,0.006140765233821445,0.004194114163669143,0.008982782301739097
pre_neuropil,PVLP_L | PVLP_R,0,0-100,50.0,13034,9807,57475.0,57475.0,0.7524167561761547,0.7449332900953903,0.7597514730635669
pre_neuropil,PVLP_L | PVLP_R,1,100-200,150.0,3124,1508,3878.0,3878.0,0.4827144686299616,0.4652233522597645,0.5002480450130387
pre_neuropil,PVLP_L | PVLP_R,2,200-300,250.0,1678,578,1261.0,1261.0,0.34445768772348034,0.3220994242951342,0.36752651907551365
pre_neuropil,PVLP_L | PVLP_R,3,300-400,350.0,1403,382,734.0,734.0,0.2722736992159658,0.24962666078553292,0.29616442187793107
pre_neuropil,PVLP_L | PVLP_R,4,400-500,450.0,1210,226,436.0,436.0,0.18677685950413223,0.16582066476001608,0.20971564903908255
pre_neuropil,PVLP_L | PVLP_R,5,500-600,550.0,1176,175,328.0,328.0,0.1488095238095238,0.12961257179722524,0.17029344948563163
pre_neuropil,PVLP_L | PVLP_R,6,600-700,650.0,1086,116,237.0,237.0,0.10681399631675875,0.08980933135319333,0.12659055648371803
pre_neuropil,PVLP_L | PVLP_R,7,700-800,750.0,1082,88,185.0,185.0,0.08133086876155268,0.06648626018438825,0.09913789715126736
pre_neuropil,PVLP_L | PVLP_R,8,800-900,850.0,1042,87,182.0,182.0,0.08349328214971209,0.06818803200100367,0.10185836890712623
pre_neuropil,PVLP_L | PVLP_R,9,900-1000,950.0,1034,53,108.0,108.0,0.05125725338491296,0.03939925787284124,0.0664373168029089
pre_neuropil,PVLP_L | PVLP_R,10,1000-1100,1050.0,1034,64,103.0,103.0,0.061895551257253385,0.04876738943738194,0.0782670250628655
pre_neuropil,PVLP_L | PVLP_R,11,1100-1200,1150.0,1043,37,79.0,79.0,0.03547459252157239,0.02584484408145129,0.04851368351240818
pre_neuropil,PVLP_L | PVLP_R,12,1200-1300,1250.0,1030,32,55.0,55.0,0.031067961165048542,0.022091603195218905,0.043529281087247566
pre_neuropil,PVLP_L | PVLP_R,13,1300-1400,1350.0,1052,35,85.0,85.0,0.03326996197718631,0.024017933886345544,0.045918314126613985
pre_neuropil,PVLP_L | PVLP_R,14,1400-1500,1450.0,1002,29,52.0,52.0,0.028942115768463075,0.020225715325516598,0.041256728828712064
pre_neuropil,PVLP_L | PVLP_R,15,1500-1600,1550.0,978,19,29.0,29.0,0.019427402862985686,0.012471910656882107,0.030143517330687375
pre_neuropil,PVLP_L | PVLP_R,16,1600-1700,1650.0,1016,23,39.0,39.0,0.022637795275590553,0.015131309857138597,0.0337405933874437
pre_neuropil,PVLP_L | PVLP_R,17,1700-1800,1750.0,975,15,23.0,23.0,0.015384615384615385,0.009345048969353913,0.025228062757814203
pre_neuropil,PVLP_L | PVLP_R,18,1800-1900,1850.0,1005,13,19.0,19.0,0.012935323383084577,0.007574797052106817,0.02200526784608929
pre_neuropil,PVLP_L | PVLP_R,19,1900-2000,1950.0,966,9,13.0,13.0,0.009316770186335404,0.004909164996429114,0.017611626027589655
pre_neuropil,PVLP_R | PVLP_R,0,0-100,50.0,63365,32245,148729.0,148729.0,0.5088771403771798,0.5049841818464711,0.5127690225927275
pre_neuropil,PVLP_R | PVLP_R,1,100-200,150.0,12805,3396,6174.0,6174.0,0.26520890277235454,0.2576340027310551,0.27292463888724694
pre_neuropil,PVLP_R | PVLP_R,2,200-300,250.0,6049,1094,1784.0,1784.0,0.18085633989089106,0.1713600919529049,0.19075769417914917
pre_neuropil,PVLP_R | PVLP_R,3,300-400,350.0,4544,666,1094.0,1094.0,0.14656690140845072,0.13658199080743086,0.1571489078236912
pre_neuropil,PVLP_R | PVLP_R,4,400-500,450.0,3858,437,687.0,687.0,0.11327112493519959,0.10365271134587539,0.12365894224447388
pre_neuropil,PVLP_R | PVLP_R,5,500-600,550.0,3321,255,396.0,396.0,0.07678410117434507,0.06820970006272689,0.0863364894459703
pre_neuropil,PVLP_R | PVLP_R,6,600-700,650.0,3001,187,271.0,271.0,0.062312562479173605,0.05421108492803872,0.07153318059331187
pre_neuropil,PVLP_R | PVLP_R,7,700-800,750.0,2756,124,212.0,212.0,0.04499274310595065,0.03786648372309989,0.053385709881054774
pre_neuropil,PVLP_R | PVLP_R,8,800-900,850.0,2587,95,163.0,163.0,0.03672207189795129,0.03013422239708747,0.044683782686666
pre_neuropil,PVLP_R | PVLP_R,9,900-1000,950.0,2633,68,122.0,122.0,0.025826053930877325,0.020423326042500335,0.032610424638617554
pre_neuropil,PVLP_R | PVLP_R,10,1000-1100,1050.0,2382,50,71.0,71.0,0.020990764063811923,0.015958254112245496,0.027565842374294096
pre_neuropil,PVLP_R | PVLP_R,11,1100-1200,1150.0,2437,42,79.0,79.0,0.01723430447271235,0.012775440494966192,0.02321280224884808
pre_neuropil,PVLP_R | PVLP_R,12,1200-1300,1250.0,2525,30,44.0,44.0,0.011881188118811881,0.00833500738681426,0.01691038560260825
pre_neuropil,PVLP_R | PVLP_R,13,1300-1400,1350.0,2411,36,67.0,67.0,0.01493156366652841,0.010804822104945514,0.02060162707996168
pre_neuropil,PVLP_R | PVLP_R,14,1400-1500,1450.0,2491,15,23.0,23.0,0.00602167804094741,0.00365261528081226,0.009912013431487548
pre_neuropil,PVLP_R | PVLP_R,15,1500-1600,1550.0,2515,15,21.0,21.0,0.005964214711729622,0.003617728289796826,0.009817654070094321
pre_neuropil,PVLP_R | PVLP_R,16,1600-1700,1650.0,2516,8,22.0,22.0,0.003179650238473768,0.0016120394262586026,0.006262106313695847
pre_neuropil,PVLP_R | PVLP_R,17,1700-1800,1750.0,2648,9,11.0,11.0,0.0033987915407854984,0.0017891437874756558,0.006447245595660954
pre_neuropil,PVLP_R | PVLP_R,18,1800-1900,1850.0,2672,9,20.0,20.0,0.0033682634730538923,0.001773064772400483,0.006389451274887218
pre_neuropil,PVLP_R | PVLP_R,19,1900-2000,1950.0,2605,11,22.0,22.0,0.004222648752399232,0.002359494755384828,0.007545897737589832
pre_neuropil,PVLP_R | SMP_L,0,0-100,50.0,333,51,97.0,97.0,0.15315315315315314,0.1184460268075876,0.1957716945189944
pre_neuropil,PVLP_R | SMP_L,2,200-300,250.0,113,10,16.0,16.0,0.08849557522123894,0.048778853626022724,0.15527175848473238
pre_neuropil,PVLP_R | SMP_L,3,300-400,350.0,115,4,4.0,4.0,0.034782608695652174,0.013607622627126406,0.08603425361822875
pre_neuropil,PVLP_R | SMP_L,4,400-500,450.0,113,3,3.0,3.0,0.02654867256637168,0.009069309551816493,0.07516096459711677
pre_neuropil,PVLP_R | SMP_L,7,700-800,750.0,113,3,4.0,4.0,0.02654867256637168,0.009069309551816493,0.07516096459711677
pre_neuropil,PVLP_R | SMP_L,9,900-1000,950.0,122,3,4.0,4.0,0.02459016393442623,0.008397468237782701,0.0698087847024215
pre_neuropil,PVLP_R | SMP_L,18,1800-1900,1850.0,114,0,0.0,0.0,0.0,0.0,0.03259969314741144
pre_neuropil,SIP_L | SIP_L,0,0-100,50.0,1589,923,6200.0,6200.0,0.5808684707363121,0.556440950217589,0.6049059156603488
pre_neuropil,SIP_L | SIP_L,1,100-200,150.0,683,237,689.0,689.0,0.34699853587115664,0.3122441187295561,0.38346446968442466
pre_neuropil,SIP_L | SIP_L,3,300-400,350.0,299,67,160.0,160.0,0.22408026755852842,0.18048682194366972,0.2746738957384453
pre_neuropil,SIP_L | SIP_L,4,400-500,450.0,274,62,112.0,112.0,0.22627737226277372,0.1807160445892836,0.2794079973108495
pre_neuropil,SIP_L | SIP_L,6,600-700,650.0,229,29,45.0,45.0,0.12663755458515283,0.08963836102047729,0.17595679036140638
pre_neuropil,SIP_L | SIP_L,7,700-800,750.0,212,21,40.0,40.0,0.09905660377358491,0.0657042145884,0.14668116431909514
pre_neuropil,SIP_L | SIP_L,8,800-900,850.0,207,17,33.0,33.0,0.0821256038647343,0.051905093514308775,0.12757371901604575
pre_neuropil,SIP_L | SIP_L,18,1800-1900,1850.0,127,2,2.0,2.0,0.015748031496062992,0.00432926528219783,0.05560274410931068
pre_neuropil,SLP_L | SLP_L,0,0-100,50.0,119176,45719,169574.0,169574.0,0.3836258978317782,0.3808688726759235,0.3863904253092484
pre_neuropil,SLP_L | SLP_L,1,100-200,150.0,65242,15944,33086.0,33086.0,0.24438245302106004,0.24110011434380357,0.24769489263178274
pre_neuropil,SLP_L | SLP_L,2,200-300,250.0,43575,8383,14913.0,14913.0,0.19238095238095237,0.18870711150797445,0.1961090282583474
pre_neuropil,SLP_L | SLP_L,3,300-400,350.0,40123,6231,10339.0,10339.0,0.15529746030954814,0.15178647904945367,0.1588744427411116
pre_neuropil,SLP_L | SLP_L,4,400-500,450.0,39601,5050,7962.0,7962.0,0.12752203227191233,0.12427283922591158,0.13084348473383375
pre_neuropil,SLP_L | SLP_L,5,500-600,550.0,37524,3903,5756.0,5756.0,0.1040134314039015,0.1009650082750452,0.10714292618180882
pre_neuropil,SLP_L | SLP_L,6,600-700,650.0,36616,3112,4474.0,4474.0,0.08499016823246668,0.08217713057881948,0.08789027899730492
pre_neuropil,SLP_L | SLP_L,7,700-800,750.0,35009,2432,3315.0,3315.0,0.06946785112399669,0.06685149319374267,0.07217868480814793
pre_neuropil,SLP_L | SLP_L,8,800-900,850.0,33311,1954,2641.0,2641.0,0.058659301732160544,0.0561863213613667,0.06123406583327029
pre_neuropil,SLP_L | SLP_L,9,900-1000,950.0,32190,1545,2129.0,2129.0,0.04799627213420317,0.04571455408872557,0.05038586283076377
pre_neuropil,SLP_L | SLP_L,10,1000-1100,1050.0,29907,1200,1644.0,1644.0,0.04012438559534557,0.03795857010432403,0.042408329368006425
pre_neuropil,SLP_L | SLP_L,11,1100-1200,1150.0,28686,981,1305.0,1305.0,0.03419786655511399,0.032156331098755125,0.0363641448037678
pre_neuropil,SLP_L | SLP_L,12,1200-1300,1250.0,26938,777,1030.0,1030.0,0.0288440121761081,0.02691151599129104,0.0309108713246525
pre_neuropil,SLP_L | SLP_L,13,1300-1400,1350.0,25520,655,861.0,861.0,0.025666144200626958,0.023796153799980967,0.027678918823882983
pre_neuropil,SLP_L | SLP_L,14,1400-1500,1450.0,24482,562,723.0,723.0,0.022955640879013153,0.02115313228134874,0.02490783709125391
pre_neuropil,SLP_L | SLP_L,15,1500-1600,1550.0,23184,389,513.0,513.0,0.016778812974465148,0.015203706804055302,0.018514032582261707
pre_neuropil,SLP_L | SLP_L,16,1600-1700,1650.0,22367,341,419.0,419.0,0.015245674431081505,0.013721106967658377,0.01693672934727043
pre_neuropil,SLP_L | SLP_L,17,1700-1800,1750.0,20907,319,392.0,392.0,0.015258047543884823,0.013683290084506649,0.017010912103893074
pre_neuropil,SLP_L | SLP_L,18,1800-1900,1850.0,20363,243,300.0,300.0,0.011933408633305505,0.010531313479325306,0.013519622331949432
pre_neuropil,SLP_L | SLP_L,19,1900-2000,1950.0,19575,239,290.0,290.0,0.012209450830140486,0.010763879324902425,0.013846442871074689
pre_neuropil,SLP_L | SMP_L,0,0-100,50.0,71450,23537,89999.0,89999.0,0.32941917424772565,0.32598211079188344,0.3328745797068958
pre_neuropil,SLP_L | SMP_L,1,100-200,150.0,38177,7628,16148.0,16148.0,0.19980616601618775,0.19582541629765557,0.20384732428436456
pre_neuropil,SLP_L | SMP_L,2,200-300,250.0,26281,3859,7089.0,7089.0,0.14683611734713292,0.14260848317505823,0.15116698321390418
pre_neuropil,SLP_L | SMP_L,3,300-400,350.0,24020,2763,4674.0,4674.0,0.11502914238134887,0.1110556067480207,0.1191257977114559
pre_neuropil,SLP_L | SMP_L,4,400-500,450.0,24204,2231,3658.0,3658.0,0.09217484713270534,0.08859493258900311,0.09588419916473404
pre_neuropil,SLP_L | SMP_L,5,500-600,550.0,23079,1703,2541.0,2541.0,0.07379002556436587,0.07048761119427421,0.0772343053309425
pre_neuropil,SLP_L | SMP_L,6,600-700,650.0,23357,1410,2085.0,2085.0,0.06036734169627949,0.05738462118306334,0.06349465398825584
pre_neuropil,SLP_L | SMP_L,7,700-800,750.0,22638,1126,1637.0,1637.0,0.04973937626998851,0.0469828812156336,0.05264866112321927
pre_neuropil,SLP_L | SMP_L,8,800-900,850.0,21745,924,1312.0,1312.0,0.04249252701770522,0.03989131506312322,0.04525536235807793
pre_neuropil,SLP_L | SMP_L,9,900-1000,950.0,21460,721,995.0,995.0,0.03359739049394222,0.0312687723464579,0.03609296219038289
pre_neuropil,SLP_L | SMP_L,10,1000-1100,1050.0,20524,543,723.0,723.0,0.026456831027090236,0.024348175164445537,0.028742725536970635
pre_neuropil,SLP_L | SMP_L,11,1100-1200,1150.0,19996,523,743.0,743.0,0.026155231046209242,0.0240324686560262,0.02846002708454006
pre_neuropil,SLP_L | SMP_L,12,1200-1300,1250.0,19094,403,531.0,531.0,0.021106106630355087,0.01916154540888984,0.02324333033371765
pre_neuropil,SLP_L | SMP_L,13,1300-1400,1350.0,18989,321,415.0,415.0,0.016904523671599347,0.015166221816020066,0.01883825279614118
pre_neuropil,SLP_L | SMP_L,14,1400-1500,1450.0,18316,241,312.0,312.0,0.013157894736842105,0.011606721082995448,0.014913246207551429
pre_neuropil,SLP_L | SMP_L,15,1500-1600,1550.0,17731,201,255.0,255.0,0.011336078055383227,0.009880227503103026,0.01300363067581637
pre_neuropil,SLP_L | SMP_L,16,1600-1700,1650.0,17348,200,269.0,269.0,0.011528706479133042,0.01004478964819326,0.013228912896440388
pre_neuropil,SLP_L | SMP_L,17,1700-1800,1750.0,16779,176,221.0,221.0,0.010489302103820252,0.00905591412736755,0.0121467885186492
pre_neuropil,SLP_L | SMP_L,18,1800-1900,1850.0,16194,140,211.0,211.0,0.008645177226133135,0.007331253106498933,0.010192168038698584
pre_neuropil,SLP_L | SMP_L,19,1900-2000,1950.0,16420,136,188.0,188.0,0.008282582216808769,0.0070067300909883,0.009788463549944035
pre_neuropil,SLP_R | SLP_R,0,0-100,50.0,162133,61350,251879.0,251879.0,0.378393047683075,0.3760352059042804,0.3807566520666351
pre_neuropil,SLP_R | SLP_R,1,100-200,150.0,81071,19470,44080.0,44080.0,0.24015985987591124,0.2372316248079297,0.24311271915191096
pre_neuropil,SLP_R | SLP_R,2,200-300,250.0,52278,9734,18743.0,18743.0,0.18619687057653314,0.18288307700017387,0.18955677982384433
pre_neuropil,SLP_R | SLP_R,3,300-400,350.0,46761,7380,12939.0,12939.0,0.1578238275485982,0.1545474815921875,0.16115639112230917
pre_neuropil,SLP_R | SLP_R,4,400-500,450.0,44951,5734,9615.0,9615.0,0.1275611221107428,0.12450892556398575,0.13067697192119188
pre_neuropil,SLP_R | SLP_R,5,500-600,550.0,41872,4353,6879.0,6879.0,0.10395968666411921,0.10107251186296107,0.10691952524513612
pre_neuropil,SLP_R | SLP_R,6,600-700,650.0,41199,3648,5499.0,5499.0,0.08854583849122552,0.08584081793095329,0.09132758396878364
pre_neuropil,SLP_R | SLP_R,7,700-800,750.0,38039,2629,3808.0,3808.0,0.06911327847735219,0.06660754212622673,0.07170603747766911
pre_neuropil,SLP_R | SLP_R,8,800-900,850.0,36141,2197,3210.0,3210.0,0.06078968484546637,0.05837255547189607,0.06330017583148305
pre_neuropil,SLP_R | SLP_R,9,900-1000,950.0,34024,1695,2377.0,2377.0,0.049817775687749824,0.04755632470168565,0.05218087402795696
pre_neuropil,SLP_R | SLP_R,10,1000-1100,1050.0,31722,1338,1851.0,1851.0,0.042178929449593346,0.04002190372569445,0.04444682790915053
pre_neuropil,SLP_R | SLP_R,11,1100-1200,1150.0,30310,1061,1438.0,1438.0,0.035004948861761795,0.03299402633139728,0.03713372679376256
pre_neuropil,SLP_R | SLP_R,12,1200-1300,1250.0,28607,842,1143.0,1143.0,0.029433355472436817,0.027537021042918004,0.03145605660216602
pre_neuropil,SLP_R | SLP_R,13,1300-1400,1350.0,26778,709,963.0,963.0,0.026476958697438196,0.024620842365482957,0.028468919766483348
pre_neuropil,SLP_R | SLP_R,14,1400-1500,1450.0,25719,607,786.0,786.0,0.02360122866363389,0.021815869479913208,0.025528884219460347
pre_neuropil,SLP_R | SLP_R,15,1500-1600,1550.0,23931,480,635.0,635.0,0.020057665789143787,0.018356871468568934,0.02191252392195665
pre_neuropil,SLP_R | SLP_R,16,1600-1700,1650.0,23134,420,555.0,555.0,0.018155096394916574,0.016512894157327054,0.019957301057424527
pre_neuropil,SLP_R | SLP_R,17,1700-1800,1750.0,22123,336,435.0,435.0,0.015187813587668943,0.013658324219650218,0.01688564641192876
pre_neuropil,SLP_R | SLP_R,18,1800-1900,1850.0,21166,310,409.0,409.0,0.014646130586790136,0.013113526354836287,0.016354884972341523
pre_neuropil,SLP_R | SLP_R,19,1900-2000,1950.0,20116,246,321.0,321.0,0.012229071385961424,0.010800663053267174,0.013843745678062003
pre_neuropil,SLP_R | SMP_R,0,0-100,50.0,95699,31768,135070.0,135070.0,0.3319574917188267,0.32898065460086845,0.3349478195981672
pre_neuropil,SLP_R | SMP_R,1,100-200,150.0,48258,9289,20127.0,20127.0,0.1924862199013635,0.188993154566469,0.19602824088728424
pre_neuropil,SLP_R | SMP_R,2,200-300,250.0,31860,4699,8940.0,8940.0,0.14748901443816698,0.14363781226483105,0.15142521616799917
pre_neuropil,SLP_R | SMP_R,3,300-400,350.0,29318,3471,6296.0,6296.0,0.1183914318848489,0.11474316204393029,0.12213969459083171
pre_neuropil,SLP_R | SMP_R,4,400-500,450.0,29020,2756,4576.0,4576.0,0.09496898690558235,0.09164928799854943,0.09839590574313639
pre_neuropil,SLP_R | SMP_R,5,500-600,550.0,27251,2056,3369.0,3369.0,0.07544677259550109,0.0723704437608626,0.07864278392195764
pre_neuropil,SLP_R | SMP_R,6,600-700,650.0,27396,1695,2549.0,2549.0,0.06187034603591765,0.059078421670164985,0.06478512650450767
pre_neuropil,SLP_R | SMP_R,7,700-800,750.0,26052,1288,1883.0,1883.0,0.04943958237371411,0.04687290155900389,0.052139121909852315
pre_neuropil,SLP_R | SMP_R,8,800-900,850.0,25395,1071,1599.0,1599.0,0.042173656231541644,0.03977013426224436,0.04471567157860156
pre_neuropil,SLP_R | SMP_R,9,900-1000,950.0,24494,797,1166.0,1166.0,0.032538580876949455,0.030388859315923285,0.03483491125495019
pre_neuropil,SLP_R | SMP_R,10,1000-1100,1050.0,23262,640,865.0,865.0,0.0275126816266873,0.025487383749039604,0.029694011451381605
pre_neuropil,SLP_R | SMP_R,11,1100-1200,1150.0,22871,567,831.0,831.0,0.024791220322679376,0.022854448333758506,0.02688760539919499
pre_neuropil,SLP_R | SMP_R,12,1200-1300,1250.0,21565,433,573.0,573.0,0.020078831439833064,0.018290352198111797,0.022038267026390276
pre_neuropil,SLP_R | SMP_R,13,1300-1400,1350.0,21019,420,547.0,547.0,0.019981921118987583,0.018175931609415406,0.021963342426688265
pre_neuropil,SLP_R | SMP_R,14,1400-1500,1450.0,20424,296,389.0,389.0,0.014492753623188406,0.012942623929006643,0.016225489456011967
pre_neuropil,SLP_R | SMP_R,15,1500-1600,1550.0,19593,250,353.0,353.0,0.012759659061909866,0.011280847172744052,0.01442949994768172
pre_neuropil,SLP_R | SMP_R,16,1600-1700,1650.0,19322,196,259.0,259.0,0.010143877445399027,0.00882511841376485,0.011657384143846922
pre_neuropil,SLP_R | SMP_R,17,1700-1800,1750.0,18751,185,264.0,264.0,0.009866140472508132,0.008548422137784482,0.011384649437717387
pre_neuropil,SLP_R | SMP_R,18,1800-1900,1850.0,18223,171,229.0,229.0,0.009383745815727377,0.008083616595953507,0.010890685567291274
pre_neuropil,SLP_R | SMP_R,19,1900-2000,1950.0,17932,130,183.0,183.0,0.007249609636404194,0.00610909826636317,0.008601201137708287
pre_neuropil,SMP_L | SMP_L,0,0-100,50.0,117404,52512,285612.0,285612.0,0.44727607236550715,0.4444336667033418,0.45012192829534875
pre_neuropil,SMP_L | SMP_L,1,100-200,150.0,49463,13010,30510.0,30510.0,0.26302488728948914,0.2591633178456207,0.2669232637565489
pre_neuropil,SMP_L | SMP_L,2,200-300,250.0,31164,6191,12582.0,12582.0,0.19865870876652547,0.19426608717912577,0.20312561414420224
pre_neuropil,SMP_L | SMP_L,3,300-400,350.0,27823,4392,8312.0,8312.0,0.15785501204039823,0.15361801294688057,0.1621864799352725
pre_neuropil,SMP_L | SMP_L,4,400-500,450.0,26839,3455,6060.0,6060.0,0.12873057863556764,0.12477691776658849,0.13279050758378871
pre_neuropil,SMP_L | SMP_L,5,500-600,550.0,25123,2555,4207.0,4207.0,0.10169963778211201,0.09802274017609763,0.10549832631560185
pre_neuropil,SMP_L | SMP_L,6,600-700,650.0,24592,2062,3256.0,3256.0,0.08384840598568641,0.08044896661726973,0.08737784195999805
pre_neuropil,SMP_L | SMP_L,7,700-800,750.0,23176,1633,2483.0,2483.0,0.07046082153952364,0.06723659581892019,0.07382742249602806
pre_neuropil,SMP_L | SMP_L,8,800-900,850.0,22484,1273,1841.0,1841.0,0.056618039494751825,0.05367216230928066,0.05971540264048313
pre_neuropil,SMP_L | SMP_L,9,900-1000,950.0,21336,1008,1478.0,1478.0,0.047244094488188976,0.04447784207678495,0.050173357208593054
pre_neuropil,SMP_L | SMP_L,10,1000-1100,1050.0,20603,812,1154.0,1154.0,0.03941173615492889,0.03683957909475117,0.042155622188302315
pre_neuropil,SMP_L | SMP_L,11,1100-1200,1150.0,19488,644,944.0,944.0,0.033045977011494254,0.030626794073697887,0.03564922163125222
pre_neuropil,SMP_L | SMP_L,12,1200-1300,1250.0,18519,506,717.0,717.0,0.027323289594470543,0.025071519672732995,0.02977112390955624
pre_neuropil,SMP_L | SMP_L,13,1300-1400,1350.0,18016,432,608.0,608.0,0.023978685612788632,0.02184417306434575,0.026316161485986814
pre_neuropil,SMP_L | SMP_L,14,1400-1500,1450.0,17062,329,445.0,445.0,0.01928261634040558,0.01732476469411036,0.021456891406576764
pre_neuropil,SMP_L | SMP_L,15,1500-1600,1550.0,16666,295,470.0,470.0,0.017700708028321133,0.015807032015868864,0.019816677809904166
pre_neuropil,SMP_L | SMP_L,16,1600-1700,1650.0,16104,226,319.0,319.0,0.01403378042722305,0.012329401151217417,0.01596995833590344
pre_neuropil,SMP_L | SMP_L,17,1700-1800,1750.0,15599,207,268.0,268.0,0.013270081415475352,0.011590405540650425,0.015189434357230747
pre_neuropil,SMP_L | SMP_L,18,1800-1900,1850.0,15091,178,223.0,223.0,0.011795109668014048,0.010192551240426584,0.013646161979326584
pre_neuropil,SMP_L | SMP_L,19,1900-2000,1950.0,14816,141,198.0,198.0,0.009516738660907128,0.00807556492886666,0.011212198578673121
pre_neuropil,SMP_L | SMP_R,0,0-100,50.0,83688,38039,193502.0,193502.0,0.4545335054010133,0.4511620856457421,0.4579090991374589
pre_neuropil,SMP_L | SMP_R,1,100-200,150.0,37571,10817,27754.0,27754.0,0.2879082270900429,0.2833515779818771,0.29250824413910287
pre_neuropil,SMP_L | SMP_R,2,200-300,250.0,24322,5423,11607.0,11607.0,0.22296686127785545,0.2177797009834102,0.22824152115592988
pre_neuropil,SMP_L | SMP_R,3,300-400,350.0,21984,4093,7857.0,7857.0,0.18618085880640467,0.18109026687845317,0.19138110839286945
pre_neuropil,SMP_L | SMP_R,4,400-500,450.0,21305,3164,5620.0,5620.0,0.14850973949777047,0.14379801527636776,0.15334819843428277
pre_neuropil,SMP_L | SMP_R,5,500-600,550.0,20092,2444,4020.0,4020.0,0.12164045391200477,0.11719283124001913,0.12623273397741366
pre_neuropil,SMP_L | SMP_R,6,600-700,650.0,19877,2004,3258.0,3258.0,0.10082004326608643,0.09671108137482003,0.1050832732464652
pre_neuropil,SMP_L | SMP_R,7,700-800,750.0,19159,1652,2600.0,2600.0,0.08622579466569237,0.08233354676869009,0.0902839422784458
pre_neuropil,SMP_L | SMP_R,8,800-900,850.0,18465,1289,1980.0,1980.0,0.06980774438126185,0.06622099268948123,0.07357345982236443
pre_neuropil,SMP_L | SMP_R,9,900-1000,950.0,17918,992,1511.0,1511.0,0.05536332179930796,0.05210909913842043,0.05880816284653095
pre_neuropil,SMP_L | SMP_R,10,1000-1100,1050.0,17267,853,1233.0,1233.0,0.04940059072218683,0.04626731852976987,0.0527343190047901
pre_neuropil,SMP_L | SMP_R,11,1100-1200,1150.0,16754,705,1016.0,1016.0,0.04207950340217262,0.039142851575401344,0.04522610438847412
pre_neuropil,SMP_L | SMP_R,12,1200-1300,1250.0,15700,520,743.0,743.0,0.033121019108280254,0.03043397806284857,0.03603648353426789
pre_neuropil,SMP_L | SMP_R,13,1300-1400,1350.0,15480,484,690.0,690.0,0.031266149870801035,0.028638681449395714,0.034126207594677174
pre_neuropil,SMP_L | SMP_R,14,1400-1500,1450.0,15053,398,546.0,546.0,0.02643991230983857,0.023995173481123906,0.0291262992187018
pre_neuropil,SMP_L | SMP_R,15,1500-1600,1550.0,14283,324,439.0,439.0,0.022684310018903593,0.020367720383955634,0.025257591231454175
pre_neuropil,SMP_L | SMP_R,16,1600-1700,1650.0,13858,245,312.0,312.0,0.01767931880502237,0.015615078046666845,0.02001089534492061
pre_neuropil,SMP_L | SMP_R,17,1700-1800,1750.0,13871,234,316.0,316.0,0.016869728209934397,0.014856425340782554,0.01915056469217033
pre_neuropil,SMP_L | SMP_R,18,1800-1900,1850.0,13183,193,267.0,267.0,0.014640066752635971,0.012726587941623492,0.016836336360128948
pre_neuropil,SMP_L | SMP_R,19,1900-2000,1950.0,12956,131,177.0,177.0,0.010111145415251621,0.008527787624781125,0.011984932222041694
pre_neuropil,SMP_R | SMP_R,0,0-100,50.0,132460,58513,333992.0,333992.0,0.4417409029140873,0.4390682982050985,0.44441688678141344
pre_neuropil,SMP_R | SMP_R,1,100-200,150.0,54001,13748,34206.0,34206.0,0.25458787800225924,0.25093114438680936,0.258279526087595
pre_neuropil,SMP_R | SMP_R,2,200-300,250.0,33567,6697,13701.0,13701.0,0.19951142491137128,0.19527066945068544,0.203820951773371
pre_neuropil,SMP_R | SMP_R,3,300-400,350.0,29989,4864,9193.0,9193.0,0.16219280402814365,0.15806393571687877,0.16640820766282688
pre_neuropil,SMP_R | SMP_R,4,400-500,450.0,28896,3834,6965.0,6965.0,0.1326827242524917,0.1288200957549017,0.1366430062989172
pre_neuropil,SMP_R | SMP_R,5,500-600,550.0,26496,2834,4726.0,4726.0,0.10695954106280194,0.1032949105520151,0.11073812729074693
pre_neuropil,SMP_R | SMP_R,6,600-700,650.0,26492,2308,3755.0,3755.0,0.08712064019326589,0.08378423542182954,0.09057677072186661
pre_neuropil,SMP_R | SMP_R,7,700-800,750.0,24830,1720,2770.0,2770.0,0.06927104309303263,0.06617890179940887,0.07249644515134242
pre_neuropil,SMP_R | SMP_R,8,800-900,850.0,24216,1418,2170.0,2170.0,0.058556326395771394,0.05566849491312781,0.061584195955007345
pre_neuropil,SMP_R | SMP_R,9,900-1000,950.0,22743,1090,1586.0,1586.0,0.04792683463043574,0.045226129501561366,0.050780236498718864
pre_neuropil,SMP_R | SMP_R,10,1000-1100,1050.0,21547,846,1269.0,1269.0,0.03926300645101406,0.036750743624036186,0.04193952896374062
pre_neuropil,SMP_R | SMP_R,11,1100-1200,1150.0,20683,728,1109.0,1109.0,0.03519798868636078,0.03277158772470038,0.03779701951981974
pre_neuropil,SMP_R | SMP_R,12,1200-1300,1250.0,19613,514,738.0,738.0,0.02620710753071942,0.02406241667469783,0.02853736574899264
pre_neuropil,SMP_R | SMP_R,13,1300-1400,1350.0,18975,442,630.0,630.0,0.02329380764163373,0.021242162848608394,0.025538437290864816
pre_neuropil,SMP_R | SMP_R,14,1400-1500,1450.0,18215,396,568.0,568.0,0.021740323908866318,0.019721111516880486,0.02396122666207377
pre_neuropil,SMP_R | SMP_R,15,1500-1600,1550.0,17413,339,493.0,493.0,0.019468213403778786,0.01751952500720579,0.02162888178544713
pre_neuropil,SMP_R | SMP_R,16,1600-1700,1650.0,16906,280,389.0,389.0,0.016562167277889506,0.014745246753983452,0.018598743883989178
pre_neuropil,SMP_R | SMP_R,17,1700-1800,1750.0,16368,246,352.0,352.0,0.015029325513196481,0.013275896983691712,0.017010347662115267
pre_neuropil,SMP_R | SMP_R,18,1800-1900,1850.0,15815,187,246.0,246.0,0.011824217515017388,0.010254100185294192,0.013631441471561388
pre_neuropil,SMP_R | SMP_R,19,1900-2000,1950.0,15450,170,240.0,240.0,0.011003236245954692,0.00947557451375276,0.012774012928634382
pre_neuropil,VES_L | VES_L,0,0-100,50.0,5669,3407,51032.0,51032.0,0.6009878285411889,0.5881759644050975,0.613662916483098
pre_neuropil,VES_L | VES_L,1,100-200,150.0,1580,625,2396.0,2396.0,0.39556962025316456,0.37174001307189514,0.4199058181778966
pre_neuropil,VES_L | VES_L,2,200-300,250.0,891,285,911.0,911.0,0.31986531986531985,0.29006811301551294,0.35120918120058076
pre_neuropil,VES_L | VES_L,4,400-500,450.0,651,159,460.0,460.0,0.24423963133640553,0.212798867506302,0.2786812095077424
pre_neuropil,VES_L | VES_L,5,500-600,550.0,538,111,273.0,273.0,0.20631970260223048,0.17426509541206908,0.2425386346817443
pre_neuropil,VES_L | VES_L,6,600-700,650.0,591,114,274.0,274.0,0.19289340101522842,0.16310600546353296,0.22664750202484715
pre_neuropil,VES_L | VES_L,7,700-800,750.0,508,91,166.0,166.0,0.17913385826771652,0.14823388260972506,0.21485032156594172
pre_neuropil,VES_L | VES_L,8,800-900,850.0,496,78,158.0,158.0,0.15725806451612903,0.12786881714237305,0.19191569058967647
pre_neuropil,VES_L | VES_L,11,1100-1200,1150.0,422,32,69.0,69.0,0.07582938388625593,0.0542228365221935,0.10508898270824335
pre_neuropil,VES_L | VES_L,12,1200-1300,1250.0,409,34,74.0,74.0,0.08312958435207823,0.06009611585062409,0.11392123123842894
pre_neuropil,VES_L | VES_L,13,1300-1400,1350.0,360,20,31.0,31.0,0.05555555555555555,0.03624792219873128,0.08424846963771622
pre_neuropil,VES_L | VES_L,14,1400-1500,1450.0,341,22,41.0,41.0,0.06451612903225806,0.042987803745770437,0.095747198063756
pre_neuropil,VES_L | VES_L,18,1800-1900,1850.0,285,16,18.0,18.0,0.056140350877192984,0.034848120684390846,0.08923926838975915
pre_neuropil,VES_L | WED_L,0,0-100,50.0,542,299,3200.0,3200.0,0.551660516605166,0.509573629222388,0.5930202368369228
pre_neuropil,VES_L | WED_L,10,1000-1100,1050.0,58,5,5.0,5.0,0.08620689655172414,0.03738483193379338,0.18643861377265664
pre_neuropil,VES_L | WED_L,14,1400-1500,1450.0,66,2,2.0,2.0,0.030303030303030304,0.008349735075946503,0.10392718870586834
pre_neuropil,VES_L | WED_L,17,1700-1800,1750.0,73,1,4.0,4.0,0.0136986301369863,0.0024221890927605197,0.0735991326912731
pre_neuropil,VES_R | VES_R,0,0-100,50.0,5635,3433,51231.0,51231.0,0.6092280390417036,0.5964180022849107,0.6218892472040624
pre_neuropil,VES_R | VES_R,1,100-200,150.0,1475,584,2978.0,2978.0,0.3959322033898305,0.3712753102125475,0.4211297722519977
pre_neuropil,VES_R | VES_R,2,200-300,250.0,809,266,1023.0,1023.0,0.3288009888751545,0.2973042188361445,0.3619159785553276
pre_neuropil,VES_R | VES_R,4,400-500,450.0,607,153,468.0,468.0,0.25205930807248766,0.2191501783380378,0.2880870497747822
pre_neuropil,VES_R | VES_R,5,500-600,550.0,537,108,279.0,279.0,0.2011173184357542,0.16939149411895993,0.23708907246467564
pre_neuropil,VES_R | VES_R,7,700-800,750.0,460,74,152.0,152.0,0.1608695652173913,0.13012386805688309,0.19723271229296047
pre_neuropil,VES_R | VES_R,8,800-900,850.0,421,66,154.0,154.0,0.15676959619952494,0.12516044865525172,0.194586016850951
pre_neuropil,VES_R | VES_R,10,1000-1100,1050.0,371,28,77.0,77.0,0.07547169811320754,0.052729477767257865,0.10691555629513011
pre_neuropil,VES_R | VES_R,11,1100-1200,1150.0,346,41,60.0,60.0,0.11849710982658959,0.0885605384034952,0.15681222458409685
pre_neuropil,VES_R | VES_R,12,1200-1300,1250.0,339,23,49.0,49.0,0.06784660766961652,0.04563157389227676,0.09974634990693548
pre_neuropil,VES_R | VES_R,13,1300-1400,1350.0,311,19,30.0,30.0,0.06109324758842444,0.039456433091072496,0.09344087145826277
pre_neuropil,VES_R | VES_R,15,1500-1600,1550.0,270,16,28.0,28.0,0.05925925925925926,0.036801562913407235,0.09408286078262727
pre_neuropil,VES_R | VES_R,17,1700-1800,1750.0,256,11,19.0,19.0,0.04296875,0.024159562780836398,0.07529179527730365
pre_neuropil,VES_R | VES_R,19,1900-2000,1950.0,226,9,27.0,27.0,0.03982300884955752,0.021089880151482214,0.07393904411636137
pre_neuropil,WED_L | WED_L,0,0-100,50.0,1141,786,15800.0,15800.0,0.6888694127957932,0.6614103582928147,0.7150609369501254
pre_neuropil,WED_L | WED_L,15,1500-1600,1550.0,62,7,20.0,20.0,0.11290322580645161,0.05577792691334926,0.21519969209955447
pre_neuropil,WED_L | WED_L,16,1600-1700,1650.0,54,1,1.0,1.0,0.018518518518518517,0.0032764033153519848,0.09771665358487208
pre_neuropil,WED_R | WED_R,0,0-100,50.0,5136,2643,27041.0,27041.0,0.5146028037383178,0.5009282607856576,0.528255517951804
pre_neuropil,WED_R | WED_R,1,100-200,150.0,1544,556,2327.0,2327.0,0.3601036269430052,0.3365338119687232,0.38436786169090725
pre_neuropil,WED_R | WED_R,2,200-300,250.0,898,254,798.0,798.0,0.2828507795100223,0.2543661630223009,0.3131853892680348
pre_neuropil,WED_R | WED_R,3,300-400,350.0,773,193,769.0,769.0,0.24967658473479948,0.22045222945560417,0.281376714823384
pre_neuropil,WED_R | WED_R,4,400-500,450.0,712,164,477.0,477.0,0.2303370786516854,0.20090566055250753,0.26266281604902
pre_neuropil,WED_R | WED_R,6,600-700,650.0,621,90,199.0,199.0,0.14492753623188406,0.1194218979393769,0.17479922946315202
pre_neuropil,WED_R | WED_R,7,700-800,750.0,605,81,231.0,231.0,0.13388429752066117,0.1090465683095435,0.16334217779453347
pre_neuropil,WED_R | WED_R,8,800-900,850.0,543,56,100.0,100.0,0.10313075506445672,0.08027594377885335,0.13156163404989996
pre_neuropil,WED_R | WED_R,9,900-1000,950.0,525,59,99.0,99.0,0.11238095238095239,0.08813119347788434,0.1422621795094147
pre_neuropil,WED_R | WED_R,10,1000-1100,1050.0,497,46,96.0,96.0,0.0925553319919517,0.07010740605769317,0.12125369493711236
pre_neuropil,WED_R | WED_R,11,1100-1200,1150.0,435,33,85.0,85.0,0.07586206896551724,0.05452501891656839,0.10462488847598508
pre_neuropil,WED_R | WED_R,12,1200-1300,1250.0,428,21,25.0,25.0,0.04906542056074766,0.032312607852659596,0.07384112999936762
pre_neuropil,WED_R | WED_R,13,1300-1400,1350.0,447,34,51.0,51.0,0.07606263982102908,0.05493884137267567,0.10441113875338191
pre_neuropil,WED_R | WED_R,14,1400-1500,1450.0,397,19,28.0,28.0,0.04785894206549118,0.03084979595852462,0.07353457931589799
pre_neuropil,WED_R | WED_R,15,1500-1600,1550.0,385,22,36.0,36.0,0.05714285714285714,0.03803552931862442,0.0850006890283837
pre_neuropil,WED_R | WED_R,16,1600-1700,1650.0,406,18,25.0,25.0,0.04433497536945813,0.028225057670310413,0.068987133576259
pre_neuropil,WED_R | WED_R,17,1700-1800,1750.0,342,13,36.0,36.0,0.038011695906432746,0.02234638114918515,0.06394052013741541
pre_neuropil,WED_R | WED_R,18,1800-1900,1850.0,334,15,26.0,26.0,0.04491017964071856,0.0274020104275105,0.07276801007914115
pre_neuropil,WED_R | WED_R,19,1900-2000,1950.0,298,11,16.0,16.0,0.03691275167785235,0.020734139769960917,0.06487897651354674
pre_neuropil,AL_L | LO_L,1,100-200,150.0,164,13,20.0,20.0,0.07926829268292683,0.046907294308547315,0.13088891354457136
pre_neuropil,AL_L | LO_L,2,200-300,250.0,97,3,3.0,3.0,0.030927835051546393,0.010573153364052894,0.08702149011641547
pre_neuropil,AL_L | LO_L,3,300-400,350.0,109,2,3.0,3.0,0.01834862385321101,0.0050462566124631555,0.06444584559097954
pre_neuropil,AL_L | LO_L,5,500-600,550.0,113,6,7.0,7.0,0.05309734513274336,0.024559255637348558,0.11102259192379405
pre_neuropil,AL_L | LO_L,6,600-700,650.0,139,3,3.0,3.0,0.02158273381294964,0.007366681010400868,0.06153201516774331
pre_neuropil,AL_L | LO_L,7,700-800,750.0,123,4,4.0,4.0,0.032520325203252036,0.0127175527444634,0.08063983158370654
pre_neuropil,AL_L | LO_L,8,800-900,850.0,139,5,5.0,5.0,0.03597122302158273,0.015460613110063436,0.08144112979956511
pre_neuropil,AL_L | LO_L,9,900-1000,950.0,135,2,2.0,2.0,0.014814814814814815,0.004072118099076125,0.05240663178568465
pre_neuropil,AL_L | LO_L,10,1000-1100,1050.0,124,1,1.0,1.0,0.008064516129032258,0.001424969780125518,0.04426907660227269
pre_neuropil,AL_L | LO_L,13,1300-1400,1350.0,122,0,0.0,0.0,0.0,0.0,0.0305272660233182
pre_neuropil,AL_L | LO_L,15,1500-1600,1550.0,137,0,0.0,0.0,0.0,0.0,0.027276032081430486
pre_neuropil,AL_L | LO_L,16,1600-1700,1650.0,142,0,0.0,0.0,0.0,0.0,0.02634090684688045
pre_neuropil,AL_L | LO_L,18,1800-1900,1850.0,141,1,1.0,1.0,0.0070921985815602835,0.0012530139445820175,0.03907794069828302
pre_neuropil,AL_L | LO_L,19,1900-2000,1950.0,132,0,0.0,0.0,0.0,0.0,0.028279996702041194
pre_neuropil,AL_L | MB_CA_L,1,100-200,150.0,211,95,275.0,275.0,0.45023696682464454,0.3845927173274637,0.5176608499518712
pre_neuropil,AL_L | MB_CA_L,4,400-500,450.0,140,25,62.0,62.0,0.17857142857142858,0.12397995549218581,0.25033178742502316
pre_neuropil,AL_L | MB_CA_L,10,1000-1100,1050.0,117,7,15.0,15.0,0.05982905982905983,0.029280101993339018,0.1183644177746879
pre_neuropil,AL_L | MB_CA_R,10,1000-1100,1050.0,88,4,4.0,4.0,0.045454545454545456,0.017815960935119883,0.11111907503986312
pre_neuropil,AL_L | MB_CA_R,15,1500-1600,1550.0,97,3,4.0,4.0,0.030927835051546393,0.010573153364052894,0.08702149011641547
pre_neuropil,AL_L | MB_CA_R,16,1600-1700,1650.0,107,1,1.0,1.0,0.009345794392523364,0.0016516291511190044,0.05105060538898146
pre_neuropil,AL_L | MB_CA_R,17,1700-1800,1750.0,89,0,0.0,0.0,0.0,0.0,0.04137800296418846
pre_neuropil,AL_L | MB_CA_R,18,1800-1900,1850.0,89,2,2.0,2.0,0.02247191011235955,0.006184269063094168,0.07827786859933303
pre_neuropil,AL_L | MB_ML_L,1,100-200,150.0,190,13,15.0,15.0,0.06842105263157895,0.04041788620673421,0.1135304922631092
pre_neuropil,AL_L | MB_ML_L,10,1000-1100,1050.0,213,4,4.0,4.0,0.018779342723004695,0.007326433710019783,0.047283013923644604
pre_neuropil,AL_L | MB_ML_L,13,1300-1400,1350.0,226,4,4.0,4.0,0.017699115044247787,0.006903711962463501,0.04461698751056488
pre_neuropil,AL_L | MB_ML_L,14,1400-1500,1450.0,246,2,10.0,10.0,0.008130081300813009,0.002232353583609169,0.029153932767422848
pre_neuropil,AL_R | MB_CA_R,6,600-700,650.0,124,15,33.0,33.0,0.12096774193548387,0.07469431876757412,0.19002076615001137
pre_neuropil,AL_R | MB_CA_R,10,1000-1100,1050.0,120,12,30.0,30.0,0.1,0.058133016993107606,0.16668319985163604
pre_neuropil,AL_R | MB_CA_R,12,1200-1300,1250.0,108,3,9.0,9.0,0.027777777777777776,0.009491167942144545,0.07850471194512457
pre_neuropil,AL_R | MB_CA_R,18,1800-1900,1850.0,120,3,6.0,6.0,0.025,0.00853802009878548,0.07093123740434756
pre_neuropil,AL_R | MB_CA_R,19,1900-2000,1950.0,81,1,2.0,2.0,0.012345679012345678,0.0021825938606520115,0.06667042164117726
pre_neuropil,AMMC_R | AMMC_R,5,500-600,550.0,414,109,332.0,332.0,0.2632850241545894,0.223176098336954,0.30774662453219065
pre_neuropil,AMMC_R | AMMC_R,11,1100-1200,1150.0,436,67,188.0,188.0,0.1536697247706422,0.12285585514812214,0.19053332859438882
pre_neuropil,AMMC_R | AMMC_R,12,1200-1300,1250.0,433,61,125.0,125.0,0.14087759815242495,0.11125882849145871,0.17681263722975468
pre_neuropil,AMMC_R | LAL_R,0,0-100,50.0,372,31,63.0,63.0,0.08333333333333333,0.059326800065449034,0.11585763933668207
pre_neuropil,AMMC_R | LAL_R,8,800-900,850.0,82,3,9.0,9.0,0.036585365853658534,0.012519346180045791,0.10212902943271071
pre_neuropil,AMMC_R | LAL_R,19,1900-2000,1950.0,96,0,0.0,0.0,0.0,0.0,0.03847694748481595
pre_neuropil,AOTU_L | AOTU_L,13,1300-1400,1350.0,1196,21,22.0,22.0,0.017558528428093644,0.01151260269077619,0.026693773884265047
pre_neuropil,AOTU_L | AOTU_R,10,1000-1100,1050.0,230,9,9.0,9.0,0.0391304347826087,0.02072069645133725,0.07268270140430522
pre_neuropil,AOTU_L | AOTU_R,12,1200-1300,1250.0,205,7,11.0,11.0,0.03414634146341464,0.01663689986486676,0.06879435521075036
pre_neuropil,AOTU_L | AOTU_R,14,1400-1500,1450.0,217,3,5.0,5.0,0.013824884792626729,0.0047125629776650635,0.03985150466176519
pre_neuropil,AOTU_L | AOTU_R,16,1600-1700,1650.0,197,3,7.0,7.0,0.015228426395939087,0.005192225848512991,0.04380957457530359
pre_neuropil,AOTU_L | AOTU_R,19,1900-2000,1950.0,165,0,0.0,0.0,0.0,0.0,0.02275268654170536
pre_neuropil,AOTU_L | LAL_L,3,300-400,350.0,438,63,107.0,107.0,0.14383561643835616,0.11406448783798198,0.1798001007385577
pre_neuropil,AOTU_L | LAL_L,5,500-600,550.0,301,26,63.0,63.0,0.08637873754152824,0.0596273876851821,0.12355496013086398
pre_neuropil,AOTU_L | LAL_L,7,700-800,750.0,312,12,16.0,16.0,0.038461538461538464,0.022135998288369672,0.06601451766646338
pre_neuropil,AOTU_L | LAL_L,11,1100-1200,1150.0,244,3,3.0,3.0,0.012295081967213115,0.004190009506554231,0.0355192241329962
pre_neuropil,AOTU_L | LAL_L,16,1600-1700,1650.0,238,3,6.0,6.0,0.012605042016806723,0.004295864517803973,0.036398540415011546
pre_neuropil,AOTU_L | LAL_R,11,1100-1200,1150.0,249,5,6.0,6.0,0.020080321285140562,0.008606744392803317,0.046137411632154596
pre_neuropil,AOTU_L | LH_L,2,200-300,250.0,142,7,10.0,10.0,0.04929577464788732,0.024080963350659727,0.09825450197610572
pre_neuropil,AOTU_L | LH_L,7,700-800,750.0,85,3,10.0,10.0,0.03529411764705882,0.012074823021218324,0.09870211030731246
pre_neuropil,AOTU_L | LH_L,8,800-900,850.0,93,1,1.0,1.0,0.010752688172043012,0.001900593097955601,0.05842059118648415
pre_neuropil,AOTU_L | LH_L,13,1300-1400,1350.0,61,0,0.0,0.0,0.0,0.0,0.05924591620194442
pre_neuropil,AOTU_L | PVLP_L,12,1200-1300,1250.0,910,2,2.0,2.0,0.002197802197802198,0.0006029110666654403,0.007978007114340985
pre_neuropil,AOTU_R | LAL_L,5,500-600,550.0,331,40,71.0,71.0,0.12084592145015106,0.09001314698382132,0.16037868007709347
pre_neuropil,AOTU_R | LAL_L,6,600-700,650.0,299,27,37.0,37.0,0.0903010033444816,0.06280168782743989,0.12819452933691272
pre_neuropil,AOTU_R | LAL_L,9,900-1000,950.0,264,10,11.0,11.0,0.03787878787878788,0.020702682350215815,0.06831112282418576
pre_neuropil,AOTU_R | LAL_L,10,1000-1100,1050.0,246,11,21.0,21.0,0.044715447154471545,0.025148803161992982,0.07828313131168954
pre_neuropil,AOTU_R | LAL_L,15,1500-1600,1550.0,196,4,5.0,5.0,0.02040816326530612,0.007964134352931328,0.05129079555155302
pre_neuropil,AOTU_R | LAL_L,18,1800-1900,1850.0,213,1,1.0,1.0,0.004694835680751174,0.0008292137381074073,0.026110266509225207
pre_neuropil,AOTU_R | LAL_R,10,1000-1100,1050.0,342,9,11.0,11.0,0.02631578947368421,0.013905228526170613,0.04924969557781224
pre_neuropil,AOTU_R | LAL_R,11,1100-1200,1150.0,295,7,8.0,8.0,0.023728813559322035,0.011540625442310486,0.04816190593217018
pre_neuropil,AOTU_R | LAL_R,12,1200-1300,1250.0,271,4,5.0,5.0,0.014760147601476014,0.005754417292369401,0.0373307634080777
pre_neuropil,AOTU_R | LAL_R,16,1600-1700,1650.0,268,3,5.0,5.0,0.011194029850746268,0.003814076864782731,0.032389359253898145
pre_neuropil,AOTU_R | PVLP_R,12,1200-1300,1250.0,859,4,9.0,9.0,0.004656577415599534,0.0018122680901120208,0.011911687732138552
pre_neuropil,AOTU_R | PVLP_R,16,1600-1700,1650.0,767,0,0.0,0.0,0.0,0.0,0.0049836438510843205
pre_neuropil,AOTU_R | SIP_L,0,0-100,50.0,686,432,2954.0,2954.0,0.6297376093294461,0.5929735901725256,0.6650566590904937
pre_neuropil,AOTU_R | SIP_L,4,400-500,450.0,99,22,31.0,31.0,0.2222222222222222,0.1515799287727833,0.3136170343238624
pre_neuropil,AOTU_R | SIP_L,18,1800-1900,1850.0,34,0,0.0,0.0,0.0,0.0,0.10151790621961015
pre_neuropil,ATL_L | MB_ML_L,5,500-600,550.0,76,1,1.0,1.0,0.013157894736842105,0.002326420140567463,0.0708384462949749
pre_neuropil,ATL_L | MB_ML_L,8,800-900,850.0,101,0,0.0,0.0,0.0,0.0,0.03664194365595336
pre_neuropil,ATL_L | MB_ML_L,12,1200-1300,1250.0,141,0,0.0,0.0,0.0,0.0,0.026522766939884673
pre_neuropil,ATL_L | MB_ML_L,13,1300-1400,1350.0,169,1,1.0,1.0,0.005917159763313609,0.0010452618665798483,0.03275215727325685
pre_neuropil,ATL_L | MB_ML_L,17,1700-1800,1750.0,230,0,0.0,0.0,0.0,0.0,0.01642821465470643
pre_neuropil,ATL_L | MB_ML_L,18,1800-1900,1850.0,236,0,0.0,0.0,0.0,0.0,0.016017238043775556
pre_neuropil,ATL_L | SLP_L,9,900-1000,950.0,212,3,7.0,7.0,0.014150943396226415,0.004823973770644724,0.04077242655255525
pre_neuropil,ATL_R | SLP_R,3,300-400,350.0,240,12,27.0,27.0,0.05,0.02883001643094939,0.08534902438899274
pre_neuropil,ATL_R | SLP_R,9,900-1000,950.0,227,2,4.0,4.0,0.00881057268722467,0.0024194607917818363,0.031550153003998466
pre_neuropil,ATL_R | SLP_R,13,1300-1400,1350.0,215,0,0.0,0.0,0.0,0.0,0.017554249283500026
pre_neuropil,ATL_R | SLP_R,15,1500-1600,1550.0,219,2,2.0,2.0,0.0091324200913242,0.002507969557322508,0.03268115132495441
pre_neuropil,ATL_R | SLP_R,16,1600-1700,1650.0,212,2,2.0,2.0,0.009433962264150943,0.002590902462183525,0.033739443495222274
pre_neuropil,ATL_R | SLP_R,17,1700-1800,1750.0,198,1,1.0,1.0,0.005050505050505051,0.0008920722330250878,0.02804943437413617
pre_neuropil,ATL_R | SLP_R,19,1900-2000,1950.0,213,3,3.0,3.0,0.014084507042253521,0.004801272170445913,0.04058485300110788
pre_neuropil,AVLP_L | FB,3,300-400,350.0,62,7,12.0,12.0,0.11290322580645161,0.05577792691334926,0.21519969209955447
pre_neuropil,AVLP_L | FB,8,800-900,850.0,108,4,9.0,9.0,0.037037037037037035,0.014495306806255062,0.09138300680871465
pre_neuropil,AVLP_L | FB,10,1000-1100,1050.0,139,2,3.0,3.0,0.014388489208633094,0.003954669579790876,0.050942503232611104
pre_neuropil,AVLP_L | FB,17,1700-1800,1750.0,323,1,2.0,2.0,0.0030959752321981426,0.0005467107983287024,0.017326167072786842
pre_neuropil,AVLP_L | MB_ML_L,10,1000-1100,1050.0,286,6,7.0,7.0,0.02097902097902098,0.00964936184322316,0.04500669857046487
pre_neuropil,AVLP_R | FB,13,1300-1400,1350.0,231,2,2.0,2.0,0.008658008658008658,0.0023775084651898957,0.03101350913986816
pre_neuropil,AVLP_R | FB,15,1500-1600,1550.0,276,1,2.0,2.0,0.0036231884057971015,0.000639851831292353,0.02023481440846614
pre_neuropil,AVLP_R | FB,17,1700-1800,1750.0,335,0,0.0,0.0,0.0,0.0,0.011337450891508009
pre_neuropil,AVLP_R | FB,18,1800-1900,1850.0,354,2,3.0,3.0,0.005649717514124294,0.0015506936189153154,0.020362912848303695
pre_neuropil,AVLP_R | MB_ML_L,4,400-500,450.0,49,2,2.0,2.0,0.04081632653061224,0.011265396927928273,0.13713283476831106
pre_neuropil,AVLP_R | MB_ML_L,10,1000-1100,1050.0,92,0,0.0,0.0,0.0,0.0,0.04008280329209862
pre_neuropil,AVLP_R | MB_ML_L,11,1100-1200,1150.0,106,1,2.0,2.0,0.009433962264150943,0.0016672287844913501,0.05151480789377989
pre_neuropil,AVLP_R | MB_ML_L,19,1900-2000,1950.0,239,0,0.0,0.0,0.0,0.0,0.015819365380560824
pre_neuropil,AVLP_R | MB_ML_R,7,700-800,750.0,129,17,19.0,19.0,0.13178294573643412,0.08393214590804618,0.20093042726180424
pre_neuropil,AVLP_R | MB_ML_R,9,900-1000,950.0,206,9,9.0,9.0,0.043689320388349516,0.023152447615867395,0.08093368211246102
pre_neuropil,AVLP_R | MB_ML_R,11,1100-1200,1150.0,229,2,2.0,2.0,0.008733624454148471,0.0023983011791889886,0.031279529586447384
pre_neuropil,AVLP_R | MB_ML_R,18,1800-1900,1850.0,534,1,1.0,1.0,0.0018726591760299626,0.000330638342463962,0.010530552015440672
pre_neuropil,CRE_R | PVLP_R,0,0-100,50.0,261,52,173.0,173.0,0.19923371647509577,0.1552932113239876,0.25189961638887925
pre_neuropil,CRE_R | PVLP_R,4,400-500,450.0,70,3,7.0,7.0,0.04285714285714286,0.014681274851143573,0.11859861074180134
pre_neuropil,CRE_R | PVLP_R,8,800-900,850.0,86,4,4.0,4.0,0.046511627906976744,0.01823367317295907,0.11357163750717128
pre_neuropil,CRE_R | PVLP_R,12,1200-1300,1250.0,105,2,3.0,3.0,0.01904761904761905,0.005239072265250375,0.06680691015323666
pre_neuropil,CRE_R | PVLP_R,15,1500-1600,1550.0,106,0,0.0,0.0,0.0,0.0,0.034973998922084165
pre_neuropil,CRE_R | PVLP_R,17,1700-1800,1750.0,120,1,1.0,1.0,0.008333333333333333,0.001472517830674952,0.045697415374322405
pre_neuropil,EB | GA_L,8,800-900,850.0,55,2,2.0,2.0,0.03636363636363636,0.010029330855724924,0.1232369297490173
pre_neuropil,EB | GA_L,16,1600-1700,1650.0,71,0,0.0,0.0,0.0,0.0,0.05132974174790491
pre_neuropil,EB | MB_ML_L,9,900-1000,950.0,78,0,0.0,0.0,0.0,0.0,0.04693945377411976
pre_neuropil,EB | MB_ML_L,10,1000-1100,1050.0,105,0,0.0,0.0,0.0,0.0,0.035295328256842964
pre_neuropil,EB | MB_ML_L,12,1200-1300,1250.0,172,0,0.0,0.0,0.0,0.0,0.021846934968744597
pre_neuropil,EB | MB_ML_L,15,1500-1600,1550.0,303,2,5.0,5.0,0.006600660066006601,0.0018119713889009192,0.023743885444070877
pre_neuropil,EB | MB_ML_L,19,1900-2000,1950.0,566,0,0.0,0.0,0.0,0.0,0.0067415225564437554
pre_neuropil,EB | MB_ML_R,8,800-900,850.0,79,1,5.0,5.0,0.012658227848101266,0.002237936230769212,0.06827736043177712
pre_neuropil,EB | MB_ML_R,12,1200-1300,1250.0,236,1,2.0,2.0,0.00423728813559322,0.000748358156783412,0.02360771685272286
pre_neuropil,EB | PB,9,900-1000,950.0,153,14,24.0,24.0,0.0915032679738562,0.055289031952932284,0.14772853481506804
pre_neuropil,EB | PB,13,1300-1400,1350.0,115,0,0.0,0.0,0.0,0.0,0.03232538101136302
pre_neuropil,FB | FLA_R,4,400-500,450.0,136,6,9.0,9.0,0.04411764705882353,0.020373739216141287,0.09290871750632185
pre_neuropil,FB | FLA_R,19,1900-2000,1950.0,252,0,0.0,0.0,0.0,0.0,0.015015540865910781
pre_neuropil,FB | GNG,2,200-300,250.0,512,35,70.0,70.0,0.068359375,0.04955979153870453,0.09358802748170796
pre_neuropil,FB | GNG,10,1000-1100,1050.0,614,11,20.0,20.0,0.017915309446254073,0.010032422760685448,0.03179318432048228
pre_neuropil,FB | GNG,14,1400-1500,1450.0,772,6,7.0,7.0,0.007772020725388601,0.003566665200117224,0.016851935710171677
pre_neuropil,FB | IB_L,3,300-400,350.0,215,9,14.0,14.0,0.04186046511627907,0.02217646863045342,0.0776290528060559
pre_neuropil,FB | IB_L,4,400-500,450.0,234,7,12.0,12.0,0.029914529914529916,0.014564481197171963,0.060450150389564763
pre_neuropil,FB | IB_L,16,1600-1700,1650.0,240,2,2.0,2.0,0.008333333333333333,0.002288235363161974,0.029870346273441456
pre_neuropil,FB | IB_L,18,1800-1900,1850.0,243,0,0.0,0.0,0.0,0.0,0.015563016930695634
pre_neuropil,FB | IB_L,19,1900-2000,1950.0,276,0,0.0,0.0,0.0,0.0,0.013727765993333372
pre_neuropil,FB | IB_R,2,200-300,250.0,389,11,15.0,15.0,0.028277634961439587,0.01586160145340922,0.04991961927270533
pre_neuropil,FB | IB_R,7,700-800,750.0,314,4,4.0,4.0,0.012738853503184714,0.00496466090869797,0.03229163279231537
pre_neuropil,FB | IB_R,8,800-900,850.0,287,2,2.0,2.0,0.006968641114982578,0.0019130975407349454,0.025048657586454564
pre_neuropil,FB | ICL_R,0,0-100,50.0,510,71,146.0,146.0,0.1392156862745098,0.11185991512415833,0.17196607327382274
pre_neuropil,FB | ICL_R,3,300-400,350.0,175,3,3.0,3.0,0.017142857142857144,0.00584685383108248,0.049182848430583716
pre_neuropil,FB | ICL_R,10,1000-1100,1050.0,288,2,2.0,2.0,0.006944444444444444,0.0019064476108571395,0.024962922622858687
pre_neuropil,FB | ICL_R,18,1800-1900,1850.0,538,1,2.0,2.0,0.0018587360594795538,0.00032817949988412417,0.010452831038989228
pre_neuropil,FB | MB_VL_R,4,400-500,450.0,63,2,2.0,2.0,0.031746031746031744,0.00874934404029698,0.10856681834959193
pre_neuropil,FB | MB_VL_R,13,1300-1400,1350.0,127,0,0.0,0.0,0.0,0.0,0.02936069262375269
pre_neuropil,FB | MB_VL_R,16,1600-1700,1650.0,217,1,1.0,1.0,0.004608294930875576,0.0008139199742202268,0.025637618141786903
pre_neuropil,FB | MB_VL_R,17,1700-1800,1750.0,243,1,1.0,1.0,0.00411522633744856,0.0007267895363180701,0.022938589394947972
pre_neuropil,FB | MB_VL_R,18,1800-1900,1850.0,230,1,1.0,1.0,0.004347826086956522,0.0007678910476641276,0.02421312174047964
pre_neuropil,FB | NO,10,1000-1100,1050.0,271,3,5.0,5.0,0.01107011070110701,0.003771775855839975,0.032036486066663754
pre_neuropil,FB | NO,12,1200-1300,1250.0,267,0,0.0,0.0,0.0,0.0,0.014183936293390674
pre_neuropil,FB | NO,15,1500-1600,1550.0,245,0,0.0,0.0,0.0,0.0,0.01543793320730939
pre_neuropil,FB | NO,17,1700-1800,1750.0,286,1,1.0,1.0,0.0034965034965034965,0.000617469711820931,0.019536987067330164
pre_neuropil,FB | SAD,4,400-500,450.0,122,9,25.0,25.0,0.07377049180327869,0.03929335962779893,0.13427086714617725
pre_neuropil,FB | SAD,8,800-900,850.0,130,1,1.0,1.0,0.007692307692307693,0.0013591392530527095,0.04228648363250753
pre_neuropil,FB | SAD,11,1100-1200,1150.0,129,3,4.0,4.0,0.023255813953488372,0.00793999360511028,0.06614523270953815
pre_neuropil,GNG | MB_ML_L,3,300-400,350.0,78,1,1.0,1.0,0.01282051282051282,0.0022666733888537863,0.06911023028849367
pre_neuropil,GNG | MB_ML_L,5,500-600,550.0,86,1,1.0,1.0,0.011627906976744186,0.002055515742405551,0.0629655880669656
pre_neuropil,GNG | MB_ML_L,16,1600-1700,1650.0,285,1,1.0,1.0,0.0035087719298245615,0.0006196372126949703,0.019604596415702044
pre_neuropil,GNG | MB_ML_L,19,1900-2000,1950.0,335,0,0.0,0.0,0.0,0.0,0.011337450891508009
pre_neuropil,GNG | MB_ML_R,11,1100-1200,1150.0,112,1,1.0,1.0,0.008928571428571428,0.0015778140883850739,0.048849666195036424
pre_neuropil,GNG | MB_ML_R,18,1800-1900,1850.0,214,0,0.0,0.0,0.0,0.0,0.017634831914565444
pre_neuropil,IB_L | MB_ML_L,6,600-700,650.0,97,0,0.0,0.0,0.0,0.0,0.03809538920445529
pre_neuropil,IB_L | MB_ML_L,12,1200-1300,1250.0,111,0,0.0,0.0,0.0,0.0,0.03345129291127953
pre_neuropil,IB_L | MB_ML_L,14,1400-1500,1450.0,152,0,0.0,0.0,0.0,0.0,0.024650670937670042
pre_neuropil,IB_L | MB_ML_L,15,1500-1600,1550.0,140,0,0.0,0.0,0.0,0.0,0.02670715564899167
pre_neuropil,IB_L | MB_ML_L,17,1700-1800,1750.0,161,0,0.0,0.0,0.0,0.0,0.023304796847397745
pre_neuropil,IB_L | MB_ML_L,18,1800-1900,1850.0,181,0,0.0,0.0,0.0,0.0,0.02078320031854301
pre_neuropil,IB_L | PVLP_L,2,200-300,250.0,189,10,30.0,30.0,0.05291005291005291,0.028990039639136107,0.09464303538202115
pre_neuropil,IB_L | PVLP_L,3,300-400,350.0,189,8,12.0,12.0,0.042328042328042326,0.02160155991961465,0.08128910267600788
pre_neuropil,IB_L | PVLP_L,4,400-500,450.0,188,6,9.0,9.0,0.031914893617021274,0.014707146316818683,0.067869312595117
pre_neuropil,IB_L | PVLP_L,8,800-900,850.0,241,12,21.0,21.0,0.04979253112033195,0.028709432523633678,0.0850032698929491
pre_neuropil,IB_L | PVLP_L,10,1000-1100,1050.0,184,5,5.0,5.0,0.02717391304347826,0.011661546019694796,0.062026071632625024
pre_neuropil,IB_L | PVLP_L,17,1700-1800,1750.0,172,4,6.0,6.0,0.023255813953488372,0.009079888383639646,0.05826253798190753
pre_neuropil,IB_R | MB_ML_R,2,200-300,250.0,61,0,0.0,0.0,0.0,0.0,0.05924591620194442
pre_neuropil,IB_R | MB_ML_R,6,600-700,650.0,67,0,0.0,0.0,0.0,0.0,0.05422802421176257
pre_neuropil,IB_R | MB_ML_R,15,1500-1600,1550.0,156,0,0.0,0.0,0.0,0.0,0.024033793455520962
pre_neuropil,ICL_L | MB_ML_L,1,100-200,150.0,255,11,14.0,14.0,0.043137254901960784,0.024254970635041635,0.07558060448116843
pre_neuropil,ICL_L | MB_ML_L,5,500-600,550.0,228,3,3.0,3.0,0.013157894736842105,0.004484697780761892,0.037964974754279276
pre_neuropil,ICL_L | MB_ML_L,8,800-900,850.0,355,2,2.0,2.0,0.005633802816901409,0.0015463216132914868,0.020306217222785493
pre_neuropil,ICL_L | MB_ML_L,10,1000-1100,1050.0,517,4,7.0,7.0,0.007736943907156673,0.003012692398892172,0.01972281874307498
pre_neuropil,ICL_R | MB_ML_R,3,300-400,350.0,86,0,0.0,0.0,0.0,0.0,0.042759701519118086
pre_neuropil,ICL_R | MB_ML_R,7,700-800,750.0,180,1,1.0,1.0,0.005555555555555556,0.0009813408130013804,0.030793839559667267
pre_neuropil,ICL_R | MB_ML_R,10,1000-1100,1050.0,307,0,0.0,0.0,0.0,0.0,0.012358706170602647
pre_neuropil,LAL_L | SLP_L,0,0-100,50.0,926,144,418.0,418.0,0.15550755939524838,0.13359438431250817,0.18026724545324976
pre_neuropil,LAL_L | SLP_L,1,100-200,150.0,494,40,90.0,90.0,0.08097165991902834,0.06002491496476062,0.10838527815690699
pre_neuropil,LAL_L | SLP_L,4,400-500,450.0,282,7,8.0,8.0,0.024822695035460994,0.012074895634043716,0.05034289100023206
pre_neuropil,LAL_L | SLP_L,5,500-600,550.0,299,9,12.0,12.0,0.030100334448160536,0.015914988076861064,0.05620720385449844
pre_neuropil,LAL_L | SLP_L,9,900-1000,950.0,276,4,6.0,6.0,0.014492753623188406,0.005649909898163153,0.0366654570808707
pre_neuropil,LAL_L | SLP_L,17,1700-1800,1750.0,278,0,0.0,0.0,0.0,0.0,0.013630351232749173
pre_neuropil,LAL_L | SLP_L,18,1800-1900,1850.0,285,4,5.0,5.0,0.014035087719298246,0.00547105968412911,0.035525805033418505
pre_neuropil,LAL_L | SLP_L,19,1900-2000,1950.0,267,2,8.0,8.0,0.00749063670411985,0.0020565689998305985,0.02689614727418344
pre_neuropil,LAL_L | SLP_R,4,400-500,450.0,195,9,18.0,18.0,0.046153846153846156,0.024468614069101245,0.08537560363986912
pre_neuropil,LAL_L | SLP_R,17,1700-1800,1750.0,200,1,2.0,2.0,0.005,0.0008831459893662054,0.02777439986977148
pre_neuropil,LAL_R | SLP_L,1,100-200,150.0,189,8,17.0,17.0,0.042328042328042326,0.02160155991961465,0.08128910267600788
pre_neuropil,LAL_R | SLP_L,4,400-500,450.0,123,11,34.0,34.0,0.08943089430894309,0.05067040745524363,0.1530608605199317
pre_neuropil,LAL_R | SLP_L,7,700-800,750.0,144,5,6.0,6.0,0.034722222222222224,0.014920522321761262,0.0787040055513137
pre_neuropil,LAL_R | SLP_L,8,800-900,850.0,145,5,5.0,5.0,0.034482758620689655,0.014817001068388777,0.07817850556416554
pre_neuropil,LAL_R | SLP_L,9,900-1000,950.0,140,2,5.0,5.0,0.014285714285714285,0.003926358459994089,0.05058916417045497
pre_neuropil,LAL_R | SLP_L,15,1500-1600,1550.0,116,2,3.0,3.0,0.017241379310344827,0.004740913854513688,0.06069212442267886
pre_neuropil,LAL_R | SLP_L,16,1600-1700,1650.0,145,2,2.0,2.0,0.013793103448275862,0.003790673072295709,0.048893522743927706
pre_neuropil,LAL_R | SLP_L,18,1800-1900,1850.0,133,1,1.0,1.0,0.007518796992481203,0.0013284534153853028,0.04136031958931502
pre_neuropil,LAL_R | SLP_R,7,700-800,750.0,322,7,7.0,7.0,0.021739130434782608,0.010569344614399102,0.04418609483839022
pre_neuropil,LAL_R | SLP_R,11,1100-1200,1150.0,346,6,11.0,11.0,0.017341040462427744,0.007971066179106003,0.0373111415400446
pre_neuropil,LA_L | LOP_L,1,100-200,150.0,232,11,12.0,12.0,0.04741379310344827,0.02667812709283991,0.08289372113071351
pre_neuropil,LA_L | LOP_L,4,400-500,450.0,182,2,2.0,2.0,0.01098901098901099,0.0030187111424065417,0.039176362511716106
pre_neuropil,LA_L | LOP_L,6,600-700,650.0,182,0,0.0,0.0,0.0,0.0,0.020671367444102935
pre_neuropil,LA_L | LOP_L,7,700-800,750.0,180,0,0.0,0.0,0.0,0.0,0.02089624981505818
pre_neuropil,LA_L | LOP_L,8,800-900,850.0,192,2,2.0,2.0,0.010416666666666666,0.0028612294459291893,0.03717929309882126
pre_neuropil,LA_L | LOP_L,10,1000-1100,1050.0,142,0,0.0,0.0,0.0,0.0,0.02634090684688045
pre_neuropil,LA_L | LOP_L,11,1100-1200,1150.0,158,0,0.0,0.0,0.0,0.0,0.023736789552253557
pre_neuropil,LA_L | LOP_L,12,1200-1300,1250.0,203,0,0.0,0.0,0.0,0.0,0.018572666233484945
pre_neuropil,LA_L | LOP_L,14,1400-1500,1450.0,170,0,0.0,0.0,0.0,0.0,0.022098277972591136
pre_neuropil,LA_L | PLP_L,12,1200-1300,1250.0,73,0,0.0,0.0,0.0,0.0,0.04999375338358388
pre_neuropil,LA_L | PLP_L,16,1600-1700,1650.0,83,0,0.0,0.0,0.0,0.0,0.04423686343872062
pre_neuropil,LA_L | PLP_L,17,1700-1800,1750.0,61,1,1.0,1.0,0.01639344262295082,0.002899656114363977,0.08719065627768062
pre_neuropil,LA_R | LOP_R,9,900-1000,950.0,342,1,1.0,1.0,0.0029239766081871343,0.0005163269912675048,0.01637464274747994
pre_neuropil,LA_R | LOP_R,14,1400-1500,1450.0,420,0,0.0,0.0,0.0,0.0,0.00906376344370161
pre_neuropil,LA_R | LOP_R,17,1700-1800,1750.0,399,0,0.0,0.0,0.0,0.0,0.009536254448398576
pre_neuropil,LA_R | PLP_R,2,200-300,250.0,345,17,22.0,22.0,0.04927536231884058,0.03098941470189193,0.07748847325642497
pre_neuropil,LA_R | PLP_R,5,500-600,550.0,258,10,20.0,20.0,0.03875968992248062,0.021187213857899984,0.0698663085770378
pre_neuropil,LA_R | PLP_R,8,800-900,850.0,339,5,5.0,5.0,0.014749262536873156,0.006315932164028551,0.034057231419387234
pre_neuropil,LA_R | PLP_R,16,1600-1700,1650.0,227,2,6.0,6.0,0.00881057268722467,0.0024194607917818363,0.031550153003998466
pre_neuropil,LA_R | PLP_R,19,1900-2000,1950.0,193,0,0.0,0.0,0.0,0.0,0.019516199827678698
pre_neuropil,LH_L | LH_R,8,800-900,850.0,418,29,47.0,47.0,0.06937799043062201,0.04873632336304798,0.09786277923849726
pre_neuropil,LH_L | LH_R,13,1300-1400,1350.0,304,6,6.0,6.0,0.019736842105263157,0.009076074708468267,0.042384156787210026
pre_neuropil,MB_CA_R | MB_ML_R,11,1100-1200,1150.0,680,46,105.0,105.0,0.06764705882352941,0.05109664693361822,0.08905510750776117
pre_neuropil,MB_CA_R | MB_VL_R,3,300-400,350.0,137,37,215.0,215.0,0.27007299270072993,0.20274861096279786,0.34994036729362643
pre_neuropil,MB_CA_R | MB_VL_R,4,400-500,450.0,154,32,123.0,123.0,0.2077922077922078,0.15120929925971807,0.27859881216337956
pre_neuropil,MB_CA_R | MB_VL_R,6,600-700,650.0,137,33,173.0,173.0,0.24087591240875914,0.17696840103106276,0.3189191776388757
pre_neuropil,MB_CA_R | MB_VL_R,7,700-800,750.0,159,22,141.0,141.0,0.13836477987421383,0.09318109067011478,0.20061115897616727
pre_neuropil,MB_CA_R | MB_VL_R,10,1000-1100,1050.0,104,7,35.0,35.0,0.0673076923076923,0.032983269269930095,0.1324593799489242
pre_neuropil,MB_CA_R | MB_VL_R,15,1500-1600,1550.0,83,2,15.0,15.0,0.024096385542168676,0.006633027079790216,0.08366471041007639
pre_neuropil,MB_ML_L | MB_VL_R,9,900-1000,950.0,533,22,26.0,26.0,0.04127579737335835,0.027413407296108465,0.06170338246087014
pre_neuropil,MB_ML_L | ME_L,12,1200-1300,1250.0,116,1,1.0,1.0,0.008620689655172414,0.0015233485646961933,0.04722099396744623
pre_neuropil,MB_ML_L | ME_L,15,1500-1600,1550.0,121,0,0.0,0.0,0.0,0.0,0.03077179401737882
pre_neuropil,MB_ML_L | ME_L,18,1800-1900,1850.0,141,2,2.0,2.0,0.014184397163120567,0.003898449814560761,0.05024069253128463
pre_neuropil,MB_ML_L | PLP_L,11,1100-1200,1150.0,741,15,58.0,58.0,0.020242914979757085,0.012305100348195312,0.03312952628919981
pre_neuropil,MB_ML_R | MB_PED_L,1,100-200,150.0,310,190,337.0,337.0,0.6129032258064516,0.5576137114169486,0.6654287405715704
pre_neuropil,MB_ML_R | MB_PED_L,4,400-500,450.0,94,19,27.0,27.0,0.20212765957446807,0.13339378292301518,0.2942525352075141
pre_neuropil,MB_ML_R | MB_PED_L,6,600-700,650.0,99,5,10.0,10.0,0.050505050505050504,0.02176291355669111,0.11282853581788105
pre_neuropil,MB_ML_R | MB_PED_L,7,700-800,750.0,87,6,6.0,6.0,0.06896551724137931,0.031988403572147155,0.14239866138487695
pre_neuropil,MB_ML_R | MB_PED_L,12,1200-1300,1250.0,68,1,1.0,1.0,0.014705882352941176,0.0026006166023507804,0.07871160361546173
pre_neuropil,MB_ML_R | MB_PED_L,13,1300-1400,1350.0,51,1,1.0,1.0,0.0196078431372549,0.003469603253442241,0.10304807675589372
pre_neuropil,MB_ML_R | MB_PED_L,14,1400-1500,1450.0,75,1,1.0,1.0,0.013333333333333334,0.002357490433136912,0.07173537424743781
pre_neuropil,MB_ML_R | MB_VL_L,0,0-100,50.0,798,574,1352.0,1352.0,0.7192982456140351,0.6871278154796199,0.7493673725974268
pre_neuropil,MB_ML_R | MB_VL_L,1,100-200,150.0,185,82,125.0,125.0,0.44324324324324327,0.37353498051499207,0.5152607085704637
pre_neuropil,MB_ML_R | MB_VL_L,2,200-300,250.0,119,31,37.0,37.0,0.2605042016806723,0.19001607594151523,0.3459717327487004
pre_neuropil,MB_ML_R | MB_VL_L,4,400-500,450.0,119,19,21.0,21.0,0.15966386554621848,0.10466269961883354,0.2359515548356835
pre_neuropil,MB_ML_R | MB_VL_L,7,700-800,750.0,72,10,12.0,12.0,0.1388888888888889,0.077226478114719,0.23713397841573391
pre_neuropil,MB_ML_R | MB_VL_L,8,800-900,850.0,63,2,2.0,2.0,0.031746031746031744,0.00874934404029698,0.10856681834959193
pre_neuropil,MB_ML_R | MB_VL_L,9,900-1000,950.0,50,2,2.0,2.0,0.04,0.011038652660826577,0.13460337877954667
pre_neuropil,MB_ML_R | MB_VL_L,13,1300-1400,1350.0,54,3,3.0,3.0,0.05555555555555555,0.019072922503838907,0.15107451463482943
pre_neuropil,MB_ML_R | MB_VL_L,17,1700-1800,1750.0,40,1,3.0,3.0,0.025,0.0044267174077949195,0.1288165948800778
pre_neuropil,MB_ML_R | MB_VL_L,18,1800-1900,1850.0,35,1,1.0,1.0,0.02857142857142857,0.005061361365853362,0.1453340909327131
pre_neuropil,MB_ML_R | PLP_R,5,500-600,550.0,380,17,108.0,108.0,0.04473684210526316,0.02811614175702401,0.07047035850766852
pre_neuropil,MB_ML_R | PLP_R,7,700-800,750.0,428,11,57.0,57.0,0.02570093457943925,0.014410292040422502,0.04543016798010354
pre_neuropil,MB_ML_R | PLP_R,11,1100-1200,1150.0,486,9,24.0,24.0,0.018518518518518517,0.00977252965128024,0.03481657833791463
pre_neuropil,MB_ML_R | SCL_R,4,400-500,450.0,132,5,6.0,6.0,0.03787878787878788,0.01628593894182534,0.08560920952521273
pre_neuropil,MB_ML_R | SCL_R,12,1200-1300,1250.0,327,1,1.0,1.0,0.0030581039755351682,0.0005400206747298974,0.01711676734709082
pre_neuropil,MB_ML_R | SCL_R,15,1500-1600,1550.0,480,2,5.0,5.0,0.004166666666666667,0.0011433710133288482,0.01506358597424725
pre_neuropil,MB_ML_R | SCL_R,16,1600-1700,1650.0,548,0,0.0,0.0,0.0,0.0,0.006961417914126081
pre_neuropil,MB_ML_R | SPS_R,9,900-1000,950.0,93,1,1.0,1.0,0.010752688172043012,0.001900593097955601,0.05842059118648415
pre_neuropil,MB_ML_R | SPS_R,11,1100-1200,1150.0,85,3,3.0,3.0,0.03529411764705882,0.012074823021218324,0.09870211030731246
pre_neuropil,MB_ML_R | SPS_R,17,1700-1800,1750.0,201,1,1.0,1.0,0.004975124378109453,0.0008787495223456909,0.02763889533104346
pre_neuropil,MB_VL_R | SIP_R,3,300-400,350.0,45,9,20.0,20.0,0.2,0.10896004402509006,0.3382325131392944
pre_neuropil,MB_VL_R | SIP_R,7,700-800,750.0,45,1,1.0,1.0,0.022222222222222223,0.003933497522757505,0.11566946388718813
pre_neuropil,MB_VL_R | SIP_R,9,900-1000,950.0,44,2,3.0,3.0,0.045454545454545456,0.012554846366981079,0.15135271525303162
pre_neuropil,MB_VL_R | SIP_R,15,1500-1600,1550.0,73,0,0.0,0.0,0.0,0.0,0.04999375338358388
pre_neuropil,MB_VL_R | SIP_R,16,1600-1700,1650.0,77,0,0.0,0.0,0.0,0.0,0.04752008866722084
pre_neuropil,MB_VL_R | SLP_R,3,300-400,350.0,151,23,52.0,52.0,0.152317880794702,0.10369187215469948,0.21819578594234934
pre_neuropil,MB_VL_R | SLP_R,12,1200-1300,1250.0,160,2,2.0,2.0,0.0125,0.0034345991561011736,0.04442626157768072
pre_neuropil,ME_R | SIP_R,1,100-200,150.0,177,17,25.0,25.0,0.096045197740113,0.06083189385041121,0.1484208444575887
pre_neuropil,ME_R | SIP_R,4,400-500,450.0,106,9,10.0,10.0,0.08490566037735849,0.04531104510353617,0.1535352936242318
pre_neuropil,ME_R | SIP_R,15,1500-1600,1550.0,98,0,0.0,0.0,0.0,0.0,0.037721324095458045
pre_neuropil,PB | PB,2,200-300,250.0,272,117,416.0,416.0,0.43014705882352944,0.3726844573294526,0.48955532086208925
pre_neuropil,PB | SPS_L,2,200-300,250.0,127,8,14.0,14.0,0.06299212598425197,0.03226130175460205,0.11938465794017394
pre_neuropil,PB | SPS_L,4,400-500,450.0,148,5,7.0,7.0,0.033783783783783786,0.014514880913543027,0.07664327337355617
pre_neuropil,PB | SPS_L,7,700-800,750.0,156,2,3.0,3.0,0.01282051282051282,0.003522843269481466,0.04553572471282101
pre_neuropil,PB | SPS_L,8,800-900,850.0,158,4,5.0,5.0,0.02531645569620253,0.009887970714336326,0.06327986746818287
pre_neuropil,PB | SPS_L,12,1200-1300,1250.0,168,5,8.0,8.0,0.02976190476190476,0.012777935316137214,0.06777066292782699
pre_neuropil,PB | SPS_L,16,1600-1700,1650.0,165,4,5.0,5.0,0.024242424242424242,0.009466715939676306,0.06066765852727969
pre_neuropil,PB | SPS_L,19,1900-2000,1950.0,197,1,2.0,2.0,0.005076142131979695,0.0008966033639121081,0.02818900439862314
pre_neuropil,PB | SPS_R,3,300-400,350.0,160,4,4.0,4.0,0.025,0.009763834597428894,0.06251085022010217
pre_neuropil,PB | SPS_R,6,600-700,650.0,173,3,3.0,3.0,0.017341040462427744,0.0059146456907766265,0.04973741807702461
pre_neuropil,PB | SPS_R,9,900-1000,950.0,184,4,4.0,4.0,0.021739130434782608,0.008485490417836222,0.054554858471866585
pre_neuropil,PB | SPS_R,18,1800-1900,1850.0,219,1,1.0,1.0,0.0045662100456621,0.0008064827143618118,0.02540765324588977
pre_neuropil,PVLP_R | SMP_L,8,800-900,850.0,103,1,1.0,1.0,0.009708737864077669,0.0017158473082714565,0.05295948514650271
pre_neuropil,PVLP_R | SMP_L,11,1100-1200,1150.0,119,6,6.0,6.0,0.05042016806722689,0.023310004458561698,0.10564956624061513
pre_neuropil,PVLP_R | SMP_L,12,1200-1300,1250.0,114,1,1.0,1.0,0.008771929824561403,0.0015501030386822767,0.04802152531666931
pre_neuropil,PVLP_R | SMP_L,15,1500-1600,1550.0,105,0,0.0,0.0,0.0,0.0,0.035295328256842964
pre_neuropil,PVLP_R | SMP_L,16,1600-1700,1650.0,100,1,1.0,1.0,0.01,0.0017673865655472645,0.0544875247609346
pre_neuropil,SIP_L | SIP_L,2,200-300,250.0,354,95,199.0,199.0,0.268361581920904,0.22486978740678998,0.31682687390927844
pre_neuropil,SIP_L | SIP_L,5,500-600,550.0,205,30,79.0,79.0,0.14634146341463414,0.10447025655338212,0.20122362818988743
pre_neuropil,SIP_L | SIP_L,10,1000-1100,1050.0,172,10,13.0,13.0,0.05813953488372093,0.03188308865655954,0.10370257480419148
pre_neuropil,SIP_L | SIP_L,12,1200-1300,1250.0,157,3,4.0,4.0,0.01910828025477707,0.006519360760184289,0.05466878956908376
pre_neuropil,SIP_L | SIP_L,13,1300-1400,1350.0,157,9,11.0,11.0,0.05732484076433121,0.030448304960363402,0.10534740958114827
pre_neuropil,SIP_L | SIP_L,16,1600-1700,1650.0,130,0,0.0,0.0,0.0,0.0,0.02870258574314712
pre_neuropil,SIP_L | SIP_L,19,1900-2000,1950.0,123,2,6.0,6.0,0.016260162601626018,0.0044704148332556995,0.0573515741671984
pre_neuropil,VES_L | VES_L,3,300-400,350.0,778,225,633.0,633.0,0.2892030848329049,0.2584407225505865,0.3220369598853443
pre_neuropil,VES_L | VES_L,10,1000-1100,1050.0,427,35,50.0,50.0,0.08196721311475409,0.05952500959881689,0.11186419701447207
pre_neuropil,VES_L | VES_L,15,1500-1600,1550.0,342,17,27.0,27.0,0.049707602339181284,0.03126326460523376,0.07815561386398451
pre_neuropil,VES_L | VES_L,19,1900-2000,1950.0,287,2,2.0,2.0,0.006968641114982578,0.0019130975407349454,0.025048657586454564
pre_neuropil,VES_L | WED_L,6,600-700,650.0,70,13,36.0,36.0,0.18571428571428572,0.11187194691822093,0.29225797442692864
pre_neuropil,VES_L | WED_L,8,800-900,850.0,69,8,17.0,17.0,0.11594202898550725,0.05993426545958408,0.21245953149160868
pre_neuropil,VES_L | WED_L,12,1200-1300,1250.0,63,4,5.0,5.0,0.06349206349206349,0.024965213900485034,0.15219392053076733
pre_neuropil,VES_R | VES_R,3,300-400,350.0,667,219,568.0,568.0,0.328335832083958,0.2937682347036387,0.36486951226971526
pre_neuropil,VES_R | VES_R,6,600-700,650.0,536,97,287.0,287.0,0.18097014925373134,0.15068413904945197,0.21579669532863224
pre_neuropil,VES_R | VES_R,9,900-1000,950.0,405,45,95.0,95.0,0.1111111111111111,0.08408327026934034,0.14544718847067045
pre_neuropil,VES_R | VES_R,14,1400-1500,1450.0,317,18,27.0,27.0,0.056782334384858045,0.036215641299935944,0.08796276947971357
pre_neuropil,VES_R | VES_R,16,1600-1700,1650.0,307,16,39.0,39.0,0.05211726384364821,0.03233113815783921,0.08297389179954102
pre_neuropil,VES_R | VES_R,18,1800-1900,1850.0,254,16,34.0,34.0,0.06299212598425197,0.039142014998517514,0.0998642586206347
pre_neuropil,WED_R | WED_R,5,500-600,550.0,640,128,383.0,383.0,0.2,0.1708404705130879,0.2327395404709803
pre_neuropil,AL_L | MB_CA_L,2,200-300,250.0,140,46,123.0,123.0,0.32857142857142857,0.2562544989688083,0.41004509725370325
pre_neuropil,AL_L | MB_CA_L,7,700-800,750.0,113,13,28.0,28.0,0.11504424778761062,0.06847655704087688,0.18692562848208752
pre_neuropil,AL_L | MB_CA_L,11,1100-1200,1150.0,102,6,13.0,13.0,0.058823529411764705,0.02723526813965306,0.1224374503377698
pre_neuropil,AL_L | MB_CA_L,15,1500-1600,1550.0,126,4,6.0,6.0,0.031746031746031744,0.012413078146214646,0.07878727674774846
pre_neuropil,AL_L | MB_CA_L,19,1900-2000,1950.0,117,3,8.0,8.0,0.02564102564102564,0.008757897045422923,0.07268425532594588
pre_neuropil,AL_L | MB_CA_R,4,400-500,450.0,79,12,32.0,32.0,0.1518987341772152,0.08908180320986644,0.2470005515490952
pre_neuropil,AL_L | MB_CA_R,19,1900-2000,1950.0,97,0,0.0,0.0,0.0,0.0,0.03809538920445529
pre_neuropil,AL_R | MB_CA_R,2,200-300,250.0,136,42,98.0,98.0,0.3088235294117647,0.23732037486900903,0.3908303327887981
pre_neuropil,AMMC_R | LAL_R,1,100-200,150.0,164,15,34.0,34.0,0.09146341463414634,0.05621141440662995,0.14541678742176062
pre_neuropil,AMMC_R | LAL_R,16,1600-1700,1650.0,74,1,1.0,1.0,0.013513513513513514,0.0023894018749393217,0.07265530429759565
pre_neuropil,AOTU_L | AOTU_R,2,200-300,250.0,403,158,534.0,534.0,0.3920595533498759,0.3456272592219977,0.4405303018533691
pre_neuropil,AOTU_L | AOTU_R,4,400-500,450.0,309,80,174.0,174.0,0.2588996763754045,0.21323029781765357,0.31049033268672954
pre_neuropil,AOTU_L | AOTU_R,6,600-700,650.0,243,43,109.0,109.0,0.17695473251028807,0.1341084839162267,0.22985609903899634
pre_neuropil,AOTU_L | AOTU_R,7,700-800,750.0,264,29,55.0,55.0,0.10984848484848485,0.07757907770716221,0.15330962666138992
pre_neuropil,AOTU_L | AOTU_R,15,1500-1600,1550.0,186,0,0.0,0.0,0.0,0.0,0.02023581765008302
pre_neuropil,AOTU_L | LAL_L,4,400-500,450.0,378,32,57.0,57.0,0.08465608465608465,0.06060248439562803,0.11706699949507428
pre_neuropil,AOTU_L | LAL_L,9,900-1000,950.0,304,7,10.0,10.0,0.023026315789473683,0.011197619445592753,0.04675945977956719
pre_neuropil,AOTU_L | LAL_L,19,1900-2000,1950.0,221,1,2.0,2.0,0.004524886877828055,0.0007991801409706362,0.02518177711960748
pre_neuropil,AOTU_L | LAL_R,7,700-800,750.0,274,19,28.0,28.0,0.06934306569343066,0.044838601955396615,0.1057565573008127
pre_neuropil,AOTU_L | LAL_R,12,1200-1300,1250.0,219,6,14.0,14.0,0.0273972602739726,0.012615430006207316,0.058473630564170924
pre_neuropil,AOTU_L | LAL_R,13,1300-1400,1350.0,263,6,7.0,7.0,0.022813688212927757,0.010496544111168887,0.04887051110061218
pre_neuropil,AOTU_L | LAL_R,18,1800-1900,1850.0,210,2,2.0,2.0,0.009523809523809525,0.002615614602923092,0.03405451880423435
pre_neuropil,AOTU_L | LAL_R,19,1900-2000,1950.0,213,3,3.0,3.0,0.014084507042253521,0.004801272170445913,0.04058485300110788
pre_neuropil,AOTU_L | LH_L,18,1800-1900,1850.0,86,1,1.0,1.0,0.011627906976744186,0.002055515742405551,0.0629655880669656
pre_neuropil,AOTU_L | SIP_R,2,200-300,250.0,156,34,76.0,76.0,0.21794871794871795,0.16036567945065483,0.2890892809601518
pre_neuropil,AOTU_L | SIP_R,4,400-500,450.0,127,24,41.0,41.0,0.1889763779527559,0.1304078981380311,0.26580859569879145
pre_neuropil,AOTU_L | SIP_R,11,1100-1200,1150.0,75,3,4.0,4.0,0.04,0.013695816001486484,0.11113168623083755
pre_neuropil,AOTU_L | SIP_R,15,1500-1600,1550.0,76,1,5.0,5.0,0.013157894736842105,0.002326420140567463,0.0708384462949749
pre_neuropil,AOTU_L | SIP_R,17,1700-1800,1750.0,63,3,5.0,5.0,0.047619047619047616,0.016325872842212416,0.13091177556835826
pre_neuropil,AOTU_L | SIP_R,19,1900-2000,1950.0,88,2,5.0,5.0,0.022727272727272728,0.00625479714413793,0.07912699062959425
pre_neuropil,AOTU_R | LAL_L,13,1300-1400,1350.0,242,6,11.0,11.0,0.024793388429752067,0.011411302429498855,0.05302693747782358
pre_neuropil,AOTU_R | LAL_L,14,1400-1500,1450.0,238,2,2.0,2.0,0.008403361344537815,0.002307489575779127,0.03011703953749171
pre_neuropil,AOTU_R | LAL_R,8,800-900,850.0,327,5,10.0,10.0,0.01529051987767584,0.006548322607322847,0.035289221401653054
pre_neuropil,AOTU_R | LAL_R,17,1700-1800,1750.0,249,3,3.0,3.0,0.012048192771084338,0.004105701869888309,0.034818272665947565
pre_neuropil,AOTU_R | LAL_R,19,1900-2000,1950.0,250,0,0.0,0.0,0.0,0.0,0.015133847249623387
pre_neuropil,AOTU_R | SIP_L,1,100-200,150.0,235,77,188.0,188.0,0.3276595744680851,0.2708409838678668,0.3900221153577287
pre_neuropil,AOTU_R | SIP_L,6,600-700,650.0,83,9,11.0,11.0,0.10843373493975904,0.058104257602346984,0.1934065390665306
pre_neuropil,AOTU_R | SIP_L,11,1100-1200,1150.0,74,3,5.0,5.0,0.04054054054054054,0.01388217957959554,0.1125489318055764
pre_neuropil,ATL_L | MB_ML_L,1,100-200,150.0,94,2,3.0,3.0,0.02127659574468085,0.005854213528540098,0.07429165489552492
pre_neuropil,ATL_L | MB_ML_L,3,300-400,350.0,87,2,2.0,2.0,0.022988505747126436,0.006326952471398799,0.07999473274770788
pre_neuropil,ATL_L | MB_ML_L,9,900-1000,950.0,115,0,0.0,0.0,0.0,0.0,0.03232538101136302
pre_neuropil,ATL_L | SLP_L,2,200-300,250.0,221,14,20.0,20.0,0.06334841628959276,0.03810647185960824,0.10351144937916609
pre_neuropil,ATL_L | SLP_L,8,800-900,850.0,242,4,4.0,4.0,0.01652892561983471,0.00644596454774005,0.04172163605362278
pre_neuropil,ATL_L | SLP_L,10,1000-1100,1050.0,221,4,16.0,16.0,0.01809954751131222,0.007060393321571233,0.045606017164744474
pre_neuropil,ATL_L | SLP_L,18,1800-1900,1850.0,203,0,0.0,0.0,0.0,0.0,0.018572666233484945
pre_neuropil,ATL_R | SLP_R,1,100-200,150.0,398,29,41.0,41.0,0.0728643216080402,0.05120865415640036,0.10268681112146036
pre_neuropil,ATL_R | SLP_R,14,1400-1500,1450.0,187,3,3.0,3.0,0.016042780748663103,0.005470637462600011,0.046098831667820195
pre_neuropil,AVLP_L | MB_ML_L,0,0-100,50.0,218,40,135.0,135.0,0.1834862385321101,0.13773800392440438,0.24019652233216793
pre_neuropil,AVLP_L | MB_ML_L,1,100-200,150.0,141,9,16.0,16.0,0.06382978723404255,0.03394088582358967,0.11685557044311823
pre_neuropil,AVLP_L | MB_ML_L,4,400-500,450.0,133,7,8.0,8.0,0.05263157894736842,0.025725400701750632,0.10465600378343515
pre_neuropil,AVLP_L | MB_ML_L,5,500-600,550.0,133,3,14.0,14.0,0.022556390977443608,0.0077002833384402225,0.06421936682642192
pre_neuropil,AVLP_L | MB_ML_L,12,1200-1300,1250.0,353,3,3.0,3.0,0.0084985835694051,0.0028943591688192234,0.02468538489689509
pre_neuropil,AVLP_R | FB,4,400-500,450.0,115,10,18.0,18.0,0.08695652173913043,0.047917980164869006,0.15269863893147434
pre_neuropil,AVLP_R | FB,7,700-800,750.0,109,7,10.0,10.0,0.06422018348623854,0.03145324596985614,0.12665865602373488
pre_neuropil,AVLP_R | FB,8,800-900,850.0,104,2,2.0,2.0,0.019230769230769232,0.0052896007240565805,0.06742445396355932
pre_neuropil,AVLP_R | FB,9,900-1000,950.0,125,5,7.0,7.0,0.04,0.01720435534409861,0.09022678490873898
pre_neuropil,AVLP_R | MB_ML_L,1,100-200,150.0,49,6,6.0,6.0,0.12244897959183673,0.057347477598098245,0.2424466240188096
pre_neuropil,AVLP_R | MB_ML_L,7,700-800,750.0,52,0,0.0,0.0,0.0,0.0,0.06879459041288215
pre_neuropil,AVLP_R | MB_ML_L,13,1300-1400,1350.0,128,3,5.0,5.0,0.0234375,0.008002271440112167,0.06664488090027204
pre_neuropil,AVLP_R | MB_ML_L,15,1500-1600,1550.0,166,0,0.0,0.0,0.0,0.0,0.022618722386034986
pre_neuropil,AVLP_R | MB_ML_L,18,1800-1900,1850.0,188,0,0.0,0.0,0.0,1.734723475976807e-18,0.020024853837749476
pre_neuropil,AVLP_R | MB_ML_R,3,300-400,350.0,110,15,18.0,18.0,0.13636363636363635,0.0844108182606438,0.2128583698041761
pre_neuropil,AVLP_R | MB_ML_R,10,1000-1100,1050.0,214,1,1.0,1.0,0.004672897196261682,0.000825336666477253,0.025990478127391317
pre_neuropil,AVLP_R | WED_L,8,800-900,850.0,488,40,89.0,89.0,0.08196721311475409,0.060770084332951085,0.10969455306250306
pre_neuropil,EB | GA_L,2,200-300,250.0,77,16,21.0,21.0,0.2077922077922078,0.13214965937388248,0.3112062366004674
pre_neuropil,EB | GA_L,7,700-800,750.0,64,2,2.0,2.0,0.03125,0.00861195771251659,0.10697493882294247
pre_neuropil,EB | GA_L,12,1200-1300,1250.0,53,0,0.0,0.0,0.0,0.0,0.06758430445307662
pre_neuropil,EB | MB_ML_L,0,0-100,50.0,66,15,35.0,35.0,0.22727272727272727,0.14285105087244676,0.34169684035570386
pre_neuropil,EB | MB_ML_L,16,1600-1700,1650.0,399,0,0.0,0.0,0.0,0.0,0.009536254448398576
pre_neuropil,EB | PB,11,1100-1200,1150.0,124,6,9.0,9.0,0.04838709677419355,0.022362105662260094,0.1015537401969907
pre_neuropil,EB | PB,12,1200-1300,1250.0,107,9,11.0,11.0,0.08411214953271028,0.04488143661320618,0.15217093361602183
pre_neuropil,EB | PB,14,1400-1500,1450.0,88,2,2.0,2.0,0.022727272727272728,0.00625479714413793,0.07912699062959425
pre_neuropil,EB | PB,18,1800-1900,1850.0,92,2,2.0,2.0,0.021739130434782608,0.005981915837670909,0.0758364177460756
pre_neuropil,FB | FLA_R,7,700-800,750.0,140,4,5.0,5.0,0.02857142857142857,0.011165596206339352,0.07115829340556709
pre_neuropil,FB | FLA_R,9,900-1000,950.0,149,1,1.0,1.0,0.006711409395973154,0.001185682097755037,0.03703427895996747
pre_neuropil,FB | FLA_R,15,1500-1600,1550.0,190,2,2.0,2.0,0.010526315789473684,0.002891397427700084,0.0375622513246833
pre_neuropil,FB | FLA_R,17,1700-1800,1750.0,196,1,1.0,1.0,0.00510204081632653,0.0009011807600492975,0.028329970311599444
pre_neuropil,FB | IB_L,7,700-800,750.0,206,0,0.0,0.0,0.0,0.0,0.018307142149125814
pre_neuropil,FB | IB_R,13,1300-1400,1350.0,338,4,9.0,9.0,0.011834319526627219,0.004611421739945311,0.030029183733466934
pre_neuropil,FB | IB_R,14,1400-1500,1450.0,303,1,1.0,1.0,0.0033003300330033004,0.0005828120523523866,0.018455023756090795
pre_neuropil,FB | IB_R,16,1600-1700,1650.0,316,1,1.0,1.0,0.0031645569620253164,0.0005588262213099757,0.017705214478836596
pre_neuropil,FB | ICL_L,3,300-400,350.0,279,11,15.0,15.0,0.03942652329749104,0.02215516663011796,0.0692090457063983
pre_neuropil,FB | ICL_L,5,500-600,550.0,250,7,13.0,13.0,0.028,0.013627884857773491,0.056658466945870976
pre_neuropil,FB | ICL_R,7,700-800,750.0,213,1,1.0,1.0,0.004694835680751174,0.0008292137381074073,0.026110266509225207
pre_neuropil,FB | MB_VL_R,0,0-100,50.0,150,35,74.0,74.0,0.23333333333333334,0.17282533850374257,0.3071592690406407
pre_neuropil,FB | NO,11,1100-1200,1150.0,275,0,0.0,0.0,0.0,0.0,0.013776997406412816
pre_neuropil,FB | SAD,1,100-200,150.0,201,17,41.0,41.0,0.0845771144278607,0.05347446225470143,0.13126145076296686
pre_neuropil,FB | SAD,7,700-800,750.0,116,3,3.0,3.0,0.02586206896551724,0.008833727838516187,0.07328800618372651
pre_neuropil,FB | SAD,14,1400-1500,1450.0,134,1,1.0,1.0,0.007462686567164179,0.0013185304171489005,0.04106054817741181
pre_neuropil,FB | SAD,16,1600-1700,1650.0,151,2,4.0,4.0,0.013245033112582781,0.003639736608919388,0.047002984726949
pre_neuropil,FB | SAD,19,1900-2000,1950.0,172,0,0.0,0.0,0.0,0.0,0.021846934968744597
pre_neuropil,GNG | MB_ML_L,2,200-300,250.0,86,10,20.0,20.0,0.11627906976744186,0.06439976494342571,0.200973959478223
pre_neuropil,GNG | MB_ML_L,7,700-800,750.0,112,5,7.0,7.0,0.044642857142857144,0.019216974525702958,0.1002703253734697
pre_neuropil,GNG | MB_ML_L,8,800-900,850.0,119,1,1.0,1.0,0.008403361344537815,0.0014849048183694993,0.04606901828259955
pre_neuropil,GNG | MB_ML_L,9,900-1000,950.0,135,1,1.0,1.0,0.007407407407407408,0.0013087545613434844,0.040765090741505236
pre_neuropil,GNG | MB_ML_L,15,1500-1600,1550.0,264,0,0.0,0.0,0.0,0.0,0.014342805598532862
pre_neuropil,GNG | MB_ML_L,18,1800-1900,1850.0,289,0,0.0,0.0,0.0,0.0,0.013118354769267754
pre_neuropil,GNG | MB_ML_R,1,100-200,150.0,41,4,4.0,4.0,0.0975609756097561,0.0385964597529614,0.22547975519030555
pre_neuropil,GNG | MB_ML_R,6,600-700,650.0,44,1,1.0,1.0,0.022727272727272728,0.004023148385637013,0.11807979131537633
pre_neuropil,GNG | MB_ML_R,7,700-800,750.0,56,2,2.0,2.0,0.03571428571428571,0.009849218502577639,0.12119005852210082
pre_neuropil,GNG | MB_ML_R,13,1300-1400,1350.0,130,2,2.0,2.0,0.015384615384615385,0.0042291172310416104,0.054359542796931754
pre_neuropil,GNG | MB_ML_R,15,1500-1600,1550.0,159,0,0.0,0.0,0.0,0.0,0.023591023423989943
pre_neuropil,GNG | MB_ML_R,17,1700-1800,1750.0,185,1,1.0,1.0,0.005405405405405406,0.0009548003385717804,0.0299790616918283
pre_neuropil,IB_L | MB_ML_L,0,0-100,50.0,119,3,5.0,5.0,0.025210084033613446,0.00861007531151179,0.07150610682874037
pre_neuropil,IB_L | MB_ML_L,3,300-400,350.0,53,1,2.0,2.0,0.018867924528301886,0.003338367386749398,0.09943143501149412
pre_neuropil,IB_L | MB_ML_L,4,400-500,450.0,75,1,2.0,2.0,0.013333333333333334,0.002357490433136912,0.07173537424743781
pre_neuropil,IB_L | MB_ML_L,16,1600-1700,1650.0,161,0,0.0,0.0,0.0,0.0,0.023304796847397745
pre_neuropil,IB_L | PVLP_L,6,600-700,650.0,175,5,13.0,13.0,0.02857142857142857,0.012264270311919512,0.06513159284296167
pre_neuropil,IB_L | PVLP_L,12,1200-1300,1250.0,175,2,3.0,3.0,0.011428571428571429,0.0031396763424969137,0.04070694547256177
pre_neuropil,IB_L | PVLP_L,19,1900-2000,1950.0,168,2,3.0,3.0,0.011904761904761904,0.003270740864736929,0.04236198136317528
pre_neuropil,IB_R | MB_ML_R,16,1600-1700,1650.0,171,0,0.0,0.0,0.0,0.0,0.021971887697207072
pre_neuropil,IB_R | MB_ML_R,19,1900-2000,1950.0,204,0,0.0,0.0,0.0,0.0,0.01848330651804066
pre_neuropil,ICL_L | MB_ML_L,3,300-400,350.0,190,2,2.0,2.0,0.010526315789473684,0.002891397427700084,0.0375622513246833
pre_neuropil,ICL_R | MB_ML_R,4,400-500,450.0,108,1,1.0,1.0,0.009259259259259259,0.0016363187318928635,0.05059469369997506
pre_neuropil,ICL_R | MB_ML_R,11,1100-1200,1150.0,424,0,0.0,0.0,0.0,0.0,0.008979024012625233
pre_neuropil,LAL_L | SLP_R,9,900-1000,950.0,202,5,12.0,12.0,0.024752475247524754,0.010617920326280669,0.05662601870256481
pre_neuropil,LAL_L | SLP_R,10,1000-1100,1050.0,190,6,10.0,10.0,0.031578947368421054,0.014551485760764173,0.06717297379796831
pre_neuropil,LAL_R | SLP_L,6,600-700,650.0,131,9,10.0,10.0,0.06870229007633588,0.03656213057709769,0.12541755521719722
pre_neuropil,LAL_R | SLP_L,17,1700-1800,1750.0,141,2,2.0,2.0,0.014184397163120567,0.003898449814560761,0.05024069253128463
pre_neuropil,LAL_R | SLP_R,18,1800-1900,1850.0,332,1,2.0,2.0,0.0030120481927710845,0.0005318848031911176,0.016862029470680853
pre_neuropil,LA_L | LOP_L,9,900-1000,950.0,176,0,0.0,0.0,0.0,1.734723475976807e-18,0.021361019919751596
pre_neuropil,LA_L | PLP_L,15,1500-1600,1550.0,79,1,2.0,2.0,0.012658227848101266,0.002237936230769212,0.06827736043177712
pre_neuropil,LA_L | PLP_L,19,1900-2000,1950.0,51,0,0.0,0.0,0.0,0.0,0.07004901388726806
pre_neuropil,LA_R | LOP_R,6,600-700,650.0,353,3,3.0,3.0,0.0084985835694051,0.0028943591688192234,0.02468538489689509
pre_neuropil,LA_R | LOP_R,15,1500-1600,1550.0,381,1,1.0,1.0,0.0026246719160104987,0.0004634574653101693,0.014715774717489196
pre_neuropil,LA_R | PLP_R,15,1500-1600,1550.0,244,0,0.0,0.0,0.0,0.0,0.015500222722900431
pre_neuropil,LA_R | PLP_R,17,1700-1800,1750.0,205,1,1.0,1.0,0.004878048780487805,0.0008615928370303404,0.027109845803547014
pre_neuropil,MB_CA_R | MB_VL_R,5,500-600,550.0,135,23,85.0,85.0,0.17037037037037037,0.11629252791371228,0.24268921819120157
pre_neuropil,MB_CA_R | MB_VL_R,16,1600-1700,1650.0,111,4,12.0,12.0,0.036036036036036036,0.014101074357880557,0.08901138663186531
pre_neuropil,MB_ML_L | ME_L,4,400-500,450.0,94,7,10.0,10.0,0.07446808510638298,0.03653811601751902,0.14581376702609433
pre_neuropil,MB_ML_L | ME_L,8,800-900,850.0,110,3,6.0,6.0,0.02727272727272727,0.009317801045153465,0.07713214343911239
pre_neuropil,MB_ML_L | ME_L,9,900-1000,950.0,135,4,9.0,9.0,0.02962962962962963,0.011581269352682073,0.0737072896959028
pre_neuropil,MB_ML_R | MB_PED_L,3,300-400,350.0,121,44,63.0,63.0,0.36363636363636365,0.28334374042402055,0.45232129430799184
pre_neuropil,MB_ML_R | MB_PED_L,16,1600-1700,1650.0,55,0,0.0,0.0,0.0,0.0,0.06528714378942788
pre_neuropil,MB_ML_R | SCL_R,0,0-100,50.0,240,26,129.0,129.0,0.10833333333333334,0.07500808095929623,0.15399960271732005
pre_neuropil,MB_ML_R | SCL_R,5,500-600,550.0,140,2,3.0,3.0,0.014285714285714285,0.003926358459994089,0.05058916417045497
pre_neuropil,MB_ML_R | SCL_R,10,1000-1100,1050.0,277,0,0.0,0.0,0.0,0.0,0.01367888517940362
pre_neuropil,MB_ML_R | SPS_R,3,300-400,350.0,57,8,9.0,9.0,0.14035087719298245,0.07287189227128285,0.25324707895892806
pre_neuropil,MB_ML_R | SPS_R,4,400-500,450.0,67,5,8.0,8.0,0.07462686567164178,0.032295572977927914,0.16309244762013875
pre_neuropil,MB_ML_R | SPS_R,7,700-800,750.0,80,4,4.0,4.0,0.05,0.01961323712729557,0.121624525510822
pre_neuropil,MB_ML_R | SPS_R,13,1300-1400,1350.0,127,1,1.0,1.0,0.007874015748031496,0.001391276231238591,0.04325507477639201
pre_neuropil,MB_ML_R | SPS_R,14,1400-1500,1450.0,159,0,0.0,0.0,0.0,0.0,0.023591023423989943
pre_neuropil,MB_VL_R | SIP_R,12,1200-1300,1250.0,45,0,0.0,0.0,0.0,0.0,0.07865426194064076
pre_neuropil,MB_VL_R | SIP_R,13,1300-1400,1350.0,58,0,0.0,0.0,0.0,0.0,0.062119996895293766
pre_neuropil,MB_VL_R | SIP_R,18,1800-1900,1850.0,85,0,0.0,0.0,0.0,0.0,0.04324100421424198
pre_neuropil,MB_VL_R | SLP_R,1,100-200,150.0,227,55,93.0,93.0,0.2422907488986784,0.1911396135381131,0.30201933181662366
pre_neuropil,MB_VL_R | SLP_R,9,900-1000,950.0,144,6,6.0,6.0,0.041666666666666664,0.01923362439471795,0.0879188955996544
pre_neuropil,ME_R | SIP_R,0,0-100,50.0,229,43,63.0,63.0,0.18777292576419213,0.14249776630824343,0.24335081057836103
pre_neuropil,ME_R | SIP_R,6,600-700,650.0,99,6,7.0,7.0,0.06060606060606061,0.028069414889737465,0.12596941764495667
pre_neuropil,ME_R | SIP_R,8,800-900,850.0,110,4,4.0,4.0,0.03636363636363636,0.014230080586686157,0.08978813419595918
pre_neuropil,ME_R | SIP_R,11,1100-1200,1150.0,95,2,8.0,8.0,0.021052631578947368,0.0057923854515239195,0.07354263138349293
pre_neuropil,PB | PB,1,100-200,150.0,522,269,1025.0,1025.0,0.5153256704980843,0.47249717457305523,0.5579302393097568
pre_neuropil,PB | PB,18,1800-1900,1850.0,25,4,4.0,4.0,0.16,0.06403347608577989,0.34654013980238163
pre_neuropil,PB | SPS_R,0,0-100,50.0,280,31,82.0,82.0,0.11071428571428571,0.0791007287559673,0.15286526918091017
pre_neuropil,PB | SPS_R,5,500-600,550.0,137,3,5.0,5.0,0.021897810218978103,0.0074746229459378005,0.06240245882535704
pre_neuropil,PB | SPS_R,14,1400-1500,1450.0,219,3,4.0,4.0,0.0136986301369863,0.004669426392183703,0.03949467941211854
pre_neuropil,PB | SPS_R,15,1500-1600,1550.0,199,3,3.0,3.0,0.01507537688442211,0.005139909827913115,0.04337873723462238
pre_neuropil,PVLP_R | SMP_L,1,100-200,150.0,198,16,32.0,32.0,0.08080808080808081,0.05034986559353044,0.1272230430635551
pre_neuropil,PVLP_R | SMP_L,5,500-600,550.0,105,5,11.0,11.0,0.047619047619047616,0.020508863227294692,0.10666310043365843
pre_neuropil,PVLP_R | SMP_L,10,1000-1100,1050.0,111,4,4.0,4.0,0.036036036036036036,0.014101074357880557,0.08901138663186531
pre_neuropil,PVLP_R | SMP_L,14,1400-1500,1450.0,113,2,5.0,5.0,0.017699115044247787,0.004867129823876968,0.06224595318765318
pre_neuropil,SIP_L | SIP_L,15,1500-1600,1550.0,138,4,4.0,4.0,0.028985507246376812,0.011328232574981004,0.07215644328879944
pre_neuropil,VES_L | VES_L,9,900-1000,950.0,451,57,139.0,139.0,0.12638580931263857,0.09884115190813944,0.16024157051654644
pre_neuropil,VES_L | VES_L,17,1700-1800,1750.0,295,9,14.0,14.0,0.030508474576271188,0.0161318806146091,0.05695566810685404
pre_neuropil,VES_L | WED_L,3,300-400,350.0,96,24,58.0,58.0,0.25,0.17413849417796745,0.3450999795644406
pre_neuropil,VES_L | WED_L,7,700-800,750.0,77,9,38.0,38.0,0.11688311688311688,0.06272491064586314,0.20745281963161774
pre_neuropil,VES_L | WED_L,11,1100-1200,1150.0,60,5,10.0,10.0,0.08333333333333333,0.03611992405048589,0.18069168468112481
pre_neuropil,VES_L | WED_L,13,1300-1400,1350.0,64,0,0.0,0.0,0.0,0.0,0.056626022971156334
pre_neuropil,VES_L | WED_L,18,1800-1900,1850.0,66,1,3.0,3.0,0.015151515151515152,0.0026795715344567483,0.08096112398225534
pre_neuropil,WED_L | WED_L,1,100-200,150.0,250,116,472.0,472.0,0.464,0.40319218878090557,0.5258974482210673
pre_neuropil,WED_L | WED_L,2,200-300,250.0,124,32,110.0,110.0,0.25806451612903225,0.18913496820248343,0.3415342349364009
pre_neuropil,WED_L | WED_L,3,300-400,350.0,130,51,221.0,221.0,0.3923076923076923,0.3126200051001405,0.4781774749060758
pre_neuropil,WED_L | WED_L,6,600-700,650.0,77,11,33.0,33.0,0.14285714285714285,0.08168247823927464,0.2379747279515974
pre_neuropil,WED_L | WED_L,8,800-900,850.0,85,12,34.0,34.0,0.1411764705882353,0.08264151586335423,0.230743204808043
pre_neuropil,WED_L | WED_L,9,900-1000,950.0,79,5,6.0,6.0,0.06329113924050633,0.027334461814729392,0.13975067415560433
pre_neuropil,WED_L | WED_L,13,1300-1400,1350.0,67,6,11.0,11.0,0.08955223880597014,0.04169038288133413,0.18192963699399334
pre_neuropil,WED_L | WED_L,14,1400-1500,1450.0,57,4,4.0,4.0,0.07017543859649122,0.02762597299465902,0.1670040170121784
pre_neuropil,WED_L | WED_L,18,1800-1900,1850.0,51,3,7.0,7.0,0.058823529411764705,0.020206272864052077,0.15924873938941972
pre_neuropil,AL_L | MB_CA_L,3,300-400,350.0,144,35,65.0,65.0,0.24305555555555555,0.18026844362664393,0.3191958478853526
pre_neuropil,AL_L | MB_CA_R,7,700-800,750.0,72,5,10.0,10.0,0.06944444444444445,0.03002493884382272,0.15248175932710195
pre_neuropil,AL_L | MB_ML_L,4,400-500,450.0,185,10,24.0,24.0,0.05405405405405406,0.02962248683456714,0.09662935597972802
pre_neuropil,AL_L | MB_ML_L,7,700-800,750.0,207,10,10.0,10.0,0.04830917874396135,0.02644895792995486,0.08662929607684455
pre_neuropil,AL_R | MB_CA_R,17,1700-1800,1750.0,98,2,5.0,5.0,0.02040816326530612,0.005614496475772293,0.07138350826885075
pre_neuropil,AMMC_R | AMMC_R,14,1400-1500,1450.0,431,44,101.0,101.0,0.10208816705336426,0.07692981742049515,0.1342772060105657
pre_neuropil,AMMC_R | LAL_R,4,400-500,450.0,94,6,6.0,6.0,0.06382978723404255,0.029579332197396002,0.1323313479223077
pre_neuropil,AMMC_R | LAL_R,9,900-1000,950.0,102,3,7.0,7.0,0.029411764705882353,0.010052266068000588,0.0829319669745838
pre_neuropil,AMMC_R | LAL_R,10,1000-1100,1050.0,100,0,0.0,0.0,0.0,0.0,0.03699480747600191
pre_neuropil,AMMC_R | LAL_R,15,1500-1600,1550.0,79,2,3.0,3.0,0.02531645569620253,0.006970221164761904,0.08768753532473128
pre_neuropil,AOTU_L | AOTU_R,13,1300-1400,1350.0,182,2,8.0,8.0,0.01098901098901099,0.0030187111424065417,0.039176362511716106
pre_neuropil,AOTU_L | LAL_L,10,1000-1100,1050.0,266,10,13.0,13.0,0.03759398496240601,0.020546059644899466,0.067807996957196
pre_neuropil,AOTU_L | LAL_R,5,500-600,550.0,310,37,58.0,58.0,0.11935483870967742,0.08784363331389716,0.16018467141052428
pre_neuropil,AOTU_L | LH_L,6,600-700,650.0,92,5,12.0,12.0,0.05434782608695652,0.023434718368504144,0.12098691065271419
pre_neuropil,AOTU_L | LH_L,12,1200-1300,1250.0,81,2,5.0,5.0,0.024691358024691357,0.0067974449101870366,0.08562891197134277
pre_neuropil,AOTU_L | LH_L,14,1400-1500,1450.0,71,0,0.0,0.0,0.0,0.0,0.05132974174790491
pre_neuropil,AOTU_L | LH_L,16,1600-1700,1650.0,62,1,1.0,1.0,0.016129032258064516,0.0028527936922403963,0.08586923007388922
pre_neuropil,AOTU_L | LH_L,19,1900-2000,1950.0,56,0,0.0,0.0,0.0,0.0,0.06419614448811528
pre_neuropil,AOTU_L | SIP_R,3,300-400,350.0,149,25,38.0,38.0,0.16778523489932887,0.11630770351545355,0.23596288250301267
pre_neuropil,AOTU_L | SIP_R,6,600-700,650.0,100,9,12.0,12.0,0.09,0.04807199516388488,0.16226374696643667
pre_neuropil,AOTU_L | SIP_R,9,900-1000,950.0,85,5,6.0,6.0,0.058823529411764705,0.025384785707111474,0.1304161003642785
pre_neuropil,AOTU_R | LAL_L,7,700-800,750.0,297,25,33.0,33.0,0.08417508417508418,0.05766371722826745,0.12130621246230726
pre_neuropil,AOTU_R | LAL_L,16,1600-1700,1650.0,208,1,1.0,1.0,0.004807692307692308,0.0008491586222405118,0.026726161805852935
pre_neuropil,AOTU_R | LAL_R,3,300-400,350.0,447,62,105.0,105.0,0.13870246085011187,0.10972757932267332,0.1738345409430697
pre_neuropil,AOTU_R | LAL_R,18,1800-1900,1850.0,261,4,6.0,6.0,0.01532567049808429,0.00597547629605668,0.03873653269346762
pre_neuropil,AOTU_R | SIP_L,16,1600-1700,1650.0,70,1,1.0,1.0,0.014285714285714285,0.0025261814032348645,0.07658369703926908
pre_neuropil,ATL_L | SLP_L,12,1200-1300,1250.0,219,1,1.0,1.0,0.0045662100456621,0.0008064827143618118,0.02540765324588977
pre_neuropil,ATL_L | SLP_L,16,1600-1700,1650.0,206,5,6.0,6.0,0.024271844660194174,0.010410876514298843,0.055551258734383976
pre_neuropil,AVLP_L | FB,0,0-100,50.0,148,30,92.0,92.0,0.20270270270270271,0.14583936224517996,0.2746093158509413
pre_neuropil,AVLP_L | FB,6,600-700,650.0,107,2,3.0,3.0,0.018691588785046728,0.005140857096348456,0.06560514440489296
pre_neuropil,AVLP_L | MB_ML_L,2,200-300,250.0,132,6,8.0,8.0,0.045454545454545456,0.020996036056019796,0.09562214276401765
pre_neuropil,AVLP_R | FB,1,100-200,150.0,153,25,37.0,37.0,0.16339869281045752,0.11319476938675144,0.23009170563008086
pre_neuropil,AVLP_R | FB,3,300-400,350.0,90,10,15.0,15.0,0.1111111111111111,0.0614825297021024,0.19257963462587152
pre_neuropil,AVLP_R | MB_ML_R,4,400-500,450.0,101,10,11.0,11.0,0.09900990099009901,0.05467244346105629,0.1727334717481736
pre_neuropil,AVLP_R | MB_ML_R,6,600-700,650.0,146,9,10.0,10.0,0.06164383561643835,0.03276635005485378,0.11299824402315925
pre_neuropil,CRE_R | MB_CA_R,8,800-900,850.0,98,7,19.0,19.0,0.07142857142857142,0.03502800789949942,0.14016169846803606
pre_neuropil,CRE_R | MB_CA_R,16,1600-1700,1650.0,78,0,0.0,0.0,0.0,0.0,0.04693945377411976
pre_neuropil,CRE_R | PVLP_R,3,300-400,350.0,79,2,7.0,7.0,0.02531645569620253,0.006970221164761904,0.08768753532473128
pre_neuropil,CRE_R | PVLP_R,19,1900-2000,1950.0,150,0,0.0,0.0,0.0,0.0,0.02497113914571871
pre_neuropil,EB | GA_L,13,1300-1400,1350.0,62,1,1.0,1.0,0.016129032258064516,0.0028527936922403963,0.08586923007388922
pre_neuropil,EB | MB_ML_R,4,400-500,450.0,32,4,4.0,4.0,0.125,0.04970053844474301,0.2806864978482796
pre_neuropil,EB | MB_ML_R,13,1300-1400,1350.0,280,0,0.0,0.0,0.0,0.0,0.013534309276723356
pre_neuropil,FB | FLA_R,8,800-900,850.0,151,5,6.0,6.0,0.033112582781456956,0.014224835577160273,0.07516716243887676
pre_neuropil,FB | ICL_L,13,1300-1400,1350.0,355,2,2.0,2.0,0.005633802816901409,0.0015463216132914868,0.020306217222785493
pre_neuropil,FB | MB_VL_R,2,200-300,250.0,35,2,4.0,4.0,0.05714285714285714,0.015812829614043955,0.1860738073937003
pre_neuropil,FB | MB_VL_R,9,900-1000,950.0,76,0,0.0,0.0,0.0,0.0,0.04811526823109757
pre_neuropil,FB | MB_VL_R,15,1500-1600,1550.0,183,1,1.0,1.0,0.00546448087431694,0.0009652423746200223,0.030299743581398343
pre_neuropil,FB | SAD,13,1300-1400,1350.0,127,3,3.0,3.0,0.023622047244094488,0.008065533976537018,0.0671521337988494
pre_neuropil,GNG | MB_ML_L,12,1200-1300,1250.0,198,2,2.0,2.0,0.010101010101010102,0.0027743880346107024,0.03607587870921218
pre_neuropil,GNG | MB_ML_L,13,1300-1400,1350.0,241,1,1.0,1.0,0.004149377593360996,0.0007328240816957699,0.02312586659831939
pre_neuropil,GNG | MB_ML_R,12,1200-1300,1250.0,128,0,0.0,0.0,0.0,0.0,0.02913799589810803
pre_neuropil,IB_L | MB_ML_L,9,900-1000,950.0,74,0,0.0,0.0,0.0,0.0,0.049351503566216516
pre_neuropil,IB_L | PVLP_L,15,1500-1600,1550.0,155,2,5.0,5.0,0.012903225806451613,0.003545617390420284,0.045821802731260686
pre_neuropil,IB_R | MB_ML_R,1,100-200,150.0,72,4,10.0,10.0,0.05555555555555555,0.02181386292692504,0.13432208357209396
pre_neuropil,IB_R | MB_ML_R,4,400-500,450.0,61,0,0.0,0.0,0.0,0.0,0.05924591620194442
pre_neuropil,IB_R | MB_ML_R,10,1000-1100,1050.0,109,1,1.0,1.0,0.009174311926605505,0.0016212895577145392,0.050146852687698494
pre_neuropil,IB_R | MB_ML_R,12,1200-1300,1250.0,105,0,0.0,0.0,0.0,0.0,0.035295328256842964
pre_neuropil,LAL_R | SLP_L,10,1000-1100,1050.0,133,0,0.0,0.0,0.0,0.0,0.028073334424619414
pre_neuropil,LAL_R | SLP_L,12,1200-1300,1250.0,119,3,3.0,3.0,0.025210084033613446,0.00861007531151179,0.07150610682874037
pre_neuropil,LA_L | LOP_L,3,300-400,350.0,150,1,1.0,1.0,0.006666666666666667,0.0011777710231334546,0.036793752933975674
pre_neuropil,LA_L | PLP_L,5,500-600,550.0,100,1,1.0,1.0,0.01,0.0017673865655472645,0.0544875247609346
pre_neuropil,LA_L | PLP_L,6,600-700,650.0,77,0,0.0,0.0,0.0,0.0,0.04752008866722084
pre_neuropil,LA_L | PLP_L,9,900-1000,950.0,79,0,0.0,0.0,0.0,0.0,0.04637283683559951
pre_neuropil,LA_L | PLP_L,13,1300-1400,1350.0,63,0,0.0,0.0,0.0,0.0,0.057473190348525466
pre_neuropil,LA_R | PLP_R,14,1400-1500,1450.0,239,2,2.0,2.0,0.008368200836820083,0.0022978221357475535,0.029993185665222296
pre_neuropil,MB_ML_L | ME_L,13,1300-1400,1350.0,119,2,2.0,2.0,0.01680672268907563,0.004621078613443862,0.059213974007166756
pre_neuropil,MB_ML_R | MB_VL_L,5,500-600,550.0,82,8,10.0,10.0,0.0975609756097561,0.05026808709378501,0.18087392330676672
pre_neuropil,MB_ML_R | SPS_R,12,1200-1300,1250.0,121,2,3.0,3.0,0.01652892561983471,0.004544498317862633,0.058267897550181344
pre_neuropil,MB_ML_R | SPS_R,15,1500-1600,1550.0,156,2,2.0,2.0,0.01282051282051282,0.003522843269481466,0.04553572471282101
pre_neuropil,MB_VL_R | SIP_R,14,1400-1500,1450.0,66,1,1.0,1.0,0.015151515151515152,0.0026795715344567483,0.08096112398225534
pre_neuropil,MB_VL_R | SLP_R,14,1400-1500,1450.0,146,4,4.0,4.0,0.0273972602739726,0.010704549974353546,0.06832290301600426
pre_neuropil,ME_R | SIP_R,18,1800-1900,1850.0,95,1,1.0,1.0,0.010526315789473684,0.0018605283639709924,0.05724009323665061
pre_neuropil,ME_R | SIP_R,19,1900-2000,1950.0,82,0,0.0,0.0,0.0,0.0,0.044752194740079396
pre_neuropil,PB | PB,5,500-600,550.0,155,52,110.0,110.0,0.33548387096774196,0.26592684807262523,0.41299857196847223
pre_neuropil,PB | PB,7,700-800,750.0,100,21,37.0,37.0,0.21,0.14165549531645788,0.2998014930196232
pre_neuropil,PB | PB,12,1200-1300,1250.0,62,7,16.0,16.0,0.11290322580645161,0.05577792691334926,0.21519969209955447
pre_neuropil,PB | SPS_L,0,0-100,50.0,230,14,29.0,29.0,0.06086956521739131,0.03660110069194115,0.099566287830888
pre_neuropil,PB | SPS_R,4,400-500,450.0,158,5,6.0,6.0,0.03164556962025317,0.01359113546585565,0.07193446487422996
pre_neuropil,PB | SPS_R,17,1700-1800,1750.0,217,1,2.0,2.0,0.004608294930875576,0.0008139199742202268,0.025637618141786903
pre_neuropil,PVLP_R | SMP_L,17,1700-1800,1750.0,118,0,0.0,0.0,0.0,0.0,0.03152946120208533
pre_neuropil,PVLP_R | SMP_L,19,1900-2000,1950.0,106,0,0.0,0.0,0.0,0.0,0.034973998922084165
pre_neuropil,SIP_L | SIP_L,9,900-1000,950.0,187,13,16.0,16.0,0.06951871657754011,0.041073522648491526,0.11529490016917505
pre_neuropil,SIP_L | SIP_L,17,1700-1800,1750.0,136,4,4.0,4.0,0.029411764705882353,0.011495676995744355,0.07318298800808855
pre_neuropil,VES_L | VES_L,16,1600-1700,1650.0,322,17,32.0,32.0,0.052795031055900624,0.03322037480886364,0.08291458156257572
pre_neuropil,VES_L | WED_L,1,100-200,150.0,190,75,340.0,340.0,0.39473684210526316,0.3279802532873067,0.46566569268094776
pre_neuropil,VES_L | WED_L,2,200-300,250.0,124,33,96.0,96.0,0.2661290322580645,0.19622678501939927,0.35008677801485555
pre_neuropil,WED_L | WED_L,17,1700-1800,1750.0,53,1,1.0,1.0,0.018867924528301886,0.003338367386749398,0.09943143501149412
pre_neuropil,AL_L | MB_CA_L,18,1800-1900,1850.0,120,1,3.0,3.0,0.008333333333333333,0.001472517830674952,0.045697415374322405
pre_neuropil,AL_L | MB_ML_L,3,300-400,350.0,185,4,14.0,14.0,0.021621621621621623,0.008439451064916212,0.05426707122678223
pre_neuropil,AMMC_R | LAL_R,3,300-400,350.0,74,6,32.0,32.0,0.08108108108108109,0.03768933680933338,0.16582138239479394
pre_neuropil,AOTU_L | SIP_R,16,1600-1700,1650.0,79,2,5.0,5.0,0.02531645569620253,0.006970221164761904,0.08768753532473128
pre_neuropil,AOTU_R | SIP_L,12,1200-1300,1250.0,66,3,7.0,7.0,0.045454545454545456,0.015577991894810295,0.1253351601521073
pre_neuropil,AOTU_R | SIP_L,17,1700-1800,1750.0,47,1,1.0,1.0,0.02127659574468085,0.003765671010464995,0.11113236524331144
pre_neuropil,ATL_L | MB_ML_L,14,1400-1500,1450.0,165,0,0.0,0.0,0.0,0.0,0.02275268654170536
pre_neuropil,ATL_R | SLP_R,12,1200-1300,1250.0,197,1,1.0,1.0,0.005076142131979695,0.0008966033639121081,0.02818900439862314
pre_neuropil,AVLP_L | FB,13,1300-1400,1350.0,228,0,0.0,0.0,0.0,0.0,0.016569933954907145
pre_neuropil,AVLP_L | MB_ML_L,9,900-1000,950.0,233,4,5.0,5.0,0.017167381974248927,0.006695688900436383,0.04330228442857339
pre_neuropil,AVLP_R | FB,0,0-100,50.0,309,57,144.0,144.0,0.18446601941747573,0.1451857299445889,0.23149563212490576
pre_neuropil,AVLP_R | FB,2,200-300,250.0,95,9,13.0,13.0,0.09473684210526316,0.050643660254729314,0.17033212322105418
pre_neuropil,AVLP_R | FB,6,600-700,650.0,121,7,19.0,19.0,0.05785123966942149,0.02830239313891006,0.11461150735579681
pre_neuropil,AVLP_R | MB_ML_L,3,300-400,350.0,37,2,4.0,4.0,0.05405405405405406,0.01495066277053994,0.1770496506353991
pre_neuropil,CRE_R | MB_CA_R,13,1300-1400,1350.0,79,2,9.0,9.0,0.02531645569620253,0.006970221164761904,0.08768753532473128
pre_neuropil,CRE_R | PVLP_R,18,1800-1900,1850.0,143,1,1.0,1.0,0.006993006993006993,0.0012354740923871538,0.03854616816702707
pre_neuropil,EB | GA_L,11,1100-1200,1150.0,68,0,0.0,0.0,0.0,0.0,0.05347319658804926
pre_neuropil,FB | FLA_R,5,500-600,550.0,155,3,4.0,4.0,0.01935483870967742,0.006603757117780048,0.05535482300228925
pre_neuropil,FB | FLA_R,6,600-700,650.0,161,4,5.0,5.0,0.024844720496894408,0.009702928100705496,0.06213330741266006
pre_neuropil,FB | FLA_R,14,1400-1500,1450.0,170,2,2.0,2.0,0.011764705882352941,0.003232190436117468,0.04187553981947152
pre_neuropil,FB | ICL_R,13,1300-1400,1350.0,335,0,0.0,0.0,0.0,0.0,0.011337450891508009
pre_neuropil,FB | MB_VL_R,6,600-700,650.0,51,1,3.0,3.0,0.0196078431372549,0.003469603253442241,0.10304807675589372
pre_neuropil,FB | SAD,12,1200-1300,1250.0,126,2,2.0,2.0,0.015873015873015872,0.00436371038878235,0.05602987687446764
pre_neuropil,GNG | MB_ML_R,9,900-1000,950.0,80,0,0.0,0.0,0.0,0.0,0.0458197362645751
pre_neuropil,IB_L | PVLP_L,5,500-600,550.0,196,8,8.0,8.0,0.04081632653061224,0.020824715428567828,0.07846191958636398
pre_neuropil,IB_L | PVLP_L,13,1300-1400,1350.0,188,0,0.0,0.0,0.0,1.734723475976807e-18,0.020024853837749476
pre_neuropil,IB_R | MB_ML_R,17,1700-1800,1750.0,204,0,0.0,0.0,0.0,0.0,0.01848330651804066
pre_neuropil,ICL_R | MB_ML_R,2,200-300,250.0,78,2,3.0,3.0,0.02564102564102564,0.007059945446585378,0.08875440813398978
pre_neuropil,LAL_L | SLP_R,18,1800-1900,1850.0,180,1,1.0,1.0,0.005555555555555556,0.0009813408130013804,0.030793839559667267
pre_neuropil,LAL_R | SLP_L,3,300-400,350.0,123,8,11.0,11.0,0.06504065040650407,0.033322237047724246,0.12310593793587735
pre_neuropil,LA_L | PLP_L,1,100-200,150.0,157,10,18.0,18.0,0.06369426751592357,0.03496168317163623,0.11326862540524937
pre_neuropil,LA_L | PLP_L,7,700-800,750.0,98,0,0.0,0.0,0.0,0.0,0.037721324095458045
pre_neuropil,LA_L | PLP_L,11,1100-1200,1150.0,92,1,1.0,1.0,0.010869565217391304,0.0019212795763616508,0.05902928886156091
pre_neuropil,MB_CA_R | MB_VL_R,18,1800-1900,1850.0,104,5,40.0,40.0,0.04807692307692308,0.020707736946876366,0.10764347445948261
pre_neuropil,MB_CA_R | MB_VL_R,19,1900-2000,1950.0,92,1,1.0,1.0,0.010869565217391304,0.0019212795763616508,0.05902928886156091
pre_neuropil,MB_ML_R | MB_PED_L,11,1100-1200,1150.0,63,0,0.0,0.0,0.0,0.0,0.057473190348525466
pre_neuropil,MB_ML_R | MB_VL_L,3,300-400,350.0,85,28,37.0,37.0,0.32941176470588235,0.23877626262769047,0.43480007998658043
pre_neuropil,MB_ML_R | SCL_R,3,300-400,350.0,116,6,6.0,6.0,0.05172413793103448,0.02391832740361237,0.10826949385378072
pre_neuropil,MB_ML_R | SPS_R,8,800-900,850.0,73,3,3.0,3.0,0.0410958904109589,0.01407368523428873,0.1140027733506444
pre_neuropil,MB_ML_R | SPS_R,10,1000-1100,1050.0,92,2,2.0,2.0,0.021739130434782608,0.005981915837670909,0.0758364177460756
pre_neuropil,MB_ML_R | SPS_R,16,1600-1700,1650.0,153,1,1.0,1.0,0.006535947712418301,0.0011546587784428824,0.036090561877301516
pre_neuropil,MB_VL_R | SLP_R,10,1000-1100,1050.0,145,4,5.0,5.0,0.027586206896551724,0.010778728538865683,0.06877967448824501
pre_neuropil,PB | PB,9,900-1000,950.0,73,20,45.0,45.0,0.273972602739726,0.18491307031474408,0.3856320510778349
pre_neuropil,VES_L | WED_L,16,1600-1700,1650.0,61,1,1.0,1.0,0.01639344262295082,0.002899656114363977,0.08719065627768062
pre_neuropil,WED_L | WED_L,4,400-500,450.0,96,37,88.0,88.0,0.3854166666666667,0.29425614956558316,0.485394817566354
pre_neuropil,AL_L | MB_CA_L,17,1700-1800,1750.0,110,0,0.0,0.0,0.0,0.0,0.03374513358912735
pre_neuropil,AL_L | MB_CA_R,1,100-200,150.0,106,49,125.0,125.0,0.46226415094339623,0.37033458798877916,0.5568332609864725
pre_neuropil,AL_L | MB_CA_R,9,900-1000,950.0,81,2,2.0,2.0,0.024691358024691357,0.0067974449101870366,0.08562891197134277
pre_neuropil,AL_L | MB_CA_R,13,1300-1400,1350.0,110,2,3.0,3.0,0.01818181818181818,0.005000250085743785,0.06388142410014258
pre_neuropil,AL_R | MB_CA_R,4,400-500,450.0,114,26,53.0,53.0,0.22807017543859648,0.16065986333040766,0.3132101452234477
pre_neuropil,AL_R | MB_CA_R,9,900-1000,950.0,102,13,25.0,25.0,0.12745098039215685,0.07601761416527755,0.20592823699343513
pre_neuropil,AMMC_R | LAL_R,11,1100-1200,1150.0,94,1,2.0,2.0,0.010638297872340425,0.001880347339052478,0.057824318161102874
pre_neuropil,AMMC_R | LAL_R,13,1300-1400,1350.0,68,0,0.0,0.0,0.0,0.0,0.05347319658804926
pre_neuropil,AOTU_L | AOTU_R,18,1800-1900,1850.0,186,2,5.0,5.0,0.010752688172043012,0.0029536830046733957,0.038352332115300314
pre_neuropil,AOTU_L | LH_L,1,100-200,150.0,225,10,15.0,15.0,0.044444444444444446,0.02431747739848865,0.07986637728527514
pre_neuropil,AOTU_L | LH_L,11,1100-1200,1150.0,72,0,0.0,0.0,0.0,0.0,0.05065293981139638
pre_neuropil,AOTU_L | SIP_R,12,1200-1300,1250.0,71,2,2.0,2.0,0.028169014084507043,0.007759100870383069,0.09701685261003423
pre_neuropil,ATL_L | MB_ML_L,11,1100-1200,1150.0,119,0,0.0,0.0,0.0,0.0,0.0312727935813275
pre_neuropil,ATL_L | SLP_L,11,1100-1200,1150.0,195,0,0.0,0.0,0.0,0.0,0.019319900865814796
pre_neuropil,CRE_R | MB_CA_R,3,300-400,350.0,125,23,42.0,42.0,0.184,0.12585324884366855,0.260990751851759
pre_neuropil,CRE_R | MB_CA_R,12,1200-1300,1250.0,73,0,0.0,0.0,0.0,0.0,0.04999375338358388
pre_neuropil,CRE_R | MB_CA_R,14,1400-1500,1450.0,73,0,0.0,0.0,0.0,0.0,0.04999375338358388
pre_neuropil,CRE_R | MB_CA_R,18,1800-1900,1850.0,56,0,0.0,0.0,0.0,0.0,0.06419614448811528
pre_neuropil,CRE_R | MB_CA_R,19,1900-2000,1950.0,59,0,0.0,0.0,0.0,0.0,0.06113147978409207
pre_neuropil,EB | GA_L,14,1400-1500,1450.0,76,0,0.0,0.0,0.0,0.0,0.04811526823109757
pre_neuropil,EB | MB_ML_L,5,500-600,550.0,27,0,0.0,0.0,0.0,0.0,0.12455903714463581
pre_neuropil,EB | MB_ML_L,7,700-800,750.0,48,1,1.0,1.0,0.020833333333333332,0.003687015979399688,0.10899469137531158
pre_neuropil,EB | MB_ML_R,0,0-100,50.0,87,26,55.0,55.0,0.2988505747126437,0.21283952894872077,0.4018744346978906
pre_neuropil,FB | FLA_R,11,1100-1200,1150.0,159,1,2.0,2.0,0.006289308176100629,0.0011110528093918985,0.034761844533793135
pre_neuropil,FB | MB_VL_R,3,300-400,350.0,34,1,1.0,1.0,0.029411764705882353,0.005210771925596644,0.14915902216344817
pre_neuropil,FB | MB_VL_R,10,1000-1100,1050.0,89,1,1.0,1.0,0.011235955056179775,0.0019861320934023673,0.06093393821990546
pre_neuropil,GNG | MB_ML_R,2,200-300,250.0,34,1,1.0,1.0,0.029411764705882353,0.005210771925596644,0.14915902216344817
pre_neuropil,GNG | None,11,1100-1200,1150.0,11,0,0.0,0.0,0.0,2.7755575615628914e-17,0.2588400172488141
pre_neuropil,IB_R | MB_ML_R,3,300-400,350.0,59,0,0.0,0.0,0.0,0.0,0.06113147978409207
pre_neuropil,LA_L | LOP_L,16,1600-1700,1650.0,179,0,0.0,0.0,0.0,0.0,0.02101053589555112
pre_neuropil,LA_L | PLP_L,3,300-400,350.0,103,4,5.0,5.0,0.038834951456310676,0.015203743545083998,0.09562948995198081
pre_neuropil,LA_L | PLP_L,10,1000-1100,1050.0,78,2,2.0,2.0,0.02564102564102564,0.007059945446585378,0.08875440813398978
pre_neuropil,MB_CA_R | MB_VL_R,14,1400-1500,1450.0,119,6,49.0,49.0,0.05042016806722689,0.023310004458561698,0.10564956624061513
pre_neuropil,MB_ML_L | ME_L,3,300-400,350.0,87,8,17.0,17.0,0.09195402298850575,0.04733232597752604,0.1710874288484568
pre_neuropil,MB_ML_R | MB_VL_L,6,600-700,650.0,71,7,8.0,8.0,0.09859154929577464,0.048582206325328975,0.18980927648636933
pre_neuropil,MB_ML_R | MB_VL_L,12,1200-1300,1250.0,41,2,2.0,2.0,0.04878048780487805,0.013480662282573552,0.16139266962351367
pre_neuropil,MB_ML_R | MB_VL_L,14,1400-1500,1450.0,46,2,2.0,2.0,0.043478260869565216,0.012005193588830829,0.1453252291905342
pre_neuropil,MB_ML_R | MB_VL_L,19,1900-2000,1950.0,26,0,0.0,0.0,0.0,0.0,0.12873304380462175
pre_neuropil,MB_ML_R | SCL_R,1,100-200,150.0,157,8,17.0,17.0,0.050955414012738856,0.026042771818301898,0.09731834868783584
pre_neuropil,MB_VL_R | SIP_R,4,400-500,450.0,44,6,8.0,8.0,0.13636363636363635,0.0640286740786005,0.2670973752174096
pre_neuropil,MB_VL_R | SIP_R,8,800-900,850.0,39,1,1.0,1.0,0.02564102564102564,0.00454058606523737,0.13181286478627147
pre_neuropil,MB_VL_R | SLP_R,18,1800-1900,1850.0,166,1,1.0,1.0,0.006024096385542169,0.0010641662329914856,0.03333023419658525
pre_neuropil,ME_R | SIP_R,10,1000-1100,1050.0,90,2,2.0,2.0,0.022222222222222223,0.006115313794863603,0.07744677380807581
pre_neuropil,ME_R | SIP_R,14,1400-1500,1450.0,109,0,0.0,0.0,0.0,0.0,0.03404418228738337
pre_neuropil,PVLP_R | SMP_L,13,1300-1400,1350.0,105,1,1.0,1.0,0.009523809523809525,0.0016831259050527937,0.051987529432612214
pre_neuropil,SIP_L | SIP_L,14,1400-1500,1450.0,164,10,15.0,15.0,0.06097560975609756,0.033454199348097076,0.1085940175421137
pre_neuropil,VES_L | WED_L,5,500-600,550.0,64,10,20.0,20.0,0.15625,0.08714748876961673,0.26428290202305327
pre_neuropil,WED_L | WED_L,5,500-600,550.0,90,22,41.0,41.0,0.24444444444444444,0.16732663395366268,0.3424856454618631
pre_neuropil,AL_L | MB_CA_L,8,800-900,850.0,123,6,9.0,9.0,0.04878048780487805,0.022545466884545534,0.10234731277134022
pre_neuropil,AOTU_L | SIP_R,8,800-900,850.0,90,1,1.0,1.0,0.011111111111111112,0.00196403353551235,0.06028554447679775
pre_neuropil,AOTU_R | LAL_L,17,1700-1800,1750.0,218,2,2.0,2.0,0.009174311926605505,0.0025194905654443538,0.03282825304981987
pre_neuropil,AOTU_R | SIP_L,15,1500-1600,1550.0,47,1,2.0,2.0,0.02127659574468085,0.003765671010464995,0.11113236524331144
pre_neuropil,AOTU_R | SIP_L,19,1900-2000,1950.0,46,0,0.0,0.0,0.0,0.0,0.07707617732978073
pre_neuropil,AVLP_L | FB,5,500-600,550.0,70,4,10.0,10.0,0.05714285714285714,0.02244341584741017,0.1379214733207552
pre_neuropil,AVLP_L | FB,11,1100-1200,1150.0,150,0,0.0,0.0,0.0,0.0,0.02497113914571871
pre_neuropil,AVLP_R | FB,5,500-600,550.0,103,1,1.0,1.0,0.009708737864077669,0.0017158473082714565,0.05295948514650271
pre_neuropil,CRE_R | MB_CA_R,6,600-700,650.0,115,18,59.0,59.0,0.1565217391304348,0.10136047320528253,0.23388913635904512
pre_neuropil,CRE_R | PVLP_R,2,200-300,250.0,89,2,2.0,2.0,0.02247191011235955,0.006184269063094168,0.07827786859933303
pre_neuropil,CRE_R | PVLP_R,10,1000-1100,1050.0,100,3,4.0,4.0,0.03,0.010254338223414816,0.08452078080402699
pre_neuropil,CRE_R | PVLP_R,13,1300-1400,1350.0,108,0,0.0,0.0,0.0,0.0,0.03434857870416732
pre_neuropil,EB | PB,15,1500-1600,1550.0,109,2,3.0,3.0,0.01834862385321101,0.0050462566124631555,0.06444584559097954
pre_neuropil,FB | MB_VL_R,5,500-600,550.0,46,2,2.0,2.0,0.043478260869565216,0.012005193588830829,0.1453252291905342
pre_neuropil,GNG | MB_ML_R,3,300-400,350.0,47,1,1.0,1.0,0.02127659574468085,0.003765671010464995,0.11113236524331144
pre_neuropil,GNG | MB_ML_R,10,1000-1100,1050.0,78,0,0.0,0.0,0.0,0.0,0.04693945377411976
pre_neuropil,IB_L | MB_ML_L,1,100-200,150.0,92,1,1.0,1.0,0.010869565217391304,0.0019212795763616508,0.05902928886156091
pre_neuropil,IB_L | MB_ML_L,7,700-800,750.0,93,0,0.0,0.0,0.0,0.0,0.0396689026203615
pre_neuropil,IB_L | MB_ML_L,8,800-900,850.0,93,0,0.0,0.0,0.0,0.0,0.0396689026203615
pre_neuropil,IB_L | PVLP_L,7,700-800,750.0,175,1,1.0,1.0,0.005714285714285714,0.0010093989597420756,0.031654142408709104
pre_neuropil,IB_R | MB_ML_R,7,700-800,750.0,81,0,0.0,0.0,0.0,0.0,0.04527967412212876
pre_neuropil,LAL_L | SLP_R,14,1400-1500,1450.0,217,1,1.0,1.0,0.004608294930875576,0.0008139199742202268,0.025637618141786903
pre_neuropil,LA_L | PLP_L,4,400-500,450.0,87,7,7.0,7.0,0.08045977011494253,0.03951976844435234,0.1568836414471511
pre_neuropil,MB_ML_L | ME_L,16,1600-1700,1650.0,128,0,0.0,0.0,0.0,0.0,0.02913799589810803
pre_neuropil,MB_ML_R | MB_PED_L,18,1800-1900,1850.0,44,1,1.0,1.0,0.022727272727272728,0.004023148385637013,0.11807979131537633
pre_neuropil,MB_VL_R | SIP_R,6,600-700,650.0,53,2,3.0,3.0,0.03773584905660377,0.010410068833819265,0.12754523150959116
pre_neuropil,ME_R | SIP_R,13,1300-1400,1350.0,94,2,3.0,3.0,0.02127659574468085,0.005854213528540098,0.07429165489552492
pre_neuropil,PB | PB,17,1700-1800,1750.0,33,0,0.0,0.0,0.0,0.0,0.10427343003561192
pre_neuropil,WED_L | WED_L,11,1100-1200,1150.0,68,3,6.0,6.0,0.04411764705882353,0.0151163456535321,0.12187392182380694
pre_neuropil,AL_L | MB_CA_L,5,500-600,550.0,117,18,49.0,49.0,0.15384615384615385,0.09958576028690376,0.23011526982193298
pre_neuropil,AL_L | MB_CA_R,5,500-600,550.0,75,14,38.0,38.0,0.18666666666666668,0.11458005622312066,0.2892879525438247
pre_neuropil,AMMC_R | LAL_R,17,1700-1800,1750.0,72,0,0.0,0.0,0.0,0.0,0.05065293981139638
pre_neuropil,AOTU_L | SIP_R,13,1300-1400,1350.0,65,0,0.0,0.0,0.0,0.0,0.055803467670710726
pre_neuropil,AVLP_L | FB,1,100-200,150.0,117,13,29.0,29.0,0.1111111111111111,0.06609257325647655,0.1808554976065375
pre_neuropil,AVLP_R | MB_ML_L,6,600-700,650.0,40,1,4.0,4.0,0.025,0.0044267174077949195,0.1288165948800778
pre_neuropil,EB | GA_L,10,1000-1100,1050.0,59,0,0.0,0.0,0.0,0.0,0.06113147978409207
pre_neuropil,FB | SAD,9,900-1000,950.0,136,0,0.0,0.0,0.0,0.0,0.02747108156657246
pre_neuropil,GNG | MB_ML_L,1,100-200,150.0,87,7,17.0,17.0,0.08045977011494253,0.03951976844435234,0.1568836414471511
pre_neuropil,GNG | None,14,1400-1500,1450.0,7,1,1.0,1.0,0.14285714285714285,0.02567895594897479,0.51313450331903
pre_neuropil,IB_R | MB_ML_R,9,900-1000,950.0,91,0,0.0,0.0,0.0,0.0,0.04050543221539915
pre_neuropil,LA_L | PLP_L,2,200-300,250.0,140,4,5.0,5.0,0.02857142857142857,0.011165596206339352,0.07115829340556709
pre_neuropil,MB_ML_R | MB_PED_L,5,500-600,550.0,78,20,29.0,29.0,0.2564102564102564,0.1725530857155662,0.36313536612310743
pre_neuropil,MB_ML_R | MB_PED_L,10,1000-1100,1050.0,73,1,1.0,1.0,0.0136986301369863,0.0024221890927605197,0.0735991326912731
pre_neuropil,MB_ML_R | SPS_R,18,1800-1900,1850.0,195,0,0.0,0.0,0.0,0.0,0.019319900865814796
pre_neuropil,MB_VL_R | SIP_R,11,1100-1200,1150.0,66,2,2.0,2.0,0.030303030303030304,0.008349735075946503,0.10392718870586834
pre_neuropil,MB_VL_R | SLP_R,7,700-800,750.0,136,11,12.0,12.0,0.08088235294117647,0.045761490774321255,0.13903044524471742
pre_neuropil,ME_R | SIP_R,7,700-800,750.0,103,2,2.0,2.0,0.019417475728155338,0.005341113332198465,0.06805351947000593
pre_neuropil,PB | PB,16,1600-1700,1650.0,31,4,6.0,6.0,0.12903225806451613,0.05134201164644764,0.28852756954385356
pre_neuropil,VES_L | WED_L,9,900-1000,950.0,67,7,19.0,19.0,0.1044776119402985,0.05153704291423214,0.20031497623835617
pre_neuropil,VES_L | WED_L,19,1900-2000,1950.0,62,3,5.0,5.0,0.04838709677419355,0.016591385000846108,0.13288250384754152
pre_neuropil,WED_L | WED_L,10,1000-1100,1050.0,81,4,4.0,4.0,0.04938271604938271,0.01936899210168111,0.12020404753924974
pre_neuropil,AOTU_L | LH_L,9,900-1000,950.0,90,2,5.0,5.0,0.022222222222222223,0.006115313794863603,0.07744677380807581
pre_neuropil,AOTU_R | SIP_L,8,800-900,850.0,62,3,3.0,3.0,0.04838709677419355,0.016591385000846108,0.13288250384754152
pre_neuropil,AVLP_L | FB,7,700-800,750.0,95,0,0.0,0.0,0.0,0.0,0.038866226366226365
pre_neuropil,CRE_R | MB_CA_R,5,500-600,550.0,90,19,56.0,56.0,0.2111111111111111,0.1395248384759475,0.3063499121676903
pre_neuropil,EB | GA_L,4,400-500,450.0,72,10,15.0,15.0,0.1388888888888889,0.077226478114719,0.23713397841573391
pre_neuropil,EB | MB_ML_R,3,300-400,350.0,26,0,0.0,0.0,0.0,0.0,0.12873304380462175
pre_neuropil,EB | MB_ML_R,7,700-800,750.0,61,1,1.0,1.0,0.01639344262295082,0.002899656114363977,0.08719065627768062
pre_neuropil,EB | PB,17,1700-1800,1750.0,92,3,3.0,3.0,0.03260869565217391,0.011150975342623229,0.09153512338694722
pre_neuropil,GNG | MB_ML_L,6,600-700,650.0,84,1,3.0,3.0,0.011904761904761904,0.002104528901587875,0.06439699201788535
pre_neuropil,MB_ML_L | ME_L,1,100-200,150.0,108,10,12.0,12.0,0.09259259259259259,0.051072779285118,0.16210013669605533
pre_neuropil,MB_ML_R | MB_PED_L,15,1500-1600,1550.0,64,1,1.0,1.0,0.015625,0.0027634707504014047,0.08334298900290629
pre_neuropil,SIP_L | SIP_L,11,1100-1200,1150.0,162,5,7.0,7.0,0.030864197530864196,0.013253742630974952,0.0702090314860138
pre_neuropil,WED_L | WED_L,19,1900-2000,1950.0,46,3,15.0,15.0,0.06521739130434782,0.022427454466343574,0.17503009103781358
pre_neuropil,AL_L | MB_CA_R,8,800-900,850.0,84,3,3.0,3.0,0.03571428571428571,0.012219447773066126,0.09981858432106694
pre_neuropil,AL_L | MB_ML_L,2,200-300,250.0,176,8,8.0,8.0,0.045454545454545456,0.023209498401566178,0.08711870152548072
pre_neuropil,AMMC_R | LAL_R,18,1800-1900,1850.0,69,0,0.0,0.0,0.0,0.0,0.05273909414400562
pre_neuropil,AOTU_L | SIP_R,14,1400-1500,1450.0,74,1,2.0,2.0,0.013513513513513514,0.0023894018749393217,0.07265530429759565
pre_neuropil,ATL_L | MB_ML_L,7,700-800,750.0,82,0,0.0,0.0,0.0,0.0,0.044752194740079396
pre_neuropil,AVLP_L | FB,4,400-500,450.0,94,0,0.0,0.0,0.0,3.469446951953614e-18,0.03926346257624569
pre_neuropil,EB | MB_ML_R,2,200-300,250.0,20,1,1.0,1.0,0.05,0.008881219432873136,0.23613589351256675
pre_neuropil,EB | MB_ML_R,6,600-700,650.0,51,0,0.0,0.0,0.0,0.0,0.07004901388726806
pre_neuropil,FB | MB_VL_R,7,700-800,750.0,63,1,1.0,1.0,0.015873015873015872,0.0028074219075510873,0.0845872544616561
pre_neuropil,IB_L | MB_ML_L,10,1000-1100,1050.0,97,0,0.0,0.0,0.0,0.0,0.03809538920445529
pre_neuropil,LAL_R | SLP_L,2,200-300,250.0,151,5,8.0,8.0,0.033112582781456956,0.014224835577160273,0.07516716243887676
pre_neuropil,MB_VL_R | SIP_R,2,200-300,250.0,70,24,38.0,38.0,0.34285714285714286,0.2424582708289697,0.45960668984360514
pre_neuropil,PB | PB,11,1100-1200,1150.0,54,3,3.0,3.0,0.05555555555555555,0.019072922503838907,0.15107451463482943
pre_neuropil,VES_L | WED_L,4,400-500,450.0,79,17,23.0,23.0,0.21518987341772153,0.13892090811951754,0.3178737457741784
pre_neuropil,WED_L | WED_L,12,1200-1300,1250.0,60,5,12.0,12.0,0.08333333333333333,0.03611992405048589,0.18069168468112481
pre_neuropil,AL_L | MB_CA_L,13,1300-1400,1350.0,112,4,13.0,13.0,0.03571428571428571,0.013974386294255417,0.08824795870097944
pre_neuropil,GNG | MB_ML_R,5,500-600,550.0,49,3,3.0,3.0,0.061224489795918366,0.021039764955529186,0.16520743422087725
pre_neuropil,GNG | None,7,700-800,750.0,10,0,0.0,0.0,0.0,0.0,0.2775401687666165
pre_neuropil,IB_L | MB_ML_L,2,200-300,250.0,59,2,4.0,4.0,0.03389830508474576,0.009345713033501513,0.11543786981607584
pre_neuropil,IB_L | MB_ML_L,13,1300-1400,1350.0,128,0,0.0,0.0,0.0,0.0,0.02913799589810803
pre_neuropil,MB_ML_R | MB_VL_L,10,1000-1100,1050.0,59,3,3.0,3.0,0.05084745762711865,0.017442401159453308,0.1391672332228667
pre_neuropil,MB_VL_R | SIP_R,5,500-600,550.0,56,6,9.0,9.0,0.10714285714285714,0.050038674581190865,0.21468686751661398
pre_neuropil,MB_VL_R | SIP_R,10,1000-1100,1050.0,40,1,1.0,1.0,0.025,0.0044267174077949195,0.1288165948800778
pre_neuropil,CRE_R | MB_CA_R,4,400-500,450.0,101,15,39.0,39.0,0.1485148514851485,0.092115201386504,0.23067269959936418
pre_neuropil,EB | GA_L,5,500-600,550.0,53,6,12.0,12.0,0.11320754716981132,0.052929589110686695,0.22576770301339144
pre_neuropil,EB | GA_L,17,1700-1800,1750.0,55,0,0.0,0.0,0.0,0.0,0.06528714378942788
pre_neuropil,EB | MB_ML_R,1,100-200,150.0,36,5,8.0,8.0,0.1388888888888889,0.060817253631150966,0.2865985128039319
pre_neuropil,GNG | MB_ML_R,8,800-900,850.0,64,1,1.0,1.0,0.015625,0.0027634707504014047,0.08334298900290629
pre_neuropil,LA_L | LOP_L,5,500-600,550.0,171,2,2.0,2.0,0.011695906432748537,0.00321325400608612,0.041636484271303245
pre_neuropil,MB_ML_R | SPS_R,5,500-600,550.0,62,4,5.0,5.0,0.06451612903225806,0.025372494807644003,0.15447732658187266
pre_neuropil,PB | PB,13,1300-1400,1350.0,44,5,6.0,6.0,0.11363636363636363,0.04952707589567494,0.23979435148133582
pre_neuropil,WED_L | WED_L,7,700-800,750.0,77,11,19.0,19.0,0.14285714285714285,0.08168247823927464,0.2379747279515974
pre_neuropil,EB | GA_L,3,300-400,350.0,56,8,9.0,9.0,0.14285714285714285,0.0742070004258528,0.25736167420851525
pre_neuropil,EB | MB_ML_L,2,200-300,250.0,23,1,1.0,1.0,0.043478260869565216,0.007716466962126758,0.2099158649405914
pre_neuropil,EB | MB_ML_L,6,600-700,650.0,30,1,1.0,1.0,0.03333333333333333,0.0059084379948573795,0.16670751396958874
pre_neuropil,GNG | None,13,1300-1400,1350.0,6,1,3.0,3.0,0.16666666666666666,0.03005258587173032,0.563509436563646
pre_neuropil,IB_R | MB_ML_R,5,500-600,550.0,61,1,1.0,1.0,0.01639344262295082,0.002899656114363977,0.08719065627768062
pre_neuropil,MB_ML_R | MB_PED_L,17,1700-1800,1750.0,43,0,0.0,0.0,0.0,0.0,0.08201257002322722
pre_neuropil,AOTU_R | SIP_L,10,1000-1100,1050.0,79,1,2.0,2.0,0.012658227848101266,0.002237936230769212,0.06827736043177712
pre_neuropil,FB | SAD,15,1500-1600,1550.0,118,0,0.0,0.0,0.0,0.0,0.03152946120208533
pre_neuropil,PVLP_R | SMP_L,6,600-700,650.0,119,2,5.0,5.0,0.01680672268907563,0.004621078613443862,0.059213974007166756
pre_neuropil,EB | GA_L,1,100-200,150.0,109,41,67.0,67.0,0.3761467889908257,0.29088366624359363,0.469842874323006
pre_neuropil,GNG | None,1,100-200,150.0,12,1,1.0,1.0,0.08333333333333333,0.014864709450773478,0.35388592179859524
pre_neuropil,GNG | None,8,800-900,850.0,14,0,0.0,0.0,0.0,0.0,0.21531701192718142
pre_neuropil,MB_ML_R | MB_VL_L,15,1500-1600,1550.0,37,2,3.0,3.0,0.05405405405405406,0.01495066277053994,0.1770496506353991
pre_neuropil,PB | PB,14,1400-1500,1450.0,40,6,8.0,8.0,0.15,0.07061091708507435,0.2907262603902003
pre_neuropil,AVLP_R | MB_ML_L,12,1200-1300,1250.0,118,0,0.0,0.0,0.0,0.0,0.03152946120208533
pre_neuropil,CRE_R | MB_CA_R,9,900-1000,950.0,85,4,7.0,7.0,0.047058823529411764,0.018449962264952782,0.1148389474350076
pre_neuropil,GNG | MB_ML_R,4,400-500,450.0,45,0,0.0,0.0,0.0,0.0,0.07865426194064076
pre_neuropil,EB | PB,19,1900-2000,1950.0,68,1,1.0,1.0,0.014705882352941176,0.0026006166023507804,0.07871160361546173
pre_neuropil,AOTU_R | SIP_L,9,900-1000,950.0,67,4,7.0,7.0,0.05970149253731343,0.023458971433043548,0.1436970498877623
pre_neuropil,GNG | None,18,1800-1900,1850.0,7,0,0.0,0.0,0.0,0.0,0.35433884297520657
pre_neuropil,GNG | None,19,1900-2000,1950.0,5,0,0.0,0.0,0.0,0.0,0.43449149475208104
pre_neuropil,MB_ML_R | MB_PED_L,9,900-1000,950.0,66,2,2.0,2.0,0.030303030303030304,0.008349735075946503,0.10392718870586834
pre_neuropil,CRE_R | MB_CA_R,15,1500-1600,1550.0,58,1,2.0,2.0,0.017241379310344827,0.003049959884541757,0.09141072677298326
pre_neuropil,EB | MB_ML_L,1,100-200,150.0,23,3,5.0,5.0,0.13043478260869565,0.04537576514344702,0.32127897973018194
pre_neuropil,VES_L | WED_L,15,1500-1600,1550.0,62,4,5.0,5.0,0.06451612903225806,0.025372494807644003,0.15447732658187266
pre_neuropil,GNG | None,2,200-300,250.0,9,1,1.0,1.0,0.1111111111111111,0.019890371327130535,0.4350062147680601
pre_neuropil,EB | MB_ML_R,5,500-600,550.0,38,0,0.0,0.0,0.0,0.0,0.09181293258383999
pre_neuropil,AVLP_R | MB_ML_L,2,200-300,250.0,44,5,8.0,8.0,0.11363636363636363,0.04952707589567494,0.23979435148133582
pre_neuropil,EB | MB_ML_L,3,300-400,350.0,12,0,0.0,0.0,0.0,0.0,0.2425007574992425
pre_neuropil,GNG | None,15,1500-1600,1550.0,6,0,0.0,0.0,0.0,0.0,0.3903430336530645
pre_neuropil,GNG | None,0,0-100,50.0,27,0,0.0,0.0,0.0,0.0,0.12455903714463581
pre_neuropil,GNG | None,16,1600-1700,1650.0,9,0,0.0,0.0,0.0,0.0,0.2991527535509594
pre_neuropil,EB | MB_ML_L,4,400-500,450.0,26,1,3.0,3.0,0.038461538461538464,0.0068218089769898765,0.18893176991958405
pre_neuropil,GNG | None,17,1700-1800,1750.0,4,0,0.0,0.0,0.0,0.0,0.48990002040399916
pre_neuropil,PB | PB,19,1900-2000,1950.0,27,3,5.0,5.0,0.1111111111111111,0.03851964789498727,0.2805818254397294
pre_neuropil,GNG | None,9,900-1000,950.0,14,0,0.0,0.0,0.0,0.0,0.21531701192718142
pre_neuropil,GNG | None,4,400-500,450.0,8,0,0.0,0.0,0.0,0.0,0.3244156195108769
pre_neuropil,GNG | None,12,1200-1300,1250.0,9,0,0.0,0.0,0.0,0.0,0.2991527535509594
